customer_id,snapshot_date,tenure_months,contract_type,payment_method,internet_service,monthly_charges,total_charges,online_security,online_backup,device_protection,tech_support,streaming_tv,streaming_movies,multiple_lines,senior_citizen,has_partner,has_dependents,paperless_billing,churn
1024-GUALD,2024-01-01,1,month_to_month,electronic_check,dsl,24.8,24.8,0,0,0,0,0,0,0,0,1,0,1,1
0484-JPBRU,2024-01-01,41,month_to_month,bank_transfer,none,25.25,996.45,0,0,0,0,0,0,1,0,0,0,1,0
3620-EHIMZ,2024-01-01,52,two_year,mailed_check,none,19.35,1031.7,0,0,0,0,0,0,0,0,1,1,0,0
6910-HADCM,2024-01-01,1,month_to_month,electronic_check,fiber_optic,76.35,76.35,0,0,1,0,0,0,0,0,0,0,0,1
8587-XYZSF,2024-01-01,67,two_year,bank_transfer,dsl,50.55,3260.1,0,0,0,1,0,0,0,0,0,0,0,0
6818-WOBHJ,2024-01-01,68,month_to_month,bank_transfer,fiber_optic,89.6,6127.6,0,1,0,0,0,1,1,1,1,0,1,1
3082-YVEKW,2024-01-01,23,two_year,bank_transfer,dsl,77.15,1759.4,1,0,1,1,1,0,1,0,1,1,1,0
4737-AQCPU,2024-01-01,72,two_year,credit_card,dsl,72.1,5016.65,1,1,1,1,0,0,1,0,1,1,0,0
4853-RULSV,2024-01-01,70,two_year,credit_card,fiber_optic,104.0,7250.15,1,0,0,1,1,1,1,0,0,0,1,1
5766-ZJYBB,2024-01-01,1,month_to_month,mailed_check,none,19.4,19.4,0,0,0,0,0,0,0,0,0,0,0,1
2668-TZSPS,2024-01-01,1,month_to_month,mailed_check,none,20.45,20.45,0,0,0,0,0,0,0,0,0,0,0,0
3192-LNKRK,2024-01-01,34,month_to_month,mailed_check,fiber_optic,84.05,2909.95,0,0,1,0,1,0,0,0,1,1,1,0
5315-CKEQK,2024-01-01,28,one_year,electronic_check,dsl,51.0,1381.8,0,0,0,0,0,0,1,1,1,1,1,0
5914-DVBWJ,2024-01-01,18,month_to_month,electronic_check,fiber_optic,85.45,1505.85,0,1,0,1,0,0,1,1,0,0,1,1
7998-ZLXWN,2024-01-01,15,month_to_month,credit_card,none,20.45,330.8,0,0,0,0,0,0,0,0,1,0,0,0
6328-ZPBGN,2024-01-01,11,month_to_month,bank_transfer,fiber_optic,95.15,997.65,0,0,0,0,1,1,1,1,0,0,1,1
9530-EHPOH,2024-01-01,11,month_to_month,electronic_check,dsl,53.75,608.0,0,0,1,0,0,0,1,0,0,0,0,1
1853-UDXBW,2024-01-01,1,month_to_month,electronic_check,fiber_optic,70.0,70.0,0,0,0,0,0,0,0,0,1,1,1,1
2672-TGEFF,2024-01-01,37,month_to_month,electronic_check,fiber_optic,88.8,3340.55,0,1,0,0,1,0,1,0,1,1,1,0
1902-XBTFB,2024-01-01,22,month_to_month,electronic_check,fiber_optic,89.4,2001.5,0,1,1,0,1,0,0,0,0,1,1,1
1640-PLFMP,2024-01-01,1,month_to_month,electronic_check,fiber_optic,70.25,70.25,0,0,0,0,0,0,0,0,0,0,1,0
3679-XASPY,2024-01-01,1,month_to_month,electronic_check,none,19.45,19.45,0,0,0,0,0,0,0,0,1,1,0,0
7356-IWLFW,2024-01-01,46,month_to_month,bank_transfer,fiber_optic,80.0,3769.7,0,1,0,0,0,0,1,0,1,1,1,0
9036-CSKBW,2024-01-01,51,one_year,bank_transfer,fiber_optic,107.45,5680.9,1,1,1,0,1,1,1,0,0,0,0,0
8952-WCVCD,2024-01-01,41,one_year,bank_transfer,fiber_optic,104.45,4162.05,1,1,1,0,1,1,0,0,1,0,1,0
2100-BDNSN,2024-01-01,5,month_to_month,bank_transfer,dsl,67.95,350.3,0,0,1,1,1,0,1,0,1,0,0,1
2869-ADAWR,2024-01-01,45,month_to_month,credit_card,fiber_optic,89.3,4016.85,0,1,0,0,1,0,1,0,0,0,1,1
5832-EXGTT,2024-01-01,29,month_to_month,mailed_check,dsl,60.2,1834.15,1,0,0,0,0,1,0,0,1,1,1,0
9402-ORRAH,2024-01-01,15,month_to_month,electronic_check,fiber_optic,91.5,1400.3,0,0,0,0,1,1,0,1,0,0,1,0
4967-WPNCF,2024-01-01,72,two_year,bank_transfer,dsl,63.7,4464.8,1,1,1,1,1,1,0,0,0,0,1,0
8033-VCZGH,2024-01-01,50,one_year,electronic_check,fiber_optic,103.95,5231.3,1,0,1,0,1,1,1,0,1,0,1,0
9392-XBGTD,2024-01-01,27,two_year,mailed_check,none,20.6,581.85,0,0,0,0,0,0,0,0,0,1,0,0
0078-XZMHT,2024-01-01,72,two_year,bank_transfer,dsl,85.15,6316.2,0,1,1,1,1,1,1,0,1,0,1,0
0743-HNPFG,2024-01-01,51,one_year,credit_card,dsl,69.75,3562.5,1,1,0,1,0,1,0,0,1,1,1,0
5334-JLAXU,2024-01-01,60,month_to_month,credit_card,fiber_optic,94.1,5475.9,1,1,0,0,0,1,1,0,1,0,1,0
5696-EXCYS,2024-01-01,17,two_year,credit_card,none,19.45,369.05,0,0,0,0,0,0,0,0,0,0,0,0
2569-WGERO,2024-01-01,72,two_year,bank_transfer,none,21.15,1419.4,0,0,0,0,0,0,0,0,0,0,1,0
5219-YIPTK,2024-01-01,33,month_to_month,electronic_check,fiber_optic,104.4,3409.6,0,1,1,0,1,1,1,0,1,0,1,1
5553-AOINX,2024-01-01,66,one_year,electronic_check,fiber_optic,104.9,6891.45,0,1,1,0,1,1,1,1,1,1,1,0
5502-RLUYV,2024-01-01,69,month_to_month,electronic_check,fiber_optic,103.95,7446.9,0,1,1,0,1,1,1,0,1,1,1,1
2058-DCJBE,2024-01-01,5,month_to_month,electronic_check,fiber_optic,69.75,324.6,0,0,0,0,0,0,0,0,0,0,1,1
2293-IJWPS,2024-01-01,57,one_year,credit_card,fiber_optic,100.75,5985.0,0,0,1,0,1,1,1,0,1,0,1,0
7130-VTEWQ,2024-01-01,8,month_to_month,electronic_check,fiber_optic,75.75,606.25,0,0,0,0,0,0,1,1,0,0,1,1
0080-EMYVY,2024-01-01,14,one_year,credit_card,dsl,51.45,727.85,0,1,0,0,0,0,0,0,0,0,0,0
0148-DCDOS,2024-01-01,25,month_to_month,bank_transfer,fiber_optic,94.7,2362.1,0,0,0,0,1,1,1,0,0,0,1,1
9170-ARBTB,2024-01-01,52,one_year,credit_card,none,19.6,1012.4,0,0,0,0,0,0,0,0,1,1,0,0
2070-FNEXE,2024-01-01,7,month_to_month,bank_transfer,fiber_optic,76.45,503.6,1,0,0,0,0,0,0,1,0,0,0,1
5364-EVNIB,2024-01-01,13,month_to_month,electronic_check,fiber_optic,79.8,973.45,0,1,1,0,0,0,0,0,0,0,1,1
1112-CUNAO,2024-01-01,15,month_to_month,electronic_check,fiber_optic,89.85,1424.95,0,1,0,0,0,1,1,1,0,0,0,1
4576-CSAJH,2024-01-01,22,one_year,credit_card,dsl,55.15,1193.05,0,1,0,1,0,0,0,0,0,0,1,1
9967-ATRFS,2024-01-01,19,month_to_month,mailed_check,none,19.9,367.55,0,0,0,0,0,0,0,0,0,0,0,0
1360-RCYRT,2024-01-01,23,month_to_month,bank_transfer,dsl,30.35,678.75,0,0,0,1,0,0,0,0,1,1,1,0
5038-ETMLM,2024-01-01,72,two_year,bank_transfer,fiber_optic,113.65,8182.75,1,1,1,1,1,1,1,0,1,0,1,0
5663-QBGIS,2024-01-01,72,two_year,bank_transfer,fiber_optic,98.35,6929.4,0,1,0,0,1,1,1,1,1,0,0,0
4194-WHFCB,2024-01-01,59,month_to_month,bank_transfer,fiber_optic,96.65,5580.8,0,1,0,1,0,1,1,0,1,1,1,0
9481-WHGWY,2024-01-01,70,two_year,credit_card,dsl,75.35,5437.75,1,0,0,1,1,1,0,0,1,1,0,0
5453-YBTWV,2024-01-01,70,two_year,credit_card,fiber_optic,101.1,6994.8,1,1,1,1,1,0,0,0,1,1,1,0
2018-PZKMU,2024-01-01,9,month_to_month,electronic_check,fiber_optic,103.1,970.45,0,0,1,1,1,1,0,0,1,1,0,0
9277-JOOMO,2024-01-01,3,month_to_month,mailed_check,none,24.6,86.35,0,0,0,0,0,0,1,0,0,0,0,0
3629-ZNKXA,2024-01-01,17,month_to_month,electronic_check,fiber_optic,101.8,1752.45,0,1,1,0,1,1,0,1,0,0,1,0
0369-ZGOVK,2024-01-01,28,one_year,bank_transfer,fiber_optic,70.4,1992.2,0,0,0,0,0,0,0,0,1,1,1,0
3604-WLABM,2024-01-01,10,month_to_month,electronic_check,dsl,54.25,583.0,0,0,1,1,0,0,0,0,0,0,0,0
4063-EIKNQ,2024-01-01,11,month_to_month,bank_transfer,none,20.95,267.35,0,0,0,0,0,0,0,0,1,1,0,0
2878-RMWXY,2024-01-01,72,two_year,credit_card,fiber_optic,102.65,7550.3,1,1,1,0,0,1,1,1,1,0,1,0
9540-JYROE,2024-01-01,8,month_to_month,mailed_check,fiber_optic,70.1,551.35,0,0,0,0,0,0,0,0,0,0,1,1
7515-LODFU,2024-01-01,69,two_year,credit_card,none,20.3,1356.3,0,0,0,0,0,0,0,1,0,0,0,0
1839-FBNFR,2024-01-01,39,two_year,bank_transfer,none,19.85,854.8,0,0,0,0,0,0,0,0,1,1,1,0
5397-NSKQG,2024-01-01,67,two_year,credit_card,dsl,50.9,3281.65,1,0,0,0,1,1,0,0,1,1,0,0
1755-FZQEC,2024-01-01,39,one_year,mailed_check,none,19.9,791.15,0,0,0,0,0,0,0,0,0,0,0,0
2160-GPFXD,2024-01-01,54,two_year,credit_card,dsl,65.65,3566.7,1,1,0,1,0,0,1,0,1,1,1,0
4415-IJZTP,2024-01-01,1,month_to_month,electronic_check,fiber_optic,74.5,74.5,0,0,0,0,0,0,1,0,0,0,1,1
9880-TDQAC,2024-01-01,72,two_year,electronic_check,dsl,60.0,4264.0,0,1,1,1,1,1,0,0,1,1,1,0
5138-WVKYJ,2024-01-01,10,month_to_month,electronic_check,fiber_optic,98.55,1008.55,1,0,0,0,1,1,1,0,0,0,0,1
8844-TONUD,2024-01-01,13,month_to_month,mailed_check,fiber_optic,96.65,1162.85,0,0,1,0,1,1,0,0,1,1,1,1
0080-OROZO,2024-01-01,35,one_year,electronic_check,fiber_optic,99.25,3532.0,0,0,1,1,1,1,0,0,0,0,1,0
0953-LGOVU,2024-01-01,12,month_to_month,mailed_check,dsl,35.5,432.25,0,1,0,1,0,0,0,0,1,1,0,0
5325-UWTWJ,2024-01-01,31,month_to_month,credit_card,fiber_optic,90.55,2929.75,1,1,0,1,0,0,1,0,1,0,1,0
1074-AMIOH,2024-01-01,53,month_to_month,bank_transfer,fiber_optic,108.25,5935.1,0,1,1,1,1,1,0,0,1,1,1,0
5906-BFOZT,2024-01-01,1,month_to_month,mailed_check,none,19.5,19.5,0,0,0,0,0,0,0,0,0,0,1,0
7026-YMSBE,2024-01-01,30,one_year,mailed_check,none,19.7,625.05,0,0,0,0,0,0,0,0,0,0,0,0
6572-ADKRS,2024-01-01,46,month_to_month,credit_card,fiber_optic,74.8,3548.3,0,0,1,0,0,0,0,0,0,0,1,0
5922-ABDVO,2024-01-01,19,month_to_month,mailed_check,fiber_optic,89.65,1761.05,0,0,1,0,0,1,1,0,1,0,0,1
6475-VHUIZ,2024-01-01,23,month_to_month,electronic_check,dsl,54.25,1221.55,0,0,1,1,0,0,0,0,1,0,0,0
1324-NLTJE,2024-01-01,15,month_to_month,credit_card,dsl,55.0,757.1,0,0,0,1,0,0,1,1,0,0,0,1
4361-FEBGN,2024-01-01,48,two_year,credit_card,none,20.15,982.95,0,0,0,0,0,0,0,0,0,0,0,0
8393-DLHGA,2024-01-01,25,month_to_month,electronic_check,fiber_optic,95.9,2448.75,0,1,0,0,1,1,0,0,0,1,1,1
6769-DCQLI,2024-01-01,52,one_year,bank_transfer,fiber_optic,105.0,5426.85,0,1,1,1,1,1,0,0,0,0,1,1
3018-TFTSU,2024-01-01,12,month_to_month,bank_transfer,fiber_optic,81.7,858.6,1,0,1,0,0,0,0,0,0,0,0,1
2324-AALNO,2024-01-01,48,one_year,bank_transfer,none,24.55,1203.95,0,0,0,0,0,0,1,0,0,0,0,0
2300-RQGOI,2024-01-01,38,two_year,mailed_check,none,20.05,741.5,0,0,0,0,0,0,0,0,0,0,0,0
6133-OZILE,2024-01-01,18,month_to_month,electronic_check,dsl,35.2,607.3,0,0,1,1,0,0,0,0,0,0,1,0
7605-SNLQG,2024-01-01,45,month_to_month,credit_card,dsl,50.25,2221.55,0,0,1,0,0,0,0,0,1,0,1,0
5348-CAGXB,2024-01-01,12,month_to_month,electronic_check,fiber_optic,89.55,1021.75,0,0,1,0,1,0,1,0,0,0,1,0
0201-MIBOL,2024-01-01,66,two_year,bank_transfer,fiber_optic,102.4,6471.85,1,0,0,0,1,1,1,1,0,0,1,0
7083-MIOPC,2024-01-01,72,two_year,credit_card,none,20.25,1566.9,0,0,0,0,0,0,0,0,0,0,0,0
0562-KBDVM,2024-01-01,70,two_year,bank_transfer,dsl,44.6,3058.15,1,1,1,1,0,0,0,0,0,0,1,0
1173-NOEYG,2024-01-01,27,month_to_month,bank_transfer,fiber_optic,90.15,2423.4,0,0,1,0,0,1,1,0,1,0,0,0
7698-YFGEZ,2024-01-01,1,month_to_month,mailed_check,none,20.0,20.0,0,0,0,0,0,0,0,0,0,0,0,0
9061-TIHDA,2024-01-01,13,month_to_month,electronic_check,fiber_optic,95.25,1233.65,0,0,0,0,1,1,1,1,1,0,1,1
0016-QLJIS,2024-01-01,65,two_year,mailed_check,dsl,90.45,5957.9,1,1,1,1,1,1,1,0,1,1,1,0
7296-PIXQY,2024-01-01,14,month_to_month,electronic_check,fiber_optic,70.2,1046.5,0,0,0,0,0,0,0,0,1,1,0,0
9102-IAYHT,2024-01-01,17,month_to_month,electronic_check,fiber_optic,85.45,1451.6,0,0,0,0,0,1,1,0,1,1,1,1
6447-EGDIV,2024-01-01,31,one_year,mailed_check,none,20.95,683.25,0,0,0,0,0,0,0,0,0,0,0,0
3460-TJBWI,2024-01-01,24,two_year,mailed_check,none,24.2,609.05,0,0,0,0,0,0,1,0,1,1,0,0
3744-ZBHON,2024-01-01,3,month_to_month,electronic_check,none,20.2,65.95,0,0,0,0,0,0,0,0,0,0,0,0
1092-GANHU,2024-01-01,17,month_to_month,electronic_check,fiber_optic,76.65,1313.55,0,0,1,0,0,0,0,0,0,0,1,1
3948-KXDUF,2024-01-01,66,two_year,bank_transfer,dsl,68.75,4447.55,1,1,1,1,0,0,1,0,0,0,0,0
7284-ZZLOH,2024-01-01,45,two_year,credit_card,dsl,53.3,2296.25,1,0,1,0,0,0,0,0,1,0,0,0
6745-JEFZB,2024-01-01,35,month_to_month,credit_card,fiber_optic,91.5,3236.35,0,0,0,1,1,0,1,0,1,0,1,0
2606-PKWJB,2024-01-01,40,one_year,mailed_check,dsl,40.25,1564.05,1,1,0,1,0,0,0,0,0,1,0,0
1624-WOIWJ,2024-01-01,10,month_to_month,mailed_check,fiber_optic,84.7,832.05,1,0,0,0,1,0,0,0,0,0,1,1
8777-PVYGU,2024-01-01,52,one_year,mailed_check,dsl,64.3,3410.6,1,0,1,0,1,0,0,0,1,0,1,0
4770-QAZXN,2024-01-01,13,month_to_month,credit_card,none,19.45,232.1,0,0,0,0,0,0,0,0,0,0,0,0
8012-SOUDQ,2024-01-01,43,month_to_month,electronic_check,fiber_optic,90.25,3838.75,0,1,0,0,1,0,1,1,0,0,1,0
5546-BYZSM,2024-01-01,41,month_to_month,electronic_check,none,20.45,775.6,0,0,0,0,0,0,0,0,0,0,0,0
0523-VNGTF,2024-01-01,52,month_to_month,electronic_check,dsl,50.5,2566.3,0,1,1,1,1,0,0,1,0,0,1,0
3779-OSWCF,2024-01-01,71,two_year,credit_card,dsl,93.2,6506.15,1,1,1,1,1,1,1,0,1,0,0,0
8535-SFUTN,2024-01-01,61,month_to_month,electronic_check,fiber_optic,106.45,6300.15,1,0,1,0,1,1,1,0,0,0,1,0
2320-SLKMB,2024-01-01,26,month_to_month,credit_card,dsl,44.45,1183.8,0,0,1,1,1,0,0,0,0,0,1,0
7169-YWAMK,2024-01-01,72,two_year,bank_transfer,dsl,68.4,4855.35,1,1,0,1,1,0,0,0,1,1,0,0
8434-PNQZX,2024-01-01,42,two_year,credit_card,dsl,78.45,3373.4,0,0,1,1,1,1,1,0,0,0,1,0
4981-FLTMF,2024-01-01,57,month_to_month,bank_transfer,dsl,65.2,3687.85,1,1,0,1,0,0,1,0,1,1,0,0
9424-CMPOG,2024-01-01,9,two_year,mailed_check,none,19.6,197.4,0,0,0,0,0,0,0,0,1,1,0,0
3627-FCRDW,2024-01-01,9,month_to_month,electronic_check,fiber_optic,71.0,672.55,0,0,0,0,0,0,0,0,0,0,0,1
1518-OMDIK,2024-01-01,33,month_to_month,credit_card,dsl,44.55,1462.6,0,0,0,0,0,0,0,0,1,0,1,0
8393-JMVMB,2024-01-01,1,month_to_month,mailed_check,none,19.45,19.45,0,0,0,0,0,0,0,0,0,0,0,0
7638-QVMVY,2024-01-01,7,month_to_month,electronic_check,fiber_optic,79.0,522.95,0,0,0,0,1,0,0,0,0,0,1,1
6140-QNRQQ,2024-01-01,1,month_to_month,mailed_check,fiber_optic,71.55,71.55,0,0,0,0,0,0,0,0,0,0,1,1
7969-FFOWG,2024-01-01,65,two_year,mailed_check,none,19.9,1292.6,0,0,0,0,0,0,0,0,1,1,0,0
1342-JPNKI,2024-01-01,10,month_to_month,bank_transfer,fiber_optic,86.05,834.1,0,0,0,0,1,0,1,0,0,0,1,1
7080-TNUWP,2024-01-01,70,one_year,bank_transfer,fiber_optic,95.0,6602.9,0,1,1,0,1,0,1,0,1,0,1,0
8949-JTMAY,2024-01-01,29,month_to_month,credit_card,fiber_optic,98.6,2933.2,0,0,1,0,1,1,1,0,0,0,1,1
0654-HMSHN,2024-01-01,21,month_to_month,electronic_check,fiber_optic,104.4,2157.95,0,1,1,0,1,1,1,0,1,1,0,1
2725-KXXWT,2024-01-01,1,month_to_month,electronic_check,fiber_optic,90.75,90.75,0,0,0,0,1,1,0,0,1,0,1,1
2439-QKJUL,2024-01-01,5,month_to_month,mailed_check,none,20.25,109.8,0,0,0,0,0,0,0,0,0,0,0,0
1935-IMVBB,2024-01-01,56,month_to_month,mailed_check,fiber_optic,89.7,4952.95,0,0,0,0,1,1,0,0,1,0,0,0
4628-WQCQQ,2024-01-01,35,one_year,electronic_check,fiber_optic,85.15,3030.6,0,0,1,0,1,0,0,0,0,1,1,1
3724-BSCVH,2024-01-01,10,one_year,mailed_check,none,20.45,242.4,0,0,0,0,0,0,0,0,1,1,0,0
7605-BDWDC,2024-01-01,31,two_year,bank_transfer,dsl,49.85,1520.1,1,1,0,1,0,1,0,0,0,0,1,0
7137-RYLPP,2024-01-01,37,month_to_month,electronic_check,fiber_optic,85.7,3171.15,0,0,0,0,1,0,1,1,1,0,1,1
3207-OYBWH,2024-01-01,57,month_to_month,bank_transfer,fiber_optic,95.25,5427.05,0,1,1,0,0,1,1,1,1,0,1,1
4707-YNOQA,2024-01-01,34,one_year,credit_card,none,25.6,917.15,0,0,0,0,0,0,1,0,1,1,1,0
6956-SMUCM,2024-01-01,3,month_to_month,credit_card,fiber_optic,99.0,287.4,1,0,1,0,1,1,0,0,0,0,1,1
8714-CTZJW,2024-01-01,4,month_to_month,credit_card,fiber_optic,82.85,319.6,0,0,1,0,0,1,0,0,0,0,1,0
3662-FXJFO,2024-01-01,54,two_year,mailed_check,none,20.5,1035.7,0,0,0,0,0,0,0,0,0,0,1,0
7623-HKYRK,2024-01-01,6,month_to_month,mailed_check,none,19.7,111.65,0,0,0,0,0,0,0,0,0,1,0,0
1353-GHZOS,2024-01-01,22,one_year,bank_transfer,dsl,59.75,1374.35,1,0,0,0,1,0,0,0,1,0,1,0
3323-CPBWR,2024-01-01,23,month_to_month,credit_card,fiber_optic,96.9,2085.45,0,0,1,1,1,0,1,0,0,0,1,0
6152-ONASV,2024-01-01,68,one_year,bank_transfer,dsl,58.25,3975.7,1,0,0,1,0,0,1,0,1,0,0,0
9251-AWQGT,2024-01-01,48,two_year,mailed_check,none,20.0,935.9,0,0,0,0,0,0,0,0,1,1,0,0
4803-LBYPN,2024-01-01,34,month_to_month,mailed_check,none,20.8,635.9,0,0,0,0,0,0,0,0,1,1,0,0
8879-ZKJOF,2024-01-01,41,one_year,bank_transfer,dsl,79.85,3320.75,1,0,1,1,1,1,0,0,0,0,1,0
7354-OIJLX,2024-01-01,9,month_to_month,electronic_check,fiber_optic,75.85,724.65,0,0,0,0,0,0,1,0,0,0,1,0
9129-UXERG,2024-01-01,18,month_to_month,credit_card,fiber_optic,103.6,1806.35,0,1,0,1,1,1,1,1,0,0,1,0
5302-BDJNT,2024-01-01,35,month_to_month,electronic_check,fiber_optic,95.5,3418.2,0,0,1,1,1,0,1,0,0,0,0,0
7148-XZPHA,2024-01-01,55,month_to_month,electronic_check,fiber_optic,79.4,4238.45,0,1,0,1,0,0,0,0,1,1,0,0
2651-ZCBXV,2024-01-01,54,two_year,credit_card,fiber_optic,108.0,5760.65,1,1,0,1,1,1,1,0,0,0,1,0
1304-NECVQ,2024-01-01,2,month_to_month,electronic_check,fiber_optic,78.55,149.55,0,0,1,0,0,0,1,1,0,0,1,1
3374-TTZTK,2024-01-01,52,two_year,electronic_check,fiber_optic,106.3,5487.0,1,1,1,1,1,1,0,0,1,0,1,0
0229-LFJAF,2024-01-01,72,two_year,bank_transfer,dsl,69.65,4908.25,1,1,1,1,0,0,1,0,0,0,0,0
1304-BCCFO,2024-01-01,9,month_to_month,mailed_check,dsl,70.05,564.4,0,0,1,0,1,1,0,0,1,0,1,0
0455-XFASS,2024-01-01,3,month_to_month,electronic_check,fiber_optic,69.55,200.2,0,0,0,0,0,0,0,0,1,1,1,0
0221-WMXNQ,2024-01-01,4,month_to_month,electronic_check,fiber_optic,75.35,273.4,1,0,0,0,0,0,0,1,0,0,0,0
2882-WDTBA,2024-01-01,69,two_year,bank_transfer,dsl,75.75,5388.15,1,1,1,1,1,0,0,0,1,1,1,0
8069-RHUXK,2024-01-01,67,two_year,credit_card,dsl,35.7,2545.7,1,0,0,1,0,0,0,0,1,1,0,0
4806-KEXQR,2024-01-01,4,month_to_month,electronic_check,fiber_optic,79.9,324.3,0,0,0,0,0,1,0,0,0,0,1,1
2817-NTQDO,2024-01-01,13,month_to_month,credit_card,dsl,45.55,597.0,1,0,0,1,1,0,0,0,0,0,1,1
3230-IUALN,2024-01-01,45,two_year,mailed_check,dsl,81.0,3533.6,1,0,1,1,1,1,0,0,1,1,1,0
6500-JVEGC,2024-01-01,68,one_year,bank_transfer,fiber_optic,101.35,7110.75,1,1,1,0,1,0,1,0,0,0,0,0
7103-ZGVNT,2024-01-01,69,one_year,credit_card,dsl,73.7,4885.85,1,1,0,1,1,0,1,0,1,1,0,0
1837-YQUCE,2024-01-01,70,two_year,bank_transfer,dsl,58.35,4214.25,1,0,1,1,1,1,0,0,0,0,1,0
4800-VHZKI,2024-01-01,1,month_to_month,mailed_check,none,19.9,19.9,0,0,0,0,0,0,0,0,0,0,1,1
3887-PBQAO,2024-01-01,45,one_year,credit_card,none,25.9,1216.6,0,0,0,0,0,0,1,0,1,1,1,0
5177-RVZNU,2024-01-01,37,one_year,bank_transfer,none,20.3,755.4,0,0,0,0,0,0,0,0,0,1,0,0
1729-VLAZJ,2024-01-01,10,one_year,mailed_check,dsl,40.25,411.45,1,1,0,1,0,0,0,0,0,1,0,0
4273-MBHYA,2024-01-01,1,month_to_month,electronic_check,fiber_optic,89.35,89.35,0,0,0,0,1,1,0,0,0,1,1,0
8690-UPCZI,2024-01-01,29,one_year,bank_transfer,dsl,69.05,1958.45,1,0,0,1,1,0,1,0,1,1,0,0
6374-NTQLP,2024-01-01,72,two_year,credit_card,fiber_optic,104.1,7447.7,1,0,1,1,1,1,0,1,1,1,1,0
1618-CFHME,2024-01-01,2,month_to_month,electronic_check,fiber_optic,75.9,143.35,0,0,0,0,0,0,1,0,0,0,1,1
4104-PVRPS,2024-01-01,24,month_to_month,mailed_check,dsl,53.6,1315.35,1,0,0,1,0,0,0,0,1,0,0,0
4210-QFJMF,2024-01-01,4,month_to_month,electronic_check,fiber_optic,79.15,317.25,0,0,0,0,0,1,0,0,0,0,1,1
5787-KXGIY,2024-01-01,72,two_year,credit_card,none,19.3,1304.8,0,0,0,0,0,0,0,0,1,0,0,0
3088-LHEFH,2024-01-01,11,month_to_month,bank_transfer,fiber_optic,79.0,929.3,1,0,0,0,0,0,1,0,0,0,1,0
8896-RAZCR,2024-01-01,44,two_year,mailed_check,none,19.9,868.1,0,0,0,0,0,0,0,0,0,1,0,0
7268-WNTCP,2024-01-01,62,two_year,bank_transfer,none,20.45,1297.35,0,0,0,0,0,0,0,0,1,1,0,0
5854-KSRBJ,2024-01-01,70,two_year,mailed_check,none,25.4,1782.05,0,0,0,0,0,0,1,0,1,1,0,0
9907-SWKKF,2024-01-01,1,month_to_month,mailed_check,dsl,25.05,25.05,0,0,0,0,0,0,0,1,0,0,0,1
3932-CMDTD,2024-01-01,4,one_year,electronic_check,fiber_optic,105.65,443.9,0,1,1,1,1,1,0,0,0,0,1,1
5277-ZLOOR,2024-01-01,2,month_to_month,electronic_check,fiber_optic,85.55,187.45,0,0,0,0,1,0,1,1,0,0,1,1
2746-DIJLO,2024-01-01,41,one_year,credit_card,dsl,56.3,2364.0,0,1,0,0,0,0,1,0,0,0,1,0
9174-FKWZE,2024-01-01,1,month_to_month,electronic_check,none,19.45,19.45,0,0,0,0,0,0,0,1,0,0,1,1
9919-FZDED,2024-01-01,72,two_year,credit_card,dsl,84.1,5981.65,1,1,1,0,1,1,1,1,1,0,1,0
9488-FYQAU,2024-01-01,63,two_year,bank_transfer,fiber_optic,109.25,6841.4,0,1,1,1,1,1,1,0,1,0,1,0
6869-FGJJC,2024-01-01,68,one_year,credit_card,fiber_optic,79.6,5461.45,0,1,1,0,0,0,0,0,0,0,0,0
3349-ANQNH,2024-01-01,59,one_year,electronic_check,fiber_optic,99.5,5890.0,0,0,1,0,1,1,1,1,0,0,1,0
0222-CNVPT,2024-01-01,52,month_to_month,credit_card,dsl,48.8,2555.05,1,0,0,0,1,1,0,1,0,0,1,0
6900-PXRMS,2024-01-01,26,month_to_month,electronic_check,fiber_optic,105.75,2710.25,0,1,1,0,1,1,1,1,1,1,0,1
0230-WEQUW,2024-01-01,66,two_year,bank_transfer,dsl,56.6,3789.2,1,1,1,1,1,0,0,0,1,0,1,0
7629-WFGLW,2024-01-01,56,one_year,electronic_check,fiber_optic,95.65,5471.75,1,1,1,1,0,0,1,1,1,0,0,0
2235-EZAIK,2024-01-01,72,two_year,credit_card,dsl,79.2,5401.9,1,1,1,1,1,0,1,0,1,0,0,0
5119-NZPTV,2024-01-01,2,month_to_month,electronic_check,fiber_optic,70.1,141.65,0,0,0,0,0,0,0,1,1,0,0,0
4282-MSACW,2024-01-01,68,one_year,credit_card,fiber_optic,117.2,8035.95,1,1,1,1,1,1,1,0,0,0,1,0
7711-YIJWC,2024-01-01,61,one_year,bank_transfer,dsl,84.9,5264.5,1,1,1,1,1,1,0,0,1,1,0,0
8749-CLJXC,2024-01-01,1,month_to_month,mailed_check,none,20.05,20.05,0,0,0,0,0,0,0,0,0,0,0,0
7636-XUHWW,2024-01-01,2,month_to_month,credit_card,none,19.9,33.7,0,0,0,0,0,0,0,0,0,0,1,0
0883-EIBTI,2024-01-01,2,month_to_month,mailed_check,none,19.5,31.55,0,0,0,0,0,0,0,0,0,0,0,1
4098-NAUKP,2024-01-01,68,month_to_month,electronic_check,fiber_optic,84.65,5683.6,0,1,1,0,0,0,1,1,1,1,1,0
0701-TJSEF,2024-01-01,9,month_to_month,bank_transfer,dsl,68.25,576.95,1,0,1,1,0,1,0,0,0,0,1,0
0689-NKYLF,2024-01-01,13,month_to_month,electronic_check,fiber_optic,83.2,1060.6,0,0,1,0,1,0,0,0,0,0,1,1
9867-NNXLC,2024-01-01,22,month_to_month,mailed_check,none,20.05,470.2,0,0,0,0,0,0,0,0,0,0,1,0
9337-SRRNI,2024-01-01,66,two_year,credit_card,none,25.3,1673.8,0,0,0,0,0,0,1,0,0,1,1,0
1850-AKQEP,2024-01-01,8,month_to_month,mailed_check,none,20.35,178.7,0,0,0,0,0,0,0,0,0,1,0,0
5600-KTXFM,2024-01-01,2,month_to_month,mailed_check,fiber_optic,69.95,143.9,0,0,0,0,0,0,0,0,1,1,0,0
7055-HNEOJ,2024-01-01,3,month_to_month,mailed_check,dsl,55.8,154.55,0,0,1,1,0,0,0,0,1,0,1,0
2462-XIIJB,2024-01-01,5,month_to_month,electronic_check,fiber_optic,92.5,452.7,0,0,1,0,1,0,1,0,0,0,1,1
7277-KAMWT,2024-01-01,13,two_year,credit_card,none,20.0,268.45,0,0,0,0,0,0,0,0,0,0,0,0
7691-KGKGP,2024-01-01,53,month_to_month,credit_card,dsl,65.0,3363.8,0,1,0,1,1,0,0,0,1,1,0,0
7808-DVWEP,2024-01-01,3,month_to_month,bank_transfer,none,20.0,49.65,0,0,0,0,0,0,0,0,1,0,0,0
2379-GYFLQ,2024-01-01,46,one_year,credit_card,fiber_optic,94.9,4422.95,0,1,1,0,1,0,1,0,0,0,1,0
7325-ENZFI,2024-01-01,39,one_year,bank_transfer,dsl,40.3,1630.4,1,1,0,1,0,0,0,0,0,0,1,0
8800-ZKRFW,2024-01-01,30,month_to_month,electronic_check,fiber_optic,107.5,3242.5,0,1,1,1,1,1,1,0,1,1,1,0
9133-AYJZG,2024-01-01,23,month_to_month,credit_card,fiber_optic,98.7,2249.1,0,1,0,0,1,1,1,0,0,0,1,0
6772-WFQRD,2024-01-01,40,one_year,bank_transfer,none,20.4,854.9,0,0,0,0,0,0,0,0,0,1,1,0
9670-BPNXF,2024-01-01,45,one_year,credit_card,dsl,62.55,2796.45,1,1,0,1,0,0,0,0,0,0,1,0
2675-IJRGJ,2024-01-01,53,two_year,bank_transfer,none,19.65,978.0,0,0,0,0,0,0,0,0,0,0,0,0
4829-ZLJTK,2024-01-01,72,two_year,electronic_check,fiber_optic,112.4,8046.85,1,1,1,0,1,1,1,1,1,0,1,0
9950-MTGYX,2024-01-01,28,two_year,credit_card,none,20.3,487.95,0,0,0,0,0,0,0,0,1,1,1,0
9755-JHNMN,2024-01-01,49,two_year,bank_transfer,dsl,67.4,3306.85,1,1,1,1,0,0,0,0,0,0,0,0
3746-EUBYR,2024-01-01,1,month_to_month,bank_transfer,fiber_optic,74.6,74.6,0,0,0,0,0,0,1,0,1,0,1,1
7929-DMBCV,2024-01-01,20,month_to_month,mailed_check,fiber_optic,81.0,1683.7,0,0,1,1,0,0,0,0,1,0,1,0
9640-ZSLDC,2024-01-01,53,one_year,credit_card,dsl,60.6,3297.0,0,0,1,0,0,1,0,0,1,1,0,0
7197-VOJMM,2024-01-01,67,two_year,credit_card,dsl,69.2,4671.65,1,1,0,1,0,1,0,0,1,0,1,0
2696-NARTR,2024-01-01,11,month_to_month,electronic_check,fiber_optic,73.85,926.25,0,0,0,1,0,0,0,0,0,0,1,1
0689-DSXGL,2024-01-01,52,month_to_month,bank_transfer,fiber_optic,85.8,4433.3,0,1,1,1,0,0,0,0,1,1,0,0
7294-TMAOP,2024-01-01,1,month_to_month,electronic_check,fiber_optic,90.55,90.55,0,0,0,0,1,1,0,0,0,0,0,1
6177-PEVRA,2024-01-01,48,two_year,credit_card,dsl,55.5,2627.35,1,1,0,0,0,0,0,0,0,0,0,0
7410-YTJIK,2024-01-01,7,month_to_month,mailed_check,fiber_optic,75.45,480.75,0,0,0,0,0,0,1,0,0,0,0,1
1410-RSCMR,2024-01-01,7,month_to_month,credit_card,dsl,71.35,515.75,1,0,1,1,0,1,0,0,1,1,1,0
8800-JOOCF,2024-01-01,12,month_to_month,electronic_check,fiber_optic,84.05,966.55,0,0,0,0,1,0,1,0,0,1,1,0
4526-EXKKN,2024-01-01,40,two_year,mailed_check,none,24.6,973.95,0,0,0,0,0,0,1,0,0,0,1,0
0813-TAXXS,2024-01-01,55,two_year,bank_transfer,dsl,77.8,4323.35,0,0,1,0,1,1,1,0,0,0,1,0
2320-TZRRH,2024-01-01,20,one_year,mailed_check,none,19.5,403.15,0,0,0,0,0,0,0,0,0,0,0,0
0841-NULXI,2024-01-01,1,month_to_month,electronic_check,dsl,35.55,35.55,0,0,0,0,0,1,0,0,0,0,1,1
2725-TTRIQ,2024-01-01,72,two_year,bank_transfer,dsl,84.2,5986.55,1,0,1,1,1,1,1,0,1,1,1,0
4778-IZARL,2024-01-01,63,two_year,credit_card,fiber_optic,110.1,6705.7,1,1,1,1,1,1,0,0,1,0,1,0
2535-PBCGC,2024-01-01,70,two_year,bank_transfer,dsl,64.55,4504.9,1,1,1,1,1,1,0,0,1,0,0,0
3629-WEAAM,2024-01-01,8,month_to_month,mailed_check,dsl,64.1,504.05,0,0,1,1,0,1,0,0,0,0,0,0
6128-CZOMY,2024-01-01,1,month_to_month,electronic_check,dsl,45.65,45.65,0,0,0,0,0,0,0,0,0,0,1,1
9227-UAQFT,2024-01-01,16,two_year,mailed_check,none,19.75,284.35,0,0,0,0,0,0,0,0,0,0,0,0
0804-XBFBV,2024-01-01,11,month_to_month,electronic_check,dsl,25.2,321.05,0,0,0,0,0,0,0,0,0,1,0,0
4503-BDXBD,2024-01-01,11,month_to_month,electronic_check,fiber_optic,74.95,815.5,0,1,0,0,0,0,0,0,0,0,0,1
9626-VFRGG,2024-01-01,41,month_to_month,bank_transfer,fiber_optic,88.5,3645.05,0,1,0,0,1,0,1,0,0,1,1,0
4994-OBRSZ,2024-01-01,14,two_year,bank_transfer,dsl,76.1,1054.8,1,1,1,1,0,1,0,0,0,1,0,0
3654-ARMGP,2024-01-01,61,two_year,credit_card,dsl,88.65,5321.25,0,1,1,1,1,1,1,0,0,0,0,0
0829-XXPLX,2024-01-01,20,month_to_month,bank_transfer,fiber_optic,89.4,1871.15,1,0,1,0,1,0,0,0,0,0,1,0
8938-UMKPI,2024-01-01,47,month_to_month,electronic_check,fiber_optic,106.4,5127.95,0,1,1,0,1,1,1,0,0,0,1,1
4854-SSLTN,2024-01-01,2,two_year,mailed_check,dsl,59.5,130.5,1,1,0,1,0,0,0,0,1,1,0,0
9720-JJJOR,2024-01-01,41,one_year,bank_transfer,dsl,60.3,2511.3,1,1,1,0,0,0,0,0,1,1,1,0
1926-QUZNN,2024-01-01,72,two_year,bank_transfer,none,25.25,1841.2,0,0,0,0,0,0,1,0,1,0,1,0
4900-MSOMT,2024-01-01,72,two_year,bank_transfer,dsl,80.2,5714.2,1,1,1,1,1,0,1,0,1,1,0,0
8910-ICHIU,2024-01-01,46,one_year,credit_card,fiber_optic,95.65,4664.2,1,1,1,0,1,0,0,0,0,0,1,0
4892-VLANZ,2024-01-01,1,month_to_month,mailed_check,none,19.8,19.8,0,0,0,0,0,0,0,0,0,0,0,1
0076-LVEPS,2024-01-01,29,month_to_month,mailed_check,dsl,45.0,1242.45,1,1,1,1,0,0,0,0,0,1,1,0
1666-JXLKU,2024-01-01,37,month_to_month,electronic_check,fiber_optic,100.05,3810.55,0,0,1,0,1,1,1,0,0,0,1,0
4003-FUSHP,2024-01-01,19,month_to_month,credit_card,dsl,61.55,1093.2,0,0,0,1,1,0,0,0,0,0,1,0
7696-AMHOD,2024-01-01,49,one_year,credit_card,dsl,78.0,3824.2,0,1,1,0,1,1,0,0,1,1,0,0
8082-GHXOP,2024-01-01,13,month_to_month,mailed_check,dsl,44.0,659.35,0,0,0,0,0,0,0,0,0,1,0,0
5445-GLVOT,2024-01-01,22,month_to_month,electronic_check,dsl,49.8,1049.05,1,0,0,0,0,0,0,0,0,0,1,0
5195-KPUNQ,2024-01-01,53,one_year,mailed_check,fiber_optic,96.75,5206.55,1,1,0,1,0,1,0,1,0,0,1,0
3948-XHGNA,2024-01-01,24,month_to_month,bank_transfer,dsl,49.55,1210.4,1,0,0,0,0,0,0,0,0,0,1,1
9624-EGDEQ,2024-01-01,37,two_year,mailed_check,none,19.8,813.3,0,0,0,0,0,0,0,0,0,0,0,0
7551-DACSP,2024-01-01,6,month_to_month,mailed_check,dsl,55.3,324.25,0,1,1,0,0,0,0,0,1,1,1,1
8128-YVJRG,2024-01-01,7,month_to_month,mailed_check,fiber_optic,79.65,604.7,1,0,0,0,0,0,1,0,0,0,1,1
1038-ZAGBI,2024-01-01,12,one_year,bank_transfer,none,19.8,229.6,0,0,0,0,0,0,0,0,1,1,0,1
9153-BTBVV,2024-01-01,71,two_year,bank_transfer,none,25.0,1753.0,0,0,0,0,0,0,1,0,1,0,0,0
9470-RTWDV,2024-01-01,26,one_year,credit_card,dsl,82.0,2083.1,0,0,1,1,1,1,1,0,1,1,1,0
7554-AKDQF,2024-01-01,6,month_to_month,mailed_check,dsl,45.65,323.45,0,0,0,0,0,0,0,0,1,0,0,0
7241-AJHFS,2024-01-01,32,month_to_month,bank_transfer,fiber_optic,87.65,2766.4,1,0,0,1,0,0,1,0,0,0,0,0
9633-DENPU,2024-01-01,47,month_to_month,bank_transfer,dsl,58.6,2723.4,0,1,0,0,1,0,0,0,1,0,1,0
5480-XTFFL,2024-01-01,31,two_year,mailed_check,none,21.0,697.7,0,0,0,0,0,0,0,0,1,1,0,0
7803-XOCCZ,2024-01-01,52,month_to_month,bank_transfer,fiber_optic,84.05,4326.8,1,0,1,1,0,0,0,0,1,1,1,0
6549-BTYPG,2024-01-01,60,two_year,credit_card,dsl,60.8,3603.45,0,1,1,1,1,1,0,0,1,0,0,0
9114-AAFQH,2024-01-01,48,one_year,electronic_check,dsl,65.65,3094.65,0,1,1,0,0,1,0,0,1,0,1,0
3572-UUHRS,2024-01-01,45,one_year,bank_transfer,none,18.85,867.3,0,0,0,0,0,0,0,0,0,0,0,0
7666-WKRON,2024-01-01,39,two_year,electronic_check,fiber_optic,80.45,3201.55,0,0,1,1,0,0,0,0,0,0,1,1
5192-EBGOV,2024-01-01,1,month_to_month,electronic_check,fiber_optic,85.7,85.7,0,0,0,0,1,0,1,1,0,0,1,1
6502-MJQAE,2024-01-01,1,month_to_month,electronic_check,fiber_optic,69.6,69.6,0,0,0,0,0,0,0,0,0,0,1,1
6400-BWQKW,2024-01-01,6,month_to_month,electronic_check,fiber_optic,79.05,434.5,1,0,0,0,0,0,1,0,0,0,1,1
5928-QLDHB,2024-01-01,9,month_to_month,electronic_check,fiber_optic,76.25,684.85,0,0,0,0,0,0,1,0,0,0,1,0
4376-KFVRS,2024-01-01,72,two_year,credit_card,fiber_optic,114.05,8468.2,1,1,1,1,1,1,1,0,1,1,1,0
3528-HFRIQ,2024-01-01,71,month_to_month,bank_transfer,dsl,52.3,3765.05,0,1,1,0,1,1,0,1,1,0,1,0
2718-YSKCS,2024-01-01,71,two_year,bank_transfer,none,19.6,1387.45,0,0,0,0,0,0,0,0,1,1,1,0
2434-EEVDB,2024-01-01,64,two_year,credit_card,fiber_optic,94.6,5948.7,1,0,1,0,1,0,1,0,1,0,1,0
6506-EYCNH,2024-01-01,28,month_to_month,bank_transfer,none,19.55,543.8,0,0,0,0,0,0,0,0,1,1,1,0
3396-DKDEL,2024-01-01,70,two_year,credit_card,fiber_optic,115.15,8250.0,1,1,1,1,1,1,1,0,1,1,1,0
3269-ATYWD,2024-01-01,39,month_to_month,bank_transfer,fiber_optic,95.65,3759.05,0,0,0,0,1,1,1,1,0,0,1,1
1159-WFSGR,2024-01-01,16,month_to_month,electronic_check,none,20.4,321.4,0,0,0,0,0,0,0,0,1,1,0,0
9835-ZIITK,2024-01-01,66,one_year,electronic_check,fiber_optic,110.85,7491.75,0,1,1,1,1,1,1,1,1,0,1,1
9279-CJEOJ,2024-01-01,21,month_to_month,bank_transfer,fiber_optic,95.4,2025.1,0,0,0,0,1,1,1,1,0,0,1,0
4720-VSTSI,2024-01-01,44,month_to_month,bank_transfer,fiber_optic,84.8,3862.55,0,1,1,0,0,0,1,0,0,0,1,1
1360-JYXKQ,2024-01-01,54,one_year,electronic_check,fiber_optic,99.1,5437.1,0,0,1,1,1,1,0,1,1,0,1,0
8388-FYNPZ,2024-01-01,4,month_to_month,electronic_check,dsl,56.75,245.15,1,0,1,0,0,0,0,0,0,0,0,0
7868-TMWMZ,2024-01-01,60,two_year,bank_transfer,fiber_optic,110.0,6668.35,1,1,1,1,1,1,0,1,1,0,1,0
3466-RITXD,2024-01-01,26,month_to_month,credit_card,fiber_optic,92.4,2349.8,1,1,0,0,1,0,1,0,0,0,1,0
6427-FEFIG,2024-01-01,24,two_year,credit_card,dsl,78.6,1846.65,1,0,1,0,1,1,1,0,1,1,0,0
6518-PPLMZ,2024-01-01,53,two_year,mailed_check,none,19.4,1110.35,0,0,0,0,0,0,0,0,1,1,1,0
6762-NSODU,2024-01-01,46,two_year,credit_card,none,19.4,958.15,0,0,0,0,0,0,0,0,1,1,0,0
4355-CVPVS,2024-01-01,56,one_year,bank_transfer,fiber_optic,88.9,4968.0,0,0,0,0,1,1,0,0,1,1,0,0
7629-WIXZF,2024-01-01,7,one_year,electronic_check,dsl,59.1,369.25,1,0,0,0,0,1,0,0,0,0,1,0
3049-NDXFL,2024-01-01,1,month_to_month,mailed_check,fiber_optic,85.8,85.8,0,0,0,0,0,1,1,0,0,0,0,1
3566-HJGPK,2024-01-01,1,month_to_month,mailed_check,dsl,45.55,45.55,0,0,0,0,0,0,0,0,0,0,1,0
1460-UZPRJ,2024-01-01,60,two_year,mailed_check,none,19.95,1258.15,0,0,0,0,0,0,0,0,1,0,0,0
3712-PKXZA,2024-01-01,61,one_year,credit_card,none,20.55,1252.0,0,0,0,0,0,0,0,0,1,0,1,0
1623-NLDOT,2024-01-01,42,one_year,mailed_check,dsl,33.55,1445.3,0,1,0,1,0,0,0,0,1,0,0,1
5171-EPLKN,2024-01-01,27,two_year,credit_card,none,19.85,470.0,0,0,0,0,0,0,0,0,0,0,0,0
5569-KGJHX,2024-01-01,9,month_to_month,bank_transfer,fiber_optic,85.35,754.65,0,0,0,0,1,0,1,0,1,1,1,1
7463-IFMQU,2024-01-01,72,two_year,bank_transfer,none,20.05,1423.65,0,0,0,0,0,0,0,0,1,0,0,0
3178-CIFOT,2024-01-01,23,one_year,credit_card,none,19.65,478.1,0,0,0,0,0,0,0,0,0,0,1,0
1095-JUDTC,2024-01-01,47,month_to_month,electronic_check,fiber_optic,95.05,4504.55,0,1,0,1,1,0,1,1,0,0,1,1
3719-TDVQB,2024-01-01,54,two_year,mailed_check,none,18.95,1031.1,0,0,0,0,0,0,0,1,1,0,1,0
4929-XIHVW,2024-01-01,2,month_to_month,credit_card,fiber_optic,95.5,181.65,0,0,1,0,1,1,0,1,1,0,1,0
8106-GWQOK,2024-01-01,38,two_year,bank_transfer,dsl,60.0,2193.2,1,1,0,1,1,1,0,0,1,0,1,0
4128-ETESU,2024-01-01,47,month_to_month,electronic_check,fiber_optic,99.7,4747.2,0,0,1,0,1,1,1,1,1,0,0,0
0661-WCQNQ,2024-01-01,22,one_year,credit_card,dsl,56.25,1292.2,1,0,0,1,0,0,0,0,1,0,1,0
4927-WWOOZ,2024-01-01,2,month_to_month,electronic_check,fiber_optic,91.45,171.45,0,0,1,0,1,0,1,0,1,0,1,0
7564-GHCVB,2024-01-01,72,two_year,bank_transfer,fiber_optic,79.05,5730.7,1,0,0,0,0,0,1,0,1,1,0,0
3445-HXXGF,2024-01-01,58,month_to_month,electronic_check,dsl,45.3,2651.2,0,1,1,0,0,1,0,1,1,0,1,1
6670-MFRPK,2024-01-01,69,two_year,credit_card,fiber_optic,79.2,5420.65,0,0,1,0,0,0,1,0,1,1,1,0
6890-PFRQX,2024-01-01,18,month_to_month,mailed_check,dsl,69.5,1199.4,1,0,1,0,1,0,1,0,0,0,0,0
1552-CZCLL,2024-01-01,55,month_to_month,credit_card,none,20.0,1087.25,0,0,0,0,0,0,0,0,1,1,0,0
2014-MKGMH,2024-01-01,46,one_year,electronic_check,fiber_optic,101.1,4674.4,0,0,1,0,1,1,1,0,0,0,1,0
0303-WMMRN,2024-01-01,5,month_to_month,mailed_check,none,19.25,86.05,0,0,0,0,0,0,0,0,0,0,1,0
3806-DXQOM,2024-01-01,4,month_to_month,electronic_check,dsl,33.65,137.85,1,1,0,0,0,0,0,0,0,0,1,1
1724-BQUHA,2024-01-01,5,month_to_month,electronic_check,fiber_optic,89.5,477.7,0,0,0,0,1,1,0,1,0,0,1,1
2580-ATZSQ,2024-01-01,65,one_year,bank_transfer,dsl,61.35,3874.1,1,1,1,0,0,0,0,0,1,1,0,0
7945-PRBVF,2024-01-01,35,two_year,bank_transfer,none,21.45,705.45,0,0,0,0,0,0,0,0,0,0,0,0
3898-GUYTS,2024-01-01,45,month_to_month,electronic_check,fiber_optic,97.05,4385.05,1,1,0,1,1,0,1,1,0,0,1,0
2832-SCUCO,2024-01-01,2,month_to_month,electronic_check,none,19.9,57.4,0,0,0,0,0,0,0,0,0,0,0,0
9779-DPNEJ,2024-01-01,22,month_to_month,electronic_check,fiber_optic,80.15,1790.65,0,0,0,0,0,1,0,0,1,1,1,0
4915-BFSXL,2024-01-01,70,two_year,credit_card,dsl,68.95,4858.7,1,0,1,0,1,0,1,0,1,1,0,0
5018-LXQQG,2024-01-01,30,month_to_month,bank_transfer,dsl,66.3,1923.5,1,0,0,1,0,1,0,0,1,1,0,0
1698-XFZCI,2024-01-01,61,one_year,electronic_check,fiber_optic,107.75,6521.9,1,1,1,0,1,1,1,0,0,0,1,0
1872-EBWSC,2024-01-01,29,one_year,mailed_check,none,20.35,617.35,0,0,0,0,0,0,0,0,0,0,0,0
4446-BZKHU,2024-01-01,61,month_to_month,electronic_check,fiber_optic,105.55,6281.45,0,1,1,0,1,1,1,0,1,0,1,1
4607-CHPCA,2024-01-01,25,one_year,electronic_check,fiber_optic,90.4,2178.6,0,0,0,0,1,1,0,0,1,1,1,1
9475-NNDGC,2024-01-01,71,one_year,bank_transfer,fiber_optic,113.15,7953.25,0,1,1,1,1,1,1,0,1,0,1,0
3841-CONLJ,2024-01-01,1,month_to_month,electronic_check,dsl,35.0,35.0,0,0,0,0,0,1,0,0,1,0,0,0
2294-DMMUS,2024-01-01,62,month_to_month,credit_card,dsl,70.45,4300.45,0,0,0,0,1,1,1,0,1,1,1,0
5921-NGYRH,2024-01-01,64,month_to_month,mailed_check,fiber_optic,73.55,4764.0,1,0,0,0,0,0,0,0,1,0,1,0
1897-OKVMW,2024-01-01,64,two_year,mailed_check,dsl,90.6,5817.45,1,1,1,1,1,1,1,0,1,1,1,0
5117-IFGPS,2024-01-01,29,month_to_month,electronic_check,fiber_optic,84.3,2357.75,0,0,0,0,0,1,1,1,1,0,1,0
3866-MDTUB,2024-01-01,2,month_to_month,electronic_check,dsl,70.75,146.9,1,0,0,0,1,1,0,0,0,0,1,1
1194-SPVSP,2024-01-01,1,month_to_month,bank_transfer,none,19.65,19.65,0,0,0,0,0,0,0,0,0,0,0,0
6905-NIQIN,2024-01-01,1,month_to_month,mailed_check,dsl,50.65,50.65,0,1,0,0,0,0,0,0,0,0,0,1
6813-GZQCG,2024-01-01,45,two_year,credit_card,none,24.65,1171.3,0,0,0,0,0,0,1,0,1,1,1,0
9896-UYMIE,2024-01-01,66,one_year,bank_transfer,fiber_optic,114.3,7383.7,1,1,1,1,1,1,1,0,0,0,1,0
8849-GYOKR,2024-01-01,54,one_year,bank_transfer,fiber_optic,106.55,5763.3,1,1,0,0,1,1,1,0,1,0,0,1
5816-JMLGY,2024-01-01,70,two_year,bank_transfer,dsl,80.4,5717.85,0,1,1,1,1,1,0,0,1,1,1,0
3990-QYKBE,2024-01-01,37,month_to_month,electronic_check,fiber_optic,92.5,3473.4,0,0,0,0,1,1,1,1,1,0,1,1
6161-UUUTA,2024-01-01,3,month_to_month,electronic_check,fiber_optic,79.9,260.9,0,0,0,0,1,0,0,1,0,0,1,1
0396-UKGAI,2024-01-01,23,month_to_month,bank_transfer,dsl,55.3,1284.2,0,1,0,1,0,0,0,0,0,1,1,0
0512-FLFDW,2024-01-01,60,one_year,credit_card,fiber_optic,100.5,6029.0,0,0,1,0,1,1,1,1,1,0,1,0
2946-KIQSP,2024-01-01,35,month_to_month,mailed_check,dsl,33.45,1175.85,0,0,1,1,0,0,0,0,0,0,1,0
0187-WZNAB,2024-01-01,27,month_to_month,mailed_check,fiber_optic,74.4,1972.35,1,0,0,0,0,0,0,0,1,1,0,0
6867-ACCZI,2024-01-01,24,two_year,mailed_check,dsl,52.5,1208.15,1,1,1,1,0,1,0,0,1,1,1,0
7024-OHCCK,2024-01-01,2,month_to_month,electronic_check,fiber_optic,93.85,170.85,0,0,0,0,1,1,1,1,0,0,1,1
6481-OGDOO,2024-01-01,67,one_year,credit_card,fiber_optic,90.6,6056.15,1,1,0,0,0,1,0,0,1,0,1,1
7377-DMMRI,2024-01-01,2,month_to_month,electronic_check,dsl,47.8,92.45,1,0,0,0,0,0,0,0,0,0,1,1
1963-VAUKV,2024-01-01,1,month_to_month,mailed_check,none,20.4,20.4,0,0,0,0,0,0,0,0,0,0,0,1
5919-TMRGD,2024-01-01,1,month_to_month,electronic_check,fiber_optic,79.35,79.35,0,0,0,0,1,0,0,0,0,1,1,1
6994-ORCWG,2024-01-01,14,one_year,mailed_check,dsl,54.25,773.2,0,1,0,0,0,0,1,0,0,0,1,0
5144-TVGLP,2024-01-01,38,month_to_month,electronic_check,fiber_optic,94.75,3653.0,0,0,0,0,1,1,1,1,0,0,0,0
0328-GRPMV,2024-01-01,1,month_to_month,electronic_check,fiber_optic,70.1,70.1,0,0,0,0,0,0,0,0,0,0,1,1
2905-KFQUV,2024-01-01,2,month_to_month,credit_card,fiber_optic,70.4,154.8,0,0,0,0,0,0,0,0,1,0,1,0
8637-XJIVR,2024-01-01,12,month_to_month,electronic_check,fiber_optic,78.95,927.35,1,0,0,0,0,0,1,0,0,0,1,1
5150-LJNSR,2024-01-01,31,one_year,bank_transfer,fiber_optic,98.05,3082.1,1,0,1,0,1,0,1,0,1,1,0,0
4826-DXMUP,2024-01-01,35,one_year,mailed_check,dsl,72.1,2495.15,0,0,0,1,1,1,0,0,0,1,1,0
3518-FSTWG,2024-01-01,72,two_year,bank_transfer,fiber_optic,109.55,7920.7,1,1,1,0,1,1,1,1,1,0,1,0
2929-ERCFZ,2024-01-01,8,month_to_month,electronic_check,fiber_optic,94.2,777.3,0,0,1,0,1,1,0,0,1,1,1,1
1455-UGQVH,2024-01-01,10,month_to_month,electronic_check,fiber_optic,98.5,1037.75,0,0,1,0,1,1,1,0,1,0,1,1
8485-GJCDN,2024-01-01,5,month_to_month,mailed_check,fiber_optic,69.05,318.5,0,0,0,0,0,0,0,1,0,0,1,1
0459-SPZHJ,2024-01-01,63,two_year,credit_card,dsl,83.5,5435.0,1,1,1,0,1,1,1,0,1,1,0,0
2169-RRLFW,2024-01-01,71,two_year,credit_card,none,25.6,1888.25,0,0,0,0,0,0,1,0,1,0,0,0
8818-DOPVL,2024-01-01,46,month_to_month,electronic_check,fiber_optic,104.45,4863.85,0,1,1,0,1,1,1,1,0,0,1,0
1207-BLKSA,2024-01-01,52,two_year,mailed_check,none,23.05,1255.1,0,0,0,0,0,0,1,0,1,1,0,0
7593-XFKDI,2024-01-01,1,month_to_month,mailed_check,dsl,46.3,46.3,0,0,0,0,0,0,0,0,0,0,0,1
5393-RXQSZ,2024-01-01,1,month_to_month,electronic_check,fiber_optic,79.6,79.6,0,0,0,0,0,1,0,0,0,0,0,1
5183-KLYEM,2024-01-01,72,two_year,credit_card,fiber_optic,112.75,8192.6,1,1,1,1,1,1,1,0,0,0,1,0
0923-PNFUB,2024-01-01,3,month_to_month,electronic_check,fiber_optic,83.75,247.25,0,1,0,0,1,0,0,0,0,0,0,1
4134-BSXLX,2024-01-01,28,month_to_month,mailed_check,dsl,60.9,1785.65,1,1,0,1,0,0,0,0,1,0,0,0
1452-XRSJV,2024-01-01,39,month_to_month,credit_card,dsl,51.05,2066.0,1,0,0,0,0,0,0,0,1,1,0,0
4213-HKBJO,2024-01-01,33,two_year,credit_card,none,25.7,826.1,0,0,0,0,0,0,1,0,0,0,0,0
7750-EYXWZ,2024-01-01,12,one_year,electronic_check,dsl,60.65,743.3,0,1,1,1,1,1,0,0,0,0,0,0
7180-PISOG,2024-01-01,1,month_to_month,electronic_check,fiber_optic,74.5,74.5,0,0,0,0,0,0,1,0,1,1,1,1
1356-MKYSK,2024-01-01,6,month_to_month,credit_card,dsl,78.65,483.3,1,0,1,1,1,1,0,0,0,0,0,0
1212-GLHMD,2024-01-01,3,month_to_month,mailed_check,fiber_optic,86.05,244.85,1,0,0,0,0,1,0,0,0,0,1,0
7228-OMTPN,2024-01-01,4,month_to_month,electronic_check,fiber_optic,88.45,370.65,0,0,0,0,1,1,0,0,0,0,1,1
7682-AZNDK,2024-01-01,34,month_to_month,electronic_check,fiber_optic,89.85,3091.75,0,1,1,0,1,0,0,0,1,1,1,0
6286-SUUWT,2024-01-01,1,month_to_month,mailed_check,none,19.95,19.95,0,0,0,0,0,0,0,0,0,0,0,0
3500-RMZLT,2024-01-01,15,month_to_month,mailed_check,fiber_optic,96.3,1426.75,1,0,1,1,0,1,0,1,0,0,1,1
4729-XKASR,2024-01-01,1,month_to_month,electronic_check,dsl,24.75,24.75,0,0,0,0,0,0,0,0,0,1,0,1
8364-TRMMK,2024-01-01,3,month_to_month,mailed_check,dsl,50.65,151.3,0,0,0,0,0,0,1,0,0,0,1,1
1000-AJSLD,2024-01-01,1,month_to_month,mailed_check,none,20.1,20.1,0,0,0,0,0,0,0,0,0,0,1,1
4393-OBCRR,2024-01-01,3,one_year,mailed_check,none,20.25,71.2,0,0,0,0,0,0,0,0,0,0,0,0
0942-KOWSM,2024-01-01,30,two_year,bank_transfer,dsl,80.8,2369.3,0,1,1,1,1,1,0,0,1,1,0,0
0870-VEMYL,2024-01-01,5,month_to_month,credit_card,dsl,53.85,259.8,1,0,0,1,0,0,0,0,0,0,0,1
3454-JFUBC,2024-01-01,68,two_year,credit_card,none,20.0,1396.0,0,0,0,0,0,0,0,1,0,0,1,0
2592-YKDIF,2024-01-01,1,month_to_month,mailed_check,none,20.35,20.35,0,0,0,0,0,0,0,0,0,0,0,0
6941-PMGEP,2024-01-01,5,month_to_month,electronic_check,fiber_optic,80.0,412.5,0,0,0,0,0,1,0,0,0,0,1,1
0511-JTEOY,2024-01-01,1,month_to_month,mailed_check,fiber_optic,71.1,71.1,0,0,0,0,0,0,0,0,0,0,0,1
4323-ELYYB,2024-01-01,13,one_year,mailed_check,none,20.0,218.55,0,0,0,0,0,0,0,0,1,1,0,0
9500-LTVBP,2024-01-01,35,month_to_month,credit_card,fiber_optic,80.05,2835.9,0,0,0,1,0,0,1,0,0,0,0,0
8120-JDCAM,2024-01-01,4,month_to_month,mailed_check,fiber_optic,69.55,284.9,0,0,0,0,0,0,0,0,1,1,1,0
1335-NTIUC,2024-01-01,9,month_to_month,electronic_check,dsl,24.95,190.25,0,0,0,0,0,0,0,0,0,0,1,0
6563-VNPMN,2024-01-01,45,month_to_month,bank_transfer,fiber_optic,85.7,3778.1,1,1,0,1,0,0,0,1,0,0,1,0
0668-OGMHD,2024-01-01,21,month_to_month,electronic_check,dsl,28.5,629.35,1,0,0,0,0,0,0,0,1,0,0,0
0311-UNPFF,2024-01-01,26,month_to_month,bank_transfer,fiber_optic,88.8,2274.35,0,0,0,0,1,1,0,0,0,0,1,1
9282-IZGQK,2024-01-01,1,month_to_month,electronic_check,fiber_optic,85.0,85.0,0,0,0,0,0,1,1,0,0,0,1,1
4695-WJZUE,2024-01-01,2,month_to_month,electronic_check,fiber_optic,88.55,179.25,0,0,1,0,0,1,1,1,0,0,1,1
5527-ACHSO,2024-01-01,11,month_to_month,mailed_check,dsl,70.5,829.3,0,0,0,1,1,1,0,0,0,0,0,0
5140-FOMCQ,2024-01-01,59,one_year,credit_card,fiber_optic,109.15,6557.75,1,1,1,0,1,1,1,0,1,0,1,0
0410-IPFTY,2024-01-01,31,month_to_month,bank_transfer,fiber_optic,83.85,2674.15,0,1,0,0,0,1,0,0,1,0,1,0
1333-PBMXB,2024-01-01,54,one_year,bank_transfer,none,24.75,1342.15,0,0,0,0,0,0,1,0,1,1,1,0
1915-OAKWD,2024-01-01,16,one_year,bank_transfer,none,19.3,360.35,0,0,0,0,0,0,0,0,0,1,1,0
5707-ORNDZ,2024-01-01,9,month_to_month,electronic_check,dsl,54.55,494.05,1,0,0,0,0,0,1,1,0,0,0,1
7969-AULMZ,2024-01-01,21,month_to_month,electronic_check,fiber_optic,97.35,2119.5,0,0,0,0,1,1,1,0,0,0,1,1
2700-LUEVA,2024-01-01,1,month_to_month,credit_card,none,20.75,20.75,0,0,0,0,0,0,0,0,0,0,0,0
9099-FTUHS,2024-01-01,23,month_to_month,electronic_check,dsl,54.4,1249.25,1,0,0,0,0,0,1,0,0,0,0,0
8699-ASUFO,2024-01-01,7,month_to_month,mailed_check,fiber_optic,74.4,527.9,0,0,0,0,0,0,1,1,1,0,1,1
7181-OQCUT,2024-01-01,21,month_to_month,mailed_check,fiber_optic,103.85,2215.0,1,0,1,0,1,1,1,0,0,0,0,0
3096-YXENJ,2024-01-01,65,two_year,bank_transfer,fiber_optic,107.65,7082.85,0,1,1,1,1,1,1,0,1,0,1,0
2495-INZWQ,2024-01-01,4,month_to_month,electronic_check,dsl,44.55,174.3,0,0,0,0,1,1,0,0,0,0,1,1
2193-SFWQW,2024-01-01,72,two_year,bank_transfer,fiber_optic,111.95,8033.1,1,1,1,1,1,1,0,0,1,1,0,0
3908-MKIMJ,2024-01-01,68,two_year,electronic_check,dsl,41.95,2965.75,1,1,1,0,0,0,0,1,1,0,1,0
6736-DHUQI,2024-01-01,67,one_year,bank_transfer,fiber_optic,84.8,5598.3,1,1,1,0,0,0,0,0,1,1,0,0
2868-MZAGQ,2024-01-01,1,month_to_month,electronic_check,fiber_optic,79.25,79.25,0,0,0,0,0,1,0,0,0,0,1,1
8905-IAZPF,2024-01-01,69,one_year,credit_card,fiber_optic,95.65,6744.2,0,1,0,0,1,1,0,0,1,0,1,0
1215-FIGMP,2024-01-01,60,month_to_month,bank_transfer,fiber_optic,89.9,5450.7,0,1,0,0,1,0,1,0,0,0,1,0
0772-GYEQQ,2024-01-01,3,month_to_month,mailed_check,fiber_optic,88.35,262.05,0,0,1,1,1,0,0,0,0,0,1,1
9995-HOTOH,2024-01-01,63,two_year,electronic_check,dsl,59.0,3707.6,1,1,1,0,1,1,0,0,1,1,0,0
7579-KKLOE,2024-01-01,71,two_year,mailed_check,dsl,91.25,6589.6,1,1,1,1,1,1,1,0,1,1,1,0
3594-UVONA,2024-01-01,35,one_year,credit_card,dsl,85.95,3110.1,1,0,1,1,1,1,1,0,0,0,1,1
6641-XRPSU,2024-01-01,34,month_to_month,credit_card,fiber_optic,70.0,2416.1,0,0,0,0,0,0,0,0,0,0,1,1
5707-ZMDJP,2024-01-01,53,two_year,mailed_check,dsl,69.7,3729.6,1,1,0,1,1,0,0,0,1,1,1,0
3307-TLCUD,2024-01-01,17,month_to_month,mailed_check,dsl,34.4,592.75,1,0,1,0,0,0,0,0,1,0,0,0
4797-AXPXK,2024-01-01,1,month_to_month,electronic_check,dsl,60.0,60.0,1,1,0,1,0,0,0,0,0,1,1,1
4869-EPIUS,2024-01-01,56,one_year,electronic_check,fiber_optic,80.9,4557.5,0,0,0,0,0,1,0,0,1,0,1,0
8563-IIOXK,2024-01-01,7,one_year,electronic_check,dsl,49.75,331.3,1,0,0,0,0,0,0,0,1,1,1,1
2773-OVBPK,2024-01-01,67,two_year,bank_transfer,fiber_optic,111.3,7567.2,0,1,1,1,1,1,1,0,1,0,1,0
1353-LJWEM,2024-01-01,11,month_to_month,electronic_check,dsl,60.9,688.5,0,1,1,1,0,0,0,0,0,0,1,0
5868-YTYKS,2024-01-01,1,month_to_month,mailed_check,none,20.25,20.25,0,0,0,0,0,0,0,0,0,1,1,0
8713-IGZSO,2024-01-01,2,month_to_month,mailed_check,none,24.85,62.0,0,0,0,0,0,0,1,0,0,0,0,0
6050-FFXES,2024-01-01,69,two_year,bank_transfer,fiber_optic,105.35,7240.65,0,0,1,1,1,1,1,0,1,0,0,0
9300-RENDD,2024-01-01,1,month_to_month,electronic_check,fiber_optic,79.95,79.95,0,0,0,0,1,0,0,0,0,0,1,1
4183-MYFRB,2024-01-01,21,month_to_month,electronic_check,fiber_optic,90.05,1862.9,0,1,1,0,0,1,0,0,0,0,1,0
3339-EAQNV,2024-01-01,72,one_year,credit_card,fiber_optic,97.25,7133.1,0,1,0,0,1,1,1,1,1,0,1,0
2545-EBUPK,2024-01-01,2,month_to_month,electronic_check,fiber_optic,84.05,186.05,0,0,0,0,0,1,1,1,0,0,1,0
4990-ALDGW,2024-01-01,57,two_year,mailed_check,none,20.75,1118.8,0,0,0,0,0,0,0,0,0,0,0,0
0970-ETWGE,2024-01-01,1,month_to_month,electronic_check,fiber_optic,89.55,89.55,0,0,0,0,1,1,0,0,0,0,1,1
3671-SHRSP,2024-01-01,4,month_to_month,mailed_check,fiber_optic,80.6,319.15,0,0,1,1,0,0,0,0,1,0,1,1
2308-STERM,2024-01-01,2,month_to_month,mailed_check,none,19.4,61.05,0,0,0,0,0,0,0,0,0,0,0,0
1219-NNDDO,2024-01-01,9,month_to_month,electronic_check,fiber_optic,76.85,663.55,0,0,0,0,0,0,1,0,0,0,1,0
3508-CFVZL,2024-01-01,71,two_year,mailed_check,fiber_optic,111.3,7985.9,1,1,1,1,1,1,1,0,0,0,0,0
3387-PLKUI,2024-01-01,13,month_to_month,mailed_check,none,18.8,251.25,0,0,0,0,0,0,0,0,1,1,0,0
9702-AIUJO,2024-01-01,50,one_year,bank_transfer,dsl,44.8,2230.85,0,0,0,0,0,0,0,0,1,1,1,0
8337-UPOAQ,2024-01-01,10,month_to_month,electronic_check,fiber_optic,89.8,914.3,0,0,1,0,0,1,1,1,1,0,1,1
1728-CXQBE,2024-01-01,64,month_to_month,electronic_check,fiber_optic,94.25,6081.4,0,1,1,0,0,1,1,1,1,0,1,0
5134-IKDAY,2024-01-01,1,month_to_month,electronic_check,fiber_optic,69.8,69.8,0,0,0,0,0,0,0,0,1,1,1,1
9638-JIQYA,2024-01-01,2,month_to_month,credit_card,dsl,24.9,49.7,0,0,0,0,0,0,0,0,0,0,1,0
6647-ZEDXT,2024-01-01,30,one_year,credit_card,fiber_optic,110.45,3327.05,0,1,1,1,1,1,1,0,0,0,0,0
1579-KLYDT,2024-01-01,7,month_to_month,electronic_check,fiber_optic,90.45,593.45,0,0,1,0,1,0,1,0,0,0,1,1
3985-HOYPM,2024-01-01,26,one_year,mailed_check,none,19.4,525.55,0,0,0,0,0,0,0,0,0,0,0,0
6705-LNMDD,2024-01-01,20,month_to_month,mailed_check,dsl,50.0,1003.05,0,0,0,1,0,0,0,0,0,0,0,0
6917-FIJHC,2024-01-01,72,two_year,mailed_check,none,26.0,1776.0,0,0,0,0,0,0,1,0,1,0,1,0
4640-UHDOS,2024-01-01,13,month_to_month,electronic_check,dsl,55.95,734.35,0,0,0,0,0,1,0,0,1,1,0,1
1414-YADCW,2024-01-01,70,two_year,bank_transfer,fiber_optic,84.6,5706.2,1,1,0,1,0,0,0,0,1,0,0,0
5960-MVTUK,2024-01-01,3,month_to_month,electronic_check,dsl,29.75,96.85,0,0,0,1,0,0,0,0,0,0,1,0
0637-KVDLV,2024-01-01,2,month_to_month,electronic_check,fiber_optic,76.5,162.45,0,0,0,0,0,0,1,0,0,0,1,1
5451-YHYPW,2024-01-01,72,two_year,credit_card,fiber_optic,115.75,8443.7,1,1,1,1,1,1,1,1,1,0,1,0
5813-UECBU,2024-01-01,33,month_to_month,credit_card,fiber_optic,83.85,2716.3,0,1,1,0,0,0,1,1,0,0,1,1
9947-OTFQU,2024-01-01,15,month_to_month,electronic_check,fiber_optic,74.4,1074.3,0,1,0,0,0,0,0,1,0,0,1,1
1816-FLZDK,2024-01-01,1,month_to_month,mailed_check,dsl,29.15,29.15,0,0,0,1,0,0,0,0,0,0,0,0
3005-NFMTA,2024-01-01,55,month_to_month,electronic_check,fiber_optic,98.8,5617.75,1,0,0,0,1,1,1,1,0,0,1,1
4710-NKCAW,2024-01-01,5,month_to_month,credit_card,dsl,64.4,316.9,1,1,0,1,0,0,1,0,1,1,0,0
4290-BSXUX,2024-01-01,3,month_to_month,bank_transfer,fiber_optic,79.65,251.75,0,0,0,1,0,0,1,0,1,0,1,1
6266-QHOJZ,2024-01-01,65,one_year,electronic_check,fiber_optic,89.85,5844.65,1,1,0,1,0,0,1,0,0,0,1,0
6047-SUHPR,2024-01-01,39,one_year,electronic_check,dsl,59.8,2343.85,1,1,1,0,0,0,0,0,1,1,0,0
6010-DDPPW,2024-01-01,70,two_year,bank_transfer,none,25.15,1940.85,0,0,0,0,0,0,1,0,1,0,0,0
4374-YMUSQ,2024-01-01,34,one_year,credit_card,fiber_optic,116.25,3899.05,1,1,1,1,1,1,1,0,0,0,0,0
1958-RNRKS,2024-01-01,30,month_to_month,electronic_check,dsl,49.9,1441.95,0,0,0,0,0,0,1,0,1,0,0,0
7176-WIONM,2024-01-01,12,month_to_month,bank_transfer,dsl,49.85,617.15,0,0,1,0,1,1,0,0,1,0,1,0
9483-GCPWE,2024-01-01,9,one_year,mailed_check,none,20.1,190.25,0,0,0,0,0,0,0,0,0,1,0,0
1264-FUHCX,2024-01-01,49,one_year,credit_card,dsl,56.3,2780.6,0,1,0,1,1,1,0,0,1,0,1,0
8887-IPQNC,2024-01-01,7,month_to_month,mailed_check,dsl,44.25,313.45,0,0,0,0,0,0,0,0,1,0,1,0
2921-XWDJH,2024-01-01,38,month_to_month,electronic_check,fiber_optic,83.45,3147.15,1,0,0,0,0,1,0,1,1,0,1,0
5574-NXZIU,2024-01-01,63,two_year,credit_card,fiber_optic,109.2,7049.75,1,1,1,1,1,1,0,0,0,0,0,0
8644-XLFBW,2024-01-01,1,month_to_month,electronic_check,fiber_optic,71.65,71.65,0,0,0,0,0,0,0,1,0,0,1,1
4811-JBUVU,2024-01-01,30,month_to_month,credit_card,fiber_optic,89.9,2723.15,0,0,0,1,0,1,1,0,0,0,1,0
8970-ANWXO,2024-01-01,23,one_year,mailed_check,dsl,73.75,1756.6,0,0,0,1,1,1,1,0,0,0,1,0
0602-DDUML,2024-01-01,57,two_year,mailed_check,dsl,69.75,3894.4,0,1,1,1,1,0,0,0,0,0,0,0
5671-RQRLP,2024-01-01,70,two_year,credit_card,fiber_optic,75.65,5411.4,0,0,0,0,0,0,1,1,1,0,1,0
9959-WOFKT,2024-01-01,71,two_year,bank_transfer,fiber_optic,106.7,7382.25,1,0,1,0,1,1,1,0,0,1,0,0
1208-NBVFH,2024-01-01,20,month_to_month,electronic_check,dsl,49.6,939.8,0,0,1,0,0,0,0,0,1,1,1,0
6976-BWGLQ,2024-01-01,72,two_year,bank_transfer,none,25.2,1787.35,0,0,0,0,0,0,1,0,1,1,0,0
2178-PMGCJ,2024-01-01,22,month_to_month,mailed_check,fiber_optic,69.7,1490.4,0,0,0,0,0,0,0,0,0,0,1,0
7610-TVOPG,2024-01-01,15,month_to_month,electronic_check,none,26.35,378.6,0,0,0,0,0,0,1,0,0,0,1,0
7240-ETPTR,2024-01-01,9,month_to_month,electronic_check,dsl,48.75,442.2,0,0,1,0,1,1,0,0,1,0,1,1
6518-LGAOV,2024-01-01,38,month_to_month,electronic_check,fiber_optic,105.0,4026.4,0,0,1,1,1,1,1,0,1,0,1,1
2826-DXLQO,2024-01-01,7,month_to_month,bank_transfer,dsl,29.8,220.45,1,0,0,0,0,0,0,1,1,0,0,0
5949-HGVJL,2024-01-01,26,month_to_month,electronic_check,dsl,73.05,1959.5,0,1,0,1,1,1,0,0,1,0,1,0
3489-VSFRD,2024-01-01,56,one_year,credit_card,dsl,60.25,3282.75,1,0,1,1,0,0,0,0,0,0,1,0
2812-REYAT,2024-01-01,49,one_year,bank_transfer,none,20.05,923.1,0,0,0,0,0,0,0,0,1,0,1,0
9633-XQABV,2024-01-01,3,month_to_month,electronic_check,fiber_optic,70.25,229.7,0,0,0,0,0,0,0,0,0,0,1,0
4102-OQUPX,2024-01-01,1,month_to_month,electronic_check,fiber_optic,74.4,74.4,0,0,0,0,0,0,1,1,1,0,1,1
2900-PHPLN,2024-01-01,70,two_year,credit_card,none,19.55,1462.05,0,0,0,0,0,0,0,1,1,0,1,0
9894-QMIMJ,2024-01-01,23,one_year,bank_transfer,dsl,55.8,1327.85,0,1,1,0,0,0,0,0,0,0,0,0
7596-ZYWBB,2024-01-01,65,two_year,mailed_check,dsl,59.6,3739.8,1,1,0,1,0,0,0,0,0,0,1,0
5440-FLBQG,2024-01-01,69,two_year,bank_transfer,fiber_optic,108.4,7318.2,0,1,1,1,1,1,1,1,1,0,1,1
3063-QFSZL,2024-01-01,1,month_to_month,electronic_check,dsl,55.4,55.4,0,0,0,0,0,1,0,0,0,0,1,1
4873-ILOLJ,2024-01-01,24,month_to_month,electronic_check,fiber_optic,90.35,2238.5,0,0,0,0,1,1,0,0,0,0,1,1
3003-CMDUU,2024-01-01,25,month_to_month,electronic_check,fiber_optic,95.15,2395.7,0,0,0,1,1,1,0,0,1,0,1,0
7279-NMVJC,2024-01-01,17,one_year,bank_transfer,none,19.9,323.15,0,0,0,0,0,0,0,0,0,0,0,0
6478-HRRCZ,2024-01-01,32,one_year,mailed_check,dsl,70.5,2201.75,1,1,0,1,0,1,0,0,1,0,0,0
3678-MNGZX,2024-01-01,68,two_year,bank_transfer,none,19.95,1377.7,0,0,0,0,0,0,0,0,1,1,0,0
5902-WBLSE,2024-01-01,70,two_year,credit_card,none,20.15,1411.2,0,0,0,0,0,0,0,0,1,1,1,0
7722-CVFXN,2024-01-01,54,one_year,electronic_check,fiber_optic,105.2,5637.85,0,1,0,1,1,1,1,0,1,1,1,0
2223-KAGMX,2024-01-01,15,month_to_month,bank_transfer,none,19.4,289.3,0,0,0,0,0,0,0,0,0,0,0,1
9803-FTJCG,2024-01-01,71,one_year,credit_card,dsl,66.85,4748.7,1,1,0,1,0,0,1,0,1,1,1,0
6060-QBMGV,2024-01-01,70,two_year,credit_card,none,19.85,1433.8,0,0,0,0,0,0,0,0,1,0,0,0
2858-EIMXH,2024-01-01,53,one_year,credit_card,fiber_optic,95.85,5016.25,0,0,0,0,1,1,1,1,1,0,1,0
4741-WWJQZ,2024-01-01,2,month_to_month,electronic_check,fiber_optic,80.15,194.55,1,0,0,1,0,0,0,0,1,0,1,0
9845-PEEKO,2024-01-01,59,two_year,credit_card,fiber_optic,79.2,4590.35,0,1,0,0,0,0,1,1,0,0,1,0
9167-APMXZ,2024-01-01,22,month_to_month,bank_transfer,fiber_optic,84.15,1821.95,0,0,0,0,1,0,1,0,0,0,1,0
9800-ONTFE,2024-01-01,22,month_to_month,bank_transfer,fiber_optic,75.8,1615.1,0,0,0,0,0,0,1,0,1,1,1,0
3621-CHYVB,2024-01-01,57,month_to_month,bank_transfer,dsl,49.9,2782.4,1,0,1,1,0,1,0,0,1,0,1,0
3177-LASXD,2024-01-01,1,month_to_month,electronic_check,fiber_optic,71.35,71.35,0,0,0,0,0,0,0,0,0,0,0,1
1465-VINDH,2024-01-01,10,month_to_month,credit_card,fiber_optic,102.1,1068.85,0,1,1,0,1,1,1,0,1,1,1,1
2055-SIFSS,2024-01-01,55,month_to_month,bank_transfer,dsl,51.65,2838.55,0,0,0,0,0,0,1,1,1,0,0,0
0804-YGEQV,2024-01-01,43,one_year,bank_transfer,none,24.45,993.15,0,0,0,0,0,0,1,0,1,1,1,0
3346-BRMIS,2024-01-01,18,month_to_month,electronic_check,dsl,48.35,810.7,0,0,1,0,1,1,0,1,1,0,1,1
3130-ICDUP,2024-01-01,2,month_to_month,credit_card,fiber_optic,80.55,188.1,1,0,0,0,0,0,1,0,0,1,0,0
0732-OCQOC,2024-01-01,52,two_year,bank_transfer,none,25.05,1270.25,0,0,0,0,0,0,1,0,1,1,1,0
4012-YCFAI,2024-01-01,60,two_year,mailed_check,dsl,61.35,3766.2,1,1,0,1,0,0,0,0,1,0,1,0
7346-MEDWM,2024-01-01,59,month_to_month,electronic_check,fiber_optic,83.25,4949.1,0,1,1,0,0,0,1,0,0,0,1,0
7036-TYDEC,2024-01-01,69,two_year,electronic_check,fiber_optic,104.0,7028.5,0,0,1,1,1,1,1,0,0,0,0,0
6615-NGGZJ,2024-01-01,14,month_to_month,electronic_check,fiber_optic,100.55,1415.55,0,1,0,0,1,1,1,0,0,0,1,1
3441-CGZJH,2024-01-01,43,one_year,credit_card,dsl,60.4,2640.55,1,0,1,1,1,1,0,0,1,1,1,0
0208-BPQEJ,2024-01-01,12,month_to_month,bank_transfer,none,19.4,198.1,0,0,0,0,0,0,0,0,1,1,0,0
2229-DPMBI,2024-01-01,8,two_year,mailed_check,none,19.5,162.15,0,0,0,0,0,0,0,0,1,1,0,0
7159-FVYPK,2024-01-01,3,month_to_month,bank_transfer,dsl,69.15,235.0,0,1,1,0,1,0,1,0,1,1,1,0
7544-ZVIKX,2024-01-01,58,one_year,bank_transfer,fiber_optic,105.05,6004.85,0,0,1,1,1,1,1,0,1,1,1,0
6366-XIVKZ,2024-01-01,13,month_to_month,mailed_check,dsl,63.15,816.8,1,0,1,0,0,1,0,0,1,1,1,0
7137-NAXML,2024-01-01,23,one_year,bank_transfer,none,20.15,405.6,0,0,0,0,0,0,0,0,0,0,0,0
7126-RBHSD,2024-01-01,17,month_to_month,electronic_check,fiber_optic,78.9,1348.95,1,0,0,0,0,0,1,0,1,0,0,0
1428-IEDPR,2024-01-01,52,two_year,electronic_check,fiber_optic,109.3,5731.4,1,0,1,1,1,1,1,0,0,0,1,0
9465-RWMXL,2024-01-01,32,month_to_month,electronic_check,fiber_optic,78.9,2447.95,0,0,1,0,0,0,1,0,1,0,1,1
2908-ZTPNF,2024-01-01,36,month_to_month,bank_transfer,dsl,34.85,1267.2,0,1,0,1,0,0,0,0,0,0,1,0
4176-RELJR,2024-01-01,67,two_year,credit_card,none,25.1,1672.15,0,0,0,0,0,0,1,1,0,0,0,0
3001-UNBTL,2024-01-01,29,month_to_month,electronic_check,fiber_optic,103.95,2964.8,0,0,1,0,1,1,1,1,1,1,1,0
6067-NGCEU,2024-01-01,65,month_to_month,credit_card,fiber_optic,111.05,7107.0,1,1,1,0,1,1,1,0,0,0,1,0
2479-BRAMR,2024-01-01,41,month_to_month,bank_transfer,fiber_optic,83.75,3273.55,1,0,1,0,0,0,1,1,1,0,1,1
3161-ONRWK,2024-01-01,60,one_year,bank_transfer,dsl,65.85,3928.3,1,1,1,1,0,0,0,0,1,1,1,0
6349-JDHQP,2024-01-01,53,two_year,credit_card,none,19.85,1049.6,0,0,0,0,0,0,0,0,0,0,0,0
1619-YWUBB,2024-01-01,68,two_year,credit_card,none,24.95,1614.9,0,0,0,0,0,0,1,0,1,0,1,0
2761-OCIAX,2024-01-01,2,month_to_month,electronic_check,fiber_optic,74.7,165.4,0,1,0,0,0,0,0,1,0,0,1,1
2683-JXWQQ,2024-01-01,61,month_to_month,bank_transfer,dsl,33.6,2117.2,1,0,1,0,0,0,0,0,1,1,0,0
9585-KKMFD,2024-01-01,41,two_year,mailed_check,none,20.0,879.8,0,0,0,0,0,0,0,0,1,1,1,0
7524-VRLPL,2024-01-01,69,two_year,credit_card,dsl,74.1,5031.0,1,0,1,1,0,1,1,1,0,0,0,0
3780-DDGSE,2024-01-01,35,month_to_month,electronic_check,dsl,76.05,2747.2,0,1,0,1,1,1,0,1,1,1,1,0
2207-OBZNX,2024-01-01,7,month_to_month,mailed_check,dsl,51.0,354.05,1,0,0,0,0,0,0,0,0,0,1,1
0023-UYUPN,2024-01-01,50,one_year,electronic_check,none,25.2,1306.3,0,0,0,0,0,0,1,1,1,0,0,0
5975-BAICR,2024-01-01,36,one_year,credit_card,dsl,63.7,2188.5,1,0,1,0,0,1,0,0,1,1,1,0
2669-OIDSD,2024-01-01,48,month_to_month,credit_card,fiber_optic,100.05,4834.0,0,0,1,1,1,1,0,0,1,0,1,0
8146-QQKZH,2024-01-01,71,two_year,bank_transfer,dsl,81.85,5924.4,1,0,1,1,1,1,0,0,1,0,0,0
2307-FYNNL,2024-01-01,65,two_year,electronic_check,fiber_optic,109.05,7108.2,1,0,1,1,1,1,1,1,0,0,1,0
2985-FMWYF,2024-01-01,23,month_to_month,electronic_check,fiber_optic,93.5,2341.55,0,0,0,0,1,1,1,0,0,0,1,0
5387-ASZNZ,2024-01-01,66,one_year,credit_card,dsl,63.85,4174.35,1,1,0,1,0,0,1,1,0,0,1,0
5349-AZPEW,2024-01-01,5,month_to_month,mailed_check,dsl,25.05,125.5,0,0,0,0,0,0,0,0,1,1,0,0
9481-IEBZY,2024-01-01,72,month_to_month,credit_card,fiber_optic,112.9,8061.5,1,1,1,1,1,1,1,1,1,0,1,0
9818-XQCUV,2024-01-01,2,month_to_month,mailed_check,none,20.35,45.3,0,0,0,0,0,0,0,0,0,0,0,0
3750-RNQKR,2024-01-01,12,month_to_month,mailed_check,none,19.45,246.25,0,0,0,0,0,0,0,0,0,0,0,0
5442-UTCVD,2024-01-01,3,month_to_month,electronic_check,fiber_optic,91.85,257.05,0,0,1,0,0,1,1,0,0,1,0,1
3649-JPUGY,2024-01-01,72,two_year,bank_transfer,dsl,88.6,6201.95,0,1,1,1,1,1,1,0,0,0,1,0
2195-VVRJF,2024-01-01,18,month_to_month,credit_card,dsl,59.1,1011.05,1,0,0,0,0,1,0,1,1,0,1,0
1271-UODNO,2024-01-01,39,two_year,credit_card,dsl,53.85,2200.7,0,0,0,1,0,0,1,0,0,0,1,0
0118-JPNOY,2024-01-01,26,month_to_month,credit_card,fiber_optic,85.8,2193.65,1,0,0,0,1,0,0,1,0,0,1,0
9499-XPZXM,2024-01-01,72,two_year,bank_transfer,dsl,64.75,4804.75,1,1,0,1,0,0,1,0,1,0,0,0
7343-EOBEU,2024-01-01,3,month_to_month,mailed_check,none,23.6,89.05,0,0,0,0,0,0,1,0,1,0,1,0
3877-JRJIP,2024-01-01,1,month_to_month,electronic_check,dsl,59.85,59.85,0,0,0,0,1,0,1,0,0,0,1,1
5498-TXHLF,2024-01-01,34,month_to_month,electronic_check,fiber_optic,87.45,2874.15,0,0,1,0,1,0,1,0,1,1,0,1
3969-GYXEL,2024-01-01,11,month_to_month,electronic_check,fiber_optic,76.4,838.7,1,0,0,0,0,0,0,0,0,0,0,0
5730-DBDSI,2024-01-01,66,two_year,bank_transfer,none,19.7,1253.8,0,0,0,0,0,0,0,0,0,0,0,0
2868-SNELZ,2024-01-01,2,month_to_month,mailed_check,fiber_optic,80.6,155.8,0,0,1,0,0,0,1,0,0,0,0,1
7797-EJMDP,2024-01-01,8,month_to_month,bank_transfer,dsl,66.05,574.5,1,0,0,1,0,1,0,0,0,0,0,0
4067-HLYQI,2024-01-01,33,month_to_month,bank_transfer,fiber_optic,70.4,2406.1,0,0,0,0,0,0,0,0,0,0,1,0
4231-LZUYM,2024-01-01,72,two_year,bank_transfer,none,25.65,1887.0,0,0,0,0,0,0,1,0,1,0,0,0
3638-WEABW,2024-01-01,58,two_year,credit_card,dsl,59.9,3505.1,0,1,0,1,0,0,1,0,1,0,1,0
5060-TQUQN,2024-01-01,30,month_to_month,bank_transfer,fiber_optic,83.55,2570.2,0,1,0,1,0,0,1,0,1,1,1,0
7802-EFKNY,2024-01-01,5,month_to_month,electronic_check,dsl,24.95,100.4,0,0,0,0,0,0,0,0,1,0,1,1
7576-JMYWV,2024-01-01,46,month_to_month,electronic_check,fiber_optic,110.2,4972.1,1,1,0,1,1,1,1,1,1,1,1,0
3496-LFSZU,2024-01-01,4,month_to_month,electronic_check,fiber_optic,70.5,294.2,0,0,0,0,0,0,0,0,1,0,0,0
4795-WRNVT,2024-01-01,40,month_to_month,mailed_check,dsl,65.1,2586.0,1,1,0,0,1,0,0,0,0,0,0,0
3938-YFPXD,2024-01-01,72,two_year,credit_card,dsl,84.3,5997.1,1,0,1,1,1,1,1,0,0,0,0,0
6651-AZVTJ,2024-01-01,49,month_to_month,electronic_check,fiber_optic,99.8,4872.45,0,0,1,0,1,1,1,0,1,1,1,1
3658-KIBGF,2024-01-01,1,month_to_month,electronic_check,dsl,54.9,54.9,1,1,0,0,0,0,0,0,0,0,1,1
4143-HHPMK,2024-01-01,52,month_to_month,electronic_check,fiber_optic,85.35,4338.6,0,1,0,0,0,1,0,0,0,0,1,1
4821-WQOYN,2024-01-01,72,two_year,credit_card,none,20.1,1326.25,0,0,0,0,0,0,0,0,1,1,1,0
4291-HYEBC,2024-01-01,28,one_year,electronic_check,dsl,39.1,1096.6,0,1,0,0,0,1,0,1,1,1,1,0
8849-AYPTR,2024-01-01,33,month_to_month,electronic_check,fiber_optic,91.25,2964.05,0,0,0,0,1,1,0,0,1,0,0,0
3898-BSJYF,2024-01-01,10,one_year,credit_card,dsl,73.55,693.3,1,0,1,1,0,1,1,0,0,1,0,0
7562-GSUHK,2024-01-01,16,month_to_month,credit_card,fiber_optic,93.2,1573.7,0,1,1,0,0,1,0,0,0,0,1,1
3523-QRQLL,2024-01-01,22,one_year,bank_transfer,dsl,69.5,1498.2,0,1,0,0,1,1,0,0,1,1,1,1
9661-JALZV,2024-01-01,58,two_year,credit_card,none,24.7,1519.0,0,0,0,0,0,0,1,0,0,0,1,0
4670-TABXH,2024-01-01,72,two_year,credit_card,fiber_optic,109.75,7758.9,0,1,1,1,1,1,1,0,1,0,1,0
7966-YOTQW,2024-01-01,10,month_to_month,credit_card,dsl,54.5,568.2,1,0,0,0,0,0,1,0,0,0,1,0
3694-GLTJM,2024-01-01,5,month_to_month,credit_card,none,19.65,92.05,0,0,0,0,0,0,0,0,0,0,1,0
8835-VSDSE,2024-01-01,2,month_to_month,electronic_check,fiber_optic,70.7,141.45,0,0,0,0,0,0,0,0,1,0,1,1
3721-CNEYS,2024-01-01,2,month_to_month,electronic_check,fiber_optic,70.95,137.95,0,0,0,0,0,0,0,0,0,0,1,1
9667-TKTVZ,2024-01-01,2,month_to_month,mailed_check,dsl,54.35,117.05,0,0,0,1,0,0,1,0,0,0,1,0
2927-CVULT,2024-01-01,53,two_year,bank_transfer,fiber_optic,104.05,5566.4,1,1,1,1,0,1,1,0,1,1,1,0
6595-YGXIT,2024-01-01,25,month_to_month,electronic_check,fiber_optic,88.95,2291.2,0,1,0,0,1,0,1,1,0,0,1,1
0864-FVJNJ,2024-01-01,64,one_year,electronic_check,fiber_optic,113.35,7222.75,1,1,1,1,1,1,1,0,1,1,0,0
4537-DKTAL,2024-01-01,2,month_to_month,electronic_check,dsl,45.55,84.4,0,0,0,0,0,0,0,0,0,0,0,0
3466-WAESX,2024-01-01,16,month_to_month,electronic_check,dsl,69.1,1083.7,1,1,0,0,0,1,1,0,0,1,1,0
2483-XSSMZ,2024-01-01,39,one_year,electronic_check,dsl,47.85,1886.4,1,0,0,0,0,0,0,0,0,0,1,0
4163-KIUHY,2024-01-01,35,month_to_month,electronic_check,none,25.6,901.25,0,0,0,0,0,0,1,0,0,0,1,0
8486-AYEQH,2024-01-01,31,month_to_month,electronic_check,fiber_optic,76.05,2227.8,0,0,0,0,0,0,1,0,0,0,1,0
0516-WJVXC,2024-01-01,5,month_to_month,electronic_check,dsl,54.2,308.25,1,0,0,1,0,0,0,0,0,0,0,1
5304-EFJLP,2024-01-01,72,two_year,bank_transfer,fiber_optic,111.65,8022.85,0,1,1,1,1,1,1,1,1,0,1,0
4137-BTIKL,2024-01-01,2,month_to_month,mailed_check,fiber_optic,90.75,174.75,1,0,0,0,0,1,1,0,0,0,0,0
2863-IMQDR,2024-01-01,61,two_year,electronic_check,dsl,89.65,5308.7,1,1,1,1,1,1,1,0,0,0,0,0
2930-UOTMB,2024-01-01,31,month_to_month,credit_card,dsl,65.25,1994.3,1,0,1,1,0,0,1,0,0,0,0,1
5673-TIYIB,2024-01-01,2,month_to_month,credit_card,dsl,40.4,77.15,0,1,1,1,0,0,0,0,0,0,1,1
3645-DEYGF,2024-01-01,1,month_to_month,mailed_check,none,20.75,20.75,0,0,0,0,0,0,0,0,0,1,0,0
1099-GODLO,2024-01-01,1,two_year,mailed_check,none,20.35,20.35,0,0,0,0,0,0,0,0,1,1,0,0
1955-IBMMB,2024-01-01,59,two_year,bank_transfer,none,20.2,1192.3,0,0,0,0,0,0,0,0,0,0,1,0
6857-VWJDT,2024-01-01,1,month_to_month,mailed_check,fiber_optic,95.65,95.65,0,0,0,0,1,1,1,0,0,0,0,1
6410-LEFEN,2024-01-01,9,month_to_month,electronic_check,dsl,45.15,416.45,0,0,0,0,0,0,0,0,0,0,0,1
6692-UDPJC,2024-01-01,14,month_to_month,electronic_check,fiber_optic,91.65,1301.0,0,0,0,1,1,0,1,0,1,1,1,1
7858-GTZSP,2024-01-01,12,month_to_month,electronic_check,fiber_optic,86.55,1066.9,0,0,0,0,0,1,1,0,0,0,1,0
5232-NXPAY,2024-01-01,47,two_year,mailed_check,dsl,74.45,3510.3,0,0,1,1,1,1,0,0,0,0,0,0
1355-KUSBG,2024-01-01,7,month_to_month,electronic_check,dsl,48.8,349.8,0,0,0,0,0,0,1,0,1,1,0,0
1174-FGIFN,2024-01-01,28,one_year,electronic_check,fiber_optic,90.45,2509.25,0,0,0,1,0,1,1,0,1,1,1,0
8750-QWZAJ,2024-01-01,70,two_year,bank_transfer,none,19.8,1378.75,0,0,0,0,0,0,0,0,1,1,0,0
7850-THJMU,2024-01-01,26,two_year,credit_card,none,19.65,494.9,0,0,0,0,0,0,0,0,1,1,0,0
0310-MVLET,2024-01-01,61,month_to_month,electronic_check,fiber_optic,99.15,6010.05,0,1,0,0,1,1,1,0,1,1,1,1
2623-DRYAM,2024-01-01,70,one_year,electronic_check,fiber_optic,101.75,7069.3,0,0,1,0,1,1,1,0,1,0,1,0
1905-OEILC,2024-01-01,1,month_to_month,mailed_check,none,19.5,19.5,0,0,0,0,0,0,0,0,0,0,0,0
6899-PPEEA,2024-01-01,37,month_to_month,electronic_check,fiber_optic,96.55,3580.3,0,0,0,0,1,1,1,1,0,0,1,1
3104-OWCGK,2024-01-01,60,one_year,electronic_check,fiber_optic,90.95,5453.4,0,1,1,0,1,0,0,0,1,1,0,1
5287-QWLKY,2024-01-01,71,month_to_month,credit_card,fiber_optic,105.1,7548.1,1,1,0,0,1,1,1,1,1,1,1,1
2603-HVKCG,2024-01-01,31,month_to_month,electronic_check,fiber_optic,101.4,3143.65,0,1,1,0,1,1,0,0,0,0,1,0
9845-QOMAD,2024-01-01,14,one_year,mailed_check,none,19.75,309.35,0,0,0,0,0,0,0,0,1,1,0,0
4816-OKWNX,2024-01-01,50,one_year,bank_transfer,fiber_optic,103.4,5236.4,0,1,1,1,1,1,0,0,1,1,1,0
9103-CXVOK,2024-01-01,1,month_to_month,electronic_check,none,19.75,19.75,0,0,0,0,0,0,0,0,1,1,0,0
2845-AFFTX,2024-01-01,41,month_to_month,electronic_check,fiber_optic,99.8,4259.3,0,0,1,0,1,1,1,1,1,0,1,1
7776-QWNFX,2024-01-01,30,month_to_month,bank_transfer,dsl,50.4,1527.5,0,1,0,0,0,0,0,1,1,0,1,1
1468-DEFNC,2024-01-01,64,two_year,bank_transfer,none,24.4,1548.65,0,0,0,0,0,0,1,1,1,1,1,0
7905-NJMXS,2024-01-01,7,month_to_month,electronic_check,dsl,64.2,475.0,1,1,0,1,0,0,1,1,1,0,0,0
1866-OBPNR,2024-01-01,1,month_to_month,credit_card,fiber_optic,74.6,74.6,0,1,0,0,0,0,0,0,1,1,0,0
3720-DBRWL,2024-01-01,51,two_year,credit_card,dsl,83.85,4307.1,1,1,1,1,1,1,0,0,1,0,1,0
5073-RZGBK,2024-01-01,50,one_year,bank_transfer,dsl,80.05,4042.2,1,1,1,1,0,1,1,0,1,1,1,0
0129-QMPDR,2024-01-01,44,one_year,bank_transfer,none,20.5,865.05,0,0,0,0,0,0,0,0,1,1,1,0
2560-PPCHE,2024-01-01,65,one_year,bank_transfer,fiber_optic,105.05,6744.25,0,1,0,1,1,1,1,0,0,0,1,0
1496-GGSUK,2024-01-01,1,month_to_month,mailed_check,dsl,25.7,25.7,0,0,0,0,0,0,0,1,0,0,1,1
4671-LXRDQ,2024-01-01,2,month_to_month,mailed_check,dsl,45.0,96.45,0,0,0,0,0,0,0,0,0,0,1,1
9432-RUVSL,2024-01-01,48,two_year,credit_card,fiber_optic,102.5,4904.25,1,0,1,1,1,1,0,0,0,0,1,0
3992-YWPKO,2024-01-01,6,month_to_month,credit_card,fiber_optic,109.9,669.45,0,1,1,1,1,1,1,0,0,0,1,1
8980-WQFWL,2024-01-01,35,month_to_month,electronic_check,dsl,62.1,2096.1,0,0,1,0,0,1,0,0,0,0,1,0
0212-ISBBF,2024-01-01,22,month_to_month,electronic_check,dsl,50.35,1098.85,0,1,0,0,1,1,0,0,0,0,1,0
7722-VJRQD,2024-01-01,72,two_year,bank_transfer,dsl,60.95,4549.05,1,0,1,1,1,1,0,0,1,1,0,0
4135-FRWKJ,2024-01-01,55,one_year,electronic_check,dsl,76.25,4154.55,1,0,1,1,1,0,1,1,1,1,0,0
5161-UBZXI,2024-01-01,69,two_year,credit_card,fiber_optic,106.35,7261.75,1,1,0,1,1,1,0,0,1,1,1,0
5327-XOKKY,2024-01-01,72,two_year,credit_card,dsl,73.45,5329.0,0,0,1,0,1,1,1,1,1,0,1,0
3988-RQIXO,2024-01-01,1,month_to_month,electronic_check,fiber_optic,91.3,91.3,0,0,0,0,1,1,0,1,0,0,1,1
0479-HMSWA,2024-01-01,26,two_year,electronic_check,fiber_optic,105.45,2715.3,0,1,1,1,1,1,0,0,0,1,1,0
6923-AQONU,2024-01-01,23,two_year,mailed_check,none,20.9,454.0,0,0,0,0,0,0,0,0,1,1,0,0
5562-YJQGT,2024-01-01,2,month_to_month,credit_card,none,20.35,35.1,0,0,0,0,0,0,0,0,0,0,0,0
7598-UAASY,2024-01-01,2,month_to_month,electronic_check,fiber_optic,76.4,151.8,0,0,1,0,0,0,0,0,1,0,0,1
7251-LJBQN,2024-01-01,40,one_year,credit_card,fiber_optic,103.75,4188.4,0,0,1,1,1,1,1,1,0,0,1,0
4910-GMJOT,2024-01-01,1,month_to_month,electronic_check,fiber_optic,94.6,94.6,0,0,0,0,1,1,1,0,0,0,1,1
0257-ZESQC,2024-01-01,27,month_to_month,bank_transfer,fiber_optic,75.2,1929.35,1,0,0,0,0,0,0,1,1,0,1,1
4765-OXPPD,2024-01-01,9,month_to_month,mailed_check,dsl,65.0,663.05,1,1,1,1,0,0,0,0,1,1,0,1
6583-QGCSI,2024-01-01,50,month_to_month,electronic_check,fiber_optic,88.05,4367.35,0,1,0,0,1,0,1,1,1,0,1,1
9805-FILKB,2024-01-01,46,one_year,bank_transfer,none,20.2,845.6,0,0,0,0,0,0,0,0,1,1,1,0
2706-QZIHY,2024-01-01,15,two_year,mailed_check,none,25.2,387.9,0,0,0,0,0,0,1,0,1,0,0,0
7673-LPRNY,2024-01-01,23,one_year,electronic_check,dsl,78.55,1843.05,1,0,1,0,1,1,1,0,0,0,1,0
6778-YSNIH,2024-01-01,2,month_to_month,electronic_check,dsl,59.0,114.15,0,1,0,0,1,0,0,0,0,0,1,0
9050-QLROH,2024-01-01,18,month_to_month,credit_card,fiber_optic,90.7,1597.25,0,0,1,0,0,1,1,0,0,0,1,1
0707-HOVVN,2024-01-01,70,two_year,bank_transfer,dsl,75.5,5212.65,0,1,1,1,1,0,1,1,0,0,1,0
7102-JJVTX,2024-01-01,9,one_year,mailed_check,dsl,48.6,422.3,1,0,0,0,0,0,0,0,1,1,0,0
1810-MVMAI,2024-01-01,30,month_to_month,electronic_check,dsl,67.6,2000.2,1,1,1,1,0,0,1,0,1,1,0,0
7993-NQLJE,2024-01-01,15,month_to_month,mailed_check,fiber_optic,75.1,1151.55,1,0,0,0,0,0,0,0,1,1,0,0
9281-OFDMF,2024-01-01,39,month_to_month,electronic_check,fiber_optic,90.7,3413.25,0,1,0,0,0,1,1,1,0,0,0,0
6789-HJBWG,2024-01-01,12,month_to_month,electronic_check,dsl,49.4,611.65,0,1,0,0,0,0,0,0,0,0,1,0
2139-FQHLM,2024-01-01,19,month_to_month,mailed_check,fiber_optic,89.95,1682.4,0,0,1,1,1,0,0,0,0,0,0,0
3723-BFBGR,2024-01-01,24,month_to_month,credit_card,dsl,54.8,1291.3,0,1,0,0,0,0,1,1,0,0,0,0
0639-TSIQW,2024-01-01,67,month_to_month,credit_card,fiber_optic,102.95,6886.25,1,1,1,0,1,0,1,0,0,0,1,1
8626-PTQGE,2024-01-01,69,two_year,bank_transfer,dsl,60.05,4176.7,1,1,0,1,1,1,0,0,0,0,1,0
3541-ZNUHK,2024-01-01,55,month_to_month,electronic_check,fiber_optic,85.1,4600.95,1,1,0,0,0,0,1,0,1,1,1,0
4568-KNYWR,2024-01-01,52,two_year,credit_card,dsl,63.25,3342.45,1,1,0,0,1,0,0,0,0,0,1,0
9658-WYUFB,2024-01-01,17,month_to_month,electronic_check,fiber_optic,94.4,1617.5,1,1,0,0,1,0,1,0,0,0,1,1
0997-YTLNY,2024-01-01,19,month_to_month,mailed_check,dsl,48.8,953.65,0,0,0,1,0,0,0,0,0,1,0,0
3208-YPIOE,2024-01-01,39,month_to_month,electronic_check,fiber_optic,75.25,3017.65,0,0,0,0,0,0,1,0,0,0,0,1
7707-PYBBH,2024-01-01,40,month_to_month,mailed_check,dsl,61.9,2647.1,1,1,0,1,0,0,0,0,0,0,1,0
9313-QOLTZ,2024-01-02,26,month_to_month,mailed_check,none,20.9,518.3,0,0,0,0,0,0,0,0,0,0,0,0
6654-QGBZZ,2024-01-02,1,month_to_month,mailed_check,none,19.9,19.9,0,0,0,0,0,0,0,0,0,0,0,0
6877-LGWXO,2024-01-02,18,month_to_month,electronic_check,fiber_optic,78.55,1422.65,0,0,0,0,0,1,0,1,1,0,0,1
8020-BWHYL,2024-01-02,15,month_to_month,credit_card,fiber_optic,75.3,1147.45,0,1,0,0,0,0,0,1,0,0,1,1
3594-IVHJZ,2024-01-02,2,month_to_month,mailed_check,none,20.45,42.45,0,0,0,0,0,0,0,0,0,0,1,0
9507-EXLTT,2024-01-02,1,month_to_month,bank_transfer,fiber_optic,79.35,79.35,0,0,0,0,1,0,0,0,1,0,1,1
9793-WECQC,2024-01-02,23,month_to_month,mailed_check,fiber_optic,95.3,2192.9,0,1,0,0,1,1,0,0,0,0,0,0
1266-NZYUI,2024-01-02,72,two_year,bank_transfer,dsl,66.85,4758.8,1,0,1,1,0,0,1,0,1,1,0,0
2342-CKIAO,2024-01-02,2,month_to_month,mailed_check,none,20.3,41.2,0,0,0,0,0,0,0,0,0,0,0,0
6963-EZQEE,2024-01-02,70,two_year,credit_card,dsl,88.55,6306.5,1,1,1,1,1,1,1,1,1,0,1,0
2796-NNUFI,2024-01-02,46,two_year,mailed_check,none,19.95,927.1,0,0,0,0,0,0,0,0,1,1,1,0
3486-NPGST,2024-01-02,36,one_year,mailed_check,none,19.55,620.75,0,0,0,0,0,0,0,0,0,0,0,0
9070-BCKQP,2024-01-02,72,two_year,credit_card,fiber_optic,110.15,7881.2,1,0,1,1,1,1,1,0,1,0,1,0
7742-MYPGI,2024-01-02,6,month_to_month,mailed_check,dsl,48.8,297.35,0,0,0,1,0,0,0,0,1,1,1,0
9929-PLVPA,2024-01-02,4,month_to_month,credit_card,none,20.4,94.5,0,0,0,0,0,0,0,0,0,1,0,0
9124-LHCJQ,2024-01-02,1,month_to_month,mailed_check,fiber_optic,85.45,85.45,0,0,0,0,0,1,1,0,0,0,1,1
2792-LSHWX,2024-01-02,1,month_to_month,mailed_check,fiber_optic,83.4,83.4,1,1,0,1,0,0,0,0,0,0,1,0
9330-IJWIO,2024-01-02,13,month_to_month,electronic_check,fiber_optic,100.35,1358.85,1,0,0,0,1,1,1,0,0,0,1,1
0617-AQNWT,2024-01-02,64,two_year,electronic_check,dsl,47.85,3147.5,1,0,1,1,0,1,0,0,1,0,0,1
0895-UADGO,2024-01-02,8,two_year,mailed_check,dsl,44.55,343.45,1,0,0,1,0,1,0,0,0,1,1,0
7255-SSFBC,2024-01-02,72,two_year,bank_transfer,fiber_optic,112.25,8041.65,0,1,1,1,1,1,1,0,1,1,1,0
5834-ASPWA,2024-01-02,1,month_to_month,electronic_check,fiber_optic,75.45,75.45,0,0,0,0,0,0,1,0,0,0,1,1
4132-KALRO,2024-01-02,4,month_to_month,mailed_check,fiber_optic,100.85,399.25,0,0,0,1,1,1,1,0,0,0,1,0
8064-RAVOH,2024-01-02,1,month_to_month,electronic_check,dsl,49.85,49.85,0,0,1,0,0,0,0,0,0,1,1,0
8028-PNXHQ,2024-01-02,62,two_year,bank_transfer,none,24.25,1424.6,0,0,0,0,0,0,1,0,1,1,1,0
9508-ILZDG,2024-01-02,34,month_to_month,electronic_check,fiber_optic,96.35,3190.25,0,1,0,1,1,0,1,1,0,0,1,0
4361-JEIVL,2024-01-02,1,month_to_month,electronic_check,dsl,44.4,44.4,0,0,0,0,0,0,0,0,0,1,1,1
2430-USGXP,2024-01-02,24,month_to_month,electronic_check,fiber_optic,101.05,2391.8,0,0,1,0,1,1,1,0,1,0,1,1
5965-GGPRW,2024-01-02,72,two_year,bank_transfer,fiber_optic,105.25,7609.75,1,0,1,0,1,1,1,0,1,1,0,0
2542-HYGIQ,2024-01-02,1,month_to_month,credit_card,none,19.95,19.95,0,0,0,0,0,0,0,0,0,0,0,0
1035-IPQPU,2024-01-02,63,month_to_month,electronic_check,fiber_optic,103.5,6479.4,0,1,1,0,1,1,1,1,1,0,1,0
3617-XLSGQ,2024-01-02,66,two_year,bank_transfer,fiber_optic,109.25,7082.5,1,1,1,0,1,1,1,0,1,1,0,0
9107-UKCKY,2024-01-02,61,one_year,electronic_check,dsl,79.8,4914.8,0,1,1,0,1,1,1,0,1,0,1,0
5146-YYFRZ,2024-01-02,67,two_year,bank_transfer,none,19.95,1311.75,0,0,0,0,0,0,0,0,0,0,0,0
5649-VUKMC,2024-01-02,12,one_year,mailed_check,fiber_optic,95.5,1115.15,0,0,1,0,1,1,0,0,0,0,0,1
3472-OAOOR,2024-01-02,19,month_to_month,mailed_check,dsl,34.95,610.2,1,1,0,0,0,0,0,0,1,1,1,0
0397-ZXWQF,2024-01-02,67,two_year,bank_transfer,none,20.5,1430.95,0,0,0,0,0,0,0,0,0,0,0,0
1346-UFHAX,2024-01-02,13,month_to_month,credit_card,fiber_optic,80.0,1029.35,1,0,0,0,0,0,1,0,0,0,1,0
7252-NTGSS,2024-01-02,1,month_to_month,mailed_check,dsl,45.15,45.15,0,0,0,0,0,0,0,0,0,0,0,0
3198-VELRD,2024-01-02,3,month_to_month,bank_transfer,fiber_optic,84.75,264.85,0,0,0,0,0,1,1,0,1,1,1,1
3407-QGWLG,2024-01-02,3,month_to_month,mailed_check,none,20.05,75.45,0,0,0,0,0,0,0,0,0,1,1,0
9874-QLCLH,2024-01-02,17,month_to_month,electronic_check,fiber_optic,104.2,1743.5,1,0,1,0,1,1,1,0,1,1,1,1
8668-KNZTI,2024-01-02,52,one_year,electronic_check,dsl,53.75,2790.65,1,0,1,0,0,0,0,0,0,0,0,0
8249-THVEC,2024-01-02,51,one_year,mailed_check,none,19.4,997.75,0,0,0,0,0,0,0,0,1,1,0,0
6060-DRTNL,2024-01-02,5,month_to_month,mailed_check,fiber_optic,84.85,415.55,0,0,1,0,1,0,0,1,0,0,1,1
6773-LQTVT,2024-01-02,29,month_to_month,mailed_check,dsl,35.65,1025.15,0,1,1,0,0,0,0,1,1,1,1,0
7853-GVUDZ,2024-01-02,1,month_to_month,credit_card,none,20.15,20.15,0,0,0,0,0,0,0,0,1,1,1,1
4897-QSUYC,2024-01-02,1,month_to_month,mailed_check,none,20.15,20.15,0,0,0,0,0,0,0,0,0,0,1,1
5197-PYEPU,2024-01-02,42,one_year,credit_card,fiber_optic,94.45,3923.8,1,1,0,0,1,0,1,0,1,1,1,0
3785-NRHYR,2024-01-02,1,month_to_month,mailed_check,none,19.65,19.65,0,0,0,0,0,0,0,0,0,0,0,0
6087-MVHJH,2024-01-02,16,month_to_month,electronic_check,fiber_optic,88.45,1422.1,0,0,1,0,0,1,1,0,0,0,1,1
1685-VAYJF,2024-01-02,11,month_to_month,credit_card,dsl,45.2,492.0,0,0,0,0,0,0,0,0,0,0,0,0
9912-GVSEQ,2024-01-02,26,month_to_month,electronic_check,fiber_optic,93.85,2381.55,0,1,1,0,0,1,1,1,1,0,1,1
4636-OLWOE,2024-01-02,54,one_year,electronic_check,dsl,61.0,3283.05,0,1,1,1,0,0,0,0,0,1,1,0
9600-UDOPK,2024-01-02,30,month_to_month,credit_card,fiber_optic,94.05,2866.45,0,0,0,0,1,1,1,0,1,0,1,1
8631-NBHFZ,2024-01-02,66,two_year,credit_card,dsl,79.4,5154.6,1,1,1,1,1,0,1,1,1,1,0,1
1053-MXTTK,2024-01-02,72,two_year,bank_transfer,fiber_optic,108.65,7726.35,1,1,1,1,1,1,0,0,1,1,1,0
3549-ZTMNH,2024-01-02,12,two_year,bank_transfer,none,24.0,269.65,0,0,0,0,0,0,1,0,1,1,1,0
7825-ECJRF,2024-01-02,19,month_to_month,electronic_check,fiber_optic,106.6,1934.45,1,0,1,1,1,1,0,0,0,0,1,1
6439-LAJXL,2024-01-02,9,month_to_month,mailed_check,dsl,68.95,593.85,1,1,0,1,1,0,0,0,1,0,1,0
4075-WKNIU,2024-01-02,0,two_year,mailed_check,dsl,73.35,0.0,0,1,1,1,1,0,1,0,1,1,0,0
8042-RNLKO,2024-01-02,66,one_year,bank_transfer,none,25.45,1699.15,0,0,0,0,0,0,1,0,0,0,0,0
4881-JVQOD,2024-01-02,10,month_to_month,bank_transfer,dsl,34.55,362.6,0,0,0,0,0,1,0,1,1,1,1,0
9593-CVZKR,2024-01-02,56,two_year,mailed_check,none,24.45,1385.85,0,0,0,0,0,0,1,0,1,1,1,0
9972-EWRJS,2024-01-02,67,two_year,bank_transfer,none,19.25,1372.9,0,0,0,0,0,0,0,0,1,1,1,0
9888-ZCUMM,2024-01-02,64,two_year,bank_transfer,dsl,60.05,3845.45,1,0,1,1,1,1,0,0,1,1,1,0
1265-ZFOSD,2024-01-02,64,two_year,mailed_check,dsl,81.3,5129.3,1,1,1,1,0,1,1,0,1,0,1,0
6078-VESFR,2024-01-02,13,month_to_month,bank_transfer,fiber_optic,70.45,849.1,0,0,0,0,0,0,0,1,1,0,0,0
0306-JAELE,2024-01-02,5,month_to_month,electronic_check,fiber_optic,96.1,453.4,0,0,0,1,1,1,0,0,0,0,1,1
7075-BNDVQ,2024-01-02,4,month_to_month,mailed_check,dsl,35.0,135.75,1,0,1,0,0,0,0,0,0,0,0,0
2208-MPXIO,2024-01-02,45,two_year,bank_transfer,none,20.0,886.4,0,0,0,0,0,0,0,0,1,1,1,0
3096-GKWEB,2024-01-02,18,month_to_month,electronic_check,fiber_optic,94.75,1691.9,0,0,0,0,1,1,1,0,1,0,1,0
7404-JLKQG,2024-01-02,3,month_to_month,electronic_check,dsl,57.55,161.45,0,0,1,0,1,0,0,0,0,0,0,0
5049-GLYVG,2024-01-02,1,month_to_month,mailed_check,none,20.6,20.6,0,0,0,0,0,0,0,0,0,0,0,1
6704-UTUKK,2024-01-02,29,month_to_month,electronic_check,dsl,45.9,1332.4,0,0,0,0,1,1,0,0,1,0,1,0
9397-TZSHA,2024-01-02,69,two_year,credit_card,none,24.6,1678.05,0,0,0,0,0,0,1,0,0,0,0,0
4686-UXDML,2024-01-02,21,month_to_month,credit_card,fiber_optic,99.85,1992.55,0,1,0,0,1,1,1,0,0,0,1,0
3808-HFKDE,2024-01-02,20,month_to_month,electronic_check,dsl,44.35,927.15,0,0,0,0,0,0,0,0,0,0,1,0
3580-HYCSP,2024-01-02,72,two_year,bank_transfer,fiber_optic,110.3,7966.9,1,1,1,0,1,1,1,0,1,1,1,0
9795-VOWON,2024-01-02,7,one_year,credit_card,dsl,24.35,150.85,0,0,0,0,0,0,0,0,0,0,1,0
2159-TURXX,2024-01-02,5,month_to_month,credit_card,none,20.05,95.55,0,0,0,0,0,0,0,0,0,0,0,0
0096-BXERS,2024-01-02,6,month_to_month,electronic_check,dsl,50.35,314.55,0,0,0,0,0,0,1,0,1,0,0,0
6507-DTJZV,2024-01-02,13,month_to_month,credit_card,dsl,66.4,831.75,0,0,0,0,1,1,0,0,0,1,0,0
9962-BFPDU,2024-01-02,1,month_to_month,mailed_check,none,20.05,20.05,0,0,0,0,0,0,0,0,1,1,0,0
4587-NUKOX,2024-01-02,3,month_to_month,electronic_check,fiber_optic,79.1,246.5,1,1,0,0,0,0,0,0,0,0,1,1
4060-LDNLU,2024-01-02,7,month_to_month,electronic_check,fiber_optic,96.2,639.7,0,0,0,0,1,1,1,0,0,0,0,0
2379-ENZGV,2024-01-02,6,month_to_month,electronic_check,fiber_optic,84.85,523.5,0,1,0,0,1,0,0,0,0,0,1,1
4877-EVATK,2024-01-02,1,month_to_month,mailed_check,none,20.0,20.0,0,0,0,0,0,0,0,0,0,0,0,1
9442-JTWDL,2024-01-02,11,one_year,credit_card,none,20.05,237.7,0,0,0,0,0,0,0,0,0,0,0,0
2748-MYRVK,2024-01-02,63,one_year,bank_transfer,fiber_optic,99.9,6137.0,0,1,0,0,1,1,1,0,0,0,0,1
3966-HRMZA,2024-01-02,3,month_to_month,mailed_check,fiber_optic,75.05,202.9,0,0,1,0,0,0,0,1,0,0,0,0
2862-JVEOY,2024-01-02,6,one_year,mailed_check,none,19.15,124.4,0,0,0,0,0,0,0,0,0,0,0,0
9489-DEDVP,2024-01-02,70,two_year,credit_card,dsl,69.2,4872.35,1,1,0,0,1,0,1,0,1,1,1,0
9469-WEJBT,2024-01-02,37,month_to_month,electronic_check,fiber_optic,90.35,3419.3,0,0,1,1,0,1,0,0,1,0,1,0
2384-OVPSA,2024-01-02,38,two_year,mailed_check,none,20.2,735.9,0,0,0,0,0,0,0,1,0,0,0,0
2186-QZEYA,2024-01-02,29,month_to_month,bank_transfer,dsl,58.55,1718.95,1,1,0,0,0,0,1,1,0,0,1,0
6202-JVYEU,2024-01-02,9,one_year,electronic_check,none,19.9,164.6,0,0,0,0,0,0,0,0,0,0,1,0
6419-ZTTLE,2024-01-02,23,one_year,electronic_check,none,20.75,485.2,0,0,0,0,0,0,0,1,1,0,1,0
1891-UAWWU,2024-01-02,20,month_to_month,electronic_check,fiber_optic,90.8,1951.0,0,0,1,0,1,0,1,1,1,0,0,1
6963-KQYQB,2024-01-02,70,two_year,mailed_check,none,24.05,1764.75,0,0,0,0,0,0,1,0,1,1,0,0
2521-NPUZR,2024-01-02,70,two_year,credit_card,fiber_optic,101.0,7085.5,1,1,1,1,0,1,0,0,1,0,0,0
8242-SOQUO,2024-01-02,5,month_to_month,electronic_check,fiber_optic,84.7,392.5,0,1,0,0,1,0,0,1,0,0,1,0
9823-EALYC,2024-01-02,72,two_year,bank_transfer,dsl,80.85,5727.45,1,1,1,1,1,0,1,0,1,1,1,0
2314-TNDJQ,2024-01-02,72,two_year,credit_card,dsl,55.65,3880.05,1,1,1,1,0,1,0,0,1,1,0,0
9714-EDSUC,2024-01-02,4,month_to_month,mailed_check,fiber_optic,94.9,360.55,1,1,0,1,0,1,0,0,0,0,1,0
1383-EZRWL,2024-01-02,7,month_to_month,mailed_check,none,20.05,164.85,0,0,0,0,0,0,0,0,0,0,0,1
6617-WLBQC,2024-01-02,23,one_year,credit_card,fiber_optic,81.85,1810.85,1,0,0,0,0,0,1,0,1,1,0,0
6652-YFFJO,2024-01-02,11,month_to_month,electronic_check,dsl,64.9,716.1,0,0,0,0,1,1,0,0,0,0,1,0
1401-FTHFQ,2024-01-02,23,one_year,credit_card,none,20.0,445.3,0,0,0,0,0,0,0,0,1,1,1,0
1803-BGNBD,2024-01-02,12,month_to_month,electronic_check,dsl,54.3,654.5,0,1,0,1,0,0,0,0,0,0,1,0
1470-PSXNM,2024-01-02,49,one_year,electronic_check,fiber_optic,93.65,4520.15,0,1,1,0,1,0,1,0,1,1,1,0
9185-TQCVP,2024-01-02,14,month_to_month,electronic_check,fiber_optic,85.15,1139.2,0,0,0,0,0,1,1,0,1,0,1,1
6481-LXPWL,2024-01-02,56,one_year,credit_card,dsl,36.1,1971.5,0,1,1,0,0,0,0,0,1,1,1,0
5066-GFJMM,2024-01-02,3,month_to_month,mailed_check,none,19.9,45.75,0,0,0,0,0,0,0,0,1,0,1,0
7519-JTWQH,2024-01-02,69,two_year,bank_transfer,fiber_optic,110.5,7455.45,0,1,1,1,1,1,1,0,0,0,1,0
9957-YODKZ,2024-01-02,6,month_to_month,electronic_check,fiber_optic,80.8,457.1,0,0,1,0,0,0,1,1,1,0,1,0
8430-TWCBX,2024-01-02,49,one_year,credit_card,none,20.7,1032.05,0,0,0,0,0,0,0,0,1,0,0,0
5955-ERIHD,2024-01-02,18,month_to_month,electronic_check,fiber_optic,94.7,1687.95,0,0,0,0,1,1,1,0,1,0,1,1
5186-SAMNZ,2024-01-02,1,month_to_month,bank_transfer,fiber_optic,69.5,69.5,0,0,0,0,0,0,0,1,0,0,1,1
5759-RCVCB,2024-01-02,3,month_to_month,credit_card,dsl,35.2,108.95,0,0,0,0,1,0,0,0,0,0,0,1
0220-EBGCE,2024-01-02,2,month_to_month,electronic_check,fiber_optic,85.85,167.3,0,0,1,0,0,1,0,0,0,0,1,1
7427-AUFPY,2024-01-02,54,two_year,credit_card,none,19.65,1008.7,0,0,0,0,0,0,0,0,0,0,0,0
3221-CJMSG,2024-01-02,24,month_to_month,credit_card,dsl,51.1,1269.6,0,0,0,1,0,0,0,0,0,0,1,0
4194-FJARJ,2024-01-02,54,two_year,bank_transfer,dsl,60.0,3273.95,1,0,0,1,0,0,1,0,1,1,0,0
8138-EALND,2024-01-02,15,month_to_month,mailed_check,none,19.75,311.6,0,0,0,0,0,0,0,0,0,0,0,0
8345-MVDYC,2024-01-02,45,two_year,bank_transfer,dsl,81.65,3618.7,1,0,1,1,1,1,0,0,0,0,0,0
6119-SPUDB,2024-01-02,46,two_year,mailed_check,dsl,38.25,1755.35,1,0,1,1,0,0,0,0,0,0,0,0
1202-KKGFU,2024-01-02,12,month_to_month,bank_transfer,dsl,54.2,690.5,1,0,0,1,0,0,0,0,1,0,0,0
6556-DBKZF,2024-01-02,71,two_year,electronic_check,fiber_optic,76.05,5436.45,0,0,1,0,0,0,0,0,1,1,0,0
6339-DKLMK,2024-01-02,13,month_to_month,electronic_check,dsl,31.65,389.95,0,1,0,0,0,0,0,0,0,0,1,0
1977-STDKI,2024-01-02,1,month_to_month,electronic_check,fiber_optic,73.0,73.0,0,1,0,0,0,0,0,1,0,0,1,1
4001-TSBTV,2024-01-02,58,month_to_month,electronic_check,fiber_optic,91.55,5511.65,0,1,1,0,1,0,0,0,1,1,1,0
7912-SYRQT,2024-01-02,7,month_to_month,bank_transfer,fiber_optic,75.1,552.95,0,0,0,0,0,0,1,0,0,0,1,1
4779-ZGICK,2024-01-02,48,two_year,mailed_check,none,23.55,1173.35,0,0,0,0,0,0,1,0,1,1,0,0
0670-ANMUU,2024-01-02,71,one_year,credit_card,fiber_optic,97.65,6687.85,1,0,0,1,0,1,1,0,0,0,0,0
8735-NBLWT,2024-01-02,9,month_to_month,mailed_check,none,20.4,184.1,0,0,0,0,0,0,0,0,0,1,0,0
8930-XOTDP,2024-01-02,18,month_to_month,mailed_check,dsl,55.95,1082.8,0,0,0,0,1,0,0,0,1,1,0,0
6380-ARCEH,2024-01-02,1,month_to_month,mailed_check,none,20.2,20.2,0,0,0,0,0,0,0,0,0,0,0,0
1167-OYZJF,2024-01-02,67,two_year,bank_transfer,none,20.05,1263.05,0,0,0,0,0,0,0,1,1,0,1,0
1628-BIZYP,2024-01-02,1,month_to_month,electronic_check,fiber_optic,85.0,85.0,0,1,0,0,0,1,0,0,0,0,1,0
6284-KMNUF,2024-01-02,56,one_year,electronic_check,fiber_optic,98.0,5270.6,1,0,0,0,1,1,1,0,1,0,1,0
4676-WLUHT,2024-01-02,54,two_year,bank_transfer,dsl,46.2,2431.95,1,1,0,0,0,1,0,0,0,0,0,0
2138-VFAPZ,2024-01-02,14,two_year,mailed_check,none,19.7,263.65,0,0,0,0,0,0,0,0,1,1,1,0
8648-PFRMP,2024-01-02,14,month_to_month,electronic_check,dsl,46.35,672.7,0,0,0,0,1,1,0,1,0,0,1,0
8097-VBQTZ,2024-01-02,54,month_to_month,mailed_check,dsl,69.9,3883.3,1,1,0,1,1,0,0,0,0,0,1,0
6087-YPWHO,2024-01-02,72,two_year,mailed_check,dsl,68.15,4808.7,1,1,1,1,0,0,1,0,1,0,0,0
8109-YUOHE,2024-01-02,17,one_year,mailed_check,dsl,56.1,946.95,1,1,0,0,0,0,0,0,0,0,0,0
3807-XHCJH,2024-01-02,1,month_to_month,electronic_check,none,20.0,20.0,0,0,0,0,0,0,0,0,1,1,0,0
0524-IAVZO,2024-01-02,30,month_to_month,electronic_check,fiber_optic,85.0,2624.25,0,0,0,0,0,1,1,0,1,0,1,1
8957-THMOA,2024-01-02,50,two_year,credit_card,none,20.15,970.85,0,0,0,0,0,0,0,0,0,1,0,0
7521-YXVZY,2024-01-02,3,month_to_month,mailed_check,none,19.95,58.3,0,0,0,0,0,0,0,0,0,1,0,0
7077-XJMET,2024-01-02,12,month_to_month,electronic_check,dsl,74.15,741.4,0,0,1,1,1,1,0,0,1,0,1,0
9625-QSTYE,2024-01-02,13,month_to_month,electronic_check,fiber_optic,81.15,952.3,0,1,1,0,0,0,0,0,0,0,1,1
7924-GJZFI,2024-01-02,25,month_to_month,electronic_check,fiber_optic,69.3,1813.1,0,0,0,0,0,0,0,1,1,0,1,0
2034-GDRCN,2024-01-02,2,month_to_month,electronic_check,fiber_optic,90.4,168.2,0,0,0,0,1,1,0,0,0,0,1,1
4186-ZBUEW,2024-01-02,36,one_year,mailed_check,dsl,70.7,2511.95,0,1,0,1,0,1,1,0,0,0,1,0
4026-SKKHW,2024-01-02,3,month_to_month,mailed_check,dsl,50.25,152.3,0,0,0,1,0,0,0,0,0,0,1,0
8548-AWOFC,2024-01-02,66,month_to_month,electronic_check,dsl,63.85,4264.6,0,0,0,1,0,1,1,0,1,0,0,0
0680-DFNNY,2024-01-02,15,month_to_month,electronic_check,fiber_optic,101.1,1504.05,0,0,1,0,1,1,1,0,1,0,1,1
7501-IWUNG,2024-01-02,61,two_year,bank_transfer,dsl,73.8,4616.05,0,0,1,1,1,1,0,0,1,1,1,0
7176-WRTNX,2024-01-02,70,two_year,bank_transfer,fiber_optic,114.95,7711.25,1,1,1,1,1,1,1,0,0,0,1,0
8450-UYIBU,2024-01-02,35,month_to_month,electronic_check,dsl,39.85,1434.6,0,0,1,0,1,0,0,1,0,0,1,0
1794-HBQTJ,2024-01-02,1,month_to_month,credit_card,dsl,48.6,48.6,1,0,0,0,0,0,0,0,0,0,1,1
1862-QRWPE,2024-01-02,48,two_year,bank_transfer,none,20.65,1057.0,0,0,0,0,0,0,0,0,1,1,0,0
2996-XAUVF,2024-01-02,70,two_year,mailed_check,dsl,40.05,2799.75,0,0,0,1,0,1,0,0,0,0,1,0
7145-FEJWU,2024-01-02,12,month_to_month,electronic_check,fiber_optic,105.3,1275.65,0,1,1,0,1,1,1,0,0,1,1,0
6710-HSJRD,2024-01-02,61,month_to_month,electronic_check,fiber_optic,114.1,7132.15,0,1,1,1,1,1,1,0,1,0,1,0
7530-HDYDS,2024-01-02,38,month_to_month,credit_card,fiber_optic,84.25,3264.5,0,1,1,1,0,0,0,0,0,0,1,1
8042-JVNFH,2024-01-02,1,month_to_month,mailed_check,fiber_optic,71.35,71.35,0,0,0,0,0,0,0,0,0,0,1,1
5127-BZENZ,2024-01-02,56,one_year,bank_transfer,dsl,65.2,3512.15,1,0,0,0,1,0,1,0,1,1,0,0
0876-WDUUZ,2024-01-02,5,month_to_month,credit_card,fiber_optic,85.4,425.9,0,0,0,1,0,1,0,0,0,0,1,1
0356-ERHVT,2024-01-02,11,month_to_month,bank_transfer,dsl,45.9,521.9,0,0,0,0,0,0,0,0,1,0,1,0
9912-OMZDS,2024-01-02,59,one_year,electronic_check,fiber_optic,106.15,6256.2,0,1,1,0,1,1,1,0,1,1,1,0
2275-RBYQS,2024-01-02,1,month_to_month,mailed_check,dsl,45.4,45.4,0,0,0,0,0,0,0,0,0,0,1,0
0917-EZOLA,2024-01-02,72,two_year,bank_transfer,fiber_optic,104.15,7689.95,0,1,1,0,1,1,1,1,1,0,1,1
2749-CTKAJ,2024-01-02,22,one_year,mailed_check,none,20.15,419.9,0,0,0,0,0,0,0,0,1,1,0,0
5160-UXJED,2024-01-02,17,one_year,mailed_check,dsl,44.6,681.4,0,0,0,0,0,0,0,0,0,1,0,0
7244-QWYHG,2024-01-02,50,one_year,bank_transfer,dsl,44.45,2188.45,1,0,0,1,1,0,0,0,1,0,1,0
4226-KKDON,2024-01-02,8,month_to_month,electronic_check,dsl,66.65,520.95,0,1,0,1,1,0,0,0,0,0,1,0
7018-FPXHH,2024-01-02,56,two_year,bank_transfer,dsl,59.8,3457.45,1,1,1,0,0,0,0,0,1,1,1,0
9897-KXHCM,2024-01-02,3,month_to_month,electronic_check,fiber_optic,80.3,250.05,0,0,0,0,0,1,0,0,1,1,1,1
1222-KJNZD,2024-01-02,40,month_to_month,bank_transfer,none,20.4,745.3,0,0,0,0,0,0,0,0,1,1,1,0
2452-KDRRH,2024-01-02,67,month_to_month,credit_card,fiber_optic,101.4,6841.05,0,0,1,0,1,1,1,1,0,0,1,0
6892-EZDTG,2024-01-02,4,month_to_month,electronic_check,fiber_optic,91.65,365.4,0,1,0,0,1,0,1,0,1,0,1,1
6980-CDGFC,2024-01-02,67,one_year,bank_transfer,none,20.85,1327.4,0,0,0,0,0,0,0,0,1,0,1,0
5071-FBJFS,2024-01-02,4,month_to_month,electronic_check,dsl,50.3,217.1,1,0,0,0,0,0,0,0,1,1,0,0
4018-PPNDW,2024-01-02,61,two_year,mailed_check,none,24.1,1551.6,0,0,0,0,0,0,1,0,1,1,1,0
9066-QRSDU,2024-01-02,69,one_year,electronic_check,none,26.3,1763.55,0,0,0,0,0,0,1,0,1,0,1,0
0318-ZOPWS,2024-01-02,49,two_year,bank_transfer,none,20.15,973.35,0,0,0,0,0,0,0,0,1,0,1,0
0419-YAAPX,2024-01-02,49,month_to_month,credit_card,fiber_optic,85.3,4297.95,0,1,0,0,1,0,0,0,1,0,1,0
9786-IJYDL,2024-01-02,35,two_year,mailed_check,fiber_optic,113.2,3914.05,1,1,1,1,1,1,1,0,0,0,1,0
4195-PNGZS,2024-01-02,69,two_year,bank_transfer,none,24.45,1718.2,0,0,0,0,0,0,1,0,1,1,0,0
9372-TXXPS,2024-01-02,60,two_year,bank_transfer,dsl,59.85,3483.45,1,1,0,1,0,0,0,0,1,0,0,0
7734-DBOAI,2024-01-02,1,month_to_month,electronic_check,dsl,40.1,40.1,0,0,0,1,1,0,0,0,1,1,0,1
2858-MOFSQ,2024-01-02,17,one_year,mailed_check,dsl,55.85,937.5,0,0,1,0,0,0,1,0,0,1,1,1
8180-AKMJV,2024-01-02,1,month_to_month,credit_card,dsl,44.55,44.55,0,0,0,0,0,0,0,0,0,0,1,0
2690-DVRVK,2024-01-02,5,one_year,electronic_check,none,20.55,99.45,0,0,0,0,0,0,0,0,1,1,0,0
1790-NESIO,2024-01-02,13,two_year,mailed_check,none,20.4,261.3,0,0,0,0,0,0,0,0,0,0,1,0
8083-YTZES,2024-01-02,4,month_to_month,electronic_check,fiber_optic,74.35,265.35,0,0,0,0,0,0,1,0,0,0,1,1
0661-KBKPA,2024-01-02,53,one_year,mailed_check,dsl,78.75,3942.45,0,0,1,1,1,1,1,0,1,1,1,0
4139-DETXS,2024-01-02,72,two_year,bank_transfer,dsl,64.45,4528.0,1,1,1,1,1,1,0,0,1,1,0,0
1395-WSWXR,2024-01-02,24,two_year,mailed_check,none,20.75,487.05,0,0,0,0,0,0,0,0,0,0,0,0
9546-KDTRB,2024-01-02,19,month_to_month,bank_transfer,none,24.7,465.85,0,0,0,0,0,0,1,0,0,0,0,0
4291-HPAXL,2024-01-02,1,month_to_month,mailed_check,none,19.85,19.85,0,0,0,0,0,0,0,0,0,1,0,0
6198-ZFIOJ,2024-01-02,5,month_to_month,electronic_check,fiber_optic,75.6,402.5,0,0,0,0,0,0,1,0,0,0,0,0
7472-EQOAV,2024-01-02,71,one_year,bank_transfer,fiber_optic,86.7,6179.35,1,1,1,0,0,0,0,1,1,1,1,0
5997-OPVFA,2024-01-02,72,two_year,bank_transfer,dsl,89.05,6254.45,1,1,1,1,1,1,1,0,1,0,1,0
5236-XMZJY,2024-01-02,42,month_to_month,bank_transfer,dsl,59.65,2536.55,1,1,1,0,0,0,0,0,0,0,0,0
3873-NFTGI,2024-01-02,14,month_to_month,credit_card,dsl,55.5,767.55,0,1,0,0,0,0,1,0,0,0,1,0
8695-WDYEA,2024-01-02,1,month_to_month,mailed_check,dsl,51.25,51.25,1,0,0,0,0,0,0,0,0,0,0,0
4342-HENTK,2024-01-02,2,month_to_month,electronic_check,fiber_optic,70.65,142.35,0,0,0,0,0,0,0,1,0,0,1,1
8580-QVLOC,2024-01-02,72,two_year,credit_card,dsl,92.45,6440.25,1,1,1,1,1,1,1,1,1,1,0,1
3143-JQEGI,2024-01-02,13,month_to_month,electronic_check,fiber_optic,88.35,1222.8,0,0,0,0,1,1,0,0,1,1,0,1
4465-VDKIQ,2024-01-02,18,month_to_month,electronic_check,fiber_optic,77.8,1358.6,0,1,1,0,0,0,0,0,0,0,0,0
0824-VWDPO,2024-01-02,45,one_year,bank_transfer,fiber_optic,96.75,4442.75,1,1,0,0,0,1,1,0,0,0,0,0
3162-KKZXO,2024-01-02,55,one_year,electronic_check,fiber_optic,100.15,5409.75,0,0,1,0,1,1,1,1,0,0,1,0
8445-DNBAE,2024-01-02,1,month_to_month,electronic_check,dsl,50.05,50.05,0,0,0,0,0,0,1,0,0,1,1,0
2111-DWYHN,2024-01-02,1,month_to_month,mailed_check,none,21.1,21.1,0,0,0,0,0,0,0,0,0,0,0,0
2662-NNTDK,2024-01-02,65,one_year,credit_card,none,24.8,1600.95,0,0,0,0,0,0,1,0,0,0,0,0
7502-BNYGS,2024-01-02,46,month_to_month,credit_card,dsl,69.1,3168.0,0,1,0,0,1,1,0,0,1,0,1,0
5372-FBKBN,2024-01-02,21,month_to_month,mailed_check,none,20.75,452.2,0,0,0,0,0,0,0,0,0,1,0,0
4597-NUCQV,2024-01-02,24,month_to_month,electronic_check,fiber_optic,101.25,2440.15,0,1,0,0,1,1,1,1,0,0,1,1
0020-JDNXP,2024-01-02,34,one_year,mailed_check,dsl,61.25,1993.2,1,0,1,1,1,1,0,0,1,1,0,0
6599-GZWCM,2024-01-02,13,one_year,mailed_check,fiber_optic,74.65,966.25,0,1,0,0,0,0,0,0,0,0,1,0
4342-HFXWS,2024-01-02,48,one_year,bank_transfer,dsl,69.7,3023.65,1,0,1,1,1,0,0,0,1,1,0,0
5035-PGZXH,2024-01-02,56,one_year,electronic_check,fiber_optic,106.8,5914.4,0,1,1,0,1,1,1,0,0,0,1,0
8216-AZUUZ,2024-01-02,42,two_year,electronic_check,fiber_optic,100.4,4303.65,0,0,1,1,1,1,0,0,1,1,1,0
5542-DHSXL,2024-01-02,4,month_to_month,mailed_check,dsl,54.7,235.05,1,1,0,0,0,0,0,0,1,0,0,0
8498-XXGWA,2024-01-02,65,month_to_month,mailed_check,dsl,55.15,3673.15,1,0,1,0,0,0,0,0,1,0,1,0
6542-LWGXJ,2024-01-02,3,month_to_month,mailed_check,dsl,25.0,78.25,0,0,0,0,0,0,0,0,1,0,0,0
6248-TKCQV,2024-01-02,70,two_year,bank_transfer,dsl,80.6,5460.2,1,0,0,1,1,1,1,0,1,1,1,0
3068-OMWZA,2024-01-02,1,month_to_month,electronic_check,fiber_optic,88.8,88.8,0,0,1,0,1,0,1,1,0,0,1,1
2430-RRYUW,2024-01-02,66,one_year,mailed_check,dsl,54.8,3465.7,1,1,0,0,0,0,0,0,0,0,1,0
8292-TYSPY,2024-01-02,19,month_to_month,credit_card,dsl,55.0,1046.5,0,0,1,1,0,0,0,0,0,0,1,1
4589-IUAJB,2024-01-02,70,two_year,bank_transfer,none,24.25,1724.15,0,0,0,0,0,0,1,0,1,0,0,0
5693-PIPCS,2024-01-02,41,two_year,credit_card,fiber_optic,99.65,4220.35,0,1,0,1,1,1,0,0,0,0,1,0
7446-KQISO,2024-01-02,45,two_year,bank_transfer,fiber_optic,109.75,4900.65,0,1,1,1,1,1,1,0,1,1,1,0
0048-PIHNL,2024-01-02,49,one_year,bank_transfer,none,20.45,900.9,0,0,0,0,0,0,0,0,1,0,0,0
6284-AHOOQ,2024-01-02,22,month_to_month,bank_transfer,fiber_optic,90.5,1910.6,0,0,0,1,1,0,1,1,0,0,1,1
2805-EDJPQ,2024-01-02,56,one_year,credit_card,fiber_optic,99.75,5608.4,0,1,1,1,0,1,1,0,1,1,1,0
9103-TCIHJ,2024-01-02,15,month_to_month,mailed_check,dsl,55.7,899.8,1,0,0,0,0,0,1,0,0,0,1,1
9402-ROUMJ,2024-01-02,67,one_year,bank_transfer,fiber_optic,100.25,6689.0,1,0,1,1,0,1,1,0,1,1,1,0
5562-BETPV,2024-01-02,1,one_year,mailed_check,none,19.65,19.65,0,0,0,0,0,0,0,0,1,1,0,0
3167-SNQPL,2024-01-02,38,month_to_month,electronic_check,fiber_optic,101.15,3741.85,0,1,0,0,1,1,1,1,1,1,0,0
0810-DHDBD,2024-01-02,52,one_year,credit_card,dsl,74.0,3877.65,1,0,1,1,1,0,1,0,0,0,0,0
1776-SPBWV,2024-01-02,34,one_year,bank_transfer,none,20.1,682.1,0,0,0,0,0,0,0,0,1,1,1,0
9537-JALFH,2024-01-02,69,two_year,bank_transfer,none,19.9,1356.7,0,0,0,0,0,0,0,0,1,1,0,0
0702-PGIBZ,2024-01-02,4,month_to_month,electronic_check,fiber_optic,101.7,364.55,0,1,0,0,1,1,1,0,0,1,1,1
3055-VTCGS,2024-01-02,63,one_year,credit_card,dsl,58.55,3503.5,0,0,1,0,0,1,0,0,0,0,0,0
9548-LERKT,2024-01-02,24,two_year,mailed_check,none,19.75,483.15,0,0,0,0,0,0,0,0,1,0,0,0
6794-HKIAJ,2024-01-02,62,month_to_month,bank_transfer,fiber_optic,90.7,5586.45,1,1,1,0,0,0,1,0,0,0,0,0
9531-NSBMR,2024-01-02,36,one_year,bank_transfer,none,19.25,679.8,0,0,0,0,0,0,0,0,0,0,1,0
6368-NWMCE,2024-01-02,38,month_to_month,credit_card,dsl,68.15,2656.3,0,1,0,1,0,1,1,0,0,0,0,0
0643-OKLRP,2024-01-02,47,month_to_month,electronic_check,fiber_optic,80.35,3825.85,1,0,0,0,0,0,1,1,1,0,0,1
9948-YPTDG,2024-01-02,38,month_to_month,electronic_check,fiber_optic,79.45,3013.05,1,1,0,0,0,0,0,0,1,0,1,1
4879-GZLFH,2024-01-02,42,month_to_month,electronic_check,fiber_optic,92.15,3875.4,0,0,1,0,1,1,0,0,1,1,1,0
8098-TDCBU,2024-01-02,42,two_year,electronic_check,none,25.25,1108.2,0,0,0,0,0,0,1,0,1,0,0,0
5122-CYFXA,2024-01-02,3,month_to_month,electronic_check,dsl,75.3,244.1,0,1,0,1,1,1,0,0,0,0,1,0
9889-TMAHG,2024-01-02,8,month_to_month,credit_card,fiber_optic,100.3,832.35,1,0,0,1,1,1,0,1,0,0,0,1
5357-TZHPP,2024-01-02,9,month_to_month,credit_card,fiber_optic,84.4,732.5,0,0,0,0,0,1,1,1,0,0,1,1
1474-JUWSM,2024-01-02,58,one_year,electronic_check,dsl,68.4,3972.25,1,0,0,1,0,1,1,0,1,0,1,0
8399-YNDCH,2024-01-02,21,month_to_month,bank_transfer,dsl,60.05,1236.15,0,0,1,0,1,0,0,1,0,0,1,1
3847-BAERP,2024-01-02,10,month_to_month,mailed_check,none,20.9,247.0,0,0,0,0,0,0,0,0,0,0,1,0
9402-CXWPL,2024-01-02,70,one_year,electronic_check,fiber_optic,98.9,6838.6,0,1,0,0,1,1,1,0,0,0,0,0
5049-MUBWG,2024-01-02,26,one_year,bank_transfer,dsl,75.0,1908.35,1,0,0,1,1,1,0,0,0,0,0,0
4039-HEUNW,2024-01-02,36,month_to_month,electronic_check,fiber_optic,96.5,3436.1,0,1,0,0,1,1,1,1,1,0,1,1
5803-NQJZO,2024-01-02,72,two_year,bank_transfer,dsl,67.8,4804.65,1,1,1,1,0,0,1,0,1,0,1,0
4116-TZAQJ,2024-01-02,9,month_to_month,credit_card,fiber_optic,74.25,639.65,1,0,0,0,0,0,0,0,0,0,1,1
9094-AZPHK,2024-01-02,15,month_to_month,electronic_check,fiber_optic,100.15,1415.0,0,1,0,0,1,1,1,0,0,0,1,0
6121-TNHBO,2024-01-02,63,one_year,bank_transfer,dsl,83.0,5243.05,1,1,1,1,1,0,1,1,0,0,0,0
1564-HJUVY,2024-01-02,4,month_to_month,bank_transfer,dsl,63.75,226.2,0,1,0,1,1,0,0,0,0,0,1,0
7407-SUJIZ,2024-01-02,25,month_to_month,mailed_check,none,20.6,541.5,0,0,0,0,0,0,0,0,0,0,0,0
5468-BPMMO,2024-01-02,46,month_to_month,electronic_check,none,19.6,851.2,0,0,0,0,0,0,0,0,1,0,0,0
9168-INPSZ,2024-01-02,44,month_to_month,electronic_check,fiber_optic,104.15,4495.65,0,0,1,1,1,1,1,1,1,0,0,0
8942-DBMHZ,2024-01-02,12,month_to_month,mailed_check,none,20.45,255.35,0,0,0,0,0,0,0,0,0,0,0,0
8705-WZCYL,2024-01-02,1,month_to_month,electronic_check,dsl,44.8,44.8,0,0,0,0,0,0,0,0,0,0,1,0
0322-YINQP,2024-01-02,1,month_to_month,mailed_check,dsl,48.55,48.55,1,0,0,0,0,0,0,0,0,0,1,1
7000-WCEVQ,2024-01-02,20,month_to_month,mailed_check,dsl,61.6,1174.35,0,0,0,0,0,1,1,1,0,0,1,1
9739-JLPQJ,2024-01-02,72,two_year,credit_card,fiber_optic,117.5,8670.1,1,1,1,1,1,1,1,0,1,1,0,0
2794-XIMMO,2024-01-02,53,one_year,electronic_check,dsl,60.45,3184.25,0,1,1,1,1,1,0,0,1,0,1,1
9565-AXSMR,2024-01-02,52,two_year,mailed_check,none,19.2,1054.75,0,0,0,0,0,0,0,0,1,1,0,0
2880-FPNAE,2024-01-02,2,month_to_month,electronic_check,fiber_optic,74.2,140.1,0,0,1,0,0,0,0,1,1,0,1,0
3316-UWXUY,2024-01-02,50,month_to_month,credit_card,fiber_optic,93.5,4747.5,1,1,0,1,0,1,0,0,0,0,1,0
9824-BEMCV,2024-01-02,17,month_to_month,electronic_check,fiber_optic,69.0,1149.65,0,0,0,0,0,0,0,0,1,1,1,1
3256-EZDBI,2024-01-02,51,month_to_month,credit_card,dsl,29.45,1459.35,0,1,0,0,0,0,0,1,1,0,1,0
1226-IENZN,2024-01-02,16,month_to_month,electronic_check,fiber_optic,78.75,1218.25,0,0,0,0,0,1,0,1,0,0,1,0
2823-LKABH,2024-01-02,18,month_to_month,bank_transfer,fiber_optic,95.05,1679.4,0,0,1,1,0,1,1,0,0,0,1,0
6161-ERDGD,2024-01-02,71,one_year,electronic_check,dsl,85.45,6300.85,1,0,1,1,1,1,1,0,1,1,0,0
2137-DQMEV,2024-01-02,68,one_year,mailed_check,dsl,44.8,2983.65,1,1,0,0,1,0,0,0,1,1,0,0
2424-WVHPL,2024-01-02,1,month_to_month,electronic_check,fiber_optic,74.7,74.7,0,0,0,1,0,0,0,1,0,0,0,0
9945-PSVIP,2024-01-02,25,two_year,mailed_check,none,18.7,383.65,0,0,0,0,0,0,0,0,1,1,1,0
2840-XANRC,2024-01-02,24,month_to_month,electronic_check,fiber_optic,93.15,2231.05,0,0,1,0,1,1,0,1,1,0,1,1
8008-HAWED,2024-01-02,14,month_to_month,electronic_check,dsl,50.75,712.75,0,0,1,0,1,1,0,0,0,0,1,1
0412-UCCNP,2024-01-02,55,two_year,electronic_check,dsl,59.2,3175.85,1,0,1,1,0,0,0,0,0,0,1,0
6402-SSEJG,2024-01-02,25,one_year,electronic_check,dsl,61.05,1540.2,1,1,1,0,1,1,0,0,0,0,0,0
8049-WJCLQ,2024-01-02,10,month_to_month,mailed_check,dsl,60.2,563.5,0,0,1,0,1,0,0,0,1,1,0,0
2830-LEWOA,2024-01-02,61,one_year,credit_card,fiber_optic,103.9,6449.15,0,1,1,1,1,1,0,0,1,1,0,0
9780-FKVVF,2024-01-02,6,month_to_month,bank_transfer,dsl,59.15,336.7,1,0,0,0,0,1,0,0,0,0,1,0
5014-GSOUQ,2024-01-02,13,two_year,mailed_check,none,19.95,243.65,0,0,0,0,0,0,0,0,0,0,0,0
0396-HUJBP,2024-01-02,2,month_to_month,mailed_check,none,19.3,44.4,0,0,0,0,0,0,0,0,0,0,0,0
8356-WUAOJ,2024-01-02,1,month_to_month,electronic_check,dsl,45.0,45.0,0,0,0,0,0,0,0,0,1,0,1,0
5442-BHQNG,2024-01-02,2,month_to_month,electronic_check,fiber_optic,70.35,139.25,0,0,0,0,0,0,0,0,0,0,0,0
5655-JSMZM,2024-01-02,49,month_to_month,electronic_check,fiber_optic,96.2,4718.25,0,0,0,0,1,1,1,1,0,0,1,1
7065-YUNRY,2024-01-02,1,month_to_month,mailed_check,dsl,45.3,45.3,0,0,0,0,0,0,0,0,0,0,1,1
5161-XEUVX,2024-01-02,37,two_year,mailed_check,fiber_optic,94.3,3460.95,0,0,1,1,1,0,1,0,1,0,0,0
9068-FHQHD,2024-01-02,40,two_year,bank_transfer,none,20.15,777.35,0,0,0,0,0,0,0,0,1,1,0,0
8017-LXHFA,2024-01-02,23,month_to_month,electronic_check,fiber_optic,94.75,2293.6,0,1,0,0,1,1,0,1,0,0,1,1
0786-IVLAW,2024-01-02,66,one_year,bank_transfer,fiber_optic,108.1,7238.6,0,1,1,0,1,1,1,1,0,0,0,0
6100-QQHEB,2024-01-02,17,month_to_month,electronic_check,fiber_optic,92.55,1515.1,0,0,0,0,1,1,1,0,1,1,1,1
2642-DTVCO,2024-01-02,9,month_to_month,electronic_check,fiber_optic,85.05,746.5,0,0,0,0,0,1,1,1,0,0,1,1
0147-ESWWR,2024-01-02,39,month_to_month,electronic_check,fiber_optic,101.25,3949.15,0,0,0,1,1,1,1,1,1,0,1,0
2335-GSODA,2024-01-02,23,two_year,mailed_check,dsl,40.1,857.75,1,0,1,1,0,0,0,0,0,1,0,0
9602-WCXPI,2024-01-02,50,one_year,credit_card,none,20.15,989.05,0,0,0,0,0,0,0,0,0,0,0,0
0329-GTIAJ,2024-01-02,3,month_to_month,electronic_check,fiber_optic,97.9,315.3,0,1,0,1,1,1,0,0,0,0,1,1
8241-JUIQO,2024-01-02,61,one_year,bank_transfer,none,19.45,1336.35,0,0,0,0,0,0,0,0,0,0,0,0
0581-MDMPW,2024-01-02,24,month_to_month,credit_card,fiber_optic,88.95,2072.75,0,0,1,0,1,0,1,0,0,0,1,0
9314-IJWSQ,2024-01-02,14,month_to_month,electronic_check,fiber_optic,84.8,1203.9,0,0,0,0,1,0,1,0,1,1,1,0
8532-UEFWH,2024-01-02,52,two_year,mailed_check,none,25.75,1345.85,0,0,0,0,0,0,1,0,1,1,0,0
7861-UVUFT,2024-01-02,15,month_to_month,electronic_check,fiber_optic,84.3,1308.4,0,0,1,0,1,0,0,0,1,0,1,1
8383-SGHJU,2024-01-02,33,one_year,electronic_check,dsl,59.4,1952.8,1,0,0,1,0,0,1,0,0,0,0,0
8755-IWJHN,2024-01-02,69,month_to_month,bank_transfer,fiber_optic,95.35,6382.0,0,1,1,0,0,1,1,1,1,0,1,0
0123-CRBRT,2024-01-02,61,two_year,mailed_check,dsl,88.1,5526.75,1,1,1,1,1,1,1,0,1,1,0,0
2223-GDSHL,2024-01-02,71,two_year,bank_transfer,fiber_optic,116.05,8297.5,1,1,1,1,1,1,1,0,1,1,1,0
8189-HBVRW,2024-01-02,53,month_to_month,electronic_check,fiber_optic,90.8,4921.2,1,1,1,0,0,0,1,0,0,0,0,0
8495-PRWFH,2024-01-02,42,month_to_month,electronic_check,dsl,55.65,2421.75,0,0,1,0,0,0,1,1,0,0,0,0
6092-QZVPP,2024-01-02,36,month_to_month,credit_card,dsl,79.2,2854.95,1,0,1,1,1,1,0,0,0,0,1,0
5129-JLPIS,2024-01-02,25,month_to_month,electronic_check,fiber_optic,105.5,2686.05,1,0,1,1,1,1,0,0,0,0,1,0
1614-JBEBI,2024-01-02,8,month_to_month,mailed_check,none,20.7,137.6,0,0,0,0,0,0,0,0,0,0,1,0
0637-YLETY,2024-01-02,16,month_to_month,credit_card,fiber_optic,95.6,1555.65,0,1,1,0,0,1,1,0,0,0,1,1
0135-NMXAP,2024-01-02,12,month_to_month,bank_transfer,fiber_optic,89.75,1052.4,0,1,0,0,1,0,1,0,0,0,1,1
7892-POOKP,2024-01-02,28,month_to_month,electronic_check,fiber_optic,104.8,3046.05,0,0,1,1,1,1,1,0,1,0,1,1
8161-QYMTT,2024-01-02,7,month_to_month,electronic_check,fiber_optic,94.1,701.3,0,0,0,0,1,1,1,0,0,0,1,0
3001-CBHLQ,2024-01-02,32,month_to_month,electronic_check,fiber_optic,104.9,3351.55,0,0,1,1,1,1,1,1,1,0,1,1
8945-GRKHX,2024-01-02,1,month_to_month,electronic_check,fiber_optic,78.65,78.65,0,0,0,0,0,1,0,0,0,1,0,1
4625-EWPTF,2024-01-02,8,month_to_month,electronic_check,dsl,30.45,226.45,1,0,0,0,0,0,0,0,0,0,1,1
1343-EHPYB,2024-01-02,63,month_to_month,electronic_check,fiber_optic,103.4,6603.0,0,1,1,0,1,1,1,0,1,0,1,1
0375-HVGXO,2024-01-02,1,month_to_month,electronic_check,dsl,34.7,34.7,0,0,0,0,1,0,0,0,0,0,1,1
0330-BGYZE,2024-01-02,60,one_year,bank_transfer,fiber_optic,102.5,6157.6,0,1,1,0,1,1,1,0,1,0,0,0
5989-PGKJB,2024-01-02,16,month_to_month,electronic_check,fiber_optic,86.25,1340.1,0,1,0,0,0,1,0,0,0,0,1,0
8752-GHJFU,2024-01-02,71,one_year,electronic_check,fiber_optic,92.0,6585.2,1,1,1,1,0,0,1,1,1,0,1,0
4851-BQDNX,2024-01-02,40,one_year,electronic_check,fiber_optic,85.05,3355.65,0,0,1,0,1,0,0,0,1,1,1,0
7240-FQLHE,2024-01-02,18,month_to_month,bank_transfer,fiber_optic,99.75,1836.25,0,0,0,1,1,1,1,1,1,0,0,1
6175-IRFIT,2024-01-02,5,month_to_month,mailed_check,fiber_optic,78.75,426.35,0,0,0,0,0,1,0,0,0,0,0,0
6538-POCHL,2024-01-02,33,month_to_month,credit_card,fiber_optic,79.0,2576.8,0,1,1,0,0,0,0,0,0,0,1,0
3078-ZKNTS,2024-01-02,13,two_year,bank_transfer,none,19.75,246.7,0,0,0,0,0,0,0,0,1,1,1,0
5777-KJIRB,2024-01-02,40,one_year,mailed_check,dsl,50.25,2023.55,0,0,1,0,0,0,0,0,0,0,1,0
7923-IYJWY,2024-01-02,67,two_year,credit_card,fiber_optic,116.1,7839.85,1,1,1,1,1,1,1,1,0,0,1,0
2810-FTLEM,2024-01-02,16,month_to_month,electronic_check,dsl,50.15,762.25,1,0,0,0,0,0,0,0,0,0,1,1
1265-HVPZB,2024-01-02,59,one_year,credit_card,dsl,66.4,3958.2,1,1,1,0,1,0,0,0,1,0,0,0
9796-BPKIW,2024-01-02,8,month_to_month,credit_card,fiber_optic,69.95,562.7,0,0,0,0,0,0,0,1,0,0,1,0
9178-JHUVJ,2024-01-02,24,two_year,bank_transfer,none,24.1,587.4,0,0,0,0,0,0,1,0,1,1,1,0
4732-RRJZC,2024-01-02,7,month_to_month,mailed_check,none,20.25,144.35,0,0,0,0,0,0,0,0,1,1,0,0
7010-BRBUU,2024-01-02,72,two_year,credit_card,none,24.1,1734.65,0,0,0,0,0,0,1,0,1,1,0,0
9688-YGXVR,2024-01-02,44,month_to_month,credit_card,fiber_optic,88.15,3973.2,0,1,1,0,1,0,0,0,0,0,1,0
9286-DOJGF,2024-01-02,38,month_to_month,bank_transfer,fiber_optic,74.95,2869.85,0,0,0,0,0,0,1,1,1,0,1,1
6994-KERXL,2024-01-02,4,month_to_month,electronic_check,dsl,55.9,238.5,0,0,0,0,0,1,0,0,0,0,1,0
2181-UAESM,2024-01-02,2,month_to_month,electronic_check,dsl,53.45,119.5,1,0,1,0,0,0,0,0,0,0,0,0
4312-GVYNH,2024-01-02,70,two_year,bank_transfer,dsl,49.85,3370.2,1,0,1,1,0,1,0,0,1,0,1,0
2495-KZNFB,2024-01-02,33,month_to_month,electronic_check,fiber_optic,90.65,2989.6,1,0,0,0,0,1,1,0,0,0,1,0
4367-NHWMM,2024-01-02,1,month_to_month,mailed_check,dsl,24.9,24.9,0,0,0,0,0,0,0,0,0,0,1,0
8898-KASCD,2024-01-02,39,one_year,mailed_check,dsl,35.55,1309.15,0,0,1,1,0,0,0,0,0,0,0,0
8016-NCFVO,2024-01-02,55,month_to_month,electronic_check,fiber_optic,116.5,6382.55,1,1,1,1,1,1,1,1,0,0,1,0
4578-PHJYZ,2024-01-02,52,one_year,electronic_check,dsl,68.75,3482.85,0,1,1,1,1,0,0,0,1,1,1,0
2091-MJTFX,2024-01-02,30,month_to_month,credit_card,dsl,51.2,1561.5,0,0,0,1,1,1,0,0,1,1,0,1
2277-DJJDL,2024-01-02,60,month_to_month,electronic_check,fiber_optic,99.0,6017.9,0,0,0,1,1,1,1,1,1,0,1,0
2511-MORQY,2024-01-02,50,one_year,bank_transfer,dsl,54.9,2614.1,0,0,1,0,0,0,1,0,1,1,0,0
2731-GJRDG,2024-01-02,32,one_year,bank_transfer,fiber_optic,109.55,3608.0,1,0,1,1,1,1,1,0,0,0,1,0
1784-EZDKJ,2024-01-02,51,one_year,bank_transfer,fiber_optic,106.8,5498.8,0,1,1,0,1,1,1,0,1,0,1,0
2468-SJFLM,2024-01-02,1,month_to_month,mailed_check,fiber_optic,74.3,74.3,0,0,0,1,0,0,0,0,0,0,1,0
5115-SQAAU,2024-01-02,69,two_year,bank_transfer,none,25.6,1673.4,0,0,0,0,0,0,1,0,1,1,1,0
8708-XPXHZ,2024-01-02,42,month_to_month,electronic_check,fiber_optic,94.2,4186.3,0,0,0,0,1,1,1,0,1,1,1,1
0601-WZHJF,2024-01-02,14,month_to_month,electronic_check,dsl,46.35,667.7,0,0,0,0,1,1,0,0,1,0,0,1
0463-TXOAK,2024-01-02,52,two_year,credit_card,none,25.6,1334.5,0,0,0,0,0,0,1,0,0,1,0,0
4683-WYDOU,2024-01-02,62,two_year,bank_transfer,fiber_optic,107.6,6912.7,0,0,1,1,1,1,1,0,1,0,1,0
1166-PQLGG,2024-01-02,72,two_year,bank_transfer,none,19.55,1463.45,0,0,0,0,0,0,0,0,1,1,0,0
0963-ZBDRN,2024-01-02,32,month_to_month,electronic_check,fiber_optic,96.2,3183.4,0,0,0,1,1,1,0,0,0,0,1,1
4871-JTKJF,2024-01-02,1,month_to_month,electronic_check,fiber_optic,69.65,69.65,0,0,0,0,0,0,0,1,0,0,1,1
7173-TETGO,2024-01-02,72,two_year,bank_transfer,fiber_optic,78.5,5602.25,1,0,0,0,0,0,1,1,1,0,0,0
4193-ORFCL,2024-01-02,1,month_to_month,mailed_check,dsl,45.1,45.1,0,0,0,0,0,0,0,1,0,0,0,1
2692-PFYTJ,2024-01-02,1,month_to_month,mailed_check,none,25.75,25.75,0,0,0,0,0,0,1,0,0,0,1,0
2369-UAPKZ,2024-01-02,5,month_to_month,mailed_check,fiber_optic,104.1,541.9,0,1,1,0,1,1,1,0,0,0,0,1
5193-QLVZB,2024-01-02,63,two_year,bank_transfer,fiber_optic,104.75,6536.5,0,1,1,0,1,1,1,0,0,0,1,0
0379-DJQHR,2024-01-02,67,two_year,credit_card,dsl,81.35,5398.6,1,1,1,0,1,1,0,0,1,1,0,0
4657-FWVFY,2024-01-02,40,month_to_month,credit_card,fiber_optic,96.35,3915.4,0,1,1,0,1,0,1,0,1,1,1,0
0623-EJQEG,2024-01-02,65,one_year,electronic_check,fiber_optic,93.55,6069.25,1,0,0,1,0,1,1,0,0,0,0,0
1699-TLDLZ,2024-01-02,16,two_year,mailed_check,none,19.7,301.55,0,0,0,0,0,0,0,0,1,1,0,0
4501-UYKBC,2024-01-02,46,one_year,credit_card,dsl,69.1,3255.35,0,0,1,1,0,1,1,1,0,0,1,0
8158-WPEZG,2024-01-02,11,month_to_month,electronic_check,dsl,35.65,425.1,0,1,0,1,0,0,0,0,0,0,1,0
9732-EQMWY,2024-01-02,49,month_to_month,electronic_check,fiber_optic,99.4,5025.0,0,1,1,0,1,1,0,0,1,0,0,0
1099-BTKWT,2024-01-02,68,one_year,electronic_check,dsl,54.4,3723.65,1,0,1,0,1,1,0,0,1,0,1,0
4815-TUMEQ,2024-01-02,10,one_year,mailed_check,none,19.3,185.2,0,0,0,0,0,0,0,0,0,0,1,0
6407-UTSLV,2024-01-02,2,month_to_month,bank_transfer,fiber_optic,83.8,163.7,0,1,0,0,1,0,0,1,0,0,1,0
0018-NYROU,2024-01-02,5,month_to_month,electronic_check,fiber_optic,68.95,351.5,0,0,0,0,0,0,0,0,1,0,1,0
4632-XJMEX,2024-01-02,53,one_year,credit_card,dsl,62.85,3419.5,1,1,0,1,0,0,0,0,0,1,0,0
1409-PHXTF,2024-01-02,54,two_year,electronic_check,fiber_optic,110.45,6077.75,0,1,1,1,1,1,1,1,1,0,1,0
8229-TNIQA,2024-01-02,4,month_to_month,mailed_check,dsl,45.3,196.95,0,0,0,0,0,0,0,0,0,0,1,1
0529-ONKER,2024-01-02,15,month_to_month,electronic_check,fiber_optic,75.65,1146.65,0,0,0,0,0,0,1,1,0,0,0,1
3675-YDUPJ,2024-01-02,10,month_to_month,mailed_check,none,19.85,193.05,0,0,0,0,0,0,0,0,0,0,1,0
4484-CGXFK,2024-01-02,3,month_to_month,electronic_check,dsl,55.3,196.15,0,0,0,0,0,1,0,0,0,0,1,1
4443-EMBNA,2024-01-02,71,two_year,bank_transfer,none,24.75,1836.9,0,0,0,0,0,0,1,0,1,0,0,0
4280-DLSHD,2024-01-02,8,month_to_month,mailed_check,dsl,54.75,445.85,0,1,1,0,0,0,0,0,1,0,1,0
9300-AGZNL,2024-01-02,1,month_to_month,electronic_check,fiber_optic,94.0,94.0,0,0,0,0,1,1,1,1,0,0,1,1
2789-CZANW,2024-01-02,64,two_year,bank_transfer,fiber_optic,110.3,6997.3,1,1,0,1,1,1,1,0,1,1,0,0
8464-EETCQ,2024-01-02,57,two_year,credit_card,none,18.8,1094.35,0,0,0,0,0,0,0,0,0,0,0,0
7216-EWTRS,2024-01-02,1,month_to_month,electronic_check,fiber_optic,100.8,100.8,0,0,1,0,1,1,1,1,1,0,1,1
4468-KAZHE,2024-01-02,20,month_to_month,electronic_check,dsl,60.0,1259.35,0,1,0,0,0,1,0,1,1,0,1,0
8623-ULFNQ,2024-01-02,26,month_to_month,electronic_check,dsl,66.05,1652.4,0,0,0,1,0,1,1,1,0,0,1,0
9317-WZPGV,2024-01-02,2,month_to_month,bank_transfer,fiber_optic,79.75,159.4,0,0,0,0,0,1,0,1,0,0,1,1
8947-YRTDV,2024-01-02,32,one_year,mailed_check,fiber_optic,94.8,3131.55,1,1,1,0,0,1,0,0,1,1,0,0
1814-DKOLC,2024-01-02,5,month_to_month,mailed_check,none,25.45,134.75,0,0,0,0,0,0,1,0,0,0,0,0
8071-SBTRN,2024-01-02,70,two_year,mailed_check,fiber_optic,111.15,7737.55,1,1,1,0,1,1,1,0,0,0,1,0
4701-MLJPN,2024-01-02,31,month_to_month,electronic_check,dsl,55.25,1715.65,0,0,1,1,0,0,0,0,0,0,1,1
1205-WNWPJ,2024-01-02,7,month_to_month,mailed_check,dsl,59.5,415.95,0,0,0,1,1,0,0,0,0,0,1,1
6158-HDPXZ,2024-01-02,1,month_to_month,mailed_check,dsl,25.35,25.35,0,0,0,0,0,0,0,0,0,0,0,0
6683-VLCTZ,2024-01-02,20,month_to_month,electronic_check,fiber_optic,98.55,1842.8,0,0,1,0,1,1,1,1,0,0,1,1
3727-OWVYD,2024-01-02,35,one_year,mailed_check,dsl,61.2,2021.2,1,1,1,0,0,0,0,0,0,0,0,0
0856-NAOES,2024-01-02,6,month_to_month,mailed_check,dsl,60.9,414.1,0,0,1,0,1,0,0,0,0,0,0,0
0562-FGDCR,2024-01-02,72,two_year,mailed_check,dsl,74.55,5430.65,1,1,0,1,1,0,1,0,1,1,0,0
0956-SYCWG,2024-01-02,13,one_year,electronic_check,none,19.65,244.8,0,0,0,0,0,0,0,0,0,0,0,0
2277-VWCNI,2024-01-02,4,month_to_month,mailed_check,dsl,48.75,179.85,0,0,0,0,0,0,1,1,0,0,0,0
3498-LZGQZ,2024-01-02,63,two_year,mailed_check,none,19.15,1177.05,0,0,0,0,0,0,0,0,1,1,1,0
9135-MGVPY,2024-01-02,69,two_year,mailed_check,dsl,84.7,5878.9,1,1,1,1,1,1,0,0,1,0,1,0
3815-SLMEF,2024-01-02,3,month_to_month,mailed_check,dsl,34.25,139.35,1,0,0,1,0,0,0,0,0,0,0,1
4513-CXYIX,2024-01-02,71,two_year,credit_card,fiber_optic,80.7,5676.0,1,0,0,0,0,0,1,1,1,0,1,0
8944-AILEF,2024-01-02,15,month_to_month,credit_card,none,19.45,340.85,0,0,0,0,0,0,0,0,1,0,1,0
1270-XKUCC,2024-01-02,30,two_year,mailed_check,none,19.7,599.25,0,0,0,0,0,0,0,0,1,1,0,0
6633-SYEUS,2024-01-02,23,month_to_month,bank_transfer,fiber_optic,83.2,2032.3,0,1,1,1,0,0,0,0,0,0,0,0
8075-GXIUB,2024-01-02,9,one_year,credit_card,none,19.85,183.15,0,0,0,0,0,0,0,1,1,0,0,0
6016-NXBNJ,2024-01-02,35,one_year,mailed_check,none,19.15,638.0,0,0,0,0,0,0,0,0,0,0,1,0
9332-GYWLO,2024-01-02,6,month_to_month,electronic_check,dsl,54.85,355.1,0,0,0,0,1,0,0,0,1,1,0,0
3276-HDUEG,2024-01-02,1,month_to_month,mailed_check,fiber_optic,75.05,75.05,0,0,0,0,0,0,1,0,0,0,1,1
5884-FBCTL,2024-01-02,72,two_year,bank_transfer,none,25.1,1857.85,0,0,0,0,0,0,1,0,1,1,0,0
8999-YPYBV,2024-01-02,45,two_year,mailed_check,dsl,84.35,3858.05,1,1,1,1,1,1,0,0,1,1,1,0
1522-VVDMG,2024-01-02,7,month_to_month,electronic_check,fiber_optic,89.75,608.8,0,1,0,1,1,0,0,0,1,1,1,1
0848-SOMKO,2024-01-02,70,two_year,bank_transfer,dsl,48.4,3442.8,1,0,1,1,0,1,0,0,0,0,0,0
1657-DYMBM,2024-01-02,53,two_year,credit_card,none,19.9,1110.05,0,0,0,0,0,0,0,0,1,0,0,0
6923-EFPNL,2024-01-02,4,month_to_month,credit_card,dsl,51.75,201.1,0,0,0,0,0,0,1,0,0,0,0,1
2167-FQSTQ,2024-01-02,72,two_year,electronic_check,dsl,92.4,6786.1,1,1,1,1,1,1,1,0,1,0,1,0
9286-BHDQG,2024-01-02,72,two_year,credit_card,dsl,45.25,3139.8,1,1,1,1,0,0,0,0,1,1,0,0
7225-CBZPL,2024-01-02,17,month_to_month,electronic_check,fiber_optic,94.8,1563.9,0,0,0,0,1,1,1,1,1,0,1,0
5605-IYGFG,2024-01-02,7,month_to_month,bank_transfer,fiber_optic,69.85,515.45,0,0,0,0,0,0,0,0,0,0,1,0
6861-OKBCE,2024-01-02,11,month_to_month,credit_card,none,20.1,221.35,0,0,0,0,0,0,0,0,0,1,0,1
7571-YXDAD,2024-01-02,2,month_to_month,credit_card,fiber_optic,74.9,147.15,0,0,0,0,0,0,1,0,0,0,0,1
0254-FNMCI,2024-01-02,72,two_year,electronic_check,fiber_optic,109.9,7624.2,1,1,1,1,1,1,0,0,0,0,1,0
8981-FJGLA,2024-01-02,11,month_to_month,mailed_check,fiber_optic,78.0,851.8,0,0,1,0,0,0,1,0,0,1,1,0
8414-MYSHR,2024-01-02,5,month_to_month,electronic_check,fiber_optic,91.4,449.75,0,0,0,0,1,1,0,1,0,0,1,1
9274-CNFMO,2024-01-02,4,month_to_month,electronic_check,fiber_optic,74.95,308.7,0,0,0,0,0,0,1,1,1,0,0,1
3794-NFNCH,2024-01-02,30,month_to_month,mailed_check,dsl,50.0,1474.9,0,0,1,0,0,0,0,0,1,0,1,0
5158-RIVOP,2024-01-02,11,two_year,credit_card,none,20.9,202.3,0,0,0,0,0,0,0,0,1,1,0,0
1100-DDVRV,2024-01-02,17,month_to_month,mailed_check,dsl,49.8,836.35,0,1,0,0,1,1,0,0,1,0,1,0
9522-BNTHX,2024-01-02,34,month_to_month,electronic_check,dsl,56.25,1765.95,0,1,1,0,1,1,0,1,0,0,1,0
3677-IYRBF,2024-01-02,2,month_to_month,electronic_check,dsl,30.4,78.65,0,0,1,0,0,0,0,1,0,0,1,1
7009-PCARS,2024-01-02,55,one_year,bank_transfer,none,19.1,1001.5,0,0,0,0,0,0,0,0,0,1,0,0
8250-ZNGGW,2024-01-02,5,month_to_month,credit_card,dsl,59.9,287.85,1,1,0,1,0,0,0,1,0,0,0,0
0967-BMLBD,2024-01-02,11,one_year,mailed_check,none,20.0,196.35,0,0,0,0,0,0,0,0,1,1,1,0
7594-RQHXR,2024-01-02,1,month_to_month,electronic_check,fiber_optic,79.6,79.6,0,0,0,0,0,1,0,0,0,1,1,1
8966-SNIZF,2024-01-02,70,two_year,bank_transfer,none,19.45,1303.5,0,0,0,0,0,0,0,0,1,0,0,0
7235-NXZCP,2024-01-02,2,month_to_month,mailed_check,fiber_optic,74.85,156.4,0,0,0,0,0,0,1,1,0,0,1,1
0122-OAHPZ,2024-01-02,7,month_to_month,electronic_check,fiber_optic,73.85,511.25,0,0,0,0,0,0,1,0,0,0,1,1
7815-PDTHL,2024-01-02,35,two_year,mailed_check,none,20.2,684.4,0,0,0,0,0,0,0,0,0,0,1,0
8331-ZXFOE,2024-01-02,58,one_year,credit_card,dsl,71.1,4299.2,1,1,1,1,0,0,1,0,0,0,1,0
8901-UPRHR,2024-01-02,72,two_year,bank_transfer,fiber_optic,109.2,7711.45,0,1,1,1,1,1,1,0,1,1,1,0
3563-SVYLG,2024-01-02,68,two_year,credit_card,dsl,62.65,4375.8,1,1,1,1,0,0,0,0,1,1,0,0
3205-MXZRA,2024-01-02,26,one_year,credit_card,dsl,59.45,1507.0,0,0,0,1,1,0,0,0,0,0,0,0
5392-AKEMH,2024-01-02,12,month_to_month,electronic_check,dsl,45.05,523.1,0,0,0,0,0,0,0,0,0,0,1,0
8201-AAXCB,2024-01-02,25,month_to_month,electronic_check,dsl,60.35,1404.65,0,0,0,0,1,0,1,0,1,1,0,0
6919-ELBGL,2024-01-02,72,two_year,bank_transfer,fiber_optic,114.95,8196.4,1,1,1,1,1,1,1,1,1,1,1,0
0530-IJVDB,2024-01-02,70,two_year,electronic_check,fiber_optic,114.6,7882.5,1,1,1,1,1,1,1,0,0,1,1,0
5047-LHVLY,2024-01-02,1,month_to_month,mailed_check,dsl,50.15,50.15,0,0,1,0,0,0,0,1,0,1,1,1
8404-FYDIB,2024-01-02,26,month_to_month,credit_card,fiber_optic,86.65,2208.75,1,1,0,0,0,0,1,0,0,0,1,0
3415-TAILE,2024-01-02,2,month_to_month,mailed_check,dsl,65.7,134.35,0,0,0,0,1,1,0,0,1,1,0,1
2819-GWENI,2024-01-02,28,one_year,mailed_check,none,19.9,543.0,0,0,0,0,0,0,0,0,1,1,0,0
6164-HXUGH,2024-01-02,6,month_to_month,mailed_check,none,19.85,119.3,0,0,0,0,0,0,0,0,1,1,0,0
6762-QVYJO,2024-01-02,58,two_year,mailed_check,dsl,59.75,3624.35,1,0,1,1,1,1,0,0,1,1,0,0
5046-NUHWD,2024-01-02,29,month_to_month,electronic_check,dsl,45.0,1228.65,1,0,1,0,0,1,0,1,1,0,1,0
0106-GHRQR,2024-01-02,16,month_to_month,bank_transfer,dsl,71.4,1212.1,0,1,1,0,0,1,1,0,0,0,1,0
8374-XGEJJ,2024-01-02,43,month_to_month,electronic_check,fiber_optic,101.0,4388.4,0,1,0,0,1,1,1,1,1,0,1,1
2546-KZAAT,2024-01-02,52,one_year,mailed_check,dsl,75.4,3865.45,1,1,0,0,1,1,0,0,1,0,1,0
7569-NMZYQ,2024-01-02,72,two_year,bank_transfer,fiber_optic,118.75,8672.45,1,1,1,1,1,1,1,0,1,1,1,0
3279-DYZQM,2024-01-02,71,two_year,mailed_check,none,19.45,1378.45,0,0,0,0,0,0,0,0,1,1,0,0
0374-FIUCA,2024-01-02,65,two_year,credit_card,none,20.4,1414.45,0,0,0,0,0,0,0,0,1,0,1,0
3714-NTNFO,2024-01-02,49,month_to_month,electronic_check,fiber_optic,84.5,3906.7,0,0,0,0,0,1,1,0,0,0,1,0
8705-DWKTI,2024-01-02,52,month_to_month,credit_card,fiber_optic,83.8,4331.4,0,0,1,0,0,1,0,0,0,0,1,0
4195-SMMNX,2024-01-02,2,month_to_month,mailed_check,none,20.35,33.2,0,0,0,0,0,0,0,0,0,0,0,1
2599-CIPQE,2024-01-02,71,two_year,credit_card,fiber_optic,109.3,7782.85,1,1,1,1,1,1,0,0,1,1,0,0
5136-GFPMB,2024-01-02,54,month_to_month,credit_card,fiber_optic,89.4,4869.5,0,0,1,0,0,1,1,0,0,0,0,0
6476-YHMGA,2024-01-02,15,month_to_month,bank_transfer,dsl,76.5,1155.6,0,1,1,1,1,1,0,0,1,1,0,0
3055-MJDSB,2024-01-02,9,month_to_month,mailed_check,dsl,24.6,190.1,0,0,0,0,0,0,0,0,0,0,1,0
7516-GMHUV,2024-01-02,50,two_year,credit_card,fiber_optic,105.05,5163.3,1,0,1,0,1,1,1,1,1,0,1,0
5940-NFXKV,2024-01-02,19,month_to_month,electronic_check,fiber_optic,83.65,1465.75,0,0,0,0,0,1,1,0,1,1,1,1
3597-YASZG,2024-01-02,70,two_year,bank_transfer,fiber_optic,104.45,7349.35,0,1,0,1,1,1,1,1,1,0,1,0
3786-WOVKF,2024-01-02,72,one_year,bank_transfer,fiber_optic,106.85,7677.4,1,1,0,0,1,1,1,1,1,0,1,0
2806-MLNTI,2024-01-02,52,one_year,bank_transfer,fiber_optic,105.1,5376.4,0,1,1,0,1,1,1,1,1,0,1,0
0799-DDIHE,2024-01-02,15,month_to_month,electronic_check,dsl,46.3,639.45,0,0,0,0,0,0,0,0,1,1,0,0
9926-PJHDQ,2024-01-02,72,two_year,bank_transfer,dsl,76.8,5468.45,0,0,1,0,1,1,1,0,1,1,1,0
0334-GDDSO,2024-01-02,3,month_to_month,electronic_check,fiber_optic,81.35,233.7,0,1,0,0,0,0,1,1,0,0,1,1
2371-KFUOG,2024-01-02,58,one_year,bank_transfer,fiber_optic,99.15,5720.95,1,1,0,0,1,1,0,0,0,0,0,0
4634-JLRJT,2024-01-02,1,month_to_month,mailed_check,none,20.35,20.35,0,0,0,0,0,0,0,0,0,0,1,0
5886-VLQVU,2024-01-02,35,month_to_month,bank_transfer,fiber_optic,89.85,3161.2,0,0,0,1,0,1,1,0,1,0,1,0
3194-ORPIK,2024-01-02,50,month_to_month,bank_transfer,fiber_optic,84.4,4116.15,0,0,0,0,1,0,1,0,1,1,1,1
6048-NJXHX,2024-01-02,41,two_year,electronic_check,none,19.75,899.45,0,0,0,0,0,0,0,0,1,0,1,0
7860-KSUGX,2024-01-02,72,two_year,credit_card,dsl,64.45,4720.0,1,1,1,0,0,0,1,0,1,1,0,0
2925-MXLSX,2024-01-02,30,one_year,credit_card,dsl,68.95,2038.7,0,1,1,0,1,0,1,0,0,0,1,0
2933-FILNV,2024-01-02,2,month_to_month,mailed_check,dsl,24.4,36.55,0,0,0,0,0,0,0,0,1,1,1,1
7758-XKCBS,2024-01-02,15,month_to_month,electronic_check,dsl,29.7,438.25,0,0,0,1,0,0,0,0,0,0,1,1
2027-DNKIV,2024-01-02,37,one_year,mailed_check,dsl,58.75,2203.1,1,0,1,1,0,0,0,0,1,1,1,0
4751-ERMAN,2024-01-02,72,two_year,bank_transfer,dsl,75.4,5480.25,0,1,1,0,1,1,0,0,1,1,1,0
8224-KDLKN,2024-01-02,72,two_year,bank_transfer,none,25.0,1738.9,0,0,0,0,0,0,1,0,1,1,0,0
7929-SKFGK,2024-01-02,70,two_year,credit_card,fiber_optic,114.3,8244.3,1,1,1,1,1,1,1,0,1,0,0,0
8329-IBCTI,2024-01-02,1,month_to_month,mailed_check,none,19.65,19.65,0,0,0,0,0,0,0,0,0,0,0,1
5016-IBERQ,2024-01-02,23,month_to_month,electronic_check,fiber_optic,84.25,1968.1,0,1,1,0,0,0,1,0,1,0,0,0
5405-ZMYXQ,2024-01-02,8,month_to_month,credit_card,fiber_optic,74.6,548.9,0,0,0,0,0,0,1,0,0,0,1,0
7841-TZDMQ,2024-01-02,2,month_to_month,credit_card,dsl,46.0,84.5,0,0,0,0,0,0,0,0,0,0,1,1
9754-CLVZW,2024-01-02,26,month_to_month,credit_card,dsl,38.85,1025.15,1,1,0,1,0,0,0,0,1,1,0,0
9503-XJUME,2024-01-02,52,one_year,credit_card,none,19.65,928.4,0,0,0,0,0,0,0,0,0,1,0,0
3298-QEICA,2024-01-02,23,two_year,mailed_check,dsl,34.6,813.45,1,0,0,1,0,0,0,0,1,1,0,0
9420-LOJKX,2024-01-02,15,month_to_month,credit_card,fiber_optic,99.1,1426.4,1,1,0,0,1,1,0,0,0,0,1,1
3391-JSQEW,2024-01-02,40,month_to_month,mailed_check,dsl,50.15,2058.5,0,1,0,0,0,0,0,0,1,0,1,0
4939-KYYPY,2024-01-02,27,month_to_month,electronic_check,dsl,59.45,1611.65,0,0,1,1,0,0,1,0,0,0,0,0
2061-VVFST,2024-01-02,37,month_to_month,bank_transfer,none,19.5,805.2,0,0,0,0,0,0,0,0,1,0,0,0
6480-YAGIY,2024-01-02,45,one_year,credit_card,fiber_optic,112.2,5031.85,1,1,1,1,1,1,0,0,0,0,0,0
0330-IVZHA,2024-01-02,5,month_to_month,electronic_check,fiber_optic,69.95,330.15,0,0,0,0,0,0,0,0,1,0,0,1
7161-DFHUF,2024-01-02,71,two_year,mailed_check,none,23.85,1672.1,0,0,0,0,0,0,1,0,1,0,0,0
1260-TTRXI,2024-01-02,4,month_to_month,electronic_check,dsl,54.3,195.3,0,0,0,0,0,1,0,0,0,0,0,1
8577-QSOCG,2024-01-02,38,two_year,mailed_check,none,20.2,746.05,0,0,0,0,0,0,0,0,1,1,1,0
8963-JLGJT,2024-01-02,3,month_to_month,mailed_check,dsl,55.9,157.55,1,0,1,0,0,0,0,0,0,1,0,0
3266-FTKHB,2024-01-02,17,two_year,mailed_check,none,19.15,343.45,0,0,0,0,0,0,0,0,0,0,0,0
6122-LJADA,2024-01-02,70,two_year,credit_card,dsl,90.15,6237.05,1,1,1,1,1,1,1,0,1,1,1,0
8710-YGLWG,2024-01-02,1,month_to_month,mailed_check,dsl,44.9,44.9,0,0,0,0,0,0,0,0,0,0,1,0
6463-HHXJR,2024-01-02,71,two_year,bank_transfer,fiber_optic,100.5,7030.65,1,1,1,0,1,0,1,0,1,1,0,0
9576-SYUHJ,2024-01-02,37,month_to_month,electronic_check,fiber_optic,91.15,3369.25,1,0,0,0,1,0,1,0,0,0,1,0
9289-LBQVU,2024-01-02,64,one_year,mailed_check,dsl,70.15,4480.7,0,1,0,1,0,1,1,0,1,0,1,0
2207-QPJED,2024-01-02,37,month_to_month,electronic_check,fiber_optic,90.0,3371.75,0,0,1,1,1,0,0,1,1,0,0,0
6990-YNRIO,2024-01-02,65,two_year,bank_transfer,fiber_optic,108.65,6937.95,1,0,1,1,1,1,1,0,1,1,0,1
0489-WMEMG,2024-01-02,23,one_year,electronic_check,dsl,49.45,1119.35,0,0,0,1,0,0,0,0,0,1,1,0
2189-UXTKY,2024-01-02,22,month_to_month,electronic_check,dsl,79.2,1742.75,1,0,0,1,1,1,1,0,1,0,1,1
7105-MXJLL,2024-01-02,26,one_year,mailed_check,dsl,60.7,1597.4,0,0,1,0,0,1,0,1,1,0,0,0
7133-VBDCG,2024-01-02,25,month_to_month,bank_transfer,fiber_optic,79.85,2015.35,1,1,0,0,0,0,0,0,0,0,1,1
9933-QRGTX,2024-01-02,60,two_year,electronic_check,fiber_optic,97.2,5611.75,1,0,0,1,1,1,0,0,1,0,1,0
6356-ELRKD,2024-01-02,1,month_to_month,electronic_check,fiber_optic,95.6,95.6,1,0,0,0,1,1,0,0,0,0,1,1
2194-IIQOF,2024-01-02,71,two_year,credit_card,dsl,89.3,6388.65,1,1,1,1,1,1,1,0,1,0,0,0
8063-GBATB,2024-01-02,27,month_to_month,electronic_check,fiber_optic,85.25,2287.25,0,0,0,0,0,1,1,1,0,0,1,1
9611-CTWIH,2024-01-02,3,month_to_month,electronic_check,fiber_optic,89.45,240.45,0,0,0,0,1,1,0,0,0,0,1,1
3571-DPYUH,2024-01-02,58,one_year,credit_card,fiber_optic,94.7,5430.35,0,1,0,1,1,0,1,0,1,1,1,0
8519-QJGJD,2024-01-02,14,month_to_month,electronic_check,fiber_optic,75.35,1025.95,0,0,1,0,0,0,0,0,0,0,0,1
5846-NEQVZ,2024-01-02,71,two_year,credit_card,dsl,70.85,4973.4,1,0,1,1,0,1,0,0,1,1,1,0
6022-KOUQO,2024-01-02,2,month_to_month,bank_transfer,dsl,29.05,44.75,0,0,0,1,0,0,0,0,1,1,0,0
7205-BAIAD,2024-01-02,40,two_year,bank_transfer,none,20.6,827.3,0,0,0,0,0,0,0,0,0,0,1,0
9574-BOSMD,2024-01-02,68,two_year,bank_transfer,none,25.4,1620.2,0,0,0,0,0,0,1,0,1,1,0,0
4884-TVUQF,2024-01-02,57,two_year,credit_card,fiber_optic,101.3,5779.6,1,0,1,1,0,1,1,1,0,0,0,0
6439-GTPCA,2024-01-02,45,month_to_month,electronic_check,fiber_optic,87.25,3941.7,0,0,1,1,0,0,1,0,0,0,1,1
3795-CAWEX,2024-01-02,70,two_year,credit_card,fiber_optic,116.55,8152.3,1,1,1,1,1,1,1,0,1,1,1,0
7821-DPRQE,2024-01-02,68,month_to_month,electronic_check,fiber_optic,107.7,7320.9,1,1,0,1,1,1,1,0,1,0,1,0
4983-CLMLV,2024-01-02,52,month_to_month,credit_card,fiber_optic,102.7,5138.1,0,1,0,1,1,1,1,0,1,0,1,0
2380-DAMQP,2024-01-02,72,two_year,electronic_check,fiber_optic,115.15,8349.7,1,1,1,1,1,1,1,0,1,0,0,0
7534-BFESC,2024-01-02,24,month_to_month,electronic_check,fiber_optic,76.1,1712.7,0,0,0,0,0,0,1,1,0,0,1,1
6695-FRVEC,2024-01-02,67,two_year,bank_transfer,dsl,60.4,3953.7,1,0,1,1,0,0,0,0,1,1,1,0
0361-HJRDX,2024-01-02,68,two_year,credit_card,dsl,64.35,4539.6,1,1,1,1,1,1,0,0,0,0,0,0
0354-VXMJC,2024-01-02,23,two_year,credit_card,none,19.6,426.65,0,0,0,0,0,0,0,0,1,1,0,0
6559-ILWKJ,2024-01-02,71,two_year,electronic_check,dsl,49.35,3515.25,0,1,0,0,1,1,0,0,1,0,0,1
9895-VFOXH,2024-01-02,1,month_to_month,mailed_check,dsl,24.4,24.4,0,0,0,0,0,0,0,0,0,0,0,0
8229-BUJHX,2024-01-02,71,two_year,bank_transfer,none,20.5,1500.95,0,0,0,0,0,0,0,0,1,1,0,0
4476-OSWTN,2024-01-02,69,one_year,mailed_check,fiber_optic,110.55,7610.1,1,0,1,1,1,1,1,1,1,0,1,0
2995-UPRYS,2024-01-02,40,one_year,credit_card,fiber_optic,99.2,4062.2,0,1,0,1,1,1,0,1,1,0,1,1
9208-OLGAQ,2024-01-02,18,month_to_month,electronic_check,fiber_optic,84.95,1443.65,0,0,1,0,0,1,0,1,0,0,1,0
4124-MMETB,2024-01-02,22,month_to_month,credit_card,fiber_optic,94.65,2104.55,0,0,0,0,1,1,1,0,0,0,1,1
8882-TLVRW,2024-01-02,69,two_year,mailed_check,dsl,39.1,2779.5,1,0,1,1,0,0,0,0,1,1,0,0
2957-JIRMN,2024-01-02,62,one_year,electronic_check,fiber_optic,84.45,4959.15,0,0,0,0,1,0,1,1,0,0,0,0
3646-ITDGM,2024-01-02,56,two_year,bank_transfer,none,19.7,1051.9,0,0,0,0,0,0,0,0,0,0,0,0
2673-ZALNP,2024-01-02,7,one_year,mailed_check,none,19.9,173.15,0,0,0,0,0,0,0,0,0,0,0,0
9975-SKRNR,2024-01-02,1,month_to_month,mailed_check,none,18.9,18.9,0,0,0,0,0,0,0,0,0,0,0,0
3724-UCSHY,2024-01-02,6,month_to_month,mailed_check,none,19.55,122.9,0,0,0,0,0,0,0,0,1,1,0,0
0259-GBZSH,2024-01-02,2,month_to_month,electronic_check,fiber_optic,85.65,181.5,0,0,0,0,1,0,1,0,0,0,1,1
7130-CTCUS,2024-01-02,16,month_to_month,bank_transfer,dsl,54.55,825.1,1,1,0,0,0,0,0,1,1,0,1,0
8150-QUDFX,2024-01-02,2,month_to_month,mailed_check,none,19.85,51.6,0,0,0,0,0,0,0,0,0,0,0,0
8218-FFJDS,2024-01-02,72,two_year,bank_transfer,dsl,86.4,6058.95,1,1,0,1,1,1,1,0,1,0,1,0
8259-NFJTV,2024-01-02,7,month_to_month,mailed_check,dsl,34.65,246.6,1,0,0,1,0,0,0,0,1,1,0,0
7909-FIOIY,2024-01-02,19,month_to_month,mailed_check,dsl,24.85,434.8,0,0,0,0,0,0,0,0,1,1,1,0
3317-VLGQT,2024-01-02,14,month_to_month,electronic_check,fiber_optic,78.1,1122.4,0,0,0,0,0,1,0,0,1,0,1,0
2722-VOJQL,2024-01-02,64,one_year,credit_card,fiber_optic,105.65,6903.1,0,1,0,1,1,1,1,0,0,0,1,1
0584-BJQGZ,2024-01-02,25,month_to_month,bank_transfer,dsl,78.35,1837.9,1,1,1,1,1,0,1,0,0,0,1,0
6732-VAILE,2024-01-02,70,two_year,credit_card,dsl,85.95,5931.75,0,1,1,1,1,1,1,0,1,1,1,0
1302-TPUBN,2024-01-02,66,two_year,bank_transfer,none,19.35,1240.8,0,0,0,0,0,0,0,0,0,0,0,0
8380-PEFPE,2024-01-02,1,month_to_month,electronic_check,fiber_optic,71.65,71.65,0,0,0,0,0,0,0,0,0,1,1,1
7402-PWYJJ,2024-01-02,53,one_year,electronic_check,fiber_optic,91.15,4862.5,0,0,0,1,0,1,1,0,1,0,1,0
4250-FDVOU,2024-01-02,6,month_to_month,electronic_check,dsl,56.25,389.1,1,1,0,0,0,0,0,0,0,0,0,1
9128-CPXKI,2024-01-02,59,two_year,electronic_check,fiber_optic,95.8,5655.45,0,0,1,0,1,1,0,0,0,0,0,0
4183-WCSEP,2024-01-02,31,month_to_month,electronic_check,fiber_optic,78.45,2435.15,0,1,0,1,0,0,0,0,0,0,1,1
0404-SWRVG,2024-01-02,3,month_to_month,electronic_check,fiber_optic,74.4,229.55,0,0,0,0,0,0,1,0,0,0,1,1
6227-HWPWX,2024-01-02,15,month_to_month,bank_transfer,fiber_optic,69.0,994.8,0,0,0,0,0,0,0,0,0,1,0,1
1899-VXWXM,2024-01-02,48,one_year,credit_card,fiber_optic,106.1,5082.8,0,1,1,0,1,1,1,0,0,0,1,1
8450-JOVAH,2024-01-02,2,month_to_month,mailed_check,dsl,56.7,113.55,1,0,0,0,0,0,1,0,1,1,0,1
4550-VBOFE,2024-01-02,70,month_to_month,electronic_check,fiber_optic,102.95,7101.5,0,1,1,0,1,1,1,1,1,0,1,1
9546-CQJSU,2024-01-02,2,month_to_month,electronic_check,fiber_optic,91.4,193.6,0,0,1,0,1,0,1,0,0,0,1,1
4789-KWMXN,2024-01-02,47,one_year,credit_card,fiber_optic,110.85,5275.8,1,0,1,1,1,1,1,0,1,0,1,1
0835-DUUIQ,2024-01-02,24,one_year,bank_transfer,none,21.05,531.55,0,0,0,0,0,0,0,0,0,1,0,0
1855-AGAWH,2024-01-02,31,one_year,electronic_check,fiber_optic,93.8,2939.8,0,0,1,0,1,1,0,0,1,0,1,0
9079-YEXQJ,2024-01-02,54,month_to_month,electronic_check,fiber_optic,111.1,6014.85,0,1,1,1,1,1,1,0,0,0,0,1
3577-AMVUX,2024-01-02,1,month_to_month,mailed_check,dsl,55.05,55.05,0,0,1,1,0,0,0,0,0,0,0,0
2316-ESMLS,2024-01-02,12,one_year,credit_card,dsl,33.15,444.75,1,0,0,1,0,0,0,0,1,1,0,0
9426-SXNHE,2024-01-02,2,month_to_month,bank_transfer,none,18.75,53.15,0,0,0,0,0,0,0,0,0,0,0,0
8550-XSXUQ,2024-01-02,48,one_year,credit_card,dsl,70.55,3420.5,0,1,1,0,0,1,1,0,1,0,1,0
0723-DRCLG,2024-01-02,1,month_to_month,electronic_check,fiber_optic,74.45,74.45,0,0,0,0,0,0,1,1,1,0,1,1
2176-OSJUV,2024-01-02,71,two_year,bank_transfer,dsl,65.15,4681.75,1,1,0,1,0,0,1,0,1,0,0,0
0107-WESLM,2024-01-02,1,month_to_month,electronic_check,none,19.85,19.85,0,0,0,0,0,0,0,0,0,0,1,1
8626-XHBIE,2024-01-02,56,two_year,mailed_check,none,24.8,1424.2,0,0,0,0,0,0,1,0,0,1,1,0
0188-GWFLE,2024-01-02,2,month_to_month,mailed_check,none,20.05,33.7,0,0,0,0,0,0,0,0,0,0,0,0
8166-ZZTFS,2024-01-02,66,two_year,bank_transfer,dsl,80.55,5265.1,0,1,1,0,1,1,1,1,1,0,1,1
5774-QPLTF,2024-01-02,50,one_year,mailed_check,none,20.35,938.95,0,0,0,0,0,0,0,0,1,1,1,0
0929-PECLO,2024-01-02,63,month_to_month,bank_transfer,fiber_optic,89.6,5538.8,0,0,1,0,0,1,1,1,0,0,1,0
5696-QURRL,2024-01-02,1,month_to_month,mailed_check,dsl,45.05,45.05,0,0,0,0,0,0,0,0,0,0,1,1
8124-NZVGJ,2024-01-02,6,one_year,mailed_check,dsl,49.25,255.6,0,0,0,1,1,1,0,0,0,0,1,0
4130-MZLCC,2024-01-02,5,month_to_month,bank_transfer,dsl,50.55,244.75,0,1,0,0,0,0,0,0,0,0,0,0
4489-SNOJF,2024-01-02,35,month_to_month,electronic_check,dsl,72.25,2568.55,1,0,1,1,1,0,1,0,1,1,0,1
8984-HPEMB,2024-01-02,71,two_year,electronic_check,fiber_optic,118.65,8477.6,1,1,1,1,1,1,1,0,0,0,1,0
4615-PIVVU,2024-01-02,42,two_year,credit_card,dsl,66.5,2762.75,0,0,1,1,0,1,0,0,0,0,0,0
6848-HJTXY,2024-01-02,64,two_year,credit_card,none,19.45,1208.6,0,0,0,0,0,0,0,0,1,0,0,0
8757-TFHHJ,2024-01-02,1,month_to_month,credit_card,dsl,49.8,49.8,1,0,0,0,0,0,0,0,0,0,1,0
4603-JANFB,2024-01-02,1,month_to_month,electronic_check,fiber_optic,69.85,69.85,0,0,0,0,0,0,0,0,0,0,1,1
8565-HBFNN,2024-01-02,69,one_year,credit_card,fiber_optic,107.2,7317.1,1,1,1,1,0,1,1,0,1,0,1,0
7422-WNBTY,2024-01-02,33,month_to_month,electronic_check,fiber_optic,93.35,3092.0,0,1,1,0,0,1,1,0,1,0,1,0
4712-UYOOI,2024-01-02,20,month_to_month,electronic_check,none,20.0,417.65,0,0,0,0,0,0,0,0,1,1,0,0
3372-CDXFJ,2024-01-02,13,one_year,bank_transfer,none,24.5,343.6,0,0,0,0,0,0,1,0,1,1,0,0
5353-WILCI,2024-01-02,28,month_to_month,electronic_check,dsl,56.05,1522.65,1,1,0,0,0,0,0,0,0,0,0,0
0988-AADSA,2024-01-02,72,two_year,bank_transfer,dsl,80.85,5824.75,1,1,1,1,0,1,1,0,1,1,0,0
8270-RKSAP,2024-01-02,9,month_to_month,electronic_check,fiber_optic,70.5,597.9,0,0,0,0,0,0,0,0,0,0,1,0
5954-BDFSG,2024-01-02,72,two_year,credit_card,fiber_optic,107.5,7853.7,0,0,1,1,1,1,1,0,0,0,1,0
5792-JALQC,2024-01-02,52,two_year,bank_transfer,dsl,59.85,3103.25,1,0,1,0,0,0,1,1,0,0,0,0
2202-OUTMO,2024-01-02,34,month_to_month,bank_transfer,dsl,60.85,2003.6,1,0,0,1,0,0,1,0,1,0,1,0
9028-LIHRP,2024-01-02,71,two_year,credit_card,fiber_optic,100.2,7209.0,1,1,1,1,1,0,0,0,1,1,0,0
9150-KPBJQ,2024-01-02,6,two_year,credit_card,none,19.65,116.85,0,0,0,0,0,0,0,0,0,0,0,0
4003-OCTMP,2024-01-02,31,one_year,electronic_check,dsl,64.0,1910.75,1,0,0,1,0,1,0,0,1,0,1,0
8775-LHDJH,2024-01-02,1,month_to_month,electronic_check,fiber_optic,90.6,90.6,0,1,0,0,1,0,1,1,1,0,1,1
6770-UAYGJ,2024-01-02,49,two_year,mailed_check,none,25.25,1211.65,0,0,0,0,0,0,1,0,1,1,0,0
7596-IIWYC,2024-01-02,27,two_year,bank_transfer,none,20.25,538.2,0,0,0,0,0,0,0,0,0,0,1,0
0887-WBJVH,2024-01-02,53,one_year,electronic_check,fiber_optic,93.45,4872.2,0,0,0,1,1,1,0,0,1,0,1,0
8840-DQLGN,2024-01-02,35,month_to_month,bank_transfer,fiber_optic,100.5,3653.35,1,1,0,1,1,0,1,1,1,0,1,1
8413-VONUO,2024-01-02,2,month_to_month,electronic_check,fiber_optic,95.65,167.3,0,1,0,0,1,1,0,0,0,0,0,1
9281-PKKZE,2024-01-02,46,month_to_month,electronic_check,dsl,43.95,2007.85,0,0,0,0,1,1,0,0,1,0,1,0
5186-PEIZU,2024-01-02,35,month_to_month,bank_transfer,none,19.25,617.65,0,0,0,0,0,0,0,0,0,0,0,0
6339-YPSAH,2024-01-02,9,month_to_month,electronic_check,fiber_optic,73.8,704.3,0,0,1,0,0,0,0,0,0,0,1,0
2324-EFHVG,2024-01-02,64,two_year,bank_transfer,fiber_optic,104.4,6692.65,0,1,1,0,1,1,1,0,0,0,1,0
1918-ZBFQJ,2024-01-02,13,month_to_month,electronic_check,fiber_optic,79.25,1111.65,0,1,1,0,0,0,0,0,0,0,1,1
6968-GMKPR,2024-01-02,55,month_to_month,electronic_check,fiber_optic,81.55,4509.5,0,1,1,0,0,0,0,0,0,0,1,0
3062-ICYZQ,2024-01-02,51,month_to_month,electronic_check,fiber_optic,93.8,4539.35,1,1,0,0,0,1,1,0,1,1,1,0
2233-FAGXV,2024-01-02,5,month_to_month,mailed_check,none,24.3,132.25,0,0,0,0,0,0,1,0,1,1,1,0
6017-PPLPX,2024-01-02,20,month_to_month,electronic_check,fiber_optic,70.45,1470.95,0,0,0,0,0,0,0,0,1,1,1,1
1982-FEBTD,2024-01-02,23,two_year,credit_card,none,25.6,514.75,0,0,0,0,0,0,1,0,1,1,1,0
9705-IOVQQ,2024-01-02,61,one_year,electronic_check,fiber_optic,99.0,5969.3,0,1,0,0,1,1,1,1,1,1,0,0
6288-CHQJB,2024-01-02,54,two_year,bank_transfer,dsl,69.95,3871.85,1,0,1,1,0,1,0,0,1,1,0,0
3315-TOTBP,2024-01-02,15,month_to_month,mailed_check,fiber_optic,76.0,1130.85,0,0,0,0,0,0,1,0,0,0,1,1
6096-EGVTU,2024-01-02,64,one_year,mailed_check,none,24.9,1595.5,0,0,0,0,0,0,1,0,1,1,0,0
2937-FTHUR,2024-01-02,18,month_to_month,electronic_check,dsl,64.8,1166.7,1,0,0,0,0,1,1,0,0,1,0,0
4062-HBMOS,2024-01-02,52,month_to_month,electronic_check,fiber_optic,103.05,5364.8,0,1,1,0,1,1,1,0,0,0,1,0
2387-KDZQY,2024-01-02,17,one_year,mailed_check,none,20.1,279.5,0,0,0,0,0,0,0,0,0,0,1,0
4609-KNNWG,2024-01-02,27,two_year,mailed_check,none,19.9,550.1,0,0,0,0,0,0,0,0,1,1,0,0
0409-WTMPL,2024-01-02,58,one_year,credit_card,fiber_optic,110.65,6526.65,1,1,1,0,1,1,1,0,1,0,1,0
3766-EJLFL,2024-01-02,68,two_year,bank_transfer,fiber_optic,109.05,7508.55,1,0,1,1,1,1,1,0,1,1,1,0
4232-JGKIY,2024-01-02,1,month_to_month,electronic_check,none,19.2,19.2,0,0,0,0,0,0,0,0,0,0,0,0
0334-ZFJSR,2024-01-02,55,one_year,credit_card,dsl,66.05,3462.1,1,1,0,1,0,0,1,0,1,0,1,0
6582-OIVSP,2024-01-02,1,month_to_month,mailed_check,dsl,45.3,45.3,0,0,0,0,0,0,0,0,0,0,0,0
8661-BOYNW,2024-01-02,72,two_year,credit_card,dsl,84.4,6096.45,1,0,1,1,1,1,1,0,1,0,1,0
4257-GAESD,2024-01-02,6,month_to_month,credit_card,dsl,45.0,298.7,0,0,0,0,1,1,0,0,0,0,0,0
8785-CJSHH,2024-01-02,60,month_to_month,electronic_check,fiber_optic,99.8,5985.75,0,1,0,0,1,1,1,0,1,0,1,0
5469-CTCWN,2024-01-02,61,one_year,electronic_check,fiber_optic,106.0,6547.7,1,1,0,0,1,1,1,0,1,1,1,1
2839-RFSQE,2024-01-02,2,month_to_month,mailed_check,none,20.65,38.7,0,0,0,0,0,0,0,0,0,0,0,1
4890-VMUAV,2024-01-02,63,one_year,electronic_check,dsl,71.5,4576.3,1,1,1,1,0,0,1,0,0,0,0,0
3365-SAIGS,2024-01-02,17,month_to_month,electronic_check,fiber_optic,83.55,1329.15,0,1,0,0,1,0,0,0,0,0,1,0
0946-CLJTI,2024-01-02,58,month_to_month,electronic_check,fiber_optic,98.7,5812.6,0,0,1,0,1,1,1,1,1,0,1,1
3920-HIHMQ,2024-01-02,26,month_to_month,mailed_check,dsl,49.5,1265.65,0,0,0,0,0,0,1,0,0,1,1,0
5307-UVGNB,2024-01-02,53,month_to_month,bank_transfer,dsl,48.7,2495.2,1,1,1,0,0,1,0,0,1,1,1,0
8780-RSYYU,2024-01-02,25,month_to_month,credit_card,none,19.2,532.1,0,0,0,0,0,0,0,0,0,0,1,0
0742-NXBGR,2024-01-02,1,month_to_month,electronic_check,fiber_optic,82.3,82.3,0,1,1,0,0,0,0,0,0,0,1,1
8067-NIOYM,2024-01-02,24,two_year,credit_card,none,21.1,490.65,0,0,0,0,0,0,0,0,1,1,1,0
5916-QEWPT,2024-01-02,2,month_to_month,credit_card,dsl,69.0,147.8,0,0,1,0,1,1,0,0,1,0,0,0
1029-QFBEN,2024-01-02,1,month_to_month,mailed_check,none,19.55,19.55,0,0,0,0,0,0,0,0,0,0,0,1
9251-WNSOD,2024-01-02,67,one_year,mailed_check,dsl,75.1,5064.45,1,1,1,0,0,1,1,0,1,0,0,0
6576-FBXOJ,2024-01-02,17,one_year,electronic_check,dsl,54.6,934.8,0,0,1,1,1,1,0,0,1,0,0,0
2501-XWWTZ,2024-01-02,11,month_to_month,electronic_check,fiber_optic,70.2,760.05,0,0,0,0,0,0,0,0,0,0,0,0
6080-LNESI,2024-01-02,51,two_year,mailed_check,none,24.75,1234.6,0,0,0,0,0,0,1,0,0,0,0,0
7245-NIIWQ,2024-01-02,3,month_to_month,electronic_check,fiber_optic,69.85,199.85,0,0,0,0,0,0,0,0,0,0,1,0
6567-HOOPW,2024-01-02,1,month_to_month,electronic_check,fiber_optic,79.2,79.2,0,0,0,0,1,0,0,1,0,0,1,1
4550-EVXNY,2024-01-02,1,month_to_month,electronic_check,fiber_optic,69.65,69.65,0,0,0,0,0,0,0,0,0,1,1,1
6437-UDQJM,2024-01-02,72,two_year,credit_card,dsl,84.1,6129.65,1,1,1,0,1,1,1,1,1,0,1,0
0297-RBCSG,2024-01-02,19,one_year,bank_transfer,dsl,65.35,1231.85,0,1,0,1,0,1,0,0,0,0,1,0
2097-YVPKN,2024-01-02,65,two_year,mailed_check,none,25.75,1654.75,0,0,0,0,0,0,1,0,0,0,0,0
0853-NWIFK,2024-01-02,45,one_year,electronic_check,fiber_optic,100.3,4483.95,1,1,0,0,1,1,0,0,0,0,1,0
4853-OITSN,2024-01-02,5,month_to_month,electronic_check,fiber_optic,89.15,413.25,1,0,0,0,0,1,1,0,1,0,1,0
6128-DAFVY,2024-01-02,56,month_to_month,credit_card,dsl,44.85,2564.95,0,0,0,0,1,1,0,0,0,0,1,0
1197-BVMVG,2024-01-02,4,month_to_month,electronic_check,fiber_optic,74.45,294.45,0,0,0,0,0,0,1,1,0,0,1,0
7508-DQAKK,2024-01-02,64,two_year,credit_card,dsl,86.4,5442.05,1,1,1,1,1,1,1,0,0,0,1,0
9938-PRCVK,2024-01-02,41,two_year,bank_transfer,none,19.7,804.25,0,0,0,0,0,0,0,0,1,1,0,0
0289-IVARM,2024-01-02,35,month_to_month,electronic_check,dsl,60.55,1982.6,1,1,1,0,0,0,0,0,0,0,0,0
8260-NGFNY,2024-01-02,1,month_to_month,mailed_check,dsl,25.2,25.2,0,0,0,0,0,0,0,0,0,0,0,1
7074-IEVOJ,2024-01-02,3,month_to_month,electronic_check,fiber_optic,79.4,205.05,0,1,0,0,0,0,1,1,0,0,1,1
6614-YWYSC,2024-01-02,61,two_year,bank_transfer,none,25.0,1501.75,0,0,0,0,0,0,1,1,1,0,0,0
8473-VUVJN,2024-01-02,1,month_to_month,electronic_check,fiber_optic,73.65,73.65,0,0,0,0,0,0,1,1,0,0,1,1
6693-DJWTY,2024-01-02,35,one_year,credit_card,dsl,55.6,2016.45,1,1,0,0,0,0,0,0,0,1,0,0
3655-SNQYZ,2024-01-02,69,two_year,credit_card,fiber_optic,113.25,7895.15,1,1,1,1,1,1,1,0,1,1,0,0
2845-KDHVX,2024-01-02,64,two_year,mailed_check,dsl,68.3,4378.8,0,1,1,1,0,1,0,0,1,0,1,0
5027-YOCXN,2024-01-02,51,one_year,credit_card,fiber_optic,110.05,5686.4,1,1,0,1,1,1,1,0,1,1,0,0
8884-MRNSU,2024-01-02,17,one_year,bank_transfer,none,19.9,329.75,0,0,0,0,0,0,0,0,1,1,0,0
0567-XRHCU,2024-01-02,69,two_year,credit_card,dsl,43.95,2960.1,1,0,1,0,0,1,0,0,1,1,1,0
5868-CZJDR,2024-01-02,1,month_to_month,mailed_check,dsl,31.35,31.35,0,1,0,0,0,0,0,0,0,1,1,1
4223-BKEOR,2024-01-02,21,one_year,mailed_check,dsl,64.85,1336.8,1,0,1,0,0,1,0,0,0,1,0,0
6035-RIIOM,2024-01-03,54,two_year,bank_transfer,fiber_optic,97.2,5129.45,0,1,0,0,1,1,1,0,0,0,1,0
3797-VTIDR,2024-01-03,1,month_to_month,electronic_check,dsl,23.45,23.45,0,0,0,0,0,0,0,0,1,0,1,1
2568-BRGYX,2024-01-03,4,month_to_month,electronic_check,fiber_optic,70.2,237.95,0,0,0,0,0,0,0,0,0,0,1,1
2775-SEFEE,2024-01-03,0,two_year,bank_transfer,dsl,61.9,0.0,1,1,0,1,0,0,1,0,0,1,1,0
4291-SHSBH,2024-01-03,7,month_to_month,electronic_check,fiber_optic,69.55,521.35,0,0,0,0,0,0,0,0,0,0,1,0
4635-EJYPD,2024-01-03,32,two_year,mailed_check,none,18.95,613.95,0,0,0,0,0,0,0,0,1,1,0,0
2607-DHDAK,2024-01-03,72,two_year,credit_card,none,19.8,1414.65,0,0,0,0,0,0,0,0,1,1,1,0
5204-QZXPU,2024-01-03,19,month_to_month,electronic_check,dsl,39.65,733.35,0,0,1,0,1,0,0,0,0,0,1,1
0221-NAUXK,2024-01-03,10,one_year,bank_transfer,none,19.95,219.5,0,0,0,0,0,0,0,0,0,1,1,0
3398-ZOUAA,2024-01-03,21,month_to_month,electronic_check,fiber_optic,69.1,1474.75,0,0,0,0,0,0,0,1,1,0,1,1
1768-HNVGJ,2024-01-03,45,month_to_month,electronic_check,dsl,70.05,3062.45,1,0,0,1,0,1,1,1,0,0,1,0
5917-RYRMG,2024-01-03,32,one_year,credit_card,none,19.8,587.7,0,0,0,0,0,0,0,1,0,0,0,0
3858-XHYJO,2024-01-03,40,one_year,bank_transfer,fiber_optic,105.75,4228.55,1,0,1,0,1,1,1,0,1,0,0,0
4837-PZTIC,2024-01-03,47,two_year,mailed_check,dsl,41.9,1875.25,1,0,1,1,0,0,0,0,0,0,0,0
2773-MADBQ,2024-01-03,36,two_year,mailed_check,dsl,53.1,1901.25,1,1,1,1,0,1,0,0,0,0,1,0
1090-PYKCI,2024-01-03,69,one_year,credit_card,fiber_optic,105.1,7234.8,1,1,1,1,1,0,1,0,1,1,1,0
9479-HYNYL,2024-01-03,71,two_year,credit_card,dsl,80.7,5705.05,0,1,1,1,1,1,0,0,1,0,1,0
4565-NLZBV,2024-01-03,71,two_year,bank_transfer,none,24.65,1710.15,0,0,0,0,0,0,1,0,1,0,1,0
8318-LCNBW,2024-01-03,35,one_year,credit_card,dsl,53.15,1930.9,1,0,1,0,1,1,0,0,1,0,0,0
9261-WDCAF,2024-01-03,3,month_to_month,mailed_check,dsl,54.65,189.1,0,0,0,0,0,1,0,0,0,0,0,0
4909-JOUPP,2024-01-03,72,two_year,credit_card,fiber_optic,109.7,7898.45,0,1,1,1,1,1,1,1,1,0,0,0
1951-IEYXM,2024-01-03,72,two_year,credit_card,dsl,90.6,6441.85,1,1,1,1,1,1,1,0,1,1,1,0
4227-OJHAL,2024-01-03,68,one_year,credit_card,dsl,73.0,5163.0,1,1,1,0,1,0,1,0,1,1,1,0
1708-PBBOA,2024-01-03,42,one_year,electronic_check,dsl,54.75,2348.45,1,1,1,1,0,1,0,0,0,0,1,0
8746-BFOAJ,2024-01-03,21,one_year,bank_transfer,none,20.5,429.55,0,0,0,0,0,0,0,1,0,0,0,0
4145-UQXUQ,2024-01-03,8,month_to_month,electronic_check,fiber_optic,92.1,729.95,0,0,1,0,1,1,0,1,0,0,1,1
9518-XXBXE,2024-01-03,10,month_to_month,electronic_check,fiber_optic,75.3,720.45,1,0,0,0,0,0,0,1,1,0,0,0
9558-IHEZX,2024-01-03,71,two_year,credit_card,fiber_optic,106.75,7283.25,1,1,1,0,1,1,1,0,0,0,1,0
1707-HABPF,2024-01-03,46,one_year,bank_transfer,fiber_optic,91.3,4126.35,0,1,1,0,1,0,0,1,0,0,1,0
9643-AVVWI,2024-01-03,3,month_to_month,electronic_check,fiber_optic,80.0,241.3,0,1,0,1,0,0,0,0,1,1,1,0
3398-FSHON,2024-01-03,12,month_to_month,electronic_check,fiber_optic,91.3,1094.5,0,1,0,0,1,0,1,1,0,0,1,1
9139-TWBAS,2024-01-03,26,one_year,bank_transfer,dsl,47.85,1190.5,1,1,1,0,1,0,0,0,1,0,0,0
0929-HYQEW,2024-01-03,3,month_to_month,mailed_check,dsl,50.15,160.85,1,0,0,0,0,0,0,0,0,0,1,0
0487-CRLZF,2024-01-03,49,two_year,bank_transfer,dsl,74.45,3721.9,0,0,1,1,1,1,0,0,0,0,1,0
0454-OKRCT,2024-01-03,33,two_year,bank_transfer,fiber_optic,80.6,2651.1,0,1,0,1,0,0,0,0,0,0,0,0
2347-WKKAE,2024-01-03,42,month_to_month,electronic_check,fiber_optic,94.4,4014.6,1,0,1,0,0,1,1,0,1,0,1,0
6663-JOCQO,2024-01-03,31,one_year,bank_transfer,dsl,75.25,2344.5,1,1,0,1,0,1,1,0,1,1,1,0
1297-VQDRP,2024-01-03,68,one_year,credit_card,fiber_optic,107.15,7379.8,0,0,1,1,1,1,1,1,1,1,1,0
4868-AADLV,2024-01-03,66,one_year,electronic_check,fiber_optic,116.25,7862.25,1,1,1,1,1,1,1,1,1,1,1,0
0788-DXBFY,2024-01-03,58,one_year,electronic_check,none,19.55,1108.8,0,0,0,0,0,0,0,0,1,1,1,0
5845-BZZIB,2024-01-03,35,two_year,mailed_check,none,20.1,655.3,0,0,0,0,0,0,0,0,1,1,0,0
7310-EGVHZ,2024-01-03,1,month_to_month,bank_transfer,none,20.2,20.2,0,0,0,0,0,0,0,0,0,0,0,0
4826-TZEVA,2024-01-03,40,month_to_month,credit_card,fiber_optic,74.8,2971.7,0,1,0,0,0,0,0,0,0,0,0,0
4080-IIARD,2024-01-03,13,month_to_month,electronic_check,dsl,76.2,981.45,1,1,0,1,1,0,1,0,1,0,1,0
7672-VFMXZ,2024-01-03,57,month_to_month,electronic_check,dsl,55.7,3171.6,1,0,0,1,0,0,0,0,1,0,0,0
9940-RHLFB,2024-01-03,1,month_to_month,electronic_check,fiber_optic,75.3,75.3,0,0,1,0,0,0,0,0,0,0,0,1
9117-SHLZX,2024-01-03,1,month_to_month,mailed_check,dsl,45.7,45.7,0,0,0,0,0,0,0,0,0,0,1,1
7253-UVNDW,2024-01-03,46,two_year,credit_card,dsl,54.35,2460.15,0,0,1,1,0,0,0,0,0,0,0,1
9898-KZQDZ,2024-01-03,40,month_to_month,credit_card,fiber_optic,94.55,3640.45,0,0,0,0,1,1,1,1,1,1,1,1
8559-CIZFV,2024-01-03,21,one_year,mailed_check,dsl,77.5,1625.0,1,1,0,1,1,0,1,0,1,1,0,1
2506-CLAKW,2024-01-03,6,month_to_month,bank_transfer,fiber_optic,98.15,567.45,1,1,1,1,0,1,0,0,0,0,1,1
8591-TKMZH,2024-01-03,59,two_year,mailed_check,fiber_optic,111.1,6555.2,1,1,0,1,1,1,1,0,1,1,1,0
4925-LMHOK,2024-01-03,15,month_to_month,credit_card,dsl,58.6,939.7,0,1,0,1,0,0,1,0,0,0,1,1
4971-PUYQO,2024-01-03,27,month_to_month,mailed_check,fiber_optic,94.55,2724.6,0,0,0,0,1,1,1,0,0,0,1,1
0186-CAERR,2024-01-03,71,one_year,bank_transfer,fiber_optic,116.3,8309.55,1,1,1,1,1,1,1,0,0,0,1,0
6233-HXJMX,2024-01-03,45,month_to_month,credit_card,fiber_optic,89.3,4192.15,0,0,1,0,0,1,1,0,0,0,1,0
9367-OIUXP,2024-01-03,4,month_to_month,mailed_check,none,20.7,73.05,0,0,0,0,0,0,0,0,0,0,0,0
4588-YBNIB,2024-01-03,1,month_to_month,mailed_check,none,19.6,19.6,0,0,0,0,0,0,0,0,0,0,1,1
6467-CHFZW,2024-01-03,47,month_to_month,electronic_check,fiber_optic,99.35,4749.15,0,1,0,0,1,1,1,0,1,1,1,1
8148-BPLZQ,2024-01-03,34,month_to_month,electronic_check,dsl,49.8,1734.2,0,1,0,0,0,0,0,0,0,0,1,0
0557-ASKVU,2024-01-03,18,one_year,credit_card,dsl,54.4,957.1,0,0,1,1,0,0,0,0,1,1,1,0
3354-OADJP,2024-01-03,8,one_year,bank_transfer,dsl,54.25,447.75,1,0,0,1,0,0,0,0,0,0,0,0
2259-OUUSZ,2024-01-03,7,one_year,credit_card,dsl,35.5,249.55,0,0,1,1,0,0,0,0,0,0,1,0
4919-IKATY,2024-01-03,5,month_to_month,electronic_check,fiber_optic,84.5,453.75,1,0,1,0,0,0,1,0,1,1,1,1
4328-VUFWD,2024-01-03,39,one_year,electronic_check,dsl,59.3,2209.15,0,0,0,1,0,1,0,0,0,0,0,0
8681-ICONS,2024-01-03,29,month_to_month,mailed_check,none,20.65,654.85,0,0,0,0,0,0,0,0,1,1,1,0
2232-DMLXU,2024-01-03,1,month_to_month,mailed_check,dsl,55.2,55.2,0,0,0,0,1,0,0,0,1,0,0,1
6447-GORXK,2024-01-03,31,month_to_month,credit_card,dsl,25.0,789.2,0,0,0,0,0,0,0,0,0,1,0,0
1777-JYQPJ,2024-01-03,2,month_to_month,mailed_check,dsl,24.3,38.45,0,0,0,0,0,0,0,0,0,0,0,0
6685-GBWJZ,2024-01-03,63,one_year,credit_card,dsl,70.8,4448.8,1,1,0,1,1,0,0,0,1,0,0,0
3955-JBZZM,2024-01-03,20,month_to_month,electronic_check,fiber_optic,78.8,1641.3,0,0,0,0,1,0,0,0,0,0,0,0
5197-LQXXH,2024-01-03,71,two_year,credit_card,dsl,83.3,5894.5,0,1,1,1,1,1,1,0,1,0,1,0
5993-JSUWV,2024-01-03,66,two_year,bank_transfer,dsl,61.15,4017.45,1,1,1,0,0,0,0,0,0,0,1,0
2219-MVUSO,2024-01-03,8,month_to_month,mailed_check,dsl,45.15,438.4,0,0,0,0,0,0,0,0,0,0,1,1
3158-MOERK,2024-01-03,2,month_to_month,electronic_check,fiber_optic,96.0,174.8,0,0,0,0,1,1,1,0,0,0,1,1
3594-KADLU,2024-01-03,3,month_to_month,mailed_check,dsl,35.1,101.1,1,0,0,1,0,0,0,0,1,0,0,0
0932-YIXYU,2024-01-03,47,two_year,credit_card,none,20.25,1029.8,0,0,0,0,0,0,0,0,0,0,0,0
8348-HFYIV,2024-01-03,2,month_to_month,electronic_check,dsl,49.25,90.35,0,0,1,0,1,1,0,0,0,0,1,1
8687-BAFGU,2024-01-03,1,month_to_month,electronic_check,fiber_optic,74.0,74.0,0,0,0,1,0,0,0,0,0,0,0,0
7353-YOWFP,2024-01-03,7,one_year,mailed_check,none,20.25,129.15,0,0,0,0,0,0,0,0,0,0,0,0
6837-HAEVO,2024-01-03,69,two_year,electronic_check,fiber_optic,105.0,7297.75,0,1,1,0,1,1,1,0,1,1,1,0
6734-GMPVK,2024-01-03,5,month_to_month,electronic_check,fiber_optic,105.3,550.6,0,1,1,0,1,1,1,0,0,0,0,0
7602-DBTOU,2024-01-03,71,two_year,mailed_check,none,19.6,1416.5,0,0,0,0,0,0,0,0,1,0,0,0
9894-EZEWG,2024-01-03,1,month_to_month,credit_card,fiber_optic,74.3,74.3,0,1,0,0,0,0,0,0,0,0,1,1
1670-SVOWZ,2024-01-03,14,month_to_month,credit_card,fiber_optic,89.65,1208.35,0,1,0,1,0,1,0,0,1,1,1,1
9142-XMYJH,2024-01-03,29,month_to_month,credit_card,none,19.35,601.6,0,0,0,0,0,0,0,0,0,0,0,0
5893-PYOLZ,2024-01-03,56,two_year,credit_card,dsl,81.8,4534.45,0,1,1,1,1,1,0,0,0,0,1,0
3319-DWOEP,2024-01-03,6,month_to_month,electronic_check,fiber_optic,95.75,573.75,0,0,1,0,1,1,0,1,1,0,1,1
9514-JDSKI,2024-01-03,1,month_to_month,electronic_check,dsl,40.2,40.2,0,1,0,0,1,0,0,1,1,0,0,1
7432-FFVAR,2024-01-03,46,one_year,bank_transfer,fiber_optic,90.95,4236.6,0,0,1,1,0,1,0,0,1,1,0,0
4329-YPDDQ,2024-01-03,20,month_to_month,bank_transfer,fiber_optic,108.2,2203.7,1,1,1,1,1,1,0,0,0,0,1,0
2860-RANUS,2024-01-03,20,month_to_month,credit_card,fiber_optic,85.8,1727.5,0,0,0,0,0,1,1,1,0,0,1,1
8696-JKZNU,2024-01-03,37,month_to_month,electronic_check,fiber_optic,76.25,2841.55,0,0,0,0,0,0,1,1,0,0,1,1
1089-XZWHH,2024-01-03,24,two_year,mailed_check,none,19.7,494.05,0,0,0,0,0,0,0,0,1,1,1,0
4831-EOBFE,2024-01-03,29,month_to_month,credit_card,fiber_optic,94.65,2649.15,1,0,0,0,1,1,0,0,1,1,0,1
4423-YLHDV,2024-01-03,21,month_to_month,bank_transfer,fiber_optic,104.4,2200.25,1,0,1,0,1,1,1,0,1,0,1,1
5449-FIBXJ,2024-01-03,19,month_to_month,electronic_check,fiber_optic,103.3,2012.7,0,0,1,1,1,1,1,0,1,1,0,1
8144-DGHXP,2024-01-03,54,two_year,electronic_check,dsl,80.6,4299.95,1,0,1,1,1,1,0,0,0,0,0,0
6598-RFFVI,2024-01-03,2,one_year,credit_card,none,19.3,28.3,0,0,0,0,0,0,0,0,0,0,0,1
3096-JRDSO,2024-01-03,27,month_to_month,bank_transfer,fiber_optic,104.3,2867.75,1,0,0,1,1,1,1,1,1,0,1,1
5862-BRIXZ,2024-01-03,46,two_year,bank_transfer,dsl,60.75,2893.4,1,0,1,1,1,1,0,0,0,0,1,0
1057-FOGLZ,2024-01-03,18,month_to_month,mailed_check,none,19.65,391.7,0,0,0,0,0,0,0,0,0,0,0,0
9371-BITHB,2024-01-03,52,two_year,mailed_check,none,19.85,1070.5,0,0,0,0,0,0,0,0,1,1,0,0
4580-TMHJU,2024-01-03,43,month_to_month,electronic_check,dsl,56.15,2499.3,0,0,0,0,1,0,0,0,1,1,0,1
0178-CIIKR,2024-01-03,3,month_to_month,mailed_check,none,19.95,58.0,0,0,0,0,0,0,0,0,0,0,0,0
9348-YVOMK,2024-01-03,4,month_to_month,credit_card,dsl,44.8,176.2,0,0,0,0,0,0,0,0,0,0,1,0
8417-FMLZI,2024-01-03,6,month_to_month,credit_card,fiber_optic,83.55,477.55,0,1,0,0,0,1,0,0,1,1,1,1
6851-WEFYX,2024-01-03,35,month_to_month,electronic_check,fiber_optic,100.8,3437.5,0,0,1,0,1,1,1,1,1,0,1,0
8181-YHCMF,2024-01-03,68,two_year,credit_card,dsl,60.3,4109.0,0,1,1,1,1,1,0,0,1,1,0,0
7548-SEPYI,2024-01-03,5,month_to_month,electronic_check,fiber_optic,96.25,512.45,0,1,0,0,1,1,0,0,0,0,1,1
0374-IOEGQ,2024-01-03,3,month_to_month,electronic_check,dsl,44.6,122.7,0,0,0,0,0,0,0,0,0,0,0,0
0581-BXBUB,2024-01-03,4,month_to_month,electronic_check,fiber_optic,72.75,317.75,0,1,0,0,0,0,0,1,0,0,0,0
9350-ZXYJC,2024-01-03,4,two_year,credit_card,none,25.3,116.95,0,0,0,0,0,0,1,0,0,0,1,0
8642-GVWRF,2024-01-03,2,month_to_month,bank_transfer,fiber_optic,79.7,165.0,0,1,1,0,0,0,0,0,1,0,0,1
2931-SVLTV,2024-01-03,40,month_to_month,credit_card,fiber_optic,110.1,4469.1,1,1,0,1,1,1,1,0,1,1,1,0
5183-SNMJQ,2024-01-03,10,month_to_month,credit_card,fiber_optic,95.1,865.1,0,0,0,1,1,1,0,0,0,0,1,0
7278-CKDNC,2024-01-03,24,month_to_month,electronic_check,fiber_optic,80.5,2088.45,0,1,0,0,0,0,1,1,0,0,1,0
8024-XNAFQ,2024-01-03,72,two_year,bank_transfer,fiber_optic,107.4,7748.75,1,1,1,1,0,1,1,1,0,0,1,0
5480-TBGPH,2024-01-03,24,month_to_month,credit_card,fiber_optic,99.3,2431.35,0,1,1,0,1,1,0,0,1,0,1,1
7301-ABVAD,2024-01-03,72,two_year,bank_transfer,dsl,86.6,6350.5,0,1,1,1,1,1,1,0,0,0,0,0
4678-DVQEO,2024-01-03,1,month_to_month,electronic_check,dsl,52.2,52.2,0,0,0,1,0,0,0,0,0,0,1,1
9415-DPEWS,2024-01-03,18,month_to_month,electronic_check,fiber_optic,88.35,1639.3,0,0,0,1,1,0,1,0,0,0,1,1
3748-FVMZZ,2024-01-03,4,month_to_month,electronic_check,dsl,40.05,162.45,0,0,0,1,0,1,0,0,0,0,1,0
5281-BUZGT,2024-01-03,36,month_to_month,electronic_check,fiber_optic,90.85,3186.7,1,0,0,0,1,0,1,1,0,0,1,1
5879-SESNB,2024-01-03,11,month_to_month,electronic_check,fiber_optic,75.25,888.65,0,0,0,0,0,0,1,0,0,0,0,0
1820-TQVEV,2024-01-03,1,month_to_month,electronic_check,fiber_optic,69.55,69.55,0,0,0,0,0,0,0,0,0,0,1,1
9003-CPATH,2024-01-03,42,month_to_month,electronic_check,fiber_optic,79.9,3313.4,0,0,1,0,0,0,1,0,0,0,0,0
1268-ASBGA,2024-01-03,16,month_to_month,credit_card,fiber_optic,85.35,1375.15,0,0,0,0,0,1,1,1,1,0,1,1
6655-LHBYW,2024-01-03,50,one_year,credit_card,fiber_optic,114.35,5791.1,1,1,1,1,1,1,1,0,0,0,0,0
9227-LUNBG,2024-01-03,1,month_to_month,electronic_check,dsl,24.6,24.6,0,0,0,0,0,0,0,0,0,0,0,1
9418-RUKPH,2024-01-03,38,two_year,mailed_check,none,19.95,756.4,0,0,0,0,0,0,0,0,1,1,1,0
0537-QYZZN,2024-01-03,24,month_to_month,electronic_check,fiber_optic,79.85,1857.75,1,0,0,0,0,0,1,1,1,1,1,0
8734-FNWVH,2024-01-03,31,month_to_month,bank_transfer,dsl,59.7,1825.5,0,0,0,0,0,1,1,0,1,1,0,0
4801-KFYKL,2024-01-03,8,month_to_month,bank_transfer,none,19.45,159.2,0,0,0,0,0,0,0,0,0,1,0,0
8327-LZKAS,2024-01-03,43,one_year,electronic_check,fiber_optic,107.55,4533.9,0,0,1,1,1,1,1,1,1,0,1,1
4188-PCPIG,2024-01-03,57,two_year,credit_card,dsl,70.35,4124.65,1,1,0,1,1,0,0,0,1,0,1,0
1843-TLSGD,2024-01-03,13,two_year,mailed_check,none,20.85,272.35,0,0,0,0,0,0,0,0,1,1,0,0
6906-MPARY,2024-01-03,40,one_year,credit_card,fiber_optic,89.6,3488.15,0,1,0,1,0,1,0,0,0,0,1,0
6082-OQFBA,2024-01-03,23,one_year,mailed_check,none,19.65,436.9,0,0,0,0,0,0,0,0,1,1,0,0
3544-FBCAS,2024-01-03,72,two_year,credit_card,dsl,83.6,5959.3,1,1,1,0,1,1,1,0,1,1,1,0
8034-RYTVV,2024-01-03,55,one_year,credit_card,fiber_optic,84.25,4589.85,1,0,1,0,0,0,1,0,0,0,1,0
7130-YXBRO,2024-01-03,48,month_to_month,bank_transfer,fiber_optic,111.45,5315.1,1,1,1,0,1,1,1,0,1,0,1,0
1157-BQCUW,2024-01-03,1,month_to_month,electronic_check,fiber_optic,74.95,74.95,0,0,0,0,0,0,1,0,0,0,1,1
9445-SZLCH,2024-01-03,36,month_to_month,bank_transfer,fiber_optic,97.35,3457.9,0,1,1,0,1,0,1,0,1,1,1,1
1399-UBQIU,2024-01-03,11,month_to_month,electronic_check,dsl,69.35,712.25,0,0,1,0,1,1,0,0,0,0,1,0
4912-PIGUY,2024-01-03,1,month_to_month,electronic_check,fiber_optic,84.6,84.6,0,0,0,0,1,0,1,0,0,0,1,0
1323-OOEPC,2024-01-03,53,month_to_month,credit_card,fiber_optic,98.4,5149.5,0,1,0,0,1,1,1,0,1,0,1,1
3181-VTHOE,2024-01-03,70,one_year,bank_transfer,dsl,51.05,3635.15,0,1,1,1,0,1,0,0,1,0,1,0
8272-ONJLV,2024-01-03,12,one_year,electronic_check,fiber_optic,95.7,1184.0,0,0,1,0,1,1,0,0,0,0,0,0
3647-GMGDH,2024-01-03,22,month_to_month,credit_card,fiber_optic,94.7,1914.9,0,0,1,0,1,1,0,0,1,0,1,1
1303-SRDOK,2024-01-03,55,two_year,credit_card,fiber_optic,69.05,3842.6,0,0,0,0,0,0,0,0,1,1,1,0
7361-YPXFS,2024-01-03,28,month_to_month,bank_transfer,dsl,64.45,1867.6,0,1,1,1,0,0,1,1,0,0,0,0
3359-DSRKA,2024-01-03,58,two_year,mailed_check,none,19.85,1158.85,0,0,0,0,0,0,0,0,1,1,1,0
6746-WAUWT,2024-01-03,19,one_year,credit_card,none,19.7,386.5,0,0,0,0,0,0,0,0,0,0,1,0
4659-NZRUF,2024-01-03,19,month_to_month,electronic_check,fiber_optic,95.15,1789.25,1,1,0,0,0,1,1,0,0,0,1,1
9518-IMLHK,2024-01-03,31,month_to_month,bank_transfer,dsl,72.45,2156.25,1,1,1,1,1,0,0,0,0,0,1,0
3374-LXDEV,2024-01-03,13,month_to_month,electronic_check,fiber_optic,89.4,1132.35,0,1,1,1,0,0,1,0,0,0,0,1
5356-RHIPP,2024-01-03,1,month_to_month,mailed_check,none,20.2,20.2,0,0,0,0,0,0,0,0,0,0,1,1
1122-JWTJW,2024-01-03,1,month_to_month,mailed_check,fiber_optic,70.65,70.65,0,0,0,0,0,0,0,0,1,1,1,1
0650-BWOZN,2024-01-03,18,month_to_month,electronic_check,fiber_optic,73.55,1359.45,0,1,0,0,0,0,0,1,0,0,1,0
5546-QUERU,2024-01-03,13,one_year,mailed_check,none,19.95,257.0,0,0,0,0,0,0,0,0,0,0,1,0
8610-ZIKJJ,2024-01-03,2,one_year,mailed_check,none,20.3,31.9,0,0,0,0,0,0,0,0,1,1,0,0
8590-YFFQO,2024-01-03,70,two_year,credit_card,dsl,64.95,4523.25,1,1,1,1,0,0,0,0,1,0,0,0
2428-HYUNX,2024-01-03,44,two_year,credit_card,none,19.35,847.25,0,0,0,0,0,0,0,1,1,0,1,0
7219-TLZHO,2024-01-03,4,month_to_month,mailed_check,none,20.85,62.9,0,0,0,0,0,0,0,0,1,1,0,0
2649-HWLYB,2024-01-03,65,two_year,bank_transfer,dsl,76.15,4929.55,1,0,1,1,0,1,1,0,1,0,0,0
8065-QBYTO,2024-01-03,71,one_year,credit_card,fiber_optic,99.65,7181.25,1,1,0,1,1,0,1,1,0,0,1,0
8259-DZLIZ,2024-01-03,64,one_year,bank_transfer,dsl,53.85,3399.85,0,1,0,0,0,0,1,0,1,1,1,0
3348-CFRNX,2024-01-03,28,month_to_month,mailed_check,fiber_optic,92.35,2602.9,1,0,0,0,1,1,0,0,1,0,1,1
8245-UMPYT,2024-01-03,16,month_to_month,electronic_check,fiber_optic,96.4,1581.2,0,0,0,0,1,1,1,1,0,0,1,1
1555-DJEQW,2024-01-03,70,two_year,bank_transfer,fiber_optic,114.2,7723.9,1,1,1,1,1,1,1,0,1,1,1,1
7776-QGYJC,2024-01-03,39,month_to_month,bank_transfer,fiber_optic,81.5,3107.3,0,0,1,1,0,0,0,0,1,1,1,0
2828-SLQPF,2024-01-03,19,month_to_month,bank_transfer,dsl,45.0,865.85,0,0,0,0,0,0,0,0,0,0,1,0
3170-GWYKC,2024-01-03,60,month_to_month,bank_transfer,fiber_optic,104.95,6236.75,1,0,1,1,1,1,0,0,0,0,1,0
1710-RCXUS,2024-01-03,51,one_year,credit_card,fiber_optic,90.35,4614.55,0,1,0,0,0,1,1,0,1,0,1,0
2673-CXQEU,2024-01-03,56,one_year,electronic_check,fiber_optic,110.5,6139.5,1,1,1,0,1,1,1,1,0,0,0,0
3838-OZURD,2024-01-03,66,month_to_month,credit_card,fiber_optic,105.0,7133.25,0,1,1,0,1,1,1,0,1,0,1,1
4859-ZSRDZ,2024-01-03,58,two_year,credit_card,dsl,55.5,3166.9,0,0,1,1,1,1,0,0,1,1,1,0
5795-BKOYE,2024-01-03,69,one_year,bank_transfer,dsl,59.1,4134.7,0,1,1,1,0,0,0,0,1,1,0,0
2851-MMUTZ,2024-01-03,27,month_to_month,mailed_check,dsl,56.15,1439.35,0,1,0,1,0,0,0,0,0,0,1,0
9752-ZNQUT,2024-01-03,1,month_to_month,electronic_check,dsl,48.6,48.6,0,1,0,0,0,0,0,0,0,0,1,0
6972-SNKKW,2024-01-03,6,month_to_month,mailed_check,none,20.0,109.2,0,0,0,0,0,0,0,0,0,0,0,0
1329-VHWNP,2024-01-03,7,month_to_month,bank_transfer,dsl,25.05,189.95,0,0,0,0,0,0,0,0,0,0,0,0
3999-QGRJH,2024-01-03,8,month_to_month,electronic_check,fiber_optic,69.7,560.85,0,0,0,0,0,0,0,1,0,0,1,1
3466-BYAVD,2024-01-03,15,month_to_month,mailed_check,dsl,69.5,1071.4,0,1,1,1,0,1,0,0,1,1,1,0
4568-TTZRT,2024-01-03,9,month_to_month,mailed_check,none,20.4,181.8,0,0,0,0,0,0,0,0,0,0,0,0
4672-FOTSD,2024-01-03,12,month_to_month,electronic_check,dsl,67.25,832.3,1,1,0,1,0,0,1,0,0,0,1,0
8851-RAGOV,2024-01-03,25,month_to_month,mailed_check,dsl,71.05,1837.7,1,1,0,1,0,1,0,0,1,0,1,0
0256-LTHVJ,2024-01-03,28,month_to_month,electronic_check,fiber_optic,81.05,2227.1,0,0,0,0,0,1,0,0,1,1,1,1
5278-PNYOX,2024-01-03,49,two_year,credit_card,fiber_optic,100.65,4917.75,0,0,1,1,1,1,0,0,0,0,0,0
3132-TVFDZ,2024-01-03,57,month_to_month,electronic_check,dsl,44.85,2572.95,0,0,0,0,1,1,0,1,1,0,1,1
6924-TDGMT,2024-01-03,11,one_year,mailed_check,none,20.55,184.95,0,0,0,0,0,0,0,0,1,0,1,0
2824-MYYBN,2024-01-03,37,month_to_month,electronic_check,fiber_optic,95.25,3314.15,0,0,0,0,1,1,1,0,1,1,1,0
4289-DTDKW,2024-01-03,40,month_to_month,electronic_check,fiber_optic,101.3,4113.1,0,1,0,0,1,1,1,0,1,0,1,1
0017-DINOC,2024-01-03,54,two_year,credit_card,dsl,45.2,2460.55,1,0,0,1,1,0,0,0,0,0,0,0
4536-PLEQY,2024-01-03,12,month_to_month,credit_card,fiber_optic,85.05,999.8,0,1,0,0,0,1,0,0,1,0,1,0
6402-EJMWF,2024-01-03,4,month_to_month,mailed_check,dsl,55.3,238.5,0,0,0,0,0,1,0,0,0,0,1,0
1442-OKRJE,2024-01-03,66,one_year,bank_transfer,fiber_optic,103.15,7031.3,1,1,1,0,1,1,0,0,1,1,1,0
1459-QNFQT,2024-01-03,70,two_year,bank_transfer,dsl,59.5,4144.8,1,0,1,1,1,1,0,0,1,1,0,0
6996-KNSML,2024-01-03,1,month_to_month,electronic_check,fiber_optic,74.9,74.9,0,0,1,0,0,0,0,0,0,0,1,1
2239-JALAW,2024-01-03,58,one_year,bank_transfer,fiber_optic,103.25,6017.65,0,1,1,0,1,1,1,0,0,0,1,1
3452-ABWRL,2024-01-03,47,month_to_month,credit_card,fiber_optic,86.05,3865.6,0,0,0,0,1,0,1,1,0,0,1,0
9231-ZJYAM,2024-01-03,4,month_to_month,electronic_check,fiber_optic,78.85,292.8,0,0,0,0,1,0,0,1,0,0,1,1
7153-CHRBV,2024-01-03,57,one_year,mailed_check,dsl,59.3,3274.35,1,0,1,1,0,0,0,0,1,1,1,0
6833-JMZYP,2024-01-03,15,month_to_month,credit_card,fiber_optic,94.0,1505.45,0,0,1,0,1,1,0,0,0,0,1,0
5666-CYCYZ,2024-01-03,24,month_to_month,electronic_check,fiber_optic,89.55,2259.35,0,0,0,1,0,1,1,0,0,0,1,0
4425-OWHWB,2024-01-03,20,one_year,credit_card,none,19.35,433.75,0,0,0,0,0,0,0,0,0,0,1,0
1543-LLLFT,2024-01-03,61,one_year,mailed_check,fiber_optic,98.3,6066.55,0,1,1,1,1,0,1,1,1,0,1,0
6581-NQCBA,2024-01-03,16,month_to_month,electronic_check,dsl,49.95,810.2,0,0,0,1,1,1,0,0,1,0,1,1
8152-VETUR,2024-01-03,72,two_year,credit_card,fiber_optic,97.7,6869.7,0,1,0,0,1,1,1,0,1,0,1,0
9796-MVYXX,2024-01-03,14,two_year,mailed_check,dsl,39.7,692.35,1,0,1,1,0,0,0,1,0,0,0,0
2842-JTCCU,2024-01-03,2,month_to_month,bank_transfer,dsl,46.05,80.35,0,0,0,0,0,0,0,0,0,0,0,1
0595-ITUDF,2024-01-03,64,month_to_month,electronic_check,fiber_optic,91.8,5960.5,1,1,1,0,0,0,1,0,1,1,1,0
0219-QAERP,2024-01-03,30,one_year,credit_card,none,19.8,576.65,0,0,0,0,0,0,0,0,1,0,0,0
8226-BXGES,2024-01-03,64,one_year,bank_transfer,fiber_optic,89.45,5692.65,1,1,1,0,0,0,1,0,1,0,0,0
3090-HAWSU,2024-01-03,61,two_year,credit_card,fiber_optic,111.6,6876.05,1,0,1,1,1,1,1,0,0,0,1,1
1136-XGEQU,2024-01-03,50,one_year,credit_card,dsl,84.15,4164.4,0,1,1,1,1,1,1,0,1,1,1,0
6732-FZUGP,2024-01-03,47,one_year,credit_card,fiber_optic,94.9,4615.25,1,0,1,0,1,0,1,0,0,0,0,0
3401-URHDA,2024-01-03,51,one_year,credit_card,dsl,59.9,3043.6,1,0,0,1,0,0,1,0,0,0,0,0
0365-TRTPY,2024-01-03,37,month_to_month,bank_transfer,fiber_optic,91.2,3382.3,1,1,1,0,0,0,1,0,0,0,0,0
4654-DLAMQ,2024-01-03,64,one_year,bank_transfer,fiber_optic,97.0,6430.9,1,1,1,0,0,1,0,1,1,0,0,0
8847-GEOOQ,2024-01-03,60,month_to_month,bank_transfer,dsl,60.2,3582.4,0,1,1,1,1,1,0,0,1,0,1,0
3030-ZKIWL,2024-01-03,1,month_to_month,mailed_check,none,20.05,20.05,0,0,0,0,0,0,0,0,0,0,0,0
6727-IOTLZ,2024-01-03,14,two_year,mailed_check,dsl,81.95,1181.75,0,1,1,1,1,1,0,0,1,0,0,0
6960-HVYXR,2024-01-03,1,month_to_month,electronic_check,fiber_optic,76.0,76.0,0,0,0,0,0,0,1,0,0,0,0,1
0378-NHQXU,2024-01-03,17,month_to_month,electronic_check,fiber_optic,88.25,1460.65,0,0,1,0,1,0,1,0,1,1,0,1
0565-JUPYD,2024-01-03,63,one_year,credit_card,fiber_optic,104.5,6590.8,1,1,1,1,1,0,1,0,0,0,0,0
4625-XMOYM,2024-01-03,72,two_year,bank_transfer,none,26.25,1988.05,0,0,0,0,0,0,1,0,1,1,1,0
7663-ZTEGJ,2024-01-03,29,one_year,credit_card,fiber_optic,100.55,2830.45,0,1,1,1,0,1,1,0,0,1,0,0
1402-PTHGN,2024-01-03,18,one_year,mailed_check,dsl,61.5,1087.45,1,1,0,1,0,0,0,0,1,1,1,0
7657-DYEPJ,2024-01-03,38,one_year,credit_card,dsl,70.15,2497.35,0,1,1,1,1,0,0,1,0,0,1,1
3523-BRGUW,2024-01-03,26,one_year,credit_card,none,19.3,504.2,0,0,0,0,0,0,0,1,0,0,0,0
0100-DUVFC,2024-01-03,70,one_year,electronic_check,fiber_optic,104.8,7308.95,0,1,1,0,1,1,1,1,1,0,1,0
2026-TGDHM,2024-01-03,7,month_to_month,electronic_check,fiber_optic,79.3,523.15,0,0,0,0,0,1,0,0,0,0,1,1
9746-UGFAC,2024-01-03,22,one_year,bank_transfer,none,20.85,450.65,0,0,0,0,0,0,0,0,0,0,0,0
1042-HFUCW,2024-01-03,25,one_year,credit_card,dsl,54.75,1266.35,0,1,0,1,0,0,0,0,0,1,1,0
1153-GNOLC,2024-01-03,33,one_year,electronic_check,dsl,39.1,1309.0,0,1,0,0,1,0,0,0,0,0,1,0
0576-WNXXC,2024-01-03,27,month_to_month,electronic_check,fiber_optic,95.55,2510.2,0,1,1,0,0,1,1,1,1,0,1,1
6906-ANDWJ,2024-01-03,15,month_to_month,bank_transfer,fiber_optic,74.9,1107.25,0,0,0,0,0,0,1,0,1,1,1,1
1022-RKXDR,2024-01-03,41,one_year,mailed_check,none,24.85,962.25,0,0,0,0,0,0,1,0,0,0,1,0
7123-WQUHX,2024-01-03,38,one_year,bank_transfer,fiber_optic,95.0,3605.6,0,0,1,1,1,0,1,0,0,0,0,0
5857-TYBCJ,2024-01-03,44,month_to_month,electronic_check,fiber_optic,89.2,4040.2,0,0,1,0,1,0,1,1,1,0,1,0
7729-XBTWX,2024-01-03,66,two_year,mailed_check,none,19.75,1344.5,0,0,0,0,0,0,0,0,1,1,1,0
3978-YNKDD,2024-01-03,19,two_year,credit_card,none,20.85,467.5,0,0,0,0,0,0,0,0,0,1,0,0
9170-CCKOU,2024-01-03,17,month_to_month,credit_card,fiber_optic,90.2,1454.15,1,1,1,0,0,0,1,0,1,0,0,1
1475-VWVDO,2024-01-03,7,month_to_month,electronic_check,fiber_optic,74.9,490.55,0,0,1,0,0,0,0,0,0,0,1,0
7108-DGVUU,2024-01-03,21,one_year,bank_transfer,dsl,71.7,1497.05,0,1,1,0,0,1,1,1,1,0,0,0
2533-QVMSK,2024-01-03,61,two_year,electronic_check,fiber_optic,94.1,5638.3,0,1,0,1,1,0,1,0,1,0,1,1
7339-POGZN,2024-01-03,4,month_to_month,electronic_check,dsl,50.7,214.55,0,0,0,0,0,0,1,0,0,0,0,0
6848-YLDFR,2024-01-03,58,one_year,credit_card,dsl,75.2,4300.8,0,1,0,1,1,1,0,0,1,1,1,0
2898-LSJGD,2024-01-03,21,one_year,electronic_check,dsl,55.95,1157.05,1,0,1,0,1,1,0,0,1,1,1,1
3507-GASNP,2024-01-03,60,two_year,mailed_check,none,19.95,1189.9,0,0,0,0,0,0,0,0,0,1,0,0
7799-LGRDP,2024-01-03,43,two_year,credit_card,none,25.7,1188.2,0,0,0,0,0,0,1,0,0,0,1,0
5373-SFODM,2024-01-03,36,month_to_month,credit_card,fiber_optic,85.25,3132.75,0,0,0,0,0,1,1,1,1,0,1,1
7733-UDMTP,2024-01-03,57,month_to_month,electronic_check,dsl,55.0,3094.05,0,1,1,0,1,1,0,1,0,0,1,0
2801-NISEI,2024-01-03,24,month_to_month,electronic_check,dsl,54.95,1348.5,1,0,0,1,0,0,0,0,0,0,0,0
4378-MYPGO,2024-01-03,68,two_year,bank_transfer,fiber_optic,105.25,7173.15,1,1,1,0,1,1,0,0,1,1,1,0
0129-KPTWJ,2024-01-03,72,month_to_month,electronic_check,fiber_optic,94.65,6747.35,0,0,1,0,1,1,0,0,1,0,1,0
0373-AIVNJ,2024-01-03,9,one_year,mailed_check,dsl,39.55,373.0,1,1,1,0,0,0,0,0,0,0,0,0
8414-OOEEL,2024-01-03,66,two_year,credit_card,dsl,79.5,5196.1,0,1,1,1,1,1,0,0,0,1,1,0
8541-QVFKM,2024-01-03,8,month_to_month,electronic_check,fiber_optic,73.5,632.2,0,0,0,0,0,0,1,0,0,0,1,0
2931-XIQBR,2024-01-03,50,one_year,mailed_check,fiber_optic,103.05,5153.5,0,0,1,1,1,1,0,0,1,1,0,0
5652-MSDEY,2024-01-03,10,month_to_month,mailed_check,fiber_optic,75.75,777.3,0,0,0,0,0,0,1,0,0,0,1,0
2586-CWXVV,2024-01-03,54,month_to_month,electronic_check,dsl,30.4,1621.35,0,1,0,0,0,0,0,0,1,0,0,0
8058-INTPH,2024-01-03,1,month_to_month,electronic_check,fiber_optic,79.65,79.65,0,0,0,0,1,0,0,0,0,0,1,1
2798-NYLMZ,2024-01-03,71,two_year,credit_card,fiber_optic,108.55,7616.0,1,0,1,1,1,1,1,0,1,0,1,0
0880-TKATG,2024-01-03,4,month_to_month,electronic_check,fiber_optic,101.15,385.9,0,0,1,0,1,1,1,0,1,1,0,1
9342-VNIMQ,2024-01-03,33,month_to_month,bank_transfer,dsl,54.65,1665.2,0,1,0,0,0,0,1,0,0,0,1,0
7779-LGOVN,2024-01-03,10,month_to_month,electronic_check,fiber_optic,86.65,856.65,0,0,0,0,0,1,1,1,1,0,1,1
2192-CKRLV,2024-01-03,72,two_year,electronic_check,dsl,49.2,3580.95,1,1,1,0,0,1,0,0,1,0,1,0
6982-UQZLY,2024-01-03,1,month_to_month,mailed_check,none,20.85,20.85,0,0,0,0,0,0,0,1,1,0,1,1
8441-SHIPE,2024-01-03,67,two_year,bank_transfer,none,25.6,1790.35,0,0,0,0,0,0,1,0,0,0,1,0
8212-CRQXP,2024-01-03,22,month_to_month,credit_card,fiber_optic,80.0,1706.45,0,0,0,0,1,0,0,0,1,0,1,0
3009-JWMPU,2024-01-03,62,one_year,electronic_check,fiber_optic,96.75,6125.4,0,0,1,0,1,1,1,0,0,0,1,1
0623-IIHUG,2024-01-03,21,month_to_month,electronic_check,dsl,41.9,840.1,1,0,0,0,1,0,0,1,0,0,1,1
2632-IVXVF,2024-01-03,68,two_year,credit_card,fiber_optic,111.75,7511.3,1,0,1,1,1,1,1,0,1,1,0,0
0655-RBDUG,2024-01-03,7,month_to_month,bank_transfer,fiber_optic,98.05,713.0,0,0,1,0,1,1,1,0,0,0,1,1
1867-TJHTS,2024-01-03,58,month_to_month,bank_transfer,fiber_optic,79.8,4526.85,1,0,0,0,0,0,1,0,0,0,1,0
0027-KWYKW,2024-01-03,23,month_to_month,electronic_check,fiber_optic,83.75,1849.95,0,0,0,0,1,0,1,0,1,1,1,0
1131-QQZEB,2024-01-03,71,two_year,bank_transfer,none,23.95,1756.2,0,0,0,0,0,0,1,1,1,0,0,0
5651-CRHKQ,2024-01-03,41,one_year,bank_transfer,fiber_optic,86.2,3339.05,0,1,1,1,0,0,0,0,1,0,1,0
1371-DWPAZ,2024-01-03,0,two_year,credit_card,dsl,56.05,0.0,1,1,1,1,1,0,0,0,1,1,0,0
1194-BHJYC,2024-01-03,61,two_year,mailed_check,dsl,62.15,3778.85,1,0,1,1,1,1,0,0,1,0,1,0
0572-ZJKLT,2024-01-03,46,two_year,mailed_check,fiber_optic,99.65,4630.2,1,0,1,1,0,1,1,0,1,1,0,0
2928-HLDBA,2024-01-03,6,month_to_month,mailed_check,none,20.7,112.75,0,0,0,0,0,0,0,0,0,0,0,0
2645-QTLMB,2024-01-03,7,month_to_month,electronic_check,fiber_optic,94.25,669.0,0,1,0,0,1,1,0,0,0,0,1,1
0491-KAPQG,2024-01-03,21,month_to_month,electronic_check,fiber_optic,73.7,1558.7,0,0,0,0,0,0,1,0,0,0,1,0
3793-MMFUH,2024-01-03,13,month_to_month,electronic_check,fiber_optic,95.05,1290.0,0,0,0,0,1,1,1,1,0,0,1,1
0578-SKVMF,2024-01-03,22,month_to_month,electronic_check,fiber_optic,83.3,1845.9,0,1,0,0,0,1,0,0,1,1,0,1
1025-FALIX,2024-01-03,26,month_to_month,credit_card,fiber_optic,69.05,1815.65,0,0,0,0,0,0,0,0,0,0,1,0
7880-XSOJX,2024-01-03,4,month_to_month,mailed_check,dsl,42.4,146.4,1,1,0,1,0,0,0,0,0,0,0,0
5799-JRCZO,2024-01-03,63,two_year,credit_card,none,19.5,1215.1,0,0,0,0,0,0,0,0,0,1,0,0
0495-ZBNGW,2024-01-03,5,month_to_month,bank_transfer,fiber_optic,79.9,343.95,0,0,1,0,0,0,1,1,1,0,1,1
9970-QBCDA,2024-01-03,6,month_to_month,credit_card,none,19.7,129.55,0,0,0,0,0,0,0,0,0,0,0,0
7271-AJDTL,2024-01-03,55,month_to_month,credit_card,fiber_optic,94.45,5073.1,0,1,1,0,1,0,1,0,1,0,1,0
7833-PKIHD,2024-01-03,51,one_year,bank_transfer,dsl,76.4,3966.3,1,0,0,1,1,1,0,0,1,1,1,0
5791-KAJFD,2024-01-03,56,one_year,bank_transfer,dsl,68.75,3808.0,1,0,1,0,0,1,1,0,1,1,1,0
8499-BRXTD,2024-01-03,18,one_year,mailed_check,none,20.1,401.85,0,0,0,0,0,0,0,0,0,0,0,0
0853-TWRVK,2024-01-03,72,two_year,bank_transfer,fiber_optic,105.6,7581.5,1,1,1,1,0,1,1,0,1,0,0,0
4456-RHSNB,2024-01-03,19,month_to_month,bank_transfer,dsl,49.6,962.9,0,0,1,0,0,0,0,0,1,1,1,0
9809-IMGCQ,2024-01-03,22,month_to_month,electronic_check,fiber_optic,96.7,2082.95,0,0,0,0,1,1,1,1,0,0,1,1
2073-QBVBI,2024-01-03,41,one_year,mailed_check,dsl,35.45,1391.65,0,1,0,1,0,0,0,0,1,0,0,0
1257-SXUXQ,2024-01-03,5,month_to_month,mailed_check,none,19.45,86.05,0,0,0,0,0,0,0,0,1,1,0,0
6169-PGNCD,2024-01-03,57,two_year,credit_card,dsl,74.3,4166.35,1,1,1,1,1,0,0,0,0,0,1,0
2692-BUCFV,2024-01-03,29,month_to_month,bank_transfer,fiber_optic,101.45,2948.6,0,1,1,0,1,1,0,1,0,0,1,0
1644-IRKSF,2024-01-03,33,one_year,electronic_check,fiber_optic,93.8,3124.5,0,0,1,0,1,1,0,0,1,1,1,1
1304-SEGFY,2024-01-03,72,two_year,electronic_check,fiber_optic,97.85,6841.3,0,0,1,0,1,1,1,0,1,0,1,0
9777-WJJPR,2024-01-03,31,month_to_month,credit_card,fiber_optic,88.65,2683.2,0,0,1,0,1,0,1,0,1,0,0,0
5732-IKGQH,2024-01-03,52,one_year,bank_transfer,fiber_optic,104.45,5481.25,1,0,1,1,1,1,0,1,1,0,1,0
1757-TCATG,2024-01-03,35,one_year,bank_transfer,none,20.05,746.75,0,0,0,0,0,0,0,0,1,1,0,0
8314-HTWVE,2024-01-03,7,two_year,mailed_check,none,19.85,144.15,0,0,0,0,0,0,0,0,1,1,0,0
2087-QAREY,2024-01-03,22,month_to_month,mailed_check,dsl,54.7,1178.75,0,1,1,0,0,0,0,0,1,0,1,0
4229-CZMLL,2024-01-03,6,month_to_month,electronic_check,fiber_optic,74.9,469.8,0,0,0,0,0,0,1,0,0,0,1,1
4940-KHCWD,2024-01-03,60,two_year,bank_transfer,dsl,37.7,2288.7,1,1,0,1,0,0,0,0,1,0,0,0
1834-WULEG,2024-01-03,24,one_year,mailed_check,none,20.25,439.75,0,0,0,0,0,0,0,0,1,1,0,0
6360-SVNWV,2024-01-03,31,month_to_month,credit_card,fiber_optic,73.55,2094.65,1,0,0,0,0,0,0,1,0,0,1,0
5226-NOZFC,2024-01-03,26,month_to_month,electronic_check,fiber_optic,85.75,2146.5,0,1,0,0,1,0,0,0,0,0,1,0
1062-LHZOD,2024-01-03,1,month_to_month,mailed_check,fiber_optic,69.9,69.9,0,0,0,0,0,0,0,0,1,1,1,1
1106-HRLKZ,2024-01-03,40,two_year,mailed_check,none,19.6,808.95,0,0,0,0,0,0,0,0,1,1,0,0
7094-MSZAO,2024-01-03,10,month_to_month,credit_card,none,20.05,218.5,0,0,0,0,0,0,0,0,1,1,1,0
0613-WUXUM,2024-01-03,70,two_year,mailed_check,none,19.2,1401.4,0,0,0,0,0,0,0,0,1,1,1,0
8806-EAGWC,2024-01-03,3,month_to_month,mailed_check,dsl,55.15,159.15,0,0,0,0,1,0,0,0,0,0,0,1
6769-DYBQN,2024-01-03,46,month_to_month,electronic_check,fiber_optic,85.0,3969.4,1,0,0,0,0,1,0,1,0,0,0,1
2408-TZMJL,2024-01-03,59,one_year,electronic_check,fiber_optic,110.15,6448.05,1,1,1,0,1,1,1,0,1,0,1,1
1996-DBMUS,2024-01-03,48,month_to_month,bank_transfer,fiber_optic,70.65,3545.05,0,0,0,0,0,0,0,1,1,0,1,0
6323-AYBRX,2024-01-03,59,two_year,mailed_check,none,19.35,1099.6,0,0,0,0,0,0,0,0,0,0,0,1
1432-FPAXX,2024-01-03,29,month_to_month,electronic_check,dsl,30.6,856.35,0,1,0,0,0,0,0,0,0,0,1,1
4160-AMJTL,2024-01-03,8,month_to_month,electronic_check,none,19.65,164.3,0,0,0,0,0,0,0,1,0,0,0,1
3352-RICWQ,2024-01-03,9,two_year,mailed_check,none,19.75,210.65,0,0,0,0,0,0,0,0,1,1,0,0
2680-XKKNJ,2024-01-03,8,one_year,bank_transfer,dsl,58.2,469.25,1,1,0,1,0,0,0,0,0,0,0,0
8182-BJDSI,2024-01-03,28,month_to_month,electronic_check,fiber_optic,89.95,2625.55,0,1,0,0,0,1,1,0,0,0,1,1
1389-WNUIB,2024-01-03,20,one_year,bank_transfer,dsl,76.0,1588.75,1,0,0,0,1,1,1,0,1,1,0,0
4612-THJBS,2024-01-03,56,one_year,bank_transfer,fiber_optic,104.75,5510.65,0,1,1,0,1,1,1,1,0,0,1,1
1530-ZTDOZ,2024-01-03,49,month_to_month,bank_transfer,dsl,40.65,2070.75,1,0,0,0,1,0,0,0,1,0,0,0
5842-POCOP,2024-01-03,5,month_to_month,mailed_check,fiber_optic,88.9,454.15,1,0,1,0,0,1,0,0,1,0,1,1
9492-TOKRI,2024-01-03,18,month_to_month,credit_card,fiber_optic,90.0,1527.35,0,1,0,0,1,0,1,0,0,0,1,1
0795-LAFGP,2024-01-03,71,two_year,electronic_check,dsl,90.4,6668.05,1,1,1,1,1,1,1,0,1,1,0,0
0611-DFXKO,2024-01-03,20,month_to_month,mailed_check,fiber_optic,89.0,1820.45,0,0,0,0,1,1,0,0,1,0,1,1
8035-BUYVG,2024-01-03,40,one_year,electronic_check,dsl,42.35,1716.45,1,1,1,0,0,0,0,0,1,0,1,1
6620-JDYNW,2024-01-03,18,month_to_month,mailed_check,dsl,60.6,1156.35,1,0,1,0,0,0,1,0,0,0,1,0
8590-OHDIW,2024-01-03,38,one_year,mailed_check,none,20.3,749.35,0,0,0,0,0,0,0,0,1,1,0,0
5897-ZYEKH,2024-01-03,67,one_year,electronic_check,fiber_optic,105.6,7112.15,1,1,0,0,1,1,1,1,1,0,1,0
5084-OOVCJ,2024-01-03,17,month_to_month,credit_card,dsl,55.35,920.5,1,0,0,1,0,0,0,0,1,1,1,0
1740-CSDJP,2024-01-03,1,month_to_month,bank_transfer,dsl,35.25,35.25,0,0,0,0,0,1,0,0,0,0,1,1
2696-RZVZW,2024-01-03,68,two_year,credit_card,none,25.05,1629.2,0,0,0,0,0,0,1,0,1,0,0,0
9450-TRJUU,2024-01-03,35,month_to_month,electronic_check,fiber_optic,83.15,2848.45,0,0,0,0,1,0,1,0,0,0,0,0
4581-SSPWD,2024-01-03,3,month_to_month,electronic_check,fiber_optic,75.8,246.3,0,0,0,0,0,0,1,0,0,0,1,1
4813-HQMGZ,2024-01-03,8,month_to_month,electronic_check,fiber_optic,90.25,743.75,0,0,0,1,0,1,1,0,1,0,1,0
4903-CNOZC,2024-01-03,29,one_year,credit_card,dsl,70.9,1964.6,0,1,1,0,0,1,1,0,0,0,0,0
0822-GAVAP,2024-01-03,2,month_to_month,electronic_check,dsl,34.7,62.25,0,0,0,0,0,1,0,0,0,0,1,1
3055-OYMSE,2024-01-03,53,month_to_month,credit_card,fiber_optic,73.8,4003.85,0,1,0,0,0,0,0,1,0,0,1,0
7242-QZLXF,2024-01-03,1,month_to_month,electronic_check,dsl,25.3,25.3,0,0,0,0,0,0,0,0,0,1,1,1
8325-QRPZR,2024-01-03,7,month_to_month,electronic_check,fiber_optic,75.15,525.0,0,0,1,0,0,0,0,0,0,0,1,0
7874-ECPQJ,2024-01-03,4,month_to_month,bank_transfer,none,20.05,85.5,0,0,0,0,0,0,0,0,0,1,1,0
2476-YGEFM,2024-01-03,29,month_to_month,credit_card,fiber_optic,76.0,2215.25,0,0,0,0,0,0,1,0,0,0,1,0
2276-YDAVZ,2024-01-03,3,month_to_month,credit_card,fiber_optic,75.1,270.7,0,0,0,0,0,0,1,0,0,0,1,1
0661-XEYAN,2024-01-03,1,month_to_month,mailed_check,dsl,25.8,25.8,0,0,0,0,0,0,0,1,0,0,1,1
1397-XKKWR,2024-01-03,7,one_year,mailed_check,dsl,35.3,264.8,1,0,1,0,0,0,0,0,0,0,0,0
9249-FXSCK,2024-01-03,52,one_year,credit_card,fiber_optic,111.25,5916.45,1,1,0,1,1,1,1,0,0,0,1,1
4718-WXBGI,2024-01-03,72,two_year,credit_card,dsl,91.95,6614.9,1,1,1,1,1,1,1,0,1,1,1,0
0486-HECZI,2024-01-03,55,month_to_month,electronic_check,fiber_optic,96.75,5238.9,1,1,0,0,1,0,1,0,1,0,1,1
7291-CDTMJ,2024-01-03,1,month_to_month,bank_transfer,none,19.65,19.65,0,0,0,0,0,0,0,0,0,0,1,0
7196-LIWRH,2024-01-03,6,two_year,mailed_check,none,19.55,124.45,0,0,0,0,0,0,0,0,0,0,0,0
0625-AFOHS,2024-01-03,29,two_year,mailed_check,none,20.2,558.8,0,0,0,0,0,0,0,0,1,1,0,0
5656-MJEFC,2024-01-03,42,two_year,credit_card,dsl,48.15,2032.3,1,0,1,1,1,0,0,0,1,1,0,0
5640-CAXOA,2024-01-03,30,one_year,credit_card,dsl,40.35,1187.05,0,0,0,1,0,1,0,0,0,0,1,0
3946-MHCZW,2024-01-03,1,month_to_month,mailed_check,dsl,50.9,50.9,0,0,1,0,0,0,0,0,0,0,0,1
8374-UULRV,2024-01-03,72,two_year,credit_card,dsl,86.05,6309.65,1,1,0,1,1,1,1,0,0,0,0,0
2108-YKQTY,2024-01-03,4,month_to_month,credit_card,dsl,50.7,151.3,0,1,0,0,0,0,0,0,0,0,0,1
2862-PFNIK,2024-01-03,1,month_to_month,electronic_check,dsl,24.7,24.7,0,0,0,0,0,0,0,0,0,1,1,0
2856-HYAPG,2024-01-03,1,month_to_month,electronic_check,fiber_optic,68.65,68.65,0,0,0,0,0,0,0,0,0,0,0,1
3707-GNWHM,2024-01-03,1,month_to_month,mailed_check,fiber_optic,74.25,74.25,0,0,0,0,0,0,1,0,0,0,1,1
2363-BJLSL,2024-01-03,62,month_to_month,bank_transfer,dsl,80.4,4981.15,0,1,1,1,1,1,0,0,0,0,1,0
3663-MITLP,2024-01-03,15,month_to_month,electronic_check,fiber_optic,101.25,1457.25,0,1,1,0,1,1,0,0,0,0,1,1
3373-YZZYM,2024-01-03,1,month_to_month,mailed_check,none,19.2,19.2,0,0,0,0,0,0,0,0,1,1,0,0
5848-FHRFC,2024-01-03,68,two_year,bank_transfer,none,20.05,1386.9,0,0,0,0,0,0,0,0,0,0,0,0
0840-DFEZH,2024-01-03,7,month_to_month,electronic_check,fiber_optic,75.35,564.65,0,0,0,0,0,0,1,0,0,0,1,0
5879-HMFFH,2024-01-03,72,two_year,bank_transfer,dsl,88.05,6520.8,1,1,1,1,1,1,1,0,1,0,0,0
4723-BEGSG,2024-01-03,72,two_year,credit_card,dsl,86.65,6094.25,1,0,1,1,1,1,1,0,1,0,0,0
3976-BWUCK,2024-01-03,30,month_to_month,credit_card,fiber_optic,94.1,2804.45,0,1,0,1,1,0,1,0,1,0,1,1
7120-RFMVS,2024-01-03,1,month_to_month,electronic_check,fiber_optic,84.5,84.5,0,0,0,0,1,0,1,0,0,0,0,1
8292-FRFZQ,2024-01-03,39,one_year,bank_transfer,dsl,41.15,1700.9,1,1,0,1,0,0,0,0,0,0,0,0
9480-BQJEI,2024-01-03,62,one_year,bank_transfer,fiber_optic,92.3,5731.45,1,1,0,0,0,1,1,0,0,0,1,0
4350-ZTLPI,2024-01-03,53,one_year,bank_transfer,fiber_optic,108.95,5718.2,0,1,1,1,1,1,1,0,1,0,1,0
3763-GCZHZ,2024-01-03,66,one_year,electronic_check,fiber_optic,104.05,6890.0,0,1,0,1,1,1,1,0,1,0,1,1
1658-XUHBX,2024-01-03,59,month_to_month,credit_card,fiber_optic,88.75,5348.65,0,0,1,0,0,1,1,1,1,1,1,0
2507-QZPQS,2024-01-03,15,month_to_month,electronic_check,fiber_optic,95.7,1451.1,0,1,0,1,0,1,1,0,0,0,0,0
0564-JJHGS,2024-01-03,9,month_to_month,electronic_check,fiber_optic,95.5,829.1,0,0,0,0,1,1,1,0,0,0,1,1
9750-BOOHV,2024-01-03,32,one_year,mailed_check,dsl,30.15,927.65,1,0,0,0,0,0,0,0,0,0,0,0
8773-HHUOZ,2024-01-03,17,month_to_month,mailed_check,dsl,64.7,1093.1,0,0,0,0,1,1,0,0,0,1,1,1
1335-MXCSE,2024-01-03,55,two_year,credit_card,dsl,55.25,3119.9,0,0,1,1,0,0,0,0,1,1,1,0
6029-CSMJE,2024-01-03,17,month_to_month,mailed_check,dsl,25.65,440.2,0,0,0,0,0,0,0,0,0,0,1,0
8707-RMEZH,2024-01-03,69,one_year,credit_card,fiber_optic,87.3,6055.55,1,1,0,0,0,1,0,1,1,0,0,0
0771-CHWSK,2024-01-03,66,two_year,credit_card,dsl,74.6,4798.4,1,1,1,0,0,1,1,0,0,0,1,0
3703-KBKZP,2024-01-03,16,month_to_month,bank_transfer,fiber_optic,74.45,1261.35,0,0,0,0,0,0,1,1,0,0,1,0
9477-LGWQI,2024-01-03,70,two_year,credit_card,dsl,80.15,5600.15,1,1,1,0,1,1,0,0,1,1,1,0
4893-GYUJU,2024-01-03,50,one_year,mailed_check,none,19.35,1033.0,0,0,0,0,0,0,0,0,0,0,1,0
2393-DIVAI,2024-01-03,3,month_to_month,mailed_check,none,20.0,61.7,0,0,0,0,0,0,0,0,0,0,1,0
0872-JCPIB,2024-01-03,17,month_to_month,bank_transfer,dsl,65.75,1111.2,1,0,0,0,0,1,1,0,0,0,0,0
9909-IDLEK,2024-01-03,20,month_to_month,mailed_check,fiber_optic,96.8,1826.7,0,1,0,1,1,0,1,0,1,1,0,0
4086-WITJG,2024-01-03,71,two_year,credit_card,none,19.7,1301.1,0,0,0,0,0,0,0,0,1,1,0,0
2874-YXVVA,2024-01-03,34,month_to_month,electronic_check,fiber_optic,105.1,3634.8,0,1,1,1,1,1,0,0,0,0,1,0
0057-QBUQH,2024-01-03,43,two_year,electronic_check,none,25.1,1070.15,0,0,0,0,0,0,1,0,0,1,1,0
4676-MQUEA,2024-01-03,50,one_year,bank_transfer,fiber_optic,101.9,5265.5,1,1,1,0,1,0,1,1,1,0,1,0
0580-PIQHM,2024-01-03,41,one_year,bank_transfer,fiber_optic,101.6,3930.55,1,1,1,0,0,1,1,0,1,1,1,0
5243-SAOTC,2024-01-03,54,month_to_month,bank_transfer,fiber_optic,79.85,4308.25,0,1,0,0,0,0,1,0,0,0,1,0
8347-GDTMP,2024-01-03,64,two_year,credit_card,none,19.45,1225.65,0,0,0,0,0,0,0,0,1,0,0,0
5012-YSPJJ,2024-01-03,31,month_to_month,mailed_check,dsl,54.35,1647.0,0,0,1,1,0,0,0,0,1,1,0,0
5288-AHOUP,2024-01-03,11,month_to_month,electronic_check,fiber_optic,78.5,874.2,0,0,0,0,0,1,0,1,0,0,1,0
7488-MXJIV,2024-01-03,4,month_to_month,electronic_check,fiber_optic,85.65,321.65,0,0,0,0,1,0,1,0,0,0,1,1
9867-XOBQA,2024-01-03,21,two_year,mailed_check,dsl,53.15,1183.2,1,1,1,1,1,0,0,0,0,1,0,0
2511-ALLCS,2024-01-03,35,two_year,bank_transfer,none,24.3,821.6,0,0,0,0,0,0,1,0,1,1,0,0
5578-NKCXI,2024-01-03,58,one_year,credit_card,fiber_optic,99.25,5846.65,1,1,0,0,1,1,0,0,1,1,0,0
1223-UNPKS,2024-01-03,20,two_year,mailed_check,none,20.05,400.0,0,0,0,0,0,0,0,0,1,1,0,0
9087-EYCPR,2024-01-03,60,two_year,mailed_check,none,25.0,1505.05,0,0,0,0,0,0,1,0,0,0,0,0
5924-SNGKP,2024-01-03,41,one_year,credit_card,none,20.25,865.0,0,0,0,0,0,0,0,0,0,1,1,0
1101-SSWAG,2024-01-03,15,month_to_month,electronic_check,dsl,51.1,711.15,0,0,0,0,0,0,1,0,1,0,1,0
0082-LDZUE,2024-01-03,1,month_to_month,mailed_check,dsl,44.3,44.3,0,0,0,0,0,0,0,0,0,0,1,0
2003-CKLOR,2024-01-03,66,month_to_month,electronic_check,fiber_optic,99.5,6710.5,0,1,1,0,1,1,0,0,0,0,0,1
0679-IDSTG,2024-01-03,1,month_to_month,electronic_check,fiber_optic,69.25,69.25,0,0,0,0,0,0,0,1,1,1,1,1
7729-JTEEC,2024-01-03,2,month_to_month,electronic_check,dsl,44.5,90.05,0,0,0,0,0,0,0,0,1,1,1,0
1550-LOAHA,2024-01-03,32,month_to_month,bank_transfer,fiber_optic,84.15,2585.95,0,1,0,0,0,1,0,0,1,0,0,1
8336-TAVKX,2024-01-03,72,two_year,bank_transfer,dsl,78.45,5682.25,1,1,1,1,0,1,1,1,1,0,0,0
9114-VEPUF,2024-01-03,62,one_year,electronic_check,fiber_optic,96.1,6001.45,1,1,0,0,0,1,1,0,1,0,0,0
2688-BHGOG,2024-01-03,9,month_to_month,electronic_check,fiber_optic,79.55,718.55,0,0,0,0,0,1,0,1,0,0,1,0
2038-OEQZH,2024-01-03,4,month_to_month,electronic_check,fiber_optic,86.05,308.1,0,0,1,0,0,1,0,0,0,0,0,0
4767-HZZHQ,2024-01-03,30,month_to_month,bank_transfer,fiber_optic,82.05,2570.2,0,1,1,0,0,0,0,0,1,1,0,0
0093-XWZFY,2024-01-03,40,month_to_month,credit_card,fiber_optic,104.5,4036.85,0,1,1,0,1,1,1,0,0,0,1,1
5519-TEEUH,2024-01-03,33,one_year,mailed_check,none,20.15,682.15,0,0,0,0,0,0,0,0,0,1,1,0
1088-CNNKB,2024-01-03,63,one_year,credit_card,dsl,80.0,5040.2,1,1,1,1,0,1,1,0,1,0,0,0
1813-JLKWR,2024-01-03,64,one_year,bank_transfer,none,19.8,1336.65,0,0,0,0,0,0,0,0,1,1,0,0
4566-NECEV,2024-01-03,5,month_to_month,electronic_check,fiber_optic,96.55,500.1,0,1,1,0,0,1,1,0,0,0,0,0
1009-IRMNA,2024-01-03,7,month_to_month,bank_transfer,none,20.0,137.6,0,0,0,0,0,0,0,0,0,0,0,1
7410-OIEDU,2024-01-03,10,month_to_month,mailed_check,fiber_optic,79.85,887.35,1,0,1,0,0,0,0,0,0,0,1,0
7549-MYGPK,2024-01-03,63,month_to_month,electronic_check,fiber_optic,100.55,6215.35,1,1,1,0,1,0,1,0,1,1,1,1
0056-EPFBG,2024-01-03,20,two_year,credit_card,dsl,39.4,825.4,1,0,1,1,0,0,0,0,1,1,1,0
5032-USPKF,2024-01-03,38,one_year,bank_transfer,dsl,84.1,3187.65,1,1,1,0,1,1,1,0,0,0,0,0
6723-WSNTY,2024-01-03,66,one_year,credit_card,fiber_optic,108.1,7181.95,0,1,1,1,1,1,1,1,1,0,1,0
1195-OIYEJ,2024-01-03,13,month_to_month,electronic_check,fiber_optic,91.1,1135.7,0,0,0,0,1,1,0,0,0,0,1,1
7964-YESJC,2024-01-03,24,month_to_month,mailed_check,dsl,66.3,1559.45,1,1,1,0,0,0,1,0,1,0,0,0
5995-SNNEW,2024-01-03,23,month_to_month,electronic_check,fiber_optic,104.45,2184.85,0,1,1,0,1,1,1,1,1,0,1,0
9904-EHEVJ,2024-01-03,32,month_to_month,mailed_check,fiber_optic,91.35,2896.55,0,0,1,0,1,0,1,1,1,1,1,0
7876-AEHIG,2024-01-03,51,one_year,bank_transfer,dsl,60.15,3077.0,1,0,1,1,1,1,0,0,0,1,0,0
4933-BSAIP,2024-01-03,40,two_year,mailed_check,none,19.1,780.1,0,0,0,0,0,0,0,0,1,0,0,0
2978-XXSOG,2024-01-03,22,month_to_month,mailed_check,dsl,59.05,1253.5,1,0,0,1,0,0,1,0,0,0,1,0
2585-KTFRE,2024-01-03,1,month_to_month,bank_transfer,dsl,70.45,70.45,1,1,0,1,0,1,0,0,0,1,1,0
4847-TAJYI,2024-01-03,6,month_to_month,electronic_check,fiber_optic,89.35,567.8,0,0,0,0,1,1,0,1,0,0,1,0
6141-OOXUQ,2024-01-03,1,month_to_month,mailed_check,none,19.65,19.65,0,0,0,0,0,0,0,0,0,0,0,1
8189-DUKMV,2024-01-03,4,one_year,bank_transfer,none,20.5,79.05,0,0,0,0,0,0,0,0,1,0,0,0
7752-XUSCI,2024-01-03,60,month_to_month,electronic_check,fiber_optic,105.9,6396.45,0,1,1,0,1,1,1,0,0,0,1,1
4334-HOWRP,2024-01-03,72,two_year,credit_card,dsl,64.95,4546.0,1,1,1,1,1,1,0,1,1,0,1,0
4445-KWOKW,2024-01-03,42,one_year,bank_transfer,dsl,60.15,2421.6,1,1,0,0,0,0,1,0,0,0,1,0
0541-FITGH,2024-01-03,2,month_to_month,mailed_check,dsl,62.15,113.1,1,0,0,0,0,1,0,0,1,0,1,0
8039-EQPIM,2024-01-03,69,two_year,bank_transfer,dsl,60.25,4055.5,1,0,1,1,1,1,0,0,1,0,0,0
6474-FVJLC,2024-01-03,2,month_to_month,electronic_check,fiber_optic,86.0,165.45,0,0,0,0,0,1,1,0,0,0,1,1
3776-EKTKM,2024-01-03,1,month_to_month,electronic_check,dsl,36.45,36.45,0,0,0,0,1,0,0,1,0,0,1,1
7036-ZZKBD,2024-01-03,31,month_to_month,credit_card,dsl,66.4,2019.8,0,0,1,1,0,1,0,0,1,0,1,0
6696-YDAYZ,2024-01-03,16,two_year,mailed_check,none,20.5,290.55,0,0,0,0,0,0,0,0,1,1,0,0
6040-CGACY,2024-01-03,15,month_to_month,mailed_check,none,19.6,299.4,0,0,0,0,0,0,0,0,0,0,0,0
3006-XIMLN,2024-01-03,2,month_to_month,bank_transfer,fiber_optic,94.2,193.8,0,0,0,0,1,1,1,0,0,1,1,1
7668-XCFYV,2024-01-03,17,month_to_month,electronic_check,fiber_optic,92.55,1614.7,0,0,0,0,1,1,1,1,1,0,1,0
6101-IMRMM,2024-01-03,6,month_to_month,mailed_check,fiber_optic,94.5,575.45,0,0,1,0,1,1,0,0,0,1,0,1
7839-NUIAA,2024-01-03,61,month_to_month,electronic_check,dsl,59.8,3641.5,1,1,0,0,0,0,1,0,1,1,0,0
7302-ZHMHP,2024-01-03,1,month_to_month,mailed_check,none,19.15,19.15,0,0,0,0,0,0,0,0,0,0,0,0
7661-CPURM,2024-01-03,19,one_year,credit_card,fiber_optic,87.7,1725.95,0,0,0,1,0,1,0,0,0,0,1,0
5583-EJXRD,2024-01-03,44,two_year,credit_card,dsl,54.05,2375.2,1,1,1,1,0,1,0,0,1,1,1,0
7055-JCGNI,2024-01-03,70,two_year,credit_card,fiber_optic,111.95,7795.95,1,1,1,1,1,1,1,0,0,0,1,0
8946-BFWSG,2024-01-03,63,two_year,mailed_check,none,25.25,1573.05,0,0,0,0,0,0,1,0,1,1,0,0
7636-PEPNS,2024-01-03,58,one_year,mailed_check,dsl,44.1,2413.05,0,0,0,0,0,0,0,0,1,1,1,0
7619-PLRLP,2024-01-03,53,one_year,bank_transfer,dsl,74.1,3833.95,1,1,1,0,0,1,1,0,1,0,0,0
2478-EEWWM,2024-01-03,59,month_to_month,electronic_check,dsl,44.3,2666.75,0,0,0,0,1,1,0,0,1,0,1,0
6305-YLBMM,2024-01-03,69,one_year,bank_transfer,fiber_optic,104.05,7262.0,0,1,1,1,1,1,0,0,0,0,1,1
4429-WYGFR,2024-01-03,26,month_to_month,bank_transfer,dsl,49.15,1237.3,0,0,0,1,0,0,0,0,0,0,0,0
6064-PUPMC,2024-01-03,23,one_year,credit_card,dsl,57.2,1423.35,1,0,0,1,0,0,0,0,1,1,0,0
1097-FSPVW,2024-01-03,42,month_to_month,credit_card,dsl,54.55,2455.05,1,0,1,0,0,0,0,0,0,0,0,0
9058-CBREO,2024-01-03,1,month_to_month,mailed_check,dsl,50.55,50.55,0,0,0,0,0,0,1,1,0,0,0,1
9239-ZBZZV,2024-01-03,6,month_to_month,electronic_check,dsl,47.95,305.1,0,0,1,0,1,1,0,0,0,0,1,1
9084-OAYKL,2024-01-03,58,two_year,mailed_check,none,20.8,1212.25,0,0,0,0,0,0,0,0,0,0,0,0
5299-SJCZT,2024-01-03,3,month_to_month,bank_transfer,fiber_optic,101.55,298.35,0,0,1,0,1,1,1,0,0,0,1,1
5231-FIQPA,2024-01-03,41,two_year,mailed_check,none,19.85,810.45,0,0,0,0,0,0,0,0,0,0,1,0
7670-ZBPOQ,2024-01-03,58,one_year,bank_transfer,dsl,61.05,3478.75,1,0,0,1,0,0,1,0,1,0,1,0
8749-JMNKX,2024-01-03,51,month_to_month,bank_transfer,fiber_optic,93.8,4750.95,1,0,1,0,1,0,1,1,1,0,1,1
2067-QYTCF,2024-01-03,64,month_to_month,electronic_check,fiber_optic,111.15,6953.4,0,1,1,1,1,1,1,0,1,0,1,0
3129-AAQOU,2024-01-03,19,two_year,mailed_check,none,25.6,485.9,0,0,0,0,0,0,1,0,1,1,0,0
1036-GUDCL,2024-01-03,60,month_to_month,credit_card,dsl,79.05,4663.4,1,1,0,1,1,1,0,0,1,1,1,0
5375-XLDOF,2024-01-03,69,two_year,bank_transfer,fiber_optic,114.35,7665.8,1,1,1,1,1,1,1,0,1,1,1,0
3191-CSNMG,2024-01-03,3,month_to_month,electronic_check,fiber_optic,80.7,239.45,0,0,0,0,1,0,0,0,1,1,1,0
3874-EQOEP,2024-01-03,7,month_to_month,mailed_check,fiber_optic,95.0,655.5,0,0,0,0,1,1,1,0,0,0,0,1
7517-SAWMO,2024-01-03,19,month_to_month,electronic_check,fiber_optic,73.2,1441.1,1,0,0,0,0,0,0,0,1,0,1,1
2609-IAICY,2024-01-03,1,month_to_month,electronic_check,fiber_optic,77.15,77.15,0,0,0,0,0,0,1,0,0,0,1,1
2632-TACXW,2024-01-03,62,two_year,bank_transfer,none,23.65,1416.75,0,0,0,0,0,0,1,0,1,0,0,0
3334-CTHOL,2024-01-03,1,month_to_month,bank_transfer,dsl,49.95,49.95,0,0,0,0,0,0,1,0,0,0,1,1
6513-EECDB,2024-01-03,1,month_to_month,electronic_check,fiber_optic,73.55,73.55,0,0,0,0,0,0,1,1,1,0,1,1
4945-RVMTE,2024-01-03,28,month_to_month,bank_transfer,dsl,59.55,1646.45,0,0,1,0,1,0,0,0,0,0,1,0
9589-ABEPT,2024-01-03,69,two_year,mailed_check,fiber_optic,92.45,6460.55,0,1,0,1,1,0,1,0,1,0,1,0
4248-HCETZ,2024-01-03,30,month_to_month,mailed_check,fiber_optic,79.65,2365.15,0,1,1,0,0,0,0,1,1,0,1,1
1862-SKORY,2024-01-03,40,month_to_month,electronic_check,dsl,39.3,1637.4,0,1,0,0,1,0,0,1,1,0,1,1
1135-LMECX,2024-01-03,1,month_to_month,mailed_check,none,19.85,19.85,0,0,0,0,0,0,0,0,0,0,0,0
7881-INRLC,2024-01-03,45,month_to_month,credit_card,fiber_optic,100.85,4740.0,0,1,0,0,1,1,1,0,0,0,1,1
7163-OCEQI,2024-01-03,22,one_year,mailed_check,dsl,78.65,1663.75,0,0,1,1,1,1,1,0,1,1,1,0
7634-HLQJR,2024-01-03,47,two_year,credit_card,none,20.05,1016.7,0,0,0,0,0,0,0,0,1,1,0,0
4986-MXSFP,2024-01-03,2,month_to_month,mailed_check,none,20.0,40.9,0,0,0,0,0,0,0,0,0,0,1,0
8066-POXGX,2024-01-03,13,month_to_month,electronic_check,dsl,35.1,446.1,0,0,0,0,0,1,0,0,0,0,1,1
5025-GOOKI,2024-01-03,20,month_to_month,credit_card,none,18.9,347.65,0,0,0,0,0,0,0,0,0,0,1,0
6425-JWTDV,2024-01-03,48,two_year,mailed_check,none,19.25,855.1,0,0,0,0,0,0,0,0,1,0,0,0
8402-EIVQS,2024-01-03,67,one_year,credit_card,fiber_optic,100.9,6733.15,1,1,0,0,1,1,0,0,1,0,1,0
1325-USMEC,2024-01-03,70,two_year,credit_card,fiber_optic,99.35,6944.5,1,1,1,0,1,0,1,0,1,0,1,0
4049-ZPALD,2024-01-03,64,two_year,bank_transfer,fiber_optic,99.0,6375.8,1,0,1,0,1,1,0,0,1,0,1,0
6393-WRYZE,2024-01-03,34,month_to_month,electronic_check,fiber_optic,97.65,3207.55,0,0,0,0,1,1,1,0,1,0,1,1
1971-DTCZB,2024-01-03,72,two_year,bank_transfer,dsl,90.95,6468.6,1,1,1,1,1,1,1,0,1,0,1,0
1684-FLBGS,2024-01-03,23,month_to_month,credit_card,dsl,69.5,1652.1,0,1,0,1,1,0,1,0,1,1,1,0
7508-SMHXL,2024-01-03,15,month_to_month,credit_card,fiber_optic,89.0,1288.3,0,1,0,0,1,0,1,1,0,0,0,0
8429-XIBUM,2024-01-03,22,month_to_month,bank_transfer,fiber_optic,101.35,2317.1,1,0,0,0,1,1,1,0,0,0,1,1
6061-GWWAV,2024-01-03,41,one_year,mailed_check,dsl,70.2,2894.55,1,1,1,0,1,0,0,0,0,1,0,0
5680-LQOGP,2024-01-03,68,two_year,credit_card,dsl,82.45,5646.6,1,1,1,1,1,1,0,0,0,0,1,0
6050-IJRHS,2024-01-03,70,one_year,electronic_check,fiber_optic,106.5,7397.0,0,1,1,0,1,1,1,0,1,1,1,0
0363-SVHYR,2024-01-03,71,two_year,bank_transfer,dsl,86.85,6263.8,1,1,1,1,1,1,1,0,1,1,0,0
6997-UVGOX,2024-01-03,71,two_year,bank_transfer,dsl,85.45,6029.9,1,1,1,1,1,1,0,0,1,1,0,0
5858-EAFCZ,2024-01-03,1,month_to_month,mailed_check,dsl,44.45,44.45,0,0,0,0,0,0,0,0,0,0,0,0
3583-EKAPL,2024-01-03,1,month_to_month,electronic_check,dsl,55.0,55.0,0,0,0,0,0,1,0,0,0,0,1,1
7764-BDPEE,2024-01-03,3,month_to_month,mailed_check,none,20.85,60.65,0,0,0,0,0,0,0,0,0,1,0,0
1685-BQULA,2024-01-03,40,month_to_month,bank_transfer,fiber_optic,93.4,3756.4,0,1,1,0,1,0,1,0,0,0,1,0
3329-WDIOK,2024-01-03,3,month_to_month,electronic_check,dsl,50.6,155.35,0,1,0,0,1,1,0,0,0,0,1,1
1240-HCBOH,2024-01-03,67,two_year,mailed_check,none,26.1,1759.55,0,0,0,0,0,0,1,0,0,0,1,0
2122-YWVYA,2024-01-03,18,month_to_month,electronic_check,fiber_optic,75.4,1380.4,1,0,0,0,0,0,0,0,0,0,1,0
2164-SOQXL,2024-01-03,20,month_to_month,mailed_check,none,20.05,406.05,0,0,0,0,0,0,0,0,1,1,0,0
9306-CPCBC,2024-01-03,3,month_to_month,electronic_check,fiber_optic,74.25,210.3,0,0,0,0,0,0,1,0,0,0,1,1
8975-SKGRX,2024-01-03,71,two_year,bank_transfer,fiber_optic,116.1,8310.55,1,1,1,1,1,1,1,0,1,0,1,0
2894-QOJRX,2024-01-03,25,month_to_month,bank_transfer,dsl,34.0,853.0,0,0,0,0,1,0,0,0,1,0,1,1
8189-XRIKE,2024-01-03,32,month_to_month,electronic_check,fiber_optic,90.95,2897.95,0,0,0,0,1,1,0,1,0,0,0,0
0506-YLVKJ,2024-01-03,46,two_year,mailed_check,none,20.2,917.45,0,0,0,0,0,0,0,0,1,1,1,0
2007-QVGAW,2024-01-03,68,two_year,bank_transfer,none,19.35,1292.65,0,0,0,0,0,0,0,0,1,1,1,0
0253-ZTEOB,2024-01-03,48,two_year,electronic_check,dsl,79.65,3870.3,0,1,0,1,1,1,1,0,1,1,0,0
4629-NRXKX,2024-01-03,2,month_to_month,electronic_check,fiber_optic,70.4,147.15,0,0,0,0,0,0,0,0,1,1,0,1
8268-YDIXR,2024-01-03,56,one_year,electronic_check,fiber_optic,93.15,5253.95,1,1,1,0,0,0,1,0,1,0,1,0
1569-TTNYJ,2024-01-03,5,month_to_month,electronic_check,fiber_optic,78.75,412.1,0,1,0,0,0,0,1,0,1,0,1,1
4090-KPJIP,2024-01-03,3,month_to_month,electronic_check,fiber_optic,74.95,212.4,0,0,0,0,0,0,1,0,0,0,1,0
5312-IRCFR,2024-01-03,64,one_year,electronic_check,fiber_optic,92.85,5980.75,0,1,1,0,0,1,1,0,1,1,1,0
9224-VTYID,2024-01-03,47,two_year,mailed_check,dsl,90.5,4318.35,1,1,1,1,1,1,1,0,1,1,1,0
3796-ENZGF,2024-01-03,63,two_year,mailed_check,dsl,67.25,4234.15,0,1,0,1,0,1,1,0,1,0,0,0
0098-BOWSO,2024-01-03,27,month_to_month,electronic_check,none,19.4,529.8,0,0,0,0,0,0,0,0,0,0,1,0
1732-VHUBQ,2024-01-03,47,month_to_month,bank_transfer,fiber_optic,70.55,3309.25,0,0,0,0,0,0,0,1,1,1,0,1
5075-JSDKI,2024-01-03,59,two_year,electronic_check,none,24.45,1493.1,0,0,0,0,0,0,1,0,0,0,0,0
0620-XEFWH,2024-01-03,4,month_to_month,mailed_check,none,18.85,84.2,0,0,0,0,0,0,0,0,1,1,0,0
0164-APGRB,2024-01-03,72,two_year,electronic_check,fiber_optic,114.9,8496.7,1,1,1,1,1,1,1,0,0,0,1,0
9987-LUTYD,2024-01-03,13,one_year,mailed_check,dsl,55.15,742.9,1,0,0,1,0,0,0,0,0,0,0,0
5067-XJQFU,2024-01-03,66,one_year,electronic_check,fiber_optic,108.45,7076.35,0,1,1,1,1,1,1,1,1,1,1,0
6223-DHJGV,2024-01-03,42,one_year,mailed_check,none,20.65,958.1,0,0,0,0,0,0,0,0,0,0,1,0
0114-RSRRW,2024-01-03,10,month_to_month,bank_transfer,none,19.95,187.75,0,0,0,0,0,0,0,0,1,0,1,0
2656-FMOKZ,2024-01-03,15,month_to_month,mailed_check,fiber_optic,74.45,1145.7,0,0,0,0,0,0,1,1,0,0,1,1
6568-POCUI,2024-01-03,45,two_year,credit_card,fiber_optic,95.2,4285.8,0,0,0,1,1,1,0,0,1,0,1,0
7445-WMRBW,2024-01-03,48,one_year,bank_transfer,dsl,73.85,3581.4,0,1,1,1,1,0,1,0,0,0,1,0
2209-XADXF,2024-01-03,1,month_to_month,bank_transfer,dsl,25.25,25.25,0,0,0,0,0,0,0,0,0,0,0,0
2523-EWWZL,2024-01-03,27,month_to_month,electronic_check,fiber_optic,76.1,2093.4,0,1,0,0,0,0,0,0,1,0,1,0
4903-UYAVB,2024-01-03,5,month_to_month,mailed_check,none,19.35,126.05,0,0,0,0,0,0,0,0,1,0,0,1
2294-SALNE,2024-01-03,23,one_year,mailed_check,fiber_optic,86.8,1940.8,0,1,1,1,0,0,0,0,1,1,0,0
2460-NGXBJ,2024-01-03,11,month_to_month,credit_card,fiber_optic,75.2,775.3,0,0,0,0,0,0,1,1,1,1,1,0
4238-JSSWH,2024-01-03,35,month_to_month,bank_transfer,fiber_optic,102.05,3452.55,0,0,1,0,1,1,1,1,1,0,0,0
6352-GIGGQ,2024-01-03,67,one_year,bank_transfer,dsl,88.8,5903.15,1,1,1,1,1,1,1,0,0,0,1,0
5524-KHNJP,2024-01-03,33,one_year,credit_card,dsl,74.75,2453.3,1,0,1,0,1,1,0,0,1,1,0,0
9127-FHJBZ,2024-01-03,72,two_year,electronic_check,fiber_optic,114.0,8093.15,1,1,1,1,1,1,1,0,1,1,1,0
1360-XFJMR,2024-01-03,67,one_year,credit_card,fiber_optic,109.7,7344.45,0,1,1,1,1,1,1,0,1,0,1,0
6147-CBCRA,2024-01-03,33,month_to_month,mailed_check,none,20.05,669.45,0,0,0,0,0,0,0,0,1,0,0,0
4565-EVZMJ,2024-01-03,47,one_year,mailed_check,dsl,58.9,2813.05,1,1,0,1,0,0,0,0,0,0,1,0
0011-IGKFF,2024-01-03,13,month_to_month,electronic_check,fiber_optic,98.0,1237.85,0,1,1,0,1,1,0,1,1,0,1,1
7989-VCQOH,2024-01-03,18,month_to_month,electronic_check,dsl,83.25,1611.15,1,0,1,1,1,1,0,0,1,1,0,0
0378-CJKPV,2024-01-03,72,two_year,credit_card,fiber_optic,112.1,7965.95,1,1,1,1,1,1,1,0,1,0,0,0
8999-BOHSE,2024-01-03,11,month_to_month,bank_transfer,fiber_optic,89.7,1047.7,0,0,0,0,1,1,0,1,0,0,0,1
5533-NHFRF,2024-01-03,7,month_to_month,electronic_check,dsl,44.4,265.8,0,1,0,1,0,1,0,1,0,0,1,0
6627-CFOSN,2024-01-03,59,month_to_month,bank_transfer,fiber_optic,99.45,5623.7,1,1,1,0,0,1,1,0,0,0,1,0
1641-RQDAY,2024-01-03,32,month_to_month,electronic_check,fiber_optic,100.4,3217.65,0,1,0,0,1,1,1,1,1,1,1,0
2143-LJULT,2024-01-03,67,two_year,credit_card,none,25.25,1733.15,0,0,0,0,0,0,1,0,1,0,1,0
1142-IHLOO,2024-01-03,51,one_year,credit_card,fiber_optic,87.55,4475.9,0,0,0,0,1,1,0,0,0,0,0,0
2931-VUVJN,2024-01-03,59,one_year,electronic_check,fiber_optic,94.05,5483.9,1,1,1,1,0,0,1,1,1,0,1,0
1116-FRYVH,2024-01-03,48,two_year,mailed_check,dsl,39.4,1978.65,1,1,0,1,0,0,0,0,1,1,0,0
8051-HJRLT,2024-01-03,1,month_to_month,electronic_check,fiber_optic,70.55,70.55,0,0,0,0,0,0,0,1,0,0,1,1
9347-AERRL,2024-01-03,23,one_year,credit_card,none,19.3,486.2,0,0,0,0,0,0,0,0,1,0,0,0
2037-SGXHH,2024-01-03,38,month_to_month,electronic_check,fiber_optic,94.65,3624.3,0,1,1,0,1,0,1,0,1,1,1,1
8748-HFWBO,2024-01-03,19,one_year,mailed_check,none,19.9,357.7,0,0,0,0,0,0,0,0,1,1,0,0
7576-OYWBN,2024-01-03,3,month_to_month,electronic_check,fiber_optic,76.05,231.8,0,0,0,0,0,0,1,1,0,0,1,1
2675-DHUTR,2024-01-03,58,month_to_month,electronic_check,fiber_optic,98.9,5780.7,0,1,0,0,1,1,1,1,1,0,1,0
6844-DZKRF,2024-01-03,2,month_to_month,credit_card,dsl,50.2,109.25,0,0,0,1,0,0,0,0,0,0,1,0
0867-LDTTC,2024-01-03,5,month_to_month,bank_transfer,dsl,75.15,392.65,0,0,1,1,1,1,0,0,0,0,0,0
0019-EFAEP,2024-01-03,72,two_year,bank_transfer,fiber_optic,101.3,7261.25,1,1,1,0,1,0,1,0,0,0,1,0
6689-VRRTK,2024-01-03,44,one_year,credit_card,fiber_optic,109.8,4860.35,1,1,1,0,1,1,1,1,0,0,1,0
2332-EFBJY,2024-01-03,16,month_to_month,mailed_check,none,19.7,342.4,0,0,0,0,0,0,0,0,0,0,1,1
5311-IHLEI,2024-01-03,12,month_to_month,bank_transfer,dsl,50.95,605.75,1,1,0,1,1,0,0,0,0,0,1,0
2990-HWIML,2024-01-03,6,month_to_month,electronic_check,fiber_optic,89.5,573.3,0,0,0,0,1,1,0,0,0,0,1,1
7134-HBPBS,2024-01-03,72,two_year,bank_transfer,fiber_optic,108.1,7774.05,0,1,1,1,1,1,1,1,0,0,1,0
6510-UPNKS,2024-01-03,23,one_year,credit_card,none,24.8,615.35,0,0,0,0,0,0,1,0,0,0,0,0
9565-JSNFM,2024-01-03,38,one_year,bank_transfer,fiber_optic,70.45,2597.6,0,0,0,0,0,0,0,0,0,0,1,1
3946-JEWRQ,2024-01-03,47,one_year,credit_card,fiber_optic,95.2,4563.0,0,0,0,0,1,1,1,0,1,0,1,0
8540-ZQGEA,2024-01-03,54,two_year,credit_card,none,20.05,1102.4,0,0,0,0,0,0,0,0,1,0,0,0
7718-RXDGG,2024-01-03,15,month_to_month,bank_transfer,fiber_optic,68.6,1108.6,0,0,0,0,0,0,0,0,1,0,1,0
5609-CEBID,2024-01-03,20,month_to_month,electronic_check,fiber_optic,94.1,1782.4,0,1,1,0,0,1,1,1,0,0,1,1
7916-VCCPB,2024-01-03,16,month_to_month,bank_transfer,fiber_optic,73.25,1195.75,0,1,0,0,0,0,0,0,1,1,0,0
6457-GIRWB,2024-01-03,1,month_to_month,electronic_check,fiber_optic,69.35,69.35,0,0,0,0,0,0,0,0,0,0,1,1
6366-ZGQGL,2024-01-03,1,month_to_month,bank_transfer,dsl,24.8,24.8,0,0,0,0,0,0,0,0,0,0,0,1
5310-NOOVA,2024-01-03,46,two_year,electronic_check,none,19.95,907.05,0,0,0,0,0,0,0,0,0,0,0,0
0727-BNRLG,2024-01-03,69,two_year,credit_card,fiber_optic,97.65,6743.55,0,1,1,1,1,0,1,0,0,0,1,0
6172-FECYY,2024-01-03,49,month_to_month,electronic_check,fiber_optic,84.5,4254.85,0,0,0,0,1,0,1,0,1,1,0,1
5944-UGLLK,2024-01-03,53,one_year,credit_card,dsl,54.9,3045.75,0,0,1,1,1,1,0,0,0,0,0,0
1015-JPFYW,2024-01-03,7,one_year,mailed_check,none,19.45,136.75,0,0,0,0,0,0,0,0,0,1,0,0
3982-XWFZQ,2024-01-03,42,month_to_month,electronic_check,dsl,50.25,2203.65,0,0,0,0,0,0,1,0,1,0,1,1
4316-XCSLJ,2024-01-03,17,month_to_month,mailed_check,dsl,50.3,846.8,1,0,0,0,0,0,0,0,0,1,1,0
9050-IKDZA,2024-01-03,2,month_to_month,mailed_check,fiber_optic,81.5,162.55,0,0,0,0,1,0,0,1,0,0,0,0
6728-DKUCO,2024-01-03,72,one_year,electronic_check,fiber_optic,104.15,7303.05,1,1,0,0,1,1,1,0,1,1,1,0
0536-BGFMZ,2024-01-03,28,month_to_month,mailed_check,none,20.5,563.05,0,0,0,0,0,0,0,0,1,0,0,0
8992-JQYUN,2024-01-03,1,month_to_month,electronic_check,dsl,50.35,50.35,0,0,1,0,1,1,0,0,1,0,1,1
3540-RZJYU,2024-01-03,15,month_to_month,electronic_check,fiber_optic,86.2,1270.2,1,0,0,0,1,0,0,0,0,0,0,1
5481-NTDOH,2024-01-03,67,one_year,credit_card,fiber_optic,107.05,7142.5,1,0,1,0,1,1,1,1,1,0,1,0
0897-FEGMU,2024-01-03,11,month_to_month,electronic_check,fiber_optic,99.5,1056.95,0,0,1,0,1,1,1,0,1,0,1,1
2530-FMFXO,2024-01-03,56,two_year,electronic_check,fiber_optic,103.2,5873.75,0,0,1,1,1,1,1,0,1,1,1,0
8467-WYNSR,2024-01-03,22,month_to_month,mailed_check,dsl,55.1,1253.15,1,0,0,1,0,0,0,0,0,0,0,0
4976-LNFVV,2024-01-03,19,month_to_month,credit_card,dsl,34.3,577.15,0,1,1,0,0,0,0,1,1,0,1,0
1051-EQPZR,2024-01-03,44,month_to_month,mailed_check,none,19.6,780.25,0,0,0,0,0,0,0,0,1,1,0,0
4307-KWMXE,2024-01-03,10,month_to_month,electronic_check,dsl,35.75,389.8,0,1,0,1,0,0,0,0,0,0,0,0
1769-GRUIK,2024-01-03,18,month_to_month,electronic_check,fiber_optic,71.1,1247.75,0,0,0,0,0,0,0,0,0,0,1,0
4774-HHGGS,2024-01-03,30,two_year,mailed_check,none,19.05,637.55,0,0,0,0,0,0,0,0,1,0,0,0
4501-VCPFK,2024-01-03,26,month_to_month,electronic_check,dsl,35.75,1022.5,0,0,1,1,0,0,0,0,0,0,0,0
5089-IFSDP,2024-01-03,58,two_year,bank_transfer,fiber_optic,109.45,6144.55,1,1,1,0,1,1,1,0,1,0,1,1
9526-BIHHD,2024-01-03,1,month_to_month,mailed_check,dsl,29.7,29.7,1,0,0,0,0,0,0,0,0,0,0,1
5174-RNGBH,2024-01-03,9,month_to_month,mailed_check,dsl,66.25,620.55,0,1,0,1,1,0,0,0,0,0,0,1
3696-XRIEN,2024-01-03,50,one_year,credit_card,dsl,82.5,4179.1,1,0,1,1,1,1,1,0,0,0,1,0
6174-NRBTZ,2024-01-03,46,one_year,bank_transfer,dsl,30.75,1489.3,1,0,0,0,0,0,0,0,0,0,1,0
8660-BUETV,2024-01-03,3,month_to_month,mailed_check,dsl,44.75,148.05,0,0,0,0,0,0,0,0,0,0,0,0
1596-OQSPS,2024-01-03,11,month_to_month,electronic_check,dsl,51.1,531.15,0,1,0,0,0,0,0,0,0,0,0,0
7147-AYBAA,2024-01-03,37,month_to_month,mailed_check,fiber_optic,70.35,2552.9,0,0,0,0,0,0,0,0,0,0,1,0
0156-FVPTA,2024-01-03,22,month_to_month,electronic_check,dsl,54.2,1152.7,1,0,0,1,0,0,0,0,1,0,1,1
3873-WOSBC,2024-01-03,67,two_year,credit_card,none,25.6,1784.9,0,0,0,0,0,0,1,0,1,0,0,0
8048-DSDFQ,2024-01-03,1,month_to_month,mailed_check,none,20.2,20.2,0,0,0,0,0,0,0,0,0,0,0,0
5939-XAIXZ,2024-01-03,19,month_to_month,mailed_check,dsl,56.1,1033.9,0,0,1,0,0,0,1,0,0,0,1,0
0709-TVGUR,2024-01-03,9,month_to_month,electronic_check,fiber_optic,74.55,622.9,0,0,0,0,0,0,1,1,0,0,1,1
4686-GEFRM,2024-01-03,70,two_year,bank_transfer,fiber_optic,98.7,6858.9,0,1,1,1,0,1,1,0,1,0,1,0
1845-ZLLIG,2024-01-03,1,month_to_month,mailed_check,dsl,50.15,50.15,0,1,0,0,0,0,0,0,0,0,1,0
8350-NYMVI,2024-01-03,39,month_to_month,bank_transfer,dsl,41.1,1597.05,0,1,1,1,0,0,0,0,0,0,0,0
5028-GZLDO,2024-01-03,2,month_to_month,credit_card,fiber_optic,70.7,140.7,0,0,0,0,0,0,0,0,0,0,0,1
1125-SNVCK,2024-01-03,49,month_to_month,mailed_check,dsl,43.8,2106.05,0,0,0,0,0,0,0,1,0,0,0,0
7319-VENRZ,2024-01-03,7,month_to_month,bank_transfer,dsl,64.3,445.95,0,0,1,1,1,0,0,0,0,0,0,0
3165-HDOEW,2024-01-03,1,month_to_month,mailed_check,dsl,45.85,45.85,0,0,0,0,0,0,0,0,1,1,1,1
1095-WGNGG,2024-01-03,61,two_year,bank_transfer,fiber_optic,101.05,5971.25,0,1,0,0,1,1,1,0,1,0,1,0
6959-UWKHF,2024-01-03,1,month_to_month,electronic_check,dsl,42.9,42.9,0,0,0,0,0,0,0,0,0,0,1,1
0093-EXYQL,2024-01-03,40,month_to_month,electronic_check,fiber_optic,91.55,3673.6,0,0,0,0,1,1,0,1,0,0,1,0
3612-YVGSJ,2024-01-03,71,two_year,credit_card,none,24.45,1681.6,0,0,0,0,0,0,1,0,1,0,1,0
8565-CLBZW,2024-01-03,24,month_to_month,mailed_check,fiber_optic,89.85,2165.05,0,0,1,0,1,0,1,0,0,0,1,1
8967-SZQAS,2024-01-03,14,month_to_month,electronic_check,dsl,50.45,765.45,0,1,0,0,0,0,0,0,0,0,0,0
7789-CRUVC,2024-01-03,61,month_to_month,credit_card,fiber_optic,94.2,5895.45,1,1,1,1,0,0,1,1,1,0,1,0
0134-XWXCE,2024-01-03,44,one_year,bank_transfer,dsl,74.85,3268.05,0,0,1,1,1,1,0,1,0,0,0,0
0505-SPOOW,2024-01-03,70,two_year,bank_transfer,none,19.8,1397.65,0,0,0,0,0,0,0,0,1,0,0,0
7801-KICAO,2024-01-03,18,month_to_month,electronic_check,fiber_optic,74.15,1345.75,0,0,0,0,0,0,1,0,0,0,1,0
7603-USHJS,2024-01-03,12,month_to_month,credit_card,fiber_optic,73.75,871.4,0,0,0,0,0,0,1,0,0,1,1,1
9659-ZTWSM,2024-01-03,66,one_year,bank_transfer,fiber_optic,107.35,7051.95,0,1,1,1,1,1,1,1,1,0,1,0
8434-VGEQQ,2024-01-03,61,two_year,credit_card,none,20.55,1305.95,0,0,0,0,0,0,0,0,1,1,0,0
7621-VPNET,2024-01-03,42,month_to_month,credit_card,fiber_optic,85.9,3729.75,0,0,1,1,0,0,1,0,1,0,1,0
1732-FEKLD,2024-01-03,54,one_year,bank_transfer,fiber_optic,94.75,5121.75,0,1,1,0,1,0,1,0,0,0,1,0
3195-TQDZX,2024-01-03,3,month_to_month,electronic_check,none,20.25,61.45,0,0,0,0,0,0,0,0,0,0,1,0
1122-YJBCS,2024-01-03,69,one_year,credit_card,dsl,53.65,3804.4,1,1,0,0,0,0,0,0,1,0,1,0
6184-DYUOB,2024-01-03,3,month_to_month,mailed_check,none,19.6,55.25,0,0,0,0,0,0,0,0,1,0,1,0
6711-FLDFB,2024-01-03,7,month_to_month,electronic_check,fiber_optic,74.9,541.15,0,0,0,0,0,0,1,0,0,0,1,1
5821-MMEIL,2024-01-03,57,two_year,bank_transfer,none,19.9,1115.6,0,0,0,0,0,0,0,0,1,0,0,0
9685-WKZGT,2024-01-03,14,month_to_month,electronic_check,fiber_optic,74.95,1036.75,0,0,0,0,0,0,1,1,0,0,1,1
4905-JEFDW,2024-01-03,11,one_year,electronic_check,dsl,41.6,470.6,0,0,1,0,1,0,0,0,0,0,1,1
6260-XLACS,2024-01-03,4,one_year,mailed_check,none,19.7,117.8,0,0,0,0,0,0,0,0,0,0,0,0
8597-CWYHH,2024-01-03,43,one_year,mailed_check,fiber_optic,94.35,3921.3,0,0,0,0,1,1,1,0,0,0,0,0
3658-QQJYD,2024-01-03,62,one_year,credit_card,dsl,74.3,4698.05,1,1,0,0,1,1,0,0,0,0,1,0
2180-DXNEG,2024-01-03,12,month_to_month,electronic_check,fiber_optic,96.0,1062.1,0,0,1,0,1,1,0,0,0,0,1,1
7266-GSSJX,2024-01-03,11,month_to_month,electronic_check,none,20.45,250.8,0,0,0,0,0,0,0,0,1,1,1,0
5438-QMDDL,2024-01-03,19,month_to_month,mailed_check,dsl,59.8,1130.85,0,1,0,0,0,1,0,0,1,0,1,0
4393-RYCRE,2024-01-03,44,one_year,electronic_check,fiber_optic,106.05,4510.8,1,1,1,0,1,1,0,0,0,0,1,0
7072-MBHEV,2024-01-03,11,month_to_month,credit_card,fiber_optic,78.1,864.85,0,0,1,0,0,0,1,1,1,1,1,0
9675-ICXCT,2024-01-03,72,two_year,electronic_check,dsl,80.8,5728.55,1,0,1,1,1,1,0,0,1,1,1,0
6680-NENYN,2024-01-03,43,two_year,electronic_check,fiber_optic,104.6,4759.85,0,1,1,0,1,1,1,0,0,0,1,1
1449-XQEMT,2024-01-03,3,month_to_month,mailed_check,none,19.8,58.15,0,0,0,0,0,0,0,0,0,0,1,1
6458-CYIDZ,2024-01-03,5,month_to_month,electronic_check,fiber_optic,80.7,374.8,1,1,0,0,0,0,0,1,0,0,0,0
1142-WACZW,2024-01-03,2,month_to_month,bank_transfer,dsl,29.85,75.6,0,0,0,1,0,0,0,0,0,0,0,1
3301-VKTGC,2024-01-03,68,one_year,bank_transfer,fiber_optic,85.5,5696.6,1,1,0,0,0,0,1,0,1,1,1,0
5244-IRFIH,2024-01-03,33,month_to_month,electronic_check,fiber_optic,94.5,3105.55,0,0,0,0,1,1,1,1,1,0,1,1
4718-DHSMV,2024-01-03,11,month_to_month,mailed_check,dsl,35.8,363.15,0,0,0,0,1,0,0,0,0,0,1,0
1891-FZYSA,2024-01-03,69,month_to_month,electronic_check,fiber_optic,89.95,6143.15,0,1,0,0,1,0,1,1,1,0,1,1
1469-LBJQJ,2024-01-03,66,month_to_month,electronic_check,fiber_optic,105.2,6936.85,0,1,1,0,1,1,1,0,1,0,1,0
4115-BNPJY,2024-01-03,29,two_year,mailed_check,dsl,75.55,2054.4,0,0,1,1,1,1,0,0,1,1,0,0
4608-LCIMN,2024-01-03,8,month_to_month,bank_transfer,dsl,44.65,369.15,0,0,0,0,0,0,0,0,1,1,0,0
5456-ITGIC,2024-01-03,72,two_year,credit_card,dsl,64.45,4641.1,1,1,1,1,1,1,0,1,1,0,1,0
1767-TGTKO,2024-01-03,8,month_to_month,electronic_check,dsl,45.45,411.75,0,0,0,0,0,0,0,0,1,1,1,0
2325-WINES,2024-01-03,32,one_year,credit_card,fiber_optic,104.05,3416.85,0,1,1,0,1,1,1,0,0,0,1,0
8129-GMVGI,2024-01-03,56,two_year,mailed_check,none,20.05,1090.1,0,0,0,0,0,0,0,0,1,1,0,0
0940-OUQEC,2024-01-03,10,month_to_month,bank_transfer,fiber_optic,80.7,788.8,0,1,0,0,0,0,1,0,0,0,1,1
2348-KCJLT,2024-01-03,44,one_year,mailed_check,dsl,61.5,2722.2,1,1,1,0,0,0,0,0,1,0,1,0
0461-CVKMU,2024-01-03,23,month_to_month,electronic_check,fiber_optic,83.8,1900.25,0,1,1,1,0,0,0,0,1,1,0,1
1215-VFYVK,2024-01-03,4,month_to_month,mailed_check,dsl,48.25,202.25,1,0,1,1,0,1,0,0,0,0,0,0
4072-IPYLT,2024-01-03,36,month_to_month,credit_card,dsl,51.05,1815.0,1,0,0,0,0,0,0,0,1,1,0,0
6173-ITPWD,2024-01-03,47,month_to_month,bank_transfer,fiber_optic,83.35,4065.0,0,1,1,0,0,0,1,0,1,0,1,1
7389-KBFIT,2024-01-03,2,month_to_month,mailed_check,dsl,30.25,63.75,0,1,0,0,0,0,0,0,1,1,1,0
0731-EBJQB,2024-01-03,52,one_year,electronic_check,none,20.4,1090.65,0,0,0,0,0,0,0,0,1,1,1,0
7330-WZLNC,2024-01-03,5,month_to_month,electronic_check,fiber_optic,90.8,455.5,0,1,0,0,1,0,1,0,0,0,1,1
9055-MOJJJ,2024-01-03,64,one_year,mailed_check,dsl,65.8,4068.0,1,0,0,1,1,0,0,0,1,1,0,0
9992-UJOEL,2024-01-03,2,month_to_month,mailed_check,dsl,50.3,92.75,0,1,0,0,0,0,0,0,0,0,1,0
8388-DMKAE,2024-01-03,8,two_year,mailed_check,none,20.25,174.65,0,0,0,0,0,0,0,0,0,0,0,0
2619-WFQWU,2024-01-03,1,month_to_month,mailed_check,fiber_optic,70.15,70.15,0,0,0,0,0,0,0,0,0,0,1,1
7851-FLGGQ,2024-01-03,1,month_to_month,mailed_check,dsl,44.65,44.65,0,1,0,1,0,1,0,0,0,0,1,1
7139-JZFVG,2024-01-03,60,two_year,bank_transfer,dsl,60.5,3694.45,1,1,1,0,0,0,0,0,1,1,0,0
3771-PZOBW,2024-01-03,20,month_to_month,credit_card,fiber_optic,90.7,1781.35,0,0,1,0,1,0,1,0,0,0,1,0
3733-ZEECP,2024-01-03,22,month_to_month,electronic_check,dsl,51.1,1232.9,0,0,0,1,0,0,0,0,1,1,1,0
4906-ZHGPK,2024-01-03,54,one_year,electronic_check,dsl,70.7,3770.0,0,1,0,1,1,0,1,0,1,1,1,0
7439-DKZTW,2024-01-03,1,month_to_month,electronic_check,fiber_optic,80.55,80.55,0,0,0,0,1,0,0,0,0,0,1,0
2592-HODOV,2024-01-04,13,one_year,credit_card,none,19.3,259.65,0,0,0,0,0,0,0,0,0,0,0,0
7826-VVKWT,2024-01-04,24,two_year,electronic_check,fiber_optic,96.55,2263.45,0,0,1,0,1,1,0,1,1,1,1,0
1658-TJVOA,2024-01-04,6,month_to_month,electronic_check,fiber_optic,74.1,450.9,1,0,0,0,0,0,0,1,0,0,1,0
2439-LYPMQ,2024-01-04,38,month_to_month,electronic_check,fiber_optic,102.6,4009.2,0,1,1,0,1,1,1,1,1,0,1,0
7596-LDUXP,2024-01-04,12,one_year,credit_card,fiber_optic,85.15,979.05,1,0,0,0,1,0,0,0,0,0,1,0
4524-QCSSM,2024-01-04,26,month_to_month,bank_transfer,dsl,44.65,1156.55,1,1,0,0,0,1,0,0,0,0,1,0
7816-VGHTO,2024-01-04,6,two_year,mailed_check,dsl,40.55,217.5,0,1,1,1,0,0,0,0,1,1,0,0
3092-IGHWF,2024-01-04,67,one_year,electronic_check,fiber_optic,87.4,5918.8,0,1,1,0,0,0,1,0,1,1,0,1
6646-QVXLR,2024-01-04,62,one_year,electronic_check,fiber_optic,103.75,6383.35,0,1,1,0,1,1,1,1,1,0,1,1
9074-KGVOX,2024-01-04,50,month_to_month,credit_card,dsl,39.45,2021.35,1,0,0,0,1,0,0,0,1,1,1,0
5360-XGYAZ,2024-01-04,72,two_year,bank_transfer,dsl,65.65,4664.5,1,1,1,1,1,1,0,0,1,1,1,0
0354-WYROK,2024-01-04,31,month_to_month,electronic_check,fiber_optic,98.9,2911.3,0,0,1,1,1,1,0,1,1,1,1,1
9778-OGKQZ,2024-01-04,72,two_year,credit_card,dsl,92.0,6782.15,1,1,1,1,1,1,1,0,1,0,1,0
4139-JPIAM,2024-01-04,51,month_to_month,credit_card,dsl,44.45,2181.55,1,0,0,1,0,1,0,0,0,0,1,0
3727-JEZTU,2024-01-04,1,month_to_month,mailed_check,none,20.4,20.4,0,0,0,0,0,0,0,0,0,0,0,0
3882-IYOIJ,2024-01-04,60,two_year,credit_card,fiber_optic,115.25,6758.45,1,1,1,1,1,1,1,0,1,1,0,0
4335-UPJSI,2024-01-04,24,two_year,mailed_check,none,19.75,498.1,0,0,0,0,0,0,0,0,0,1,0,0
7760-OYPDY,2024-01-04,2,month_to_month,electronic_check,fiber_optic,80.65,144.15,0,0,0,0,1,0,0,0,0,0,1,1
7786-WBJYI,2024-01-04,4,month_to_month,bank_transfer,fiber_optic,77.95,305.55,0,1,0,0,0,0,1,0,0,0,0,1
4102-HLENU,2024-01-04,67,two_year,mailed_check,dsl,65.65,4322.85,1,1,1,0,0,0,1,0,1,0,0,0
7718-UPSKJ,2024-01-04,69,one_year,credit_card,fiber_optic,106.4,7251.9,1,1,0,1,1,1,0,0,1,0,1,0
4110-PFEUZ,2024-01-04,1,month_to_month,mailed_check,fiber_optic,69.55,69.55,0,0,0,0,0,0,0,0,0,0,0,1
3768-VHXQO,2024-01-04,67,two_year,credit_card,none,24.85,1583.5,0,0,0,0,0,0,1,0,1,0,0,0
3027-ZTDHO,2024-01-04,1,month_to_month,electronic_check,fiber_optic,89.9,89.9,0,0,0,0,1,1,0,0,0,0,1,1
4833-QTJNO,2024-01-04,67,month_to_month,bank_transfer,fiber_optic,83.85,5588.8,1,1,0,0,0,0,1,1,1,0,0,0
0141-YEAYS,2024-01-04,27,month_to_month,bank_transfer,fiber_optic,86.45,2401.05,0,1,1,0,0,0,1,1,0,0,1,0
9822-WMWVG,2024-01-04,41,month_to_month,electronic_check,fiber_optic,106.5,4282.4,1,1,1,1,1,0,1,0,0,0,1,0
3612-YUNGG,2024-01-04,64,two_year,credit_card,fiber_optic,109.2,6741.15,0,1,1,1,1,1,1,0,1,1,1,0
7665-TOALD,2024-01-04,1,month_to_month,electronic_check,fiber_optic,69.6,69.6,0,0,0,0,0,0,0,0,0,0,1,1
5027-XWQHA,2024-01-04,6,month_to_month,electronic_check,dsl,44.75,270.95,0,0,0,0,0,0,0,0,0,0,0,1
9443-JUBUO,2024-01-04,72,two_year,credit_card,dsl,65.25,4478.85,1,1,1,1,1,1,0,0,1,1,1,0
2325-ZUSFD,2024-01-04,57,one_year,bank_transfer,dsl,70.1,3913.3,1,0,0,0,1,1,0,0,1,1,1,1
6953-PBDIN,2024-01-04,70,two_year,bank_transfer,dsl,72.95,5265.55,0,1,1,1,1,0,1,0,1,0,0,0
3247-ZVOUO,2024-01-04,10,month_to_month,electronic_check,fiber_optic,85.55,851.75,0,0,0,0,0,1,1,1,1,0,0,1
6629-CZTTH,2024-01-04,1,month_to_month,mailed_check,dsl,55.7,55.7,0,0,0,0,0,1,0,0,0,0,1,1
2176-LVPNX,2024-01-04,71,two_year,mailed_check,dsl,89.85,6293.45,1,1,1,1,1,1,1,1,0,0,0,0
9505-SQFSW,2024-01-04,3,month_to_month,mailed_check,dsl,40.3,92.5,0,1,0,0,0,1,0,0,1,1,0,0
1705-GUHPV,2024-01-04,63,two_year,mailed_check,none,24.2,1618.2,0,0,0,0,0,0,1,0,0,0,0,0
7978-DKUQH,2024-01-04,25,month_to_month,electronic_check,fiber_optic,74.6,1797.75,0,0,1,0,0,0,0,0,1,0,1,0
7608-RGIRO,2024-01-04,62,two_year,mailed_check,none,24.4,1413.0,0,0,0,0,0,0,1,0,0,1,1,0
3807-BPOMJ,2024-01-04,55,one_year,electronic_check,fiber_optic,94.75,5276.1,1,0,0,0,1,1,0,0,1,0,1,0
1960-UOTYM,2024-01-04,52,two_year,electronic_check,dsl,79.2,4016.3,1,1,1,0,1,1,0,0,1,1,0,0
9560-ARGQJ,2024-01-04,16,month_to_month,electronic_check,fiber_optic,81.0,1312.15,0,0,0,0,1,0,0,0,0,1,1,1
5294-DMSFH,2024-01-04,29,month_to_month,credit_card,fiber_optic,87.8,2621.75,0,0,0,0,1,1,0,0,1,1,1,0
2485-ITVKB,2024-01-04,2,month_to_month,electronic_check,dsl,35.1,68.75,0,0,0,0,0,1,0,0,1,0,1,1
7967-HYCDE,2024-01-04,8,month_to_month,bank_transfer,fiber_optic,70.7,553.4,0,0,0,0,0,0,0,0,0,0,0,0
2135-DQWAQ,2024-01-04,5,month_to_month,mailed_check,fiber_optic,85.3,420.45,0,1,0,0,1,0,0,0,0,0,1,0
5396-IZEPB,2024-01-04,9,month_to_month,credit_card,none,19.7,180.7,0,0,0,0,0,0,0,0,0,0,0,0
6022-UGGSO,2024-01-04,32,month_to_month,electronic_check,fiber_optic,74.4,2276.95,0,1,0,0,0,0,0,1,0,0,1,1
7971-HLVXI,2024-01-04,72,two_year,credit_card,fiber_optic,84.5,6130.85,0,0,0,0,0,1,1,0,1,1,1,0
7021-XSNYE,2024-01-04,7,two_year,credit_card,dsl,49.65,305.55,1,0,1,1,0,1,0,0,1,1,0,0
1986-PHGZF,2024-01-04,18,month_to_month,credit_card,dsl,58.4,964.9,1,1,0,0,0,0,1,1,0,0,1,0
5118-MUEYH,2024-01-04,48,month_to_month,credit_card,fiber_optic,105.1,5083.55,0,1,0,1,1,1,1,0,1,0,1,0
3841-NFECX,2024-01-04,71,two_year,credit_card,fiber_optic,96.35,6766.95,1,1,1,1,0,0,1,1,1,0,1,0
3494-JCHRQ,2024-01-04,1,month_to_month,electronic_check,fiber_optic,70.05,70.05,0,0,0,0,0,0,0,0,0,0,1,1
5440-VHLUL,2024-01-04,69,one_year,bank_transfer,fiber_optic,105.2,7386.05,0,1,0,1,1,1,1,0,0,0,1,0
3154-HMWUU,2024-01-04,60,two_year,bank_transfer,none,20.5,1198.8,0,0,0,0,0,0,0,0,1,0,1,0
0616-ATFGB,2024-01-04,1,month_to_month,electronic_check,dsl,25.05,25.05,0,0,0,0,0,0,0,1,1,0,0,1
2607-FBDFF,2024-01-04,1,month_to_month,credit_card,dsl,49.0,49.0,0,0,0,1,0,0,0,0,0,0,0,0
3717-LNXKW,2024-01-04,38,month_to_month,bank_transfer,fiber_optic,91.7,3479.05,1,0,0,0,1,0,1,0,1,0,0,0
1336-EZFZY,2024-01-04,4,month_to_month,mailed_check,none,20.05,83.3,0,0,0,0,0,0,0,0,0,0,0,0
7954-MLBUN,2024-01-04,31,two_year,bank_transfer,fiber_optic,99.45,3109.9,0,0,1,1,1,1,0,0,0,0,0,0
6646-JPPHA,2024-01-04,14,month_to_month,electronic_check,fiber_optic,78.85,1043.8,1,1,0,0,0,0,0,1,0,0,0,0
0013-SMEOE,2024-01-04,71,two_year,bank_transfer,fiber_optic,109.7,7904.25,1,1,1,1,1,1,0,1,1,0,1,0
9878-TNQGW,2024-01-04,2,month_to_month,electronic_check,fiber_optic,80.95,171.15,0,0,0,0,0,1,0,0,0,0,1,1
9777-IQHWP,2024-01-04,64,two_year,bank_transfer,fiber_optic,93.4,5822.3,1,0,1,0,0,1,1,0,1,1,0,0
0570-BFQHT,2024-01-04,9,month_to_month,electronic_check,fiber_optic,80.55,653.9,0,1,1,0,0,0,0,0,0,0,0,0
5285-MVEHD,2024-01-04,56,one_year,credit_card,fiber_optic,105.6,6068.65,1,1,1,0,1,1,0,0,1,0,1,0
9093-FPDLG,2024-01-04,11,month_to_month,electronic_check,fiber_optic,94.2,999.9,0,1,1,1,0,1,0,0,0,0,1,0
2848-YXSMW,2024-01-04,72,two_year,credit_card,none,19.4,1363.25,0,0,0,0,0,0,0,0,1,1,0,0
0970-QXPXW,2024-01-04,1,month_to_month,mailed_check,none,19.65,19.65,0,0,0,0,0,0,0,0,0,0,0,0
2522-AHJXR,2024-01-04,60,month_to_month,bank_transfer,fiber_optic,109.45,6572.85,1,0,1,1,1,1,1,0,1,0,1,0
9373-WSLOY,2024-01-04,33,month_to_month,electronic_check,dsl,50.0,1750.85,0,1,1,1,1,0,0,1,1,0,1,0
4277-BWBML,2024-01-04,72,two_year,bank_transfer,none,19.95,1322.85,0,0,0,0,0,0,0,0,1,1,0,0
6156-UZDLF,2024-01-04,26,one_year,credit_card,fiber_optic,87.15,2274.1,1,0,1,1,0,0,0,0,0,0,1,0
0378-TOVMS,2024-01-04,3,month_to_month,electronic_check,fiber_optic,85.8,272.2,0,0,0,1,0,1,0,0,0,0,0,1
2436-QBZFP,2024-01-04,22,month_to_month,electronic_check,dsl,39.2,849.9,0,1,0,0,1,0,0,0,1,1,0,0
3402-XRIUO,2024-01-04,22,month_to_month,mailed_check,dsl,63.55,1381.8,1,1,0,1,0,0,1,1,1,0,1,0
4929-BSTRX,2024-01-04,1,month_to_month,mailed_check,dsl,53.55,53.55,0,0,0,0,1,0,0,0,0,0,1,1
0285-INHLN,2024-01-04,27,month_to_month,credit_card,dsl,54.75,1510.3,1,1,0,0,0,0,0,0,1,1,1,0
4501-EQDRN,2024-01-04,1,month_to_month,bank_transfer,fiber_optic,69.7,69.7,0,0,0,0,0,0,0,0,0,0,0,1
0337-CNPZE,2024-01-04,41,month_to_month,electronic_check,fiber_optic,106.3,4443.45,0,1,1,0,1,1,1,0,0,0,1,1
2272-QAGFO,2024-01-04,14,month_to_month,electronic_check,fiber_optic,74.3,1096.25,0,0,0,0,0,0,1,1,0,0,1,1
5027-QPKTE,2024-01-04,7,month_to_month,electronic_check,fiber_optic,69.35,451.1,0,0,0,0,0,0,0,0,1,0,1,1
5423-BHIXO,2024-01-04,32,month_to_month,electronic_check,dsl,54.2,1739.6,0,1,0,0,0,0,1,0,0,0,1,0
1338-CECEE,2024-01-04,41,one_year,bank_transfer,dsl,68.5,2839.95,0,1,1,0,1,0,1,0,1,1,0,0
2718-GAXQD,2024-01-04,4,month_to_month,electronic_check,dsl,46.0,181.6,0,0,0,0,0,0,0,1,1,1,0,1
4521-WFJAI,2024-01-04,56,two_year,bank_transfer,none,25.95,1444.05,0,0,0,0,0,0,1,0,0,0,1,0
3336-JORSO,2024-01-04,33,month_to_month,electronic_check,fiber_optic,110.45,3655.45,0,1,1,1,1,1,1,1,0,0,1,1
5485-WUYWF,2024-01-04,2,month_to_month,bank_transfer,dsl,66.4,94.55,1,0,1,0,1,0,0,1,0,0,0,1
8868-WOZGU,2024-01-04,28,month_to_month,electronic_check,fiber_optic,105.7,2979.5,0,1,1,0,1,1,1,0,0,0,1,1
7246-ZGQDF,2024-01-04,1,month_to_month,electronic_check,dsl,54.5,54.5,1,0,0,1,0,0,0,0,0,1,0,0
2967-MXRAV,2024-01-04,1,one_year,mailed_check,none,18.8,18.8,0,0,0,0,0,0,0,0,1,1,0,0
4512-ZUIYL,2024-01-04,2,month_to_month,bank_transfer,fiber_optic,70.0,153.05,0,0,0,0,0,0,0,0,0,0,0,1
8361-LTMKD,2024-01-04,4,month_to_month,mailed_check,fiber_optic,74.4,306.6,0,0,0,0,0,0,1,1,1,0,1,1
2697-NQBPF,2024-01-04,34,month_to_month,electronic_check,fiber_optic,105.35,3540.65,0,1,0,1,1,1,1,0,0,0,1,0
6872-HXFNF,2024-01-04,64,one_year,bank_transfer,dsl,58.35,3756.45,0,0,1,1,0,0,1,0,1,0,0,0
1386-ZIKUV,2024-01-04,7,month_to_month,mailed_check,none,18.95,130.55,0,0,0,0,0,0,0,0,0,0,1,0
2330-PQGDQ,2024-01-04,51,one_year,bank_transfer,fiber_optic,84.2,4299.75,0,1,0,1,0,0,1,0,1,1,0,0
1930-BZLHI,2024-01-04,21,one_year,mailed_check,none,20.35,422.7,0,0,0,0,0,0,0,0,0,0,1,0
2999-AANRQ,2024-01-04,21,two_year,credit_card,dsl,71.05,1524.85,1,1,0,1,1,0,0,0,0,0,0,0
5198-EFNBM,2024-01-04,57,one_year,electronic_check,fiber_optic,90.65,5199.8,0,1,1,0,1,0,0,1,1,0,1,0
8185-UPYBR,2024-01-04,6,month_to_month,electronic_check,fiber_optic,75.5,438.0,0,0,0,0,0,0,1,0,1,0,1,1
5780-INQIK,2024-01-04,8,month_to_month,electronic_check,dsl,49.4,408.25,0,0,0,1,0,0,0,0,0,0,0,0
6791-YBNAK,2024-01-04,18,month_to_month,credit_card,dsl,25.55,467.85,0,0,0,0,0,0,0,0,1,1,0,0
5931-FLJJF,2024-01-04,7,month_to_month,mailed_check,fiber_optic,70.1,467.55,0,0,0,0,0,0,0,1,1,0,1,1
6131-FOYAS,2024-01-04,35,month_to_month,electronic_check,dsl,59.6,2094.9,1,0,1,0,0,0,1,0,0,0,1,0
5985-TBABQ,2024-01-04,32,one_year,mailed_check,dsl,74.75,2282.95,1,0,0,0,1,1,1,0,0,0,0,0
4998-IKFSE,2024-01-04,30,month_to_month,electronic_check,fiber_optic,100.45,3096.9,0,0,1,0,1,1,1,0,0,0,0,0
0980-FEXWF,2024-01-04,26,one_year,mailed_check,dsl,50.35,1285.8,0,0,1,0,0,0,0,0,1,1,0,0
6075-SLNIL,2024-01-04,38,month_to_month,credit_card,fiber_optic,95.1,3691.2,0,1,1,0,0,1,1,0,0,0,1,0
7279-BUYWN,2024-01-04,41,month_to_month,electronic_check,fiber_optic,113.2,4689.5,1,1,1,0,1,1,1,1,0,0,1,1
5337-IIWKZ,2024-01-04,34,month_to_month,electronic_check,dsl,44.85,1442.6,0,0,1,1,1,0,0,0,1,1,1,0
3605-JISKB,2024-01-04,55,one_year,credit_card,dsl,60.0,3316.1,1,1,0,0,0,0,1,1,1,0,0,0
2267-WTPYD,2024-01-04,57,month_to_month,credit_card,fiber_optic,94.0,5438.95,0,1,1,0,0,1,1,1,1,0,0,0
6797-UCJHZ,2024-01-04,66,one_year,credit_card,fiber_optic,104.6,6819.45,0,1,1,0,1,1,1,1,1,0,0,0
2716-GFZOR,2024-01-04,43,month_to_month,credit_card,fiber_optic,86.1,3551.65,1,1,1,0,0,0,0,0,1,0,1,0
5393-HJZSM,2024-01-04,32,month_to_month,bank_transfer,dsl,76.3,2404.15,1,1,1,1,0,1,0,0,1,1,0,0
8203-XJZRC,2024-01-04,1,month_to_month,mailed_check,none,20.25,20.25,0,0,0,0,0,0,0,0,0,0,0,0
7013-PSXHK,2024-01-04,40,one_year,mailed_check,dsl,80.75,3208.65,0,0,1,1,1,1,1,0,0,0,1,0
5312-UXESG,2024-01-04,41,month_to_month,bank_transfer,fiber_optic,98.05,3990.6,0,0,1,0,1,1,1,0,0,0,0,0
6741-EGCBI,2024-01-04,30,month_to_month,credit_card,fiber_optic,90.5,2595.85,1,0,0,0,0,1,1,1,0,0,1,0
6204-IEUXJ,2024-01-04,3,month_to_month,credit_card,fiber_optic,80.1,217.55,0,0,1,1,0,0,0,0,0,0,0,1
6353-BRMMA,2024-01-04,54,month_to_month,bank_transfer,fiber_optic,104.1,5645.8,1,1,0,0,1,1,1,0,1,1,1,0
2344-JMOGN,2024-01-04,9,month_to_month,mailed_check,fiber_optic,94.85,890.6,0,1,1,1,1,0,0,0,1,0,1,1
2077-MPJQO,2024-01-04,7,month_to_month,electronic_check,fiber_optic,75.4,533.05,0,0,0,0,0,0,1,1,1,0,1,0
8091-TTVAX,2024-01-04,58,one_year,credit_card,fiber_optic,100.35,5681.1,0,0,1,0,1,1,1,0,1,0,0,0
6900-RBKER,2024-01-04,52,two_year,credit_card,fiber_optic,89.45,4577.75,0,0,1,0,0,1,1,0,0,0,1,0
8319-QBEHW,2024-01-04,26,one_year,bank_transfer,dsl,39.95,1023.75,0,1,0,0,1,0,0,0,0,1,1,0
9860-LISIZ,2024-01-04,34,month_to_month,mailed_check,none,20.35,673.2,0,0,0,0,0,0,0,0,0,0,0,0
5206-XZZQI,2024-01-04,53,month_to_month,mailed_check,fiber_optic,80.6,4348.1,0,1,0,1,0,0,0,0,0,0,1,0
9529-OFXHY,2024-01-04,15,month_to_month,bank_transfer,fiber_optic,87.75,1242.2,1,0,0,0,1,0,1,0,0,0,1,0
1725-MIMXW,2024-01-04,1,month_to_month,mailed_check,none,19.45,19.45,0,0,0,0,0,0,0,0,0,1,1,1
4324-AHJKS,2024-01-04,5,month_to_month,credit_card,dsl,55.8,300.4,1,0,1,0,0,0,0,0,0,0,0,0
2133-TSRRM,2024-01-04,34,month_to_month,bank_transfer,fiber_optic,105.35,3688.6,1,1,1,0,1,1,0,0,0,1,1,0
2809-ZMYOQ,2024-01-04,32,month_to_month,electronic_check,fiber_optic,101.35,3334.9,0,0,1,0,1,1,1,0,0,0,1,0
4032-RMHCI,2024-01-04,41,one_year,credit_card,dsl,35.4,1412.4,1,0,1,0,0,0,0,0,1,1,0,0
8409-WQJUX,2024-01-04,25,one_year,electronic_check,dsl,54.2,1423.15,0,0,1,1,1,1,0,0,0,0,0,0
1536-YHDOE,2024-01-04,17,one_year,mailed_check,dsl,62.1,1096.65,1,0,0,1,0,0,1,0,1,1,1,0
1140-UKVZG,2024-01-04,17,month_to_month,mailed_check,none,24.8,475.25,0,0,0,0,0,0,1,0,0,0,0,0
2987-BJXIK,2024-01-04,70,two_year,mailed_check,dsl,84.7,5991.05,1,1,1,0,1,1,1,0,0,0,0,0
3653-NCRDJ,2024-01-04,43,one_year,mailed_check,none,19.2,776.25,0,0,0,0,0,0,0,0,1,1,1,0
9365-CSLBQ,2024-01-04,71,two_year,mailed_check,none,24.35,1654.6,0,0,0,0,0,0,1,0,0,1,0,0
8263-JQAIK,2024-01-04,2,month_to_month,mailed_check,dsl,24.45,47.5,0,0,0,0,0,0,0,1,0,0,1,1
3452-SRFEG,2024-01-04,49,month_to_month,bank_transfer,fiber_optic,74.6,3720.35,0,0,0,0,0,0,1,0,0,0,1,0
5985-BEHZK,2024-01-04,72,one_year,credit_card,fiber_optic,105.0,7578.05,0,1,1,0,1,1,1,1,1,0,0,0
4993-JCRGJ,2024-01-04,26,month_to_month,mailed_check,fiber_optic,84.3,2281.6,0,0,1,1,0,0,1,0,0,0,1,0
1133-KXCGE,2024-01-04,18,one_year,mailed_check,none,20.1,407.05,0,0,0,0,0,0,0,0,0,0,0,0
6521-YYTYI,2024-01-04,1,month_to_month,electronic_check,fiber_optic,93.3,93.3,0,0,0,0,1,1,1,0,0,1,1,1
6158-DWPZT,2024-01-04,9,one_year,bank_transfer,dsl,24.1,259.8,0,0,0,0,0,0,0,0,1,0,0,1
2305-MRGLV,2024-01-04,28,month_to_month,bank_transfer,fiber_optic,76.55,2065.4,0,0,0,1,0,0,0,0,1,0,0,0
7293-LSCDV,2024-01-04,60,two_year,credit_card,none,19.25,1103.25,0,0,0,0,0,0,0,0,1,1,1,0
2958-NHPPS,2024-01-04,23,month_to_month,electronic_check,none,20.85,473.9,0,0,0,0,0,0,0,0,0,0,0,0
2154-KVJFF,2024-01-04,15,month_to_month,electronic_check,fiber_optic,79.75,1111.85,0,1,0,0,0,0,1,0,0,0,1,1
2038-YSEZE,2024-01-04,29,month_to_month,mailed_check,dsl,67.45,1801.1,1,1,0,1,0,0,1,0,0,0,0,0
2418-TPEUN,2024-01-04,56,two_year,credit_card,none,19.8,1119.9,0,0,0,0,0,0,0,0,1,1,1,0
1877-HKBQX,2024-01-04,11,one_year,mailed_check,dsl,54.6,617.85,1,0,0,1,0,0,0,0,0,0,1,0
1544-JJMYL,2024-01-04,27,one_year,credit_card,dsl,69.35,1927.3,1,0,1,1,1,0,0,0,0,0,0,0
5583-SXDAG,2024-01-04,1,month_to_month,electronic_check,fiber_optic,70.0,70.0,0,0,0,0,0,0,0,0,1,0,0,1
8646-JCOMS,2024-01-04,66,one_year,bank_transfer,fiber_optic,90.55,6130.95,0,1,1,1,0,0,1,0,1,0,1,0
6048-QBXKL,2024-01-04,2,month_to_month,credit_card,dsl,56.55,118.25,0,1,0,0,0,0,1,1,0,0,1,0
8999-EXMNO,2024-01-04,19,two_year,mailed_check,none,20.15,387.7,0,0,0,0,0,0,0,0,1,1,0,0
6242-SGYTS,2024-01-04,62,one_year,credit_card,fiber_optic,94.95,5791.85,1,1,0,0,1,0,1,0,1,1,1,0
4626-OZDTJ,2024-01-04,51,one_year,credit_card,dsl,78.65,3950.85,0,1,0,1,1,1,1,0,1,0,1,0
4024-CSNBY,2024-01-04,72,two_year,bank_transfer,fiber_optic,94.25,6849.75,1,1,1,1,0,0,1,0,1,0,1,0
4112-LUEIZ,2024-01-04,10,month_to_month,electronic_check,fiber_optic,89.5,863.1,0,0,0,0,1,1,0,0,0,0,1,1
6252-DFGTK,2024-01-04,37,one_year,credit_card,dsl,68.1,2479.25,1,0,1,1,0,0,1,0,1,0,0,0
4422-QVIJA,2024-01-04,35,month_to_month,mailed_check,dsl,50.15,1655.35,0,0,0,0,0,0,1,0,0,1,0,0
7766-CLTIC,2024-01-04,10,month_to_month,mailed_check,dsl,60.95,629.55,0,0,0,1,0,1,0,0,0,0,1,0
1934-SJVJK,2024-01-04,1,month_to_month,mailed_check,none,20.15,20.15,0,0,0,0,0,0,0,0,0,0,0,1
5260-UMPWX,2024-01-04,26,month_to_month,credit_card,none,20.25,493.95,0,0,0,0,0,0,0,0,1,1,1,0
4291-TPNFG,2024-01-04,72,two_year,bank_transfer,dsl,82.3,5980.55,1,1,1,1,0,1,1,0,1,0,1,0
4803-AXVYP,2024-01-04,38,month_to_month,electronic_check,fiber_optic,99.55,3734.25,0,0,0,1,1,1,1,1,0,0,1,1
8784-CGILN,2024-01-04,18,month_to_month,bank_transfer,fiber_optic,99.85,1776.95,0,0,0,1,1,1,1,0,0,0,1,1
9150-HEPMB,2024-01-04,56,one_year,mailed_check,dsl,52.7,3019.7,1,0,1,0,0,0,0,0,0,0,0,0
8570-KLJYJ,2024-01-04,36,one_year,mailed_check,dsl,54.45,1893.5,1,0,0,0,0,0,1,0,0,0,0,0
9054-FOWNV,2024-01-04,22,month_to_month,electronic_check,fiber_optic,88.75,1885.15,0,0,1,0,1,0,1,0,1,1,1,0
0960-HUWBM,2024-01-04,65,two_year,bank_transfer,fiber_optic,104.1,6700.05,0,0,1,1,1,1,1,0,1,1,1,0
1134-YWTYF,2024-01-04,27,month_to_month,electronic_check,dsl,53.8,1389.85,0,1,0,1,0,0,0,0,1,0,1,0
3002-WQZWT,2024-01-04,29,month_to_month,electronic_check,fiber_optic,74.2,1993.25,0,0,0,0,0,0,1,0,0,0,1,0
2660-EMUBI,2024-01-04,10,month_to_month,electronic_check,fiber_optic,95.35,898.35,0,0,0,0,1,1,1,1,0,0,1,1
2786-GCDPI,2024-01-04,50,month_to_month,electronic_check,fiber_optic,104.95,5222.35,0,0,1,1,1,1,1,1,0,0,1,0
3914-FDRHP,2024-01-04,9,month_to_month,electronic_check,fiber_optic,86.25,770.5,0,0,0,1,1,0,0,0,0,0,0,0
0269-XFESX,2024-01-04,23,one_year,mailed_check,none,24.35,538.5,0,0,0,0,0,0,1,0,1,1,0,0
7619-ODSGN,2024-01-04,24,month_to_month,electronic_check,dsl,54.75,1338.15,1,0,0,0,0,0,1,0,1,1,0,1
2043-WVTQJ,2024-01-04,1,month_to_month,mailed_check,dsl,55.7,55.7,1,0,1,0,0,0,0,0,1,0,0,0
0384-RVBPI,2024-01-04,20,month_to_month,credit_card,dsl,64.4,1398.6,1,0,1,0,0,1,0,0,0,0,0,0
0378-XSZPU,2024-01-04,58,one_year,credit_card,dsl,60.3,3563.8,1,1,1,0,0,0,0,0,1,0,0,1
5529-GIBVH,2024-01-04,47,two_year,mailed_check,none,20.15,1046.2,0,0,0,0,0,0,0,0,0,0,0,0
7322-OCWHC,2024-01-04,72,two_year,bank_transfer,fiber_optic,93.05,6735.05,1,1,1,1,0,0,1,1,1,0,1,0
8735-IJJEG,2024-01-04,14,month_to_month,credit_card,dsl,50.2,668.85,0,0,1,0,0,0,0,0,1,0,0,0
8050-XGRVL,2024-01-04,62,one_year,credit_card,dsl,54.75,3425.35,1,0,1,0,0,0,0,0,1,1,0,0
4846-WHAFZ,2024-01-04,37,month_to_month,electronic_check,fiber_optic,76.5,2868.15,0,0,0,0,0,0,1,1,1,0,1,1
6907-CQGPN,2024-01-04,29,month_to_month,electronic_check,dsl,34.3,1004.75,0,1,0,1,0,0,0,0,0,0,0,0
3970-XGJDU,2024-01-04,62,two_year,credit_card,none,19.2,1123.65,0,0,0,0,0,0,0,0,0,0,1,0
8631-WUXGY,2024-01-04,46,month_to_month,electronic_check,fiber_optic,99.8,4391.25,0,1,1,0,1,1,0,0,0,1,1,0
7218-HKQFK,2024-01-04,2,month_to_month,electronic_check,fiber_optic,94.2,167.5,0,0,0,1,1,1,0,0,1,0,1,1
6212-ATMLK,2024-01-04,50,month_to_month,electronic_check,fiber_optic,95.7,4729.75,0,0,0,0,1,1,1,0,0,0,1,0
8625-AZYZY,2024-01-04,24,month_to_month,electronic_check,fiber_optic,104.65,2542.45,0,1,1,0,1,1,1,0,1,0,1,1
7740-BTPUX,2024-01-04,55,two_year,electronic_check,fiber_optic,113.6,6292.7,0,1,1,1,1,1,1,1,1,0,1,0
8869-LIHMK,2024-01-04,64,two_year,bank_transfer,fiber_optic,115.1,7334.05,1,1,1,1,1,1,1,0,0,0,1,0
4951-UKAAQ,2024-01-04,4,month_to_month,electronic_check,fiber_optic,88.95,355.2,0,1,0,0,0,1,1,0,0,0,1,1
6624-JDRDS,2024-01-04,6,month_to_month,bank_transfer,dsl,29.45,161.45,1,0,0,0,0,0,0,0,0,0,0,0
9248-OJYKK,2024-01-04,1,month_to_month,electronic_check,fiber_optic,76.45,76.45,0,0,0,0,0,0,1,1,0,0,1,1
0513-RBGPE,2024-01-04,37,two_year,credit_card,dsl,62.8,2278.75,1,0,1,1,0,0,1,0,1,1,1,0
3836-FZSDJ,2024-01-04,71,two_year,bank_transfer,none,24.85,1901.0,0,0,0,0,0,0,1,1,1,0,0,0
1301-LOPVR,2024-01-04,29,one_year,credit_card,dsl,55.35,1636.95,1,1,1,1,0,1,0,0,1,1,1,0
7479-NITWS,2024-01-04,7,month_to_month,credit_card,fiber_optic,89.35,631.85,0,0,1,0,1,0,1,0,0,0,1,1
3312-UUMZW,2024-01-04,32,month_to_month,credit_card,fiber_optic,98.85,3145.9,0,1,0,0,1,1,1,0,1,0,1,0
0060-FUALY,2024-01-04,59,month_to_month,electronic_check,fiber_optic,94.75,5597.65,1,1,0,0,1,0,1,0,1,0,1,0
2985-JUUBZ,2024-01-04,40,month_to_month,electronic_check,dsl,74.55,3015.75,0,0,1,0,1,1,1,0,1,1,1,0
5016-ETTFF,2024-01-04,10,month_to_month,mailed_check,dsl,29.5,255.25,0,0,1,0,0,0,0,0,0,0,0,1
1998-VHJHK,2024-01-04,27,one_year,mailed_check,none,19.15,501.35,0,0,0,0,0,0,0,0,0,0,0,0
1925-TIBLE,2024-01-04,7,month_to_month,electronic_check,fiber_optic,86.5,582.5,0,0,0,0,1,0,1,0,1,0,1,1
0485-ZBSLN,2024-01-04,65,two_year,credit_card,none,24.75,1715.1,0,0,0,0,0,0,1,0,1,1,0,0
4817-QRJSX,2024-01-04,10,month_to_month,credit_card,fiber_optic,81.0,818.05,0,1,0,0,0,0,1,0,0,0,1,1
7299-GNVPL,2024-01-04,23,month_to_month,mailed_check,fiber_optic,84.4,1936.85,1,1,0,1,0,0,0,0,1,1,0,0
0945-TSONX,2024-01-04,47,two_year,credit_card,dsl,85.3,4107.25,1,1,0,1,1,1,1,0,1,1,1,0
6859-RKMZJ,2024-01-04,11,month_to_month,bank_transfer,dsl,55.05,608.15,0,0,0,0,1,0,0,0,1,0,1,0
4177-JPDFU,2024-01-04,12,month_to_month,mailed_check,dsl,34.0,442.45,0,1,0,1,0,0,0,0,0,0,0,0
4459-BBGHE,2024-01-04,30,month_to_month,electronic_check,dsl,44.5,1307.8,0,0,0,0,1,1,0,0,0,1,1,0
5196-SGOAK,2024-01-04,1,month_to_month,electronic_check,fiber_optic,75.7,75.7,0,1,0,0,0,0,0,0,0,0,1,1
0103-CSITQ,2024-01-04,57,one_year,bank_transfer,fiber_optic,109.4,6252.7,0,1,1,1,1,1,1,0,1,0,1,0
7206-PQBBZ,2024-01-04,11,month_to_month,electronic_check,fiber_optic,70.2,834.7,0,0,0,0,0,0,0,1,1,0,1,0
7727-SHVZV,2024-01-04,9,month_to_month,bank_transfer,none,19.5,150.35,0,0,0,0,0,0,0,0,0,0,0,0
2608-BHKFN,2024-01-04,4,month_to_month,credit_card,fiber_optic,70.05,266.9,0,0,0,0,0,0,0,0,0,0,1,1
4860-IJUDE,2024-01-04,13,month_to_month,credit_card,fiber_optic,73.75,956.65,1,0,0,0,0,0,0,0,0,0,1,0
9509-MPYOD,2024-01-04,35,one_year,mailed_check,none,20.75,700.45,0,0,0,0,0,0,0,0,0,0,0,0
3813-DHBBB,2024-01-04,67,two_year,bank_transfer,dsl,50.95,3521.7,1,1,0,1,0,1,0,0,1,0,1,0
8672-OAUPW,2024-01-04,51,one_year,credit_card,dsl,47.85,2356.75,0,0,0,1,0,0,0,0,0,1,0,0
9564-KCLHR,2024-01-04,1,month_to_month,mailed_check,dsl,51.25,51.25,0,0,0,1,0,0,0,0,0,0,0,1
8659-IOOPU,2024-01-04,71,two_year,electronic_check,fiber_optic,100.45,7159.7,1,0,1,1,0,1,1,0,1,1,0,0
3312-ZWLGF,2024-01-04,29,month_to_month,electronic_check,fiber_optic,79.3,2414.55,0,0,0,1,0,0,1,1,1,0,1,0
8267-ZNYVZ,2024-01-04,33,one_year,electronic_check,fiber_optic,103.75,3361.05,1,0,1,1,1,1,0,0,1,0,1,1
0305-SQECB,2024-01-04,11,one_year,mailed_check,dsl,36.05,402.6,1,0,0,1,0,0,0,0,0,1,1,0
7018-WBJNK,2024-01-04,13,month_to_month,credit_card,fiber_optic,78.3,1033.95,0,0,0,0,1,0,0,0,0,1,1,0
8922-NPKBJ,2024-01-04,42,two_year,mailed_check,none,19.35,867.3,0,0,0,0,0,0,0,0,1,1,0,0
7421-ZLUPA,2024-01-04,8,month_to_month,mailed_check,dsl,29.25,226.95,0,1,0,0,0,0,0,0,0,0,1,0
6982-SSHFK,2024-01-04,1,month_to_month,mailed_check,dsl,44.4,44.4,0,0,0,0,0,0,0,0,0,0,0,1
9031-ZVQPT,2024-01-04,72,two_year,electronic_check,fiber_optic,108.2,7840.6,0,1,1,1,1,1,1,0,1,0,1,0
0178-SZBHO,2024-01-04,47,month_to_month,electronic_check,fiber_optic,87.2,4017.45,0,1,0,0,1,0,1,0,1,1,0,0
3370-GQEAL,2024-01-04,30,month_to_month,electronic_check,fiber_optic,85.45,2509.95,0,0,0,0,1,0,1,0,1,1,0,0
3584-WKTTW,2024-01-04,51,one_year,electronic_check,fiber_optic,111.55,5720.35,1,0,1,1,1,1,1,0,1,0,1,0
0848-ZGQIJ,2024-01-04,16,month_to_month,bank_transfer,fiber_optic,94.65,1461.15,0,1,0,0,1,1,0,0,1,0,1,0
6116-RFVHN,2024-01-04,34,month_to_month,electronic_check,fiber_optic,100.45,3414.65,0,0,1,0,1,1,1,0,1,0,1,0
5229-PRWKT,2024-01-04,8,month_to_month,electronic_check,fiber_optic,86.55,649.65,0,0,0,0,0,1,1,0,0,0,1,1
8237-ULIXL,2024-01-04,72,two_year,credit_card,none,24.85,1871.85,0,0,0,0,0,0,1,0,1,0,0,0
3915-ODIYG,2024-01-04,60,one_year,electronic_check,dsl,71.75,4374.55,1,1,0,0,0,1,1,1,0,0,1,0
5914-XRFQB,2024-01-04,72,two_year,bank_transfer,fiber_optic,115.8,8424.9,1,1,1,1,1,1,1,0,1,0,1,0
6476-EPYZR,2024-01-04,12,month_to_month,mailed_check,none,20.5,255.5,0,0,0,0,0,0,0,0,1,1,0,0
9227-YBAXE,2024-01-04,65,two_year,bank_transfer,dsl,82.5,5215.1,1,1,0,1,1,1,1,0,1,1,1,0
2171-UDMFD,2024-01-04,32,month_to_month,credit_card,none,19.45,674.55,0,0,0,0,0,0,0,0,1,1,1,0
3351-NQLDI,2024-01-04,67,one_year,credit_card,fiber_optic,94.35,6341.45,1,0,0,1,0,1,1,0,1,1,1,1
7838-LAZFO,2024-01-04,45,one_year,bank_transfer,dsl,78.8,3597.5,1,1,1,0,1,1,0,0,1,0,0,0
7131-ZQZNK,2024-01-04,60,two_year,credit_card,dsl,59.85,3590.2,1,0,1,1,1,1,0,0,1,1,0,0
9822-OAOVB,2024-01-04,1,month_to_month,electronic_check,dsl,55.45,55.45,0,0,0,0,0,1,0,0,0,0,1,0
5614-DNZCE,2024-01-04,58,two_year,credit_card,dsl,64.9,3795.45,1,1,1,1,0,0,0,0,0,0,1,0
7943-RQCHR,2024-01-04,9,month_to_month,electronic_check,fiber_optic,94.75,889.9,0,0,0,0,1,1,1,0,0,0,1,1
9840-EFJQB,2024-01-04,1,month_to_month,electronic_check,fiber_optic,74.35,74.35,0,1,0,0,0,0,0,0,0,0,0,0
7089-RKVSZ,2024-01-04,8,one_year,mailed_check,none,24.4,203.95,0,0,0,0,0,0,1,0,1,1,0,0
2962-XPMCQ,2024-01-04,2,month_to_month,electronic_check,dsl,45.15,98.5,0,0,0,0,0,0,0,0,0,0,1,1
9081-WWXKP,2024-01-04,47,two_year,credit_card,none,20.25,873.4,0,0,0,0,0,0,0,0,1,1,0,0
2982-IHMFT,2024-01-04,1,month_to_month,mailed_check,fiber_optic,74.45,74.45,0,0,0,0,0,0,1,1,0,0,1,1
3069-SSVSN,2024-01-04,1,one_year,mailed_check,dsl,25.85,25.85,0,0,0,0,0,0,0,0,0,0,0,0
2968-SSGAA,2024-01-04,10,month_to_month,electronic_check,fiber_optic,100.6,1060.2,0,0,1,0,1,1,1,0,0,0,1,1
3417-TSCIC,2024-01-04,29,one_year,mailed_check,dsl,24.85,788.05,0,0,0,0,0,0,0,0,0,0,1,0
5320-BRKGK,2024-01-04,58,two_year,mailed_check,dsl,75.8,4415.75,1,0,1,1,1,0,1,0,1,1,0,0
1345-ZUKID,2024-01-04,14,one_year,mailed_check,none,19.35,324.8,0,0,0,0,0,0,0,0,0,0,0,0
0750-EKNGL,2024-01-04,7,month_to_month,mailed_check,none,20.75,141.1,0,0,0,0,0,0,0,0,0,0,0,0
5685-IIXLY,2024-01-04,5,month_to_month,electronic_check,fiber_optic,83.6,404.2,0,1,0,0,0,1,0,0,1,1,1,1
0516-VRYBW,2024-01-04,18,one_year,bank_transfer,none,20.15,390.85,0,0,0,0,0,0,0,0,0,1,0,1
1069-QJOEE,2024-01-04,25,one_year,electronic_check,none,19.9,505.45,0,0,0,0,0,0,0,0,1,1,0,0
3174-AKMAS,2024-01-04,46,two_year,credit_card,dsl,64.2,3009.5,0,1,0,1,1,0,0,0,1,0,1,0
2207-NHRJK,2024-01-04,1,month_to_month,electronic_check,dsl,50.8,50.8,0,1,0,0,0,0,0,0,0,0,0,1
0623-GDISB,2024-01-04,1,month_to_month,bank_transfer,dsl,48.45,48.45,1,0,0,0,0,0,0,0,0,0,1,0
7570-WELNY,2024-01-04,68,two_year,bank_transfer,fiber_optic,84.7,5711.05,1,1,0,0,0,0,1,0,1,0,1,0
6954-OOYZZ,2024-01-04,18,month_to_month,bank_transfer,dsl,44.35,768.05,0,0,0,0,0,0,0,0,1,0,1,0
6496-JDSSB,2024-01-04,8,month_to_month,bank_transfer,fiber_optic,80.0,624.6,0,0,0,0,1,0,0,0,0,0,1,0
2616-FLVQC,2024-01-04,64,two_year,mailed_check,none,19.55,1240.15,0,0,0,0,0,0,0,0,0,0,0,0
2865-TCHJW,2024-01-04,4,month_to_month,electronic_check,fiber_optic,89.2,346.2,0,0,1,0,1,0,1,1,0,0,1,1
4671-VJLCL,2024-01-04,63,two_year,credit_card,dsl,79.85,4861.45,1,1,1,1,1,0,1,0,0,0,1,0
4525-VZCZG,2024-01-04,54,one_year,electronic_check,fiber_optic,105.85,5826.65,1,1,0,1,1,1,0,0,0,1,1,0
0536-ESJEP,2024-01-04,54,two_year,bank_transfer,dsl,74.55,4191.45,1,1,0,0,1,1,0,0,1,0,1,0
0270-THENM,2024-01-04,72,two_year,bank_transfer,dsl,69.85,5102.35,1,1,1,1,0,0,1,0,1,1,0,0
1636-NTNCO,2024-01-04,4,month_to_month,credit_card,dsl,50.95,207.35,0,1,0,0,1,1,0,1,0,0,1,0
1227-UDMZR,2024-01-04,72,two_year,bank_transfer,dsl,91.15,6637.9,1,1,1,1,1,1,1,0,1,0,1,0
9000-PLFUZ,2024-01-04,60,two_year,credit_card,dsl,49.45,2907.55,0,1,0,0,1,1,0,1,1,0,1,0
6319-IEJWJ,2024-01-04,20,month_to_month,electronic_check,fiber_optic,90.2,1776.55,0,0,0,0,1,1,0,0,1,1,1,1
9112-WSNPU,2024-01-04,35,month_to_month,electronic_check,fiber_optic,70.55,2419.0,0,0,0,0,0,0,0,1,0,0,0,0
3097-NNSPB,2024-01-04,2,month_to_month,credit_card,dsl,49.05,91.1,0,1,0,0,0,0,0,0,0,0,1,1
1853-ARAAQ,2024-01-04,26,month_to_month,credit_card,dsl,50.35,1277.5,0,0,1,0,1,1,0,0,0,0,1,0
4559-UWIHT,2024-01-04,14,month_to_month,electronic_check,fiber_optic,82.65,1185.0,0,1,1,0,0,0,1,0,1,0,1,0
5240-IJOQT,2024-01-04,1,month_to_month,electronic_check,fiber_optic,74.7,74.7,0,0,0,0,0,0,1,1,0,0,1,1
5642-MHDQT,2024-01-04,53,one_year,bank_transfer,none,19.85,1039.45,0,0,0,0,0,0,0,0,1,1,1,0
7926-IJOOU,2024-01-04,1,month_to_month,credit_card,none,19.3,19.3,0,0,0,0,0,0,0,0,0,0,0,0
5567-GZKQY,2024-01-04,58,two_year,credit_card,none,20.3,1131.5,0,0,0,0,0,0,0,0,0,0,0,0
4256-ZWTZI,2024-01-04,5,month_to_month,mailed_check,dsl,51.0,286.8,0,0,0,1,0,0,0,0,0,1,1,0
0678-RLHVP,2024-01-04,53,two_year,electronic_check,fiber_optic,105.55,5682.25,0,1,1,0,1,1,1,0,0,0,0,0
6469-QJKZW,2024-01-04,4,month_to_month,electronic_check,none,20.15,91.4,0,0,0,0,0,0,0,0,1,0,0,0
6988-CJEYV,2024-01-04,49,month_to_month,electronic_check,fiber_optic,98.7,4920.55,0,1,0,0,1,1,1,0,0,0,0,0
3703-VAVCL,2024-01-04,2,month_to_month,credit_card,fiber_optic,90.0,190.05,0,0,1,1,0,1,0,0,1,1,0,1
3750-CKVKH,2024-01-04,2,month_to_month,electronic_check,fiber_optic,67.75,116.65,0,0,0,0,0,0,0,0,0,0,1,1
6424-ELEYH,2024-01-04,3,month_to_month,credit_card,fiber_optic,74.75,229.5,0,0,0,0,0,0,1,0,1,0,1,1
4626-GYCZP,2024-01-04,7,month_to_month,electronic_check,fiber_optic,93.85,635.6,0,0,0,0,1,1,1,0,0,0,1,1
2599-CZABP,2024-01-04,14,one_year,electronic_check,dsl,44.6,641.25,0,0,0,0,0,0,0,0,1,0,0,0
7780-OTDSO,2024-01-04,18,month_to_month,electronic_check,fiber_optic,99.4,1742.95,1,0,0,0,1,1,1,0,1,0,1,1
5022-KVDQT,2024-01-04,27,month_to_month,electronic_check,fiber_optic,81.3,2272.8,0,0,1,0,0,0,1,0,0,0,1,0
8232-CTLKO,2024-01-04,66,two_year,electronic_check,dsl,59.75,3996.8,1,0,0,0,1,0,0,0,1,1,1,0
5129-HHMZC,2024-01-04,43,two_year,credit_card,dsl,86.45,3574.5,1,1,0,1,1,1,1,0,1,0,0,0
6993-YGFJV,2024-01-04,69,two_year,bank_transfer,fiber_optic,112.55,7806.5,1,1,1,1,1,1,1,0,1,0,1,0
3144-KMTWZ,2024-01-04,71,month_to_month,bank_transfer,fiber_optic,93.25,6669.45,0,1,1,0,0,1,1,0,1,0,1,0
5371-VYLSX,2024-01-04,50,month_to_month,electronic_check,fiber_optic,83.4,4113.7,1,1,0,0,0,0,1,1,0,0,1,0
4163-HFTUK,2024-01-04,51,one_year,electronic_check,none,19.1,1007.8,0,0,0,0,0,0,0,0,0,0,0,0
7336-RLLRH,2024-01-04,27,one_year,mailed_check,dsl,80.85,2204.35,1,0,0,1,1,1,1,0,1,0,0,0
1403-GYAFU,2024-01-04,70,two_year,credit_card,none,20.05,1360.25,0,0,0,0,0,0,0,0,1,1,0,0
4713-LZDRV,2024-01-04,2,month_to_month,electronic_check,fiber_optic,79.6,195.05,0,0,0,0,0,1,0,1,0,0,1,1
1213-NGCUN,2024-01-04,6,month_to_month,bank_transfer,dsl,49.65,267.35,0,0,0,1,0,0,0,0,0,0,1,1
4523-WXCEF,2024-01-04,59,month_to_month,electronic_check,fiber_optic,101.1,6039.9,0,1,0,0,1,1,1,0,1,0,0,1
5747-PMBSQ,2024-01-04,10,month_to_month,mailed_check,fiber_optic,92.5,934.1,0,1,1,1,1,0,0,1,1,0,1,1
4021-RQSNY,2024-01-04,29,month_to_month,electronic_check,fiber_optic,98.5,3004.15,0,0,1,0,1,1,1,1,1,0,1,1
6621-YOBKI,2024-01-04,5,month_to_month,mailed_check,none,20.35,92.75,0,0,0,0,0,0,0,0,0,0,0,0
4094-NSEDU,2024-01-04,21,month_to_month,electronic_check,fiber_optic,94.25,1973.75,0,0,0,0,1,1,1,1,0,0,1,1
6341-AEVKX,2024-01-04,62,one_year,electronic_check,fiber_optic,104.3,6613.65,1,0,1,1,1,1,0,0,1,0,1,0
6479-SZPLM,2024-01-04,36,two_year,credit_card,none,19.45,754.5,0,0,0,0,0,0,0,0,1,1,0,0
6776-TLWOI,2024-01-04,3,month_to_month,mailed_check,none,19.85,64.55,0,0,0,0,0,0,0,0,0,0,0,1
0106-UGRDO,2024-01-04,69,two_year,electronic_check,fiber_optic,116.0,8182.85,1,1,1,1,1,1,1,0,1,0,1,0
4030-VPZBD,2024-01-04,2,month_to_month,electronic_check,dsl,30.9,59.05,0,0,0,1,0,0,0,0,0,0,1,1
3106-ULWFW,2024-01-04,8,month_to_month,credit_card,fiber_optic,85.2,627.4,0,0,0,0,0,1,1,0,1,0,1,1
1078-TDCRN,2024-01-04,3,month_to_month,electronic_check,dsl,30.75,82.85,0,1,0,0,0,0,0,1,1,0,1,0
7359-PTSXY,2024-01-04,1,month_to_month,electronic_check,dsl,45.75,45.75,0,0,0,0,0,0,0,0,0,0,0,1
4315-MURBD,2024-01-04,12,month_to_month,bank_transfer,fiber_optic,98.9,1120.95,1,0,0,1,1,1,0,0,0,0,1,1
4360-PNRQB,2024-01-04,18,month_to_month,bank_transfer,fiber_optic,75.6,1395.05,0,0,0,0,0,0,1,0,0,0,1,0
6344-SFJVH,2024-01-04,20,month_to_month,credit_card,dsl,24.9,505.95,0,0,0,0,0,0,0,0,0,0,0,0
7854-EDSSA,2024-01-04,22,month_to_month,electronic_check,dsl,59.0,1254.7,1,1,0,0,0,0,1,0,0,0,0,1
1809-DMJHQ,2024-01-04,5,month_to_month,mailed_check,dsl,46.0,221.7,0,0,0,0,0,0,0,0,0,1,0,1
1535-VTJOQ,2024-01-04,24,two_year,credit_card,none,25.15,553.0,0,0,0,0,0,0,1,0,0,0,0,0
9091-WTUUY,2024-01-04,64,two_year,mailed_check,dsl,69.25,4447.75,1,0,1,1,1,0,0,0,1,1,0,0
6559-PDZLR,2024-01-04,26,month_to_month,electronic_check,fiber_optic,98.65,2537.0,0,0,1,1,1,1,0,0,0,0,1,0
9090-SGQXL,2024-01-04,68,month_to_month,electronic_check,fiber_optic,105.3,7299.65,0,1,1,0,1,1,1,1,1,0,1,1
2525-GVKQU,2024-01-04,60,two_year,mailed_check,none,20.6,1093.0,0,0,0,0,0,0,0,0,0,0,0,0
2519-TWKFS,2024-01-04,25,one_year,mailed_check,dsl,55.1,1466.1,0,0,0,1,0,0,1,0,1,1,1,0
5044-XDPYX,2024-01-04,51,two_year,mailed_check,none,25.5,1281.25,0,0,0,0,0,0,1,0,1,0,0,0
4646-QZXTF,2024-01-04,7,month_to_month,bank_transfer,dsl,81.25,580.1,1,0,1,1,1,1,0,0,1,0,0,0
5986-WWXDV,2024-01-04,39,one_year,bank_transfer,none,19.35,779.2,0,0,0,0,0,0,0,0,0,1,0,0
1027-LKKQQ,2024-01-04,72,two_year,bank_transfer,dsl,80.45,5886.85,1,0,1,1,1,1,0,0,1,1,1,0
1194-HVAIF,2024-01-04,27,month_to_month,credit_card,fiber_optic,95.0,2462.55,0,0,0,0,1,1,1,0,1,0,0,0
9711-FJTBX,2024-01-04,56,one_year,mailed_check,fiber_optic,85.85,4793.8,0,1,1,1,0,0,0,0,1,1,1,0
7416-CKTEP,2024-01-04,57,two_year,bank_transfer,none,19.6,1134.25,0,0,0,0,0,0,0,0,1,0,1,0
6591-QGOYB,2024-01-04,17,month_to_month,bank_transfer,fiber_optic,106.65,1672.1,1,1,1,1,1,0,1,0,0,0,1,0
5909-ECHUI,2024-01-04,1,month_to_month,electronic_check,dsl,56.25,56.25,0,0,0,0,0,1,0,0,0,0,1,1
7601-GNDYK,2024-01-04,35,two_year,mailed_check,none,19.6,686.95,0,0,0,0,0,0,0,0,1,1,0,0
5924-IFQTT,2024-01-04,13,month_to_month,electronic_check,dsl,72.8,930.05,0,1,1,1,1,0,1,0,1,1,1,0
2984-RGEYA,2024-01-04,69,two_year,bank_transfer,none,19.75,1375.4,0,0,0,0,0,0,0,0,1,1,0,0
9374-YOLBJ,2024-01-04,1,month_to_month,electronic_check,none,19.25,19.25,0,0,0,0,0,0,0,0,1,1,0,0
0927-LCSMG,2024-01-04,7,month_to_month,mailed_check,fiber_optic,74.65,544.55,0,0,1,0,0,0,0,0,0,0,0,1
8628-MFKAX,2024-01-04,72,two_year,credit_card,fiber_optic,116.75,8277.05,1,1,1,1,1,1,1,1,1,0,1,0
7938-OUHIO,2024-01-04,3,month_to_month,electronic_check,fiber_optic,98.7,293.65,0,0,1,1,1,1,0,0,0,0,1,1
7470-DYNOE,2024-01-04,53,one_year,electronic_check,dsl,61.1,3357.9,0,0,1,0,0,1,0,0,0,0,1,0
2240-HSJQD,2024-01-04,38,month_to_month,mailed_check,fiber_optic,81.85,3141.7,0,1,0,0,0,0,1,0,0,1,1,0
2674-MIAHT,2024-01-04,4,month_to_month,mailed_check,fiber_optic,80.3,324.2,0,1,0,0,0,0,1,0,0,0,1,0
8390-FESFV,2024-01-04,62,two_year,bank_transfer,dsl,84.5,5193.2,0,1,1,1,1,1,1,0,0,0,0,0
2273-QCKXA,2024-01-04,1,month_to_month,mailed_check,dsl,49.05,49.05,0,0,0,1,0,0,0,0,0,0,0,0
0239-OXEXL,2024-01-04,46,month_to_month,mailed_check,fiber_optic,84.25,3847.6,1,1,0,0,0,0,1,0,0,0,0,0
0228-MAUWC,2024-01-04,19,month_to_month,electronic_check,dsl,59.55,1144.6,0,0,1,1,0,0,1,0,0,0,0,0
9297-EONCV,2024-01-04,72,two_year,bank_transfer,dsl,91.35,6697.2,1,1,1,1,1,1,1,0,0,0,1,0
9650-VBUOG,2024-01-04,38,two_year,credit_card,none,25.05,963.95,0,0,0,0,0,0,1,0,1,1,0,0
5569-IDSEY,2024-01-04,71,one_year,bank_transfer,fiber_optic,105.7,7472.15,0,1,1,0,1,1,1,0,1,0,1,0
3473-XIIIT,2024-01-04,16,month_to_month,electronic_check,fiber_optic,100.0,1534.75,0,1,0,0,1,1,1,0,1,0,1,1
6425-YQLLO,2024-01-04,66,one_year,credit_card,fiber_optic,105.95,6975.25,0,0,1,1,1,1,1,1,1,0,1,1
0094-OIFMO,2024-01-04,11,month_to_month,electronic_check,fiber_optic,95.0,1120.3,0,1,0,0,1,1,0,1,0,0,1,1
7233-PAHHL,2024-01-04,66,two_year,mailed_check,dsl,84.0,5714.25,1,0,1,1,1,1,1,0,1,1,1,0
5213-TWWJU,2024-01-04,28,month_to_month,electronic_check,fiber_optic,91.0,2626.15,0,0,1,1,0,1,0,0,0,0,0,0
3751-KTZEL,2024-01-04,1,month_to_month,mailed_check,dsl,35.05,35.05,0,0,0,0,0,1,0,0,0,0,0,1
3831-YCPUO,2024-01-04,72,two_year,credit_card,fiber_optic,109.5,7854.9,1,1,1,1,1,1,0,0,1,1,1,0
2892-GESUL,2024-01-04,18,two_year,mailed_check,none,19.35,309.25,0,0,0,0,0,0,0,0,1,1,0,0
9732-OUYRN,2024-01-04,49,one_year,credit_card,none,19.0,918.7,0,0,0,0,0,0,0,0,1,0,0,0
2080-CAZNM,2024-01-04,41,month_to_month,electronic_check,fiber_optic,104.4,4133.95,0,1,1,0,1,1,1,1,0,0,1,0
0515-YPMCW,2024-01-04,1,month_to_month,mailed_check,fiber_optic,70.45,70.45,0,0,0,0,0,0,0,0,0,1,1,1
1989-PRJHP,2024-01-04,27,month_to_month,electronic_check,fiber_optic,75.5,1893.95,0,0,0,0,0,0,1,1,1,0,1,1
3675-EQOZA,2024-01-04,5,month_to_month,bank_transfer,none,20.65,93.55,0,0,0,0,0,0,0,0,0,0,0,0
2144-ESWKO,2024-01-04,43,one_year,credit_card,dsl,35.2,1463.7,1,0,1,0,0,0,0,0,0,0,1,0
9308-ANMVE,2024-01-04,47,month_to_month,electronic_check,dsl,55.3,2654.05,1,1,0,0,0,0,0,0,0,1,1,0
8885-QSQBX,2024-01-04,1,month_to_month,bank_transfer,dsl,49.55,49.55,1,0,0,0,0,0,0,0,0,0,0,0
9474-PHLYD,2024-01-04,15,month_to_month,electronic_check,dsl,59.45,892.65,0,0,1,0,0,1,0,0,0,0,1,1
1077-HUUJM,2024-01-04,7,month_to_month,electronic_check,fiber_optic,71.05,472.65,0,0,0,0,0,0,0,0,0,1,1,0
4881-GQJTW,2024-01-04,14,month_to_month,credit_card,none,19.6,300.4,0,0,0,0,0,0,0,0,0,0,0,0
3503-TYDAY,2024-01-04,43,month_to_month,electronic_check,fiber_optic,80.45,3398.9,0,1,0,0,0,0,1,0,1,0,0,0
2683-BPJSO,2024-01-04,29,month_to_month,electronic_check,fiber_optic,84.45,2467.1,1,1,0,0,0,0,1,0,1,0,1,1
4163-NCJAK,2024-01-04,46,one_year,bank_transfer,none,24.45,1066.15,0,0,0,0,0,0,1,0,1,0,1,0
2229-VWQJH,2024-01-04,24,month_to_month,credit_card,dsl,49.3,1233.25,0,0,1,0,0,0,0,0,0,0,1,0
5294-CDGWY,2024-01-04,51,one_year,electronic_check,dsl,59.3,3014.65,1,1,1,0,1,1,0,0,1,1,0,1
7781-EWARA,2024-01-04,70,one_year,electronic_check,dsl,60.35,4138.7,0,1,1,1,1,1,0,0,1,1,0,0
3566-VVORZ,2024-01-04,12,month_to_month,bank_transfer,dsl,45.9,505.95,0,0,0,0,0,0,0,0,1,0,0,0
7526-IVLYU,2024-01-04,3,month_to_month,mailed_check,none,19.65,68.35,0,0,0,0,0,0,0,0,0,0,1,0
8058-JMEQO,2024-01-04,9,month_to_month,electronic_check,fiber_optic,84.45,762.5,0,0,0,0,0,1,1,1,0,0,1,1
9938-EKRGF,2024-01-04,15,month_to_month,mailed_check,dsl,84.45,1287.85,1,1,1,1,1,1,0,0,0,0,0,0
0480-KYJVA,2024-01-04,72,two_year,credit_card,none,24.25,1784.5,0,0,0,0,0,0,1,0,1,1,0,0
2495-TTHBQ,2024-01-04,4,one_year,mailed_check,none,20.4,84.75,0,0,0,0,0,0,0,0,0,1,1,0
7663-YJHSN,2024-01-04,72,two_year,bank_transfer,fiber_optic,103.95,7556.9,1,1,1,1,1,0,1,0,1,0,1,0
7665-VIGUD,2024-01-04,10,one_year,mailed_check,none,20.35,176.3,0,0,0,0,0,0,0,0,0,0,0,0
6235-VDHOM,2024-01-04,5,month_to_month,electronic_check,dsl,28.45,131.05,0,1,0,0,0,0,0,1,0,0,0,1
7994-UYIVZ,2024-01-04,8,month_to_month,bank_transfer,fiber_optic,85.65,659.45,0,0,0,0,0,1,1,0,1,0,1,0
6712-OAWRH,2024-01-04,26,month_to_month,electronic_check,fiber_optic,91.25,2351.8,0,0,0,0,1,1,0,1,0,0,1,1
2077-DDHJK,2024-01-04,68,two_year,credit_card,dsl,70.9,4911.35,1,1,1,1,0,0,1,0,1,0,0,0
4697-LUPSU,2024-01-04,2,one_year,mailed_check,none,20.2,34.75,0,0,0,0,0,0,0,0,1,1,0,0
3488-PGMQJ,2024-01-04,8,month_to_month,electronic_check,fiber_optic,74.5,606.55,0,1,0,0,0,0,0,1,0,0,1,1
0030-FNXPP,2024-01-04,3,month_to_month,mailed_check,none,19.85,57.2,0,0,0,0,0,0,0,0,0,0,0,0
0952-KMEEH,2024-01-04,13,month_to_month,mailed_check,fiber_optic,98.15,1230.25,1,0,0,0,1,1,1,0,0,0,0,1
7594-LZNWR,2024-01-04,34,month_to_month,credit_card,fiber_optic,69.15,2275.1,0,0,0,0,0,0,0,1,0,0,0,0
0769-MURVM,2024-01-04,72,two_year,bank_transfer,dsl,65.7,4575.35,1,1,1,1,1,1,0,0,1,1,0,0
8706-HRADD,2024-01-04,21,month_to_month,mailed_check,dsl,43.55,1011.5,1,0,0,1,1,0,0,0,0,0,1,0
2873-ZLIWT,2024-01-04,40,month_to_month,electronic_check,fiber_optic,84.85,3303.05,0,0,1,1,0,0,1,0,1,1,1,1
8208-EUMTE,2024-01-04,16,two_year,mailed_check,dsl,54.85,916.15,1,1,1,1,1,0,0,0,0,0,0,0
6933-FHBZC,2024-01-04,26,one_year,mailed_check,dsl,56.05,1553.2,0,1,1,0,0,0,0,0,0,0,1,0
5536-RTPWK,2024-01-04,49,month_to_month,bank_transfer,fiber_optic,99.05,4853.75,0,1,0,0,1,1,1,0,1,0,1,1
3764-MNMOI,2024-01-04,46,two_year,credit_card,none,19.2,908.15,0,0,0,0,0,0,0,0,0,0,0,0
5442-XSDCW,2024-01-04,11,month_to_month,bank_transfer,fiber_optic,79.5,868.5,0,0,0,0,1,0,0,0,1,1,1,1
5766-FTRTS,2024-01-04,72,two_year,mailed_check,dsl,84.45,6033.1,1,1,1,1,1,1,0,0,1,0,0,0
6961-MJKBO,2024-01-04,47,two_year,bank_transfer,none,20.45,943.0,0,0,0,0,0,0,0,0,0,0,0,0
5510-BOIUJ,2024-01-04,1,month_to_month,mailed_check,none,19.25,19.25,0,0,0,0,0,0,0,0,0,1,0,1
6917-YACBP,2024-01-04,59,month_to_month,electronic_check,fiber_optic,89.75,5496.9,1,1,1,0,0,0,1,1,0,0,1,0
6461-SZMCV,2024-01-04,71,two_year,bank_transfer,dsl,87.95,6365.35,1,1,1,1,1,1,1,0,1,0,0,0
7632-YUTXB,2024-01-04,25,one_year,mailed_check,none,20.05,520.1,0,0,0,0,0,0,0,0,1,1,0,0
8915-NNTRC,2024-01-04,72,two_year,credit_card,fiber_optic,107.7,7919.8,1,1,0,1,1,1,1,0,1,1,1,0
9700-ZCLOT,2024-01-04,2,month_to_month,mailed_check,none,20.0,32.7,0,0,0,0,0,0,0,0,0,0,0,0
4808-YNLEU,2024-01-04,35,one_year,bank_transfer,dsl,62.15,2215.45,1,0,0,0,1,0,0,0,1,0,1,0
3324-OIRTO,2024-01-04,71,one_year,bank_transfer,fiber_optic,104.65,7288.4,1,1,1,0,1,1,0,0,1,1,1,0
6583-KQJLK,2024-01-04,15,month_to_month,electronic_check,fiber_optic,94.65,1285.05,0,1,0,0,1,1,0,1,1,0,1,0
6870-ECSHE,2024-01-04,2,one_year,mailed_check,none,20.45,34.8,0,0,0,0,0,0,0,0,0,0,0,0
6985-HAYWX,2024-01-04,26,month_to_month,bank_transfer,fiber_optic,79.3,2015.8,0,1,0,0,0,0,1,0,1,0,0,0
4184-TJFAN,2024-01-04,3,month_to_month,mailed_check,fiber_optic,88.3,273.75,1,0,0,1,1,0,0,1,1,1,1,1
4039-PIMHX,2024-01-04,49,two_year,mailed_check,dsl,49.8,2398.4,0,1,0,0,0,0,0,1,1,0,0,0
0064-YIJGF,2024-01-04,27,month_to_month,bank_transfer,fiber_optic,75.75,1929.0,0,0,0,0,0,0,1,0,1,1,1,0
1763-WQFUK,2024-01-04,3,month_to_month,mailed_check,dsl,50.5,147.75,0,0,0,1,0,0,0,0,0,0,1,0
1094-BKOSX,2024-01-04,45,one_year,bank_transfer,dsl,51.0,2264.5,0,1,1,1,0,1,0,0,1,1,0,0
5370-IIVVL,2024-01-04,37,one_year,credit_card,fiber_optic,104.5,3778.0,0,1,0,1,1,1,1,0,0,0,1,0
1488-PBLJN,2024-01-04,72,two_year,bank_transfer,fiber_optic,116.85,8477.7,1,1,1,1,1,1,1,0,1,1,1,0
0516-UXRMT,2024-01-04,62,one_year,electronic_check,fiber_optic,92.05,5755.8,1,1,1,0,0,0,1,0,0,0,1,0
8510-TMWYB,2024-01-04,54,two_year,bank_transfer,dsl,59.8,3246.45,0,1,1,0,0,0,1,0,1,1,1,0
6967-QIQRV,2024-01-04,15,one_year,electronic_check,fiber_optic,101.9,1667.25,1,0,0,1,1,1,0,0,1,1,0,0
1349-WXNGG,2024-01-04,1,month_to_month,bank_transfer,none,20.05,20.05,0,0,0,0,0,0,0,0,0,0,0,1
1768-ZAIFU,2024-01-04,1,month_to_month,electronic_check,dsl,25.2,25.2,0,0,0,0,0,0,0,1,0,0,1,1
0336-KXKFK,2024-01-04,72,two_year,credit_card,dsl,61.2,4390.25,1,0,1,1,1,1,0,0,0,0,1,0
8080-POTJR,2024-01-04,30,one_year,credit_card,dsl,79.3,2427.1,1,0,1,0,1,1,1,0,0,0,1,0
2190-BCXEC,2024-01-04,40,month_to_month,credit_card,fiber_optic,78.85,3126.85,0,0,0,1,0,0,1,0,1,0,1,0
6253-GNHWH,2024-01-04,71,two_year,mailed_check,dsl,71.1,5224.95,1,1,1,1,0,0,1,0,1,1,0,0
2011-TRQYE,2024-01-04,18,month_to_month,credit_card,dsl,33.5,600.0,0,1,1,0,0,0,0,0,0,0,1,1
4987-GQWPO,2024-01-04,17,month_to_month,credit_card,dsl,25.1,382.8,0,0,0,0,0,0,0,0,0,0,0,0
4735-BJKOU,2024-01-04,40,two_year,mailed_check,none,20.15,804.85,0,0,0,0,0,0,0,0,0,0,0,0
2499-AJYUA,2024-01-04,72,two_year,credit_card,fiber_optic,110.8,7882.25,0,1,1,1,1,1,1,1,1,0,1,0
3936-QQFLL,2024-01-04,2,month_to_month,mailed_check,none,19.75,39.3,0,0,0,0,0,0,0,0,0,0,0,0
3251-YMVWZ,2024-01-04,53,one_year,bank_transfer,none,24.05,1301.9,0,0,0,0,0,0,1,0,0,0,0,0
8879-XUAHX,2024-01-04,71,two_year,electronic_check,fiber_optic,116.25,8564.75,1,1,1,1,1,1,1,0,1,0,1,0
2604-IJPDU,2024-01-04,20,month_to_month,electronic_check,fiber_optic,96.55,1901.65,1,1,0,1,1,0,0,0,1,0,1,0
4320-QMLLA,2024-01-04,7,month_to_month,mailed_check,dsl,54.85,370.4,0,0,0,0,1,0,0,0,0,0,0,0
5609-IMCGG,2024-01-04,15,month_to_month,credit_card,fiber_optic,84.35,1302.65,1,0,1,0,0,0,1,0,0,0,1,0
1820-DJFPH,2024-01-04,72,two_year,bank_transfer,none,24.05,1709.15,0,0,0,0,0,0,1,0,1,1,1,0
8859-AXJZP,2024-01-04,39,two_year,mailed_check,none,23.8,903.8,0,0,0,0,0,0,1,0,1,1,1,0
3284-SVCRO,2024-01-04,45,two_year,mailed_check,none,25.5,1121.05,0,0,0,0,0,0,1,0,1,0,0,0
8739-XNIKG,2024-01-04,5,month_to_month,electronic_check,fiber_optic,84.0,424.75,0,0,0,0,1,0,1,0,0,0,1,0
6810-VCAEX,2024-01-04,47,one_year,credit_card,dsl,39.65,1798.65,1,1,0,1,0,0,0,0,0,0,0,0
4396-KLSEH,2024-01-04,4,month_to_month,electronic_check,none,19.85,63.0,0,0,0,0,0,0,0,0,0,0,1,0
9079-LWTFD,2024-01-04,47,month_to_month,mailed_check,fiber_optic,100.75,4669.2,1,1,0,1,1,0,1,0,0,0,0,0
9921-EZKBY,2024-01-04,33,month_to_month,bank_transfer,fiber_optic,95.3,3275.15,1,0,1,0,0,1,1,0,0,1,1,0
8404-VLQFB,2024-01-04,15,month_to_month,electronic_check,none,25.25,394.85,0,0,0,0,0,0,1,0,1,1,1,0
0130-SXOUN,2024-01-04,66,month_to_month,credit_card,fiber_optic,89.4,5976.9,0,1,0,0,0,1,1,0,0,0,0,0
8780-IXSTS,2024-01-04,6,month_to_month,electronic_check,fiber_optic,90.1,521.3,0,1,0,0,1,0,1,0,0,0,1,1
3824-RHKVR,2024-01-04,17,month_to_month,credit_card,none,19.7,340.35,0,0,0,0,0,0,0,0,0,0,0,0
2359-KLTEK,2024-01-04,41,month_to_month,bank_transfer,fiber_optic,94.9,3848.0,0,0,1,0,1,1,0,0,1,1,1,0
1091-SOZGA,2024-01-04,56,one_year,credit_card,fiber_optic,99.8,5515.45,0,0,1,0,1,1,1,0,1,1,1,0
2155-AMQRX,2024-01-04,28,month_to_month,credit_card,dsl,54.9,1505.15,0,0,0,1,0,0,1,0,0,0,1,0
3704-IEAXF,2024-01-04,72,two_year,credit_card,dsl,53.65,3784.0,0,1,0,1,1,1,0,0,1,1,0,0
7312-XSBAT,2024-01-04,1,month_to_month,electronic_check,dsl,49.75,49.75,1,0,0,0,0,0,0,0,0,0,0,0
4010-YLMVT,2024-01-04,56,month_to_month,credit_card,fiber_optic,106.6,5893.95,1,1,0,0,1,1,1,0,0,0,1,0
5915-ANOEI,2024-01-04,70,two_year,mailed_check,dsl,79.15,5536.5,1,1,1,1,1,0,1,0,1,0,0,0
8679-LZBMD,2024-01-04,44,one_year,bank_transfer,fiber_optic,90.65,3974.15,0,0,0,0,1,1,0,0,1,0,1,0
2372-HWUHI,2024-01-04,2,month_to_month,electronic_check,dsl,44.35,81.25,0,0,0,0,0,0,0,0,0,0,0,1
7162-WPHPM,2024-01-04,58,two_year,credit_card,dsl,71.6,4230.25,1,1,1,1,0,0,1,0,1,1,0,0
8822-KNBHV,2024-01-04,48,one_year,credit_card,dsl,83.45,3887.85,1,1,1,0,1,1,1,0,0,0,1,0
0315-LVCRK,2024-01-04,11,month_to_month,electronic_check,fiber_optic,84.8,888.75,0,0,1,0,0,1,0,0,0,0,0,0
8263-QMNTJ,2024-01-04,72,two_year,electronic_check,fiber_optic,115.55,8425.3,1,1,1,1,1,1,1,0,1,0,1,0
0526-SXDJP,2024-01-04,72,two_year,bank_transfer,dsl,42.1,2962.0,1,1,1,0,0,0,0,0,1,0,0,0
5201-USSQZ,2024-01-04,26,month_to_month,credit_card,fiber_optic,85.9,2196.45,0,0,0,1,0,1,0,0,1,0,0,0
4132-POCZS,2024-01-04,52,month_to_month,electronic_check,dsl,39.9,2020.9,1,0,0,0,0,1,0,0,1,0,1,0
9257-AZMTZ,2024-01-04,52,two_year,bank_transfer,none,20.1,1078.75,0,0,0,0,0,0,0,0,1,1,0,0
5447-VYTKW,2024-01-04,27,month_to_month,mailed_check,dsl,53.45,1461.45,1,0,0,1,0,0,0,0,0,0,0,0
5960-WPXQM,2024-01-04,1,month_to_month,electronic_check,fiber_optic,79.05,79.05,0,0,0,0,1,0,0,0,0,0,1,1
2826-UWHIS,2024-01-04,45,month_to_month,bank_transfer,fiber_optic,81.4,3775.85,0,1,0,0,0,0,1,0,1,0,0,0
7251-XFOIL,2024-01-04,61,month_to_month,mailed_check,fiber_optic,89.2,5500.6,0,0,1,0,0,1,1,0,0,0,0,0
6923-JHPMP,2024-01-04,2,month_to_month,electronic_check,fiber_optic,80.45,137.1,1,0,1,0,0,0,0,0,0,0,1,0
1373-ORVIZ,2024-01-04,11,month_to_month,electronic_check,dsl,66.35,740.8,0,0,0,1,0,1,1,0,1,1,1,1
8220-OCUFY,2024-01-04,21,one_year,electronic_check,dsl,60.25,1258.35,1,0,1,1,0,0,0,0,0,0,1,0
9488-HGMJH,2024-01-04,1,month_to_month,electronic_check,fiber_optic,71.15,71.15,0,0,0,0,0,0,0,1,0,0,1,1
2446-BEGGB,2024-01-04,6,month_to_month,electronic_check,fiber_optic,98.25,560.6,0,1,0,0,1,1,1,1,0,0,1,1
5781-RFZRP,2024-01-04,71,two_year,credit_card,dsl,73.5,5357.75,1,1,0,1,1,0,1,0,1,0,0,0
0973-KYVNF,2024-01-04,72,two_year,credit_card,dsl,70.65,5011.15,1,1,1,0,1,0,0,0,1,1,1,0
3740-RLMVT,2024-01-04,67,one_year,bank_transfer,dsl,60.95,4119.4,1,1,0,1,0,0,0,1,1,0,1,0
5837-LXSDN,2024-01-04,21,one_year,credit_card,dsl,58.85,1215.45,0,1,0,0,1,0,0,0,1,1,1,0
0404-AHASP,2024-01-04,72,two_year,credit_card,none,19.7,1421.9,0,0,0,0,0,0,0,0,1,0,0,0
1934-MKPXS,2024-01-04,33,one_year,credit_card,none,20.1,620.55,0,0,0,0,0,0,0,0,1,1,0,0
3049-SOLAY,2024-01-04,3,month_to_month,electronic_check,fiber_optic,95.2,292.85,0,0,0,0,1,1,1,0,1,0,1,1
8914-RBTSB,2024-01-04,31,month_to_month,electronic_check,fiber_optic,93.8,3019.5,0,1,1,0,1,0,1,0,1,0,0,1
1925-LFCZZ,2024-01-04,55,one_year,bank_transfer,dsl,50.05,2743.45,0,0,1,0,1,1,0,1,0,0,1,0
8372-JUXUI,2024-01-04,1,month_to_month,electronic_check,fiber_optic,74.35,74.35,0,0,0,0,0,0,1,0,0,1,1,1
5863-OOKCL,2024-01-04,10,month_to_month,mailed_check,none,18.85,163.2,0,0,0,0,0,0,0,0,0,0,0,0
8262-COGGB,2024-01-04,1,month_to_month,mailed_check,none,20.45,20.45,0,0,0,0,0,0,0,0,0,0,1,0
3320-VEOYC,2024-01-04,14,month_to_month,electronic_check,fiber_optic,95.6,1273.3,0,0,0,0,1,1,1,1,0,0,1,0
1096-ADRUX,2024-01-04,66,one_year,bank_transfer,fiber_optic,74.25,4859.25,0,0,0,0,0,0,1,0,1,1,1,0
5668-MEISB,2024-01-04,72,two_year,credit_card,fiber_optic,106.1,7657.4,1,1,1,1,1,0,1,0,1,1,0,0
4801-JZAZL,2024-01-04,11,month_to_month,electronic_check,dsl,29.6,346.45,1,0,0,0,0,0,0,0,1,1,1,0
6578-KRMAW,2024-01-04,32,month_to_month,credit_card,fiber_optic,93.4,2979.3,1,1,1,0,0,1,0,0,0,0,1,0
8884-ADFVN,2024-01-04,7,month_to_month,electronic_check,fiber_optic,101.95,700.85,0,0,1,0,1,1,1,1,1,0,1,1
6933-VLYFX,2024-01-04,31,one_year,electronic_check,dsl,59.95,1848.8,1,0,1,1,1,1,0,0,1,1,0,0
4825-XJGDM,2024-01-04,61,one_year,credit_card,dsl,43.7,2696.55,1,1,1,1,0,0,0,0,0,0,0,0
1846-XWOQN,2024-01-04,1,month_to_month,electronic_check,fiber_optic,70.15,70.15,0,0,0,0,0,0,0,1,0,0,1,1
8089-UZWLX,2024-01-04,71,two_year,bank_transfer,fiber_optic,104.05,7413.55,0,0,1,0,1,1,1,1,0,0,0,0
5940-AHUHD,2024-01-04,1,month_to_month,mailed_check,fiber_optic,70.6,70.6,0,0,0,0,0,0,0,0,0,0,0,1
0432-CAJZV,2024-01-04,3,month_to_month,mailed_check,fiber_optic,90.7,237.65,0,0,0,0,1,1,0,0,0,0,0,0
3249-ZPQRG,2024-01-04,4,month_to_month,electronic_check,fiber_optic,78.45,330.05,0,1,0,0,0,0,1,0,0,0,0,1
6726-WEXXK,2024-01-04,27,one_year,electronic_check,fiber_optic,85.9,2220.1,1,0,1,0,0,0,1,1,1,0,1,0
2984-AFWNC,2024-01-04,3,month_to_month,electronic_check,fiber_optic,95.4,293.15,0,1,0,0,1,1,0,0,0,0,0,0
9122-UMROB,2024-01-04,1,month_to_month,mailed_check,none,20.3,20.3,0,0,0,0,0,0,0,0,0,0,0,0
0238-WHBIQ,2024-01-04,72,two_year,credit_card,dsl,89.7,6339.3,1,1,1,1,1,1,1,0,1,1,0,0
2405-LBMUW,2024-01-04,61,one_year,bank_transfer,dsl,50.7,3088.75,1,1,0,1,0,1,0,0,1,1,1,0
5153-LXKDT,2024-01-04,68,two_year,electronic_check,fiber_optic,110.2,7467.5,1,1,1,0,1,1,1,0,1,1,1,0
3007-FDPEA,2024-01-04,2,month_to_month,bank_transfer,none,20.7,39.85,0,0,0,0,0,0,0,0,0,0,1,0
2791-SFVEW,2024-01-04,9,month_to_month,bank_transfer,none,20.15,238.15,0,0,0,0,0,0,0,0,0,0,0,0
6265-FRMTQ,2024-01-04,31,two_year,bank_transfer,none,20.4,609.1,0,0,0,0,0,0,0,0,0,0,0,0
6680-WKXRZ,2024-01-04,3,month_to_month,bank_transfer,fiber_optic,74.4,215.8,0,0,0,0,0,0,1,0,0,0,0,1
3174-RKMOW,2024-01-04,35,month_to_month,electronic_check,fiber_optic,109.95,3782.4,0,1,1,1,1,1,1,0,1,1,1,0
0829-DDVLK,2024-01-04,15,one_year,credit_card,none,20.1,302.45,0,0,0,0,0,0,0,0,0,0,0,0
1415-YFWLT,2024-01-04,1,month_to_month,electronic_check,fiber_optic,89.3,89.3,0,0,0,0,1,1,0,1,0,0,1,1
7599-FKVXZ,2024-01-04,42,month_to_month,bank_transfer,fiber_optic,106.15,4512.7,0,0,1,1,1,1,1,0,1,0,1,1
5692-FPTAH,2024-01-04,1,month_to_month,mailed_check,dsl,45.4,45.4,0,0,0,0,0,0,0,0,0,0,1,1
0020-INWCK,2024-01-04,71,two_year,credit_card,fiber_optic,95.75,6849.4,0,1,1,0,0,1,1,0,1,1,1,0
3170-NMYVV,2024-01-04,50,two_year,bank_transfer,none,20.15,930.9,0,0,0,0,0,0,0,0,1,1,0,0
8807-OPMBM,2024-01-04,55,two_year,credit_card,none,25.65,1388.0,0,0,0,0,0,0,1,0,1,1,1,0
3557-HTYWR,2024-01-04,47,two_year,mailed_check,dsl,74.05,3496.3,1,1,0,1,0,1,1,0,0,0,0,0
7552-KEYGT,2024-01-04,27,two_year,bank_transfer,none,19.55,520.55,0,0,0,0,0,0,0,0,1,0,0,0
6061-PQHMK,2024-01-04,25,one_year,credit_card,none,19.9,527.5,0,0,0,0,0,0,0,0,0,0,0,0
6907-NZZIJ,2024-01-04,36,month_to_month,electronic_check,fiber_optic,99.15,3615.6,0,1,0,0,1,1,1,0,0,0,1,1
2252-ISRNH,2024-01-04,9,one_year,electronic_check,fiber_optic,90.35,767.9,0,0,1,0,1,0,1,0,1,1,1,0
0481-SUMCB,2024-01-04,45,one_year,bank_transfer,fiber_optic,102.15,4735.35,0,0,1,0,1,1,1,1,0,0,1,0
4737-HOBAX,2024-01-04,63,two_year,credit_card,dsl,79.8,5034.05,0,0,1,1,1,1,1,0,1,0,0,0
3780-YVMFA,2024-01-04,8,month_to_month,electronic_check,dsl,68.55,564.35,0,0,0,1,1,1,0,0,1,1,1,0
8908-NMQTX,2024-01-04,72,two_year,bank_transfer,dsl,65.6,4566.5,1,1,1,1,1,1,0,0,0,0,1,0
2955-BJZHG,2024-01-04,17,month_to_month,electronic_check,fiber_optic,80.85,1400.85,0,0,0,0,1,0,0,0,1,1,0,1
9776-CLUJA,2024-01-04,51,month_to_month,electronic_check,fiber_optic,77.5,3807.35,1,0,0,0,0,0,1,1,1,0,1,1
9030-QGZNL,2024-01-04,8,two_year,mailed_check,none,20.85,161.65,0,0,0,0,0,0,0,0,0,0,0,0
0268-QKIWO,2024-01-04,3,month_to_month,electronic_check,none,19.75,58.85,0,0,0,0,0,0,0,0,0,0,0,1
1555-HAPSU,2024-01-04,71,two_year,credit_card,none,23.9,1663.5,0,0,0,0,0,0,1,0,1,1,0,0
6435-VWCCY,2024-01-04,65,two_year,credit_card,fiber_optic,92.7,5968.4,1,1,0,0,1,0,1,1,1,0,1,0
1320-GVNHT,2024-01-04,72,two_year,credit_card,fiber_optic,108.4,7767.25,1,1,1,0,1,1,1,0,1,1,1,0
5275-PMFUT,2024-01-04,72,two_year,credit_card,dsl,64.8,4719.75,1,1,1,1,1,1,0,0,1,1,1,0
2988-QRAJY,2024-01-04,69,two_year,credit_card,fiber_optic,110.05,7430.75,1,1,1,0,1,1,1,0,0,0,1,0
7274-CGTOD,2024-01-04,62,two_year,bank_transfer,dsl,43.7,2618.3,1,1,1,1,0,0,0,0,0,0,1,0
0442-ZXKVS,2024-01-04,54,one_year,bank_transfer,fiber_optic,115.6,6431.05,1,1,1,1,1,1,1,1,1,0,1,0
1407-DIGZV,2024-01-04,3,two_year,mailed_check,none,19.1,52.0,0,0,0,0,0,0,0,0,1,1,0,0
9069-LGEUL,2024-01-04,23,month_to_month,bank_transfer,dsl,59.95,1406.0,1,0,0,0,0,1,0,0,1,0,1,0
9046-DQMTP,2024-01-04,35,month_to_month,bank_transfer,none,20.75,739.9,0,0,0,0,0,0,0,0,0,0,0,0
6075-QMNRR,2024-01-04,52,month_to_month,bank_transfer,dsl,49.75,2535.55,1,0,0,0,0,0,0,0,0,0,1,0
5091-HFAZW,2024-01-04,2,month_to_month,electronic_check,fiber_optic,91.15,168.5,1,1,0,0,1,0,0,0,0,0,1,0
9135-HSWOC,2024-01-04,64,two_year,bank_transfer,none,19.7,1274.05,0,0,0,0,0,0,0,0,1,1,1,0
7365-BVCJH,2024-01-04,1,month_to_month,electronic_check,dsl,24.4,24.4,0,0,0,0,0,0,0,0,0,0,1,0
4450-MDZFX,2024-01-04,60,month_to_month,bank_transfer,fiber_optic,74.35,4453.3,0,0,0,0,0,0,1,0,1,1,0,0
7384-GHBPI,2024-01-04,3,month_to_month,electronic_check,dsl,35.15,99.75,0,0,0,0,0,1,0,0,1,0,1,1
0392-BZIUW,2024-01-04,72,two_year,credit_card,fiber_optic,105.0,7589.8,1,0,1,0,1,1,1,0,1,0,1,0
3916-NRPAP,2024-01-04,3,month_to_month,credit_card,fiber_optic,85.7,256.75,0,0,1,0,0,1,0,0,0,0,0,0
1744-JHKYS,2024-01-04,34,month_to_month,electronic_check,none,24.7,780.2,0,0,0,0,0,0,1,0,1,0,0,0
2842-BCQGE,2024-01-04,43,month_to_month,credit_card,fiber_optic,75.35,3161.4,0,0,0,0,0,0,1,0,0,0,1,0
7134-MJPDY,2024-01-04,66,one_year,credit_card,fiber_optic,102.85,6976.75,0,0,1,1,1,1,1,1,0,0,1,0
5555-RNPGT,2024-01-04,10,month_to_month,credit_card,none,24.8,223.9,0,0,0,0,0,0,1,0,0,1,0,0
0520-FDVVT,2024-01-04,35,one_year,bank_transfer,fiber_optic,102.35,3626.1,0,1,1,0,1,1,0,0,0,0,1,1
0670-KDOMA,2024-01-04,1,month_to_month,mailed_check,none,20.25,20.25,0,0,0,0,0,0,0,0,0,0,1,0
0655-YDGFJ,2024-01-04,29,month_to_month,bank_transfer,dsl,48.95,1323.7,0,0,1,0,0,0,0,0,0,0,0,0
8329-GWVPJ,2024-01-04,50,month_to_month,bank_transfer,fiber_optic,69.75,3557.7,0,0,0,0,0,0,0,0,1,1,1,0
8816-VXNZD,2024-01-04,1,month_to_month,electronic_check,fiber_optic,75.1,75.1,0,0,0,0,0,0,1,0,0,0,1,1
0895-LMRSF,2024-01-04,23,one_year,bank_transfer,dsl,64.9,1509.8,0,0,0,0,1,1,0,0,0,0,1,0
9283-LZQOH,2024-01-04,13,month_to_month,credit_card,fiber_optic,74.4,896.75,0,0,0,0,0,0,1,0,1,1,1,1
9577-WJVCQ,2024-01-04,68,month_to_month,mailed_check,dsl,54.45,3687.75,1,0,0,0,0,0,1,0,0,0,0,0
4452-ROHMO,2024-01-04,15,two_year,mailed_check,none,19.6,331.6,0,0,0,0,0,0,0,0,0,0,0,0
4682-BLBUC,2024-01-04,44,one_year,electronic_check,dsl,70.95,3250.45,0,1,1,1,1,0,0,0,1,0,1,0
9812-GHVRI,2024-01-04,40,month_to_month,bank_transfer,fiber_optic,83.85,3532.25,0,0,0,0,0,1,1,0,0,0,0,0
7601-DHFWZ,2024-01-04,48,two_year,credit_card,none,24.0,1183.05,0,0,0,0,0,0,1,0,0,0,0,0
0817-HSUSE,2024-01-04,1,month_to_month,electronic_check,dsl,75.5,75.5,0,0,1,1,1,1,0,0,0,0,1,0
4598-ZADCK,2024-01-04,53,one_year,electronic_check,dsl,53.6,2879.2,1,1,1,1,1,0,0,0,0,0,1,0
7883-ROJOC,2024-01-04,19,month_to_month,mailed_check,dsl,44.9,839.65,0,0,0,0,0,0,0,0,1,0,0,0
6145-NNPNO,2024-01-04,1,month_to_month,bank_transfer,dsl,44.15,44.15,0,0,0,0,0,0,0,0,0,0,0,0
9738-QLWTP,2024-01-04,39,one_year,electronic_check,fiber_optic,81.9,3219.75,0,0,1,1,0,0,0,0,0,0,0,0
9154-QDGTH,2024-01-04,43,one_year,credit_card,fiber_optic,104.3,4451.85,0,0,1,1,1,1,1,0,1,1,1,0
9430-FRQOC,2024-01-04,4,month_to_month,mailed_check,fiber_optic,87.1,341.45,0,0,1,1,0,0,1,0,0,1,1,1
7998-WNZEM,2024-01-04,71,two_year,bank_transfer,dsl,80.6,5708.2,1,1,1,1,0,1,1,0,0,0,0,0
2195-ZRVAX,2024-01-04,47,month_to_month,electronic_check,fiber_optic,85.3,4045.65,0,0,1,0,0,1,0,0,1,0,1,1
9722-UJOJR,2024-01-04,29,month_to_month,electronic_check,fiber_optic,70.75,1974.8,0,0,0,0,0,0,0,0,1,1,1,1
8224-UAXBZ,2024-01-04,58,one_year,electronic_check,dsl,45.35,2540.1,1,1,0,0,1,0,0,0,1,0,1,0
8614-VGMMV,2024-01-04,15,month_to_month,electronic_check,dsl,49.1,679.55,0,0,0,0,0,0,1,0,0,0,1,1
2904-GGUAZ,2024-01-04,72,two_year,bank_transfer,fiber_optic,84.05,6052.25,1,1,0,0,0,0,1,0,1,0,1,0
6397-JNZZG,2024-01-04,43,month_to_month,credit_card,dsl,55.55,2342.2,0,1,1,0,1,1,0,1,1,0,0,1
4598-XLKNJ,2024-01-04,25,month_to_month,electronic_check,fiber_optic,98.5,2514.5,0,1,1,0,1,1,0,1,1,0,1,1
8739-QOTTN,2024-01-04,2,month_to_month,mailed_check,none,20.35,41.85,0,0,0,0,0,0,0,0,1,0,0,0
1635-FJFCC,2024-01-04,5,month_to_month,credit_card,dsl,44.05,202.15,0,0,0,0,0,0,0,0,0,0,1,0
1794-SWWKL,2024-01-04,15,month_to_month,bank_transfer,dsl,59.65,867.1,0,0,1,1,0,0,1,0,1,1,1,0
0486-LGCCH,2024-01-04,11,two_year,mailed_check,none,19.65,225.75,0,0,0,0,0,0,0,0,1,1,0,0
6509-TSGWN,2024-01-04,37,month_to_month,mailed_check,none,26.45,911.6,0,0,0,0,0,0,1,0,1,1,0,0
4078-SAYYN,2024-01-04,11,month_to_month,electronic_check,fiber_optic,100.75,1129.75,0,0,1,0,1,1,1,0,0,0,1,1
7088-FBAWU,2024-01-04,17,month_to_month,mailed_check,dsl,74.55,1215.8,1,1,0,0,1,1,0,0,1,1,0,0
5268-DSMNQ,2024-01-04,62,one_year,credit_card,fiber_optic,97.95,5936.55,0,1,1,0,1,0,1,1,1,0,1,0
1666-JZPZT,2024-01-04,27,month_to_month,mailed_check,dsl,49.0,1291.35,0,0,0,0,0,0,1,0,0,0,0,0
9621-OUPYD,2024-01-04,25,one_year,bank_transfer,none,20.2,507.9,0,0,0,0,0,0,0,0,1,0,1,0
0608-JDVEC,2024-01-04,50,two_year,electronic_check,none,19.8,1013.2,0,0,0,0,0,0,0,0,1,0,0,0
0979-PHULV,2024-01-04,69,month_to_month,credit_card,fiber_optic,99.45,7007.6,0,0,1,0,1,1,1,0,1,1,1,1
9891-NQDBD,2024-01-04,28,one_year,mailed_check,none,25.55,672.2,0,0,0,0,0,0,1,0,1,0,0,0
6169-PPETC,2024-01-04,35,two_year,bank_transfer,none,20.5,759.35,0,0,0,0,0,0,0,0,1,1,0,0
8873-TMKGR,2024-01-04,29,one_year,mailed_check,none,19.1,529.5,0,0,0,0,0,0,0,0,0,0,0,0
4832-VRBMR,2024-01-04,65,one_year,bank_transfer,fiber_optic,103.15,6792.45,0,1,1,0,1,1,1,1,1,0,1,0
2878-DHMIN,2024-01-04,35,one_year,electronic_check,none,19.9,666.0,0,0,0,0,0,0,0,0,1,1,0,0
6582-PLFUU,2024-01-04,51,two_year,credit_card,none,19.55,1086.75,0,0,0,0,0,0,0,0,1,1,0,0
3859-CVCET,2024-01-04,4,month_to_month,mailed_check,dsl,45.65,191.05,0,0,0,0,0,0,0,0,0,0,0,1
2040-LDIWQ,2024-01-04,65,two_year,bank_transfer,dsl,84.2,5324.5,0,1,1,1,1,1,1,0,1,1,1,0
3511-APPBJ,2024-01-04,23,one_year,credit_card,fiber_optic,99.95,2292.75,1,0,1,0,1,1,0,0,0,0,1,0
3865-QBWSJ,2024-01-04,38,month_to_month,mailed_check,fiber_optic,80.45,3162.65,1,0,0,0,0,0,1,1,0,1,1,0
5019-GQVCR,2024-01-04,43,month_to_month,electronic_check,fiber_optic,84.85,3645.6,0,0,0,0,1,0,1,1,0,0,1,0
5197-YPYBZ,2024-01-04,12,two_year,credit_card,none,25.25,274.7,0,0,0,0,0,0,1,0,1,1,0,0
4837-QUSFT,2024-01-04,65,one_year,bank_transfer,fiber_optic,100.15,6643.5,1,1,0,1,1,0,1,0,1,0,1,0
0916-QOFDP,2024-01-04,14,month_to_month,electronic_check,fiber_optic,95.8,1346.3,0,0,0,0,1,1,1,1,1,1,1,0
6331-EWIEB,2024-01-04,20,month_to_month,electronic_check,fiber_optic,85.25,1734.5,0,0,0,0,1,0,1,0,0,0,1,1
5181-OABFK,2024-01-04,56,two_year,credit_card,dsl,61.3,3346.8,1,1,1,0,0,0,0,0,1,1,1,0
6743-HHQPF,2024-01-04,42,month_to_month,credit_card,dsl,25.1,1097.15,0,0,0,0,0,0,0,0,1,0,1,0
1391-UBDAR,2024-01-04,11,month_to_month,electronic_check,fiber_optic,72.9,818.45,0,0,1,0,0,0,0,0,0,0,0,0
7314-OXENN,2024-01-04,2,month_to_month,electronic_check,fiber_optic,82.0,184.65,0,1,0,0,0,0,1,0,0,0,1,1
1465-WCZVT,2024-01-04,3,month_to_month,mailed_check,none,19.65,60.65,0,0,0,0,0,0,0,0,1,1,0,0
3428-XZMAZ,2024-01-04,1,month_to_month,electronic_check,fiber_optic,69.35,69.35,0,0,0,0,0,0,0,0,0,0,1,1
1093-YSWCA,2024-01-04,11,two_year,credit_card,none,19.55,223.15,0,0,0,0,0,0,0,0,0,0,0,0
1230-QAJDW,2024-01-04,3,month_to_month,mailed_check,dsl,65.25,209.9,0,0,0,1,1,0,1,0,0,0,1,0
8605-ITULD,2024-01-04,1,month_to_month,mailed_check,none,19.55,19.55,0,0,0,0,0,0,0,0,0,0,0,0
2181-TIDSV,2024-01-04,68,two_year,bank_transfer,none,19.95,1303.25,0,0,0,0,0,0,0,0,1,1,1,0
1722-LDZJS,2024-01-04,53,one_year,credit_card,none,20.2,1068.15,0,0,0,0,0,0,0,0,1,1,0,0
5298-GSTLM,2024-01-04,60,one_year,bank_transfer,fiber_optic,101.4,6176.6,1,0,0,0,1,1,1,1,0,0,1,0
4274-DRSQT,2024-01-04,66,one_year,bank_transfer,fiber_optic,88.9,6000.1,0,1,0,0,1,0,1,0,0,0,1,0
9473-CBZOP,2024-01-04,28,one_year,mailed_check,dsl,59.0,1654.45,1,0,1,0,0,0,1,0,0,0,0,0
6705-LXORM,2024-01-04,5,month_to_month,electronic_check,fiber_optic,70.05,302.6,0,0,0,0,0,0,0,1,1,0,0,0
2778-OCLGR,2024-01-04,24,month_to_month,bank_transfer,dsl,39.1,971.3,1,0,0,0,0,1,0,1,1,0,0,1
5906-CVLHP,2024-01-04,45,one_year,credit_card,dsl,54.15,2319.8,0,1,0,1,0,0,0,0,1,1,1,1
6137-NICCO,2024-01-04,6,month_to_month,mailed_check,fiber_optic,94.05,518.75,0,1,1,0,1,0,1,0,1,1,1,0
8348-JLBUG,2024-01-04,64,one_year,credit_card,fiber_optic,80.3,5017.7,1,0,1,0,0,0,0,1,1,0,0,0
1930-WNXSB,2024-01-04,58,month_to_month,electronic_check,fiber_optic,92.85,5305.05,0,1,0,0,1,1,0,0,1,1,1,0
6015-VVHHE,2024-01-04,5,month_to_month,credit_card,fiber_optic,83.15,446.05,0,0,0,0,1,0,1,1,0,0,1,1
7869-ZYDST,2024-01-04,31,month_to_month,credit_card,dsl,59.05,1882.8,0,0,0,0,1,0,1,0,1,0,1,0
0939-YAPAF,2024-01-04,35,month_to_month,electronic_check,fiber_optic,100.25,3527.6,0,0,1,0,1,1,1,0,0,0,1,1
9294-TDIPC,2024-01-04,5,month_to_month,mailed_check,none,20.2,83.75,0,0,0,0,0,0,0,0,0,1,0,0
6692-YQHXC,2024-01-04,16,month_to_month,credit_card,fiber_optic,69.95,1205.5,0,0,0,0,0,0,0,0,0,0,1,0
8999-XXGNS,2024-01-04,72,one_year,credit_card,fiber_optic,105.75,7629.85,0,1,1,0,1,1,1,1,1,0,1,0
1150-FTQGN,2024-01-04,60,one_year,bank_transfer,fiber_optic,94.15,5811.8,1,1,0,0,1,0,1,0,1,1,0,0
6651-RLGGM,2024-01-04,67,two_year,mailed_check,none,26.3,1688.9,0,0,0,0,0,0,1,0,1,1,0,0
5684-FJVYR,2024-01-04,72,two_year,bank_transfer,fiber_optic,90.35,6563.4,1,1,0,1,0,0,1,0,1,1,1,0
9447-YPTBX,2024-01-04,50,one_year,bank_transfer,none,19.85,943.1,0,0,0,0,0,0,0,0,1,0,1,0
2740-JFBOK,2024-01-04,10,month_to_month,electronic_check,none,24.0,226.55,0,0,0,0,0,0,1,0,0,0,1,0
6108-OQZDQ,2024-01-04,4,month_to_month,electronic_check,fiber_optic,97.95,384.5,0,1,0,0,1,1,1,0,1,1,1,1
0722-TROQR,2024-01-04,4,month_to_month,electronic_check,fiber_optic,74.9,321.75,0,0,0,0,0,0,1,1,0,0,1,1
2504-DSHIH,2024-01-04,23,month_to_month,electronic_check,fiber_optic,86.8,1975.85,0,0,0,0,0,1,1,1,1,0,0,0
6229-LSCKB,2024-01-04,6,month_to_month,electronic_check,fiber_optic,79.7,497.6,0,0,0,0,1,0,0,1,0,0,1,0
9169-BSVIN,2024-01-04,12,month_to_month,bank_transfer,dsl,74.75,827.05,0,0,1,0,1,1,1,0,0,0,0,0
9512-PHSMG,2024-01-04,10,month_to_month,mailed_check,none,20.55,252.75,0,0,0,0,0,0,0,0,1,0,1,0
1319-YLZJG,2024-01-04,12,month_to_month,electronic_check,fiber_optic,84.6,959.9,1,1,1,0,0,0,0,0,1,0,1,0
0628-CNQRM,2024-01-04,22,one_year,bank_transfer,dsl,67.5,1544.05,1,0,1,1,1,0,0,0,1,1,1,1
2452-SNHFZ,2024-01-04,47,month_to_month,credit_card,fiber_optic,75.45,3545.1,1,0,0,0,0,0,0,0,0,0,0,0
7079-QRCBC,2024-01-04,24,month_to_month,electronic_check,fiber_optic,98.75,2407.3,0,0,1,0,1,1,1,0,0,0,1,1
0866-QLSIR,2024-01-04,34,one_year,mailed_check,dsl,64.4,2088.75,1,1,0,1,0,0,1,0,0,0,1,1
6549-YMFAW,2024-01-04,9,month_to_month,mailed_check,none,21.25,204.55,0,0,0,0,0,0,0,1,1,0,1,0
0618-XWMSS,2024-01-04,28,month_to_month,bank_transfer,fiber_optic,74.9,2068.55,1,0,0,0,0,0,0,0,0,1,1,1
2954-PIBKO,2024-01-04,69,two_year,credit_card,dsl,64.15,4254.1,1,0,1,1,0,0,1,0,1,1,1,0
4450-YOOHP,2024-01-04,39,month_to_month,credit_card,dsl,50.65,1905.4,0,0,1,0,1,1,0,0,0,0,1,0
1258-YMZNM,2024-01-04,27,one_year,bank_transfer,fiber_optic,110.5,2857.6,1,1,1,0,1,1,1,1,0,0,1,0
5857-XRECV,2024-01-04,2,one_year,bank_transfer,none,20.5,38.25,0,0,0,0,0,0,0,0,0,1,0,0
7298-IZWLY,2024-01-04,1,month_to_month,mailed_check,none,19.4,19.4,0,0,0,0,0,0,0,0,0,0,1,0
8079-XRJRS,2024-01-04,65,one_year,electronic_check,fiber_optic,89.75,5769.6,1,1,1,0,0,0,1,0,1,0,0,1
3482-ABPKK,2024-01-04,28,one_year,mailed_check,dsl,54.3,1546.3,1,0,0,1,0,0,0,0,0,0,0,0
7613-LLQFO,2024-01-04,12,month_to_month,electronic_check,fiber_optic,84.45,1059.55,0,0,0,0,1,0,1,0,0,0,1,1
0390-DCFDQ,2024-01-04,1,month_to_month,mailed_check,fiber_optic,70.45,70.45,0,0,0,0,0,0,0,1,1,0,1,1
2640-PMGFL,2024-01-04,27,month_to_month,electronic_check,fiber_optic,79.5,2180.55,0,0,0,1,0,0,1,0,0,1,1,1
7008-LZVOZ,2024-01-04,66,two_year,credit_card,none,25.3,1672.35,0,0,0,0,0,0,1,0,1,1,1,0
7921-BEPCI,2024-01-04,72,two_year,bank_transfer,dsl,59.75,4265.0,1,1,0,0,0,0,1,0,0,0,0,0
2205-LPVGL,2024-01-04,58,one_year,bank_transfer,fiber_optic,89.85,5125.75,1,1,0,1,0,0,1,1,1,1,1,0
3811-VBYBZ,2024-01-04,7,month_to_month,electronic_check,fiber_optic,99.8,673.25,0,1,0,0,1,1,1,0,0,0,1,1
2979-SXESE,2024-01-04,17,month_to_month,electronic_check,fiber_optic,94.4,1607.2,1,0,1,0,1,0,1,0,1,1,0,1
1299-AURJA,2024-01-04,70,two_year,bank_transfer,none,24.7,1685.9,0,0,0,0,0,0,1,0,1,1,0,0
9244-ZVAPM,2024-01-04,1,month_to_month,mailed_check,dsl,45.6,45.6,0,0,0,0,0,0,0,0,0,0,0,0
8592-PLTMQ,2024-01-04,64,one_year,mailed_check,none,24.7,1642.75,0,0,0,0,0,0,1,0,0,0,0,0
3537-HPKQT,2024-01-04,55,month_to_month,credit_card,fiber_optic,77.75,4266.4,0,1,0,0,0,0,1,0,1,0,1,0
0549-CYCQN,2024-01-04,51,one_year,bank_transfer,fiber_optic,79.6,3974.7,0,1,0,0,0,0,1,1,0,0,1,0
4548-SDBKE,2024-01-04,5,month_to_month,electronic_check,fiber_optic,85.2,474.8,0,0,0,0,1,0,1,0,0,0,1,1
1557-EMYVT,2024-01-04,43,two_year,credit_card,fiber_optic,115.05,4895.1,1,1,1,1,1,1,1,0,0,0,0,0
7056-IMHCC,2024-01-04,53,month_to_month,electronic_check,fiber_optic,101.9,5549.4,0,1,0,0,1,1,1,1,1,0,1,1
9625-RZFUK,2024-01-04,63,two_year,mailed_check,none,19.7,1275.85,0,0,0,0,0,0,0,0,1,1,0,0
2346-CZYIL,2024-01-04,27,two_year,credit_card,none,20.35,531.6,0,0,0,0,0,0,0,0,0,0,0,0
5760-WRAHC,2024-01-04,22,month_to_month,mailed_check,dsl,69.75,1545.4,1,0,1,1,0,1,0,1,0,0,1,0
4369-HTUIF,2024-01-04,6,month_to_month,bank_transfer,fiber_optic,85.15,503.6,1,0,0,0,1,0,0,1,0,0,1,1
5898-IGSLP,2024-01-04,31,month_to_month,electronic_check,fiber_optic,89.3,2823.0,1,0,1,1,0,0,1,0,1,1,0,0
2250-IVBWA,2024-01-04,64,month_to_month,electronic_check,fiber_optic,81.05,5135.35,1,1,0,0,0,0,0,0,1,1,0,0
5324-KTGCG,2024-01-04,71,one_year,electronic_check,none,20.85,1539.75,0,0,0,0,0,0,0,0,1,0,0,0
8819-WFGGJ,2024-01-04,68,two_year,bank_transfer,dsl,54.1,3794.5,1,0,1,0,1,1,0,0,1,0,1,0
9108-EJFJP,2024-01-04,1,month_to_month,mailed_check,dsl,53.55,53.55,1,1,0,0,0,0,0,0,1,0,1,0
7426-GSWPO,2024-01-04,64,month_to_month,bank_transfer,fiber_optic,103.5,6548.65,1,1,0,0,1,1,1,1,0,0,1,0
3234-VKACU,2024-01-04,2,month_to_month,electronic_check,dsl,70.3,132.4,0,0,0,1,1,1,0,0,0,0,0,0
5522-JBWMO,2024-01-05,1,month_to_month,electronic_check,dsl,44.0,44.0,0,0,0,0,0,0,0,0,0,1,0,0
1104-FEJAM,2024-01-05,28,month_to_month,electronic_check,dsl,64.4,1802.15,0,1,0,0,0,1,1,0,1,1,0,0
5067-DGXLL,2024-01-05,2,month_to_month,mailed_check,none,20.25,36.8,0,0,0,0,0,0,0,0,0,0,0,0
3398-GCPMU,2024-01-05,72,two_year,credit_card,dsl,89.55,6448.85,1,1,1,1,1,1,1,1,1,1,1,0
3736-BLEPA,2024-01-05,28,one_year,bank_transfer,fiber_optic,91.25,2483.65,0,1,0,1,1,0,0,0,0,0,1,0
2696-ECXKC,2024-01-05,55,one_year,mailed_check,fiber_optic,100.9,5448.6,1,0,0,0,1,1,1,0,1,1,0,0
2296-DKZFP,2024-01-05,65,two_year,bank_transfer,dsl,71.0,4386.2,1,1,1,0,0,1,0,0,1,0,0,0
9971-ZWPBF,2024-01-05,34,month_to_month,electronic_check,fiber_optic,108.9,3625.2,0,1,1,1,1,1,1,1,1,1,1,0
2634-HCZGT,2024-01-05,53,one_year,electronic_check,dsl,60.05,3229.65,1,0,0,1,0,0,1,1,1,0,1,1
7696-CFTAT,2024-01-05,37,two_year,bank_transfer,none,19.8,726.1,0,0,0,0,0,0,0,0,1,1,0,0
2189-WWOEW,2024-01-05,15,month_to_month,bank_transfer,fiber_optic,85.9,1269.55,0,1,0,0,0,1,0,0,0,1,1,1
5702-KVQRD,2024-01-05,71,two_year,electronic_check,dsl,82.55,5832.65,1,0,1,1,1,1,0,0,1,0,1,0
4343-EJVQB,2024-01-05,7,month_to_month,mailed_check,fiber_optic,74.35,533.6,1,0,0,0,0,0,0,0,0,0,0,0
3022-BEXHZ,2024-01-05,67,two_year,bank_transfer,fiber_optic,111.2,7530.8,0,1,1,1,1,1,1,0,1,1,1,0
2279-AXJJK,2024-01-05,52,month_to_month,credit_card,fiber_optic,95.65,5088.4,0,1,0,1,0,1,1,0,1,0,1,0
8213-TAZPM,2024-01-05,69,one_year,bank_transfer,fiber_optic,108.75,7493.05,0,1,1,1,1,1,1,0,1,1,1,0
6778-EICRF,2024-01-05,24,one_year,mailed_check,dsl,74.8,1821.2,1,0,0,0,1,1,1,0,1,1,0,0
2272-UOINI,2024-01-05,7,month_to_month,electronic_check,dsl,78.5,571.05,1,1,0,1,1,1,0,0,0,0,1,0
7452-FOLON,2024-01-05,39,one_year,bank_transfer,none,25.45,958.45,0,0,0,0,0,0,1,0,0,1,0,0
1215-EXRMO,2024-01-05,50,two_year,mailed_check,none,20.55,1067.65,0,0,0,0,0,0,0,0,1,0,0,0
9571-EDEBV,2024-01-05,71,one_year,credit_card,fiber_optic,98.65,6962.85,0,0,1,0,1,1,1,0,1,0,1,0
0854-UYHZD,2024-01-05,13,two_year,mailed_check,none,19.55,265.3,0,0,0,0,0,0,0,0,1,1,0,0
8992-CEUEN,2024-01-05,1,month_to_month,electronic_check,none,18.85,18.85,0,0,0,0,0,0,0,0,0,0,0,0
0082-OQIQY,2024-01-05,29,month_to_month,electronic_check,fiber_optic,94.2,2607.6,0,0,0,1,1,1,0,0,0,0,1,0
0822-QGCXA,2024-01-05,27,month_to_month,electronic_check,dsl,83.85,2310.2,0,1,1,1,1,1,1,1,1,0,0,0
5306-BVTKJ,2024-01-05,48,one_year,credit_card,dsl,55.8,2651.2,0,1,1,0,0,0,0,0,1,1,1,0
2472-OVKUP,2024-01-05,6,month_to_month,electronic_check,fiber_optic,91.0,531.0,0,1,1,0,0,1,0,0,1,0,1,1
8097-OMULG,2024-01-05,59,one_year,credit_card,dsl,76.75,4541.9,0,1,1,1,1,1,0,0,1,1,0,0
1421-HCERK,2024-01-05,30,month_to_month,bank_transfer,fiber_optic,105.7,3181.8,1,1,1,1,1,0,1,1,1,0,1,0
5918-VUKWP,2024-01-05,32,one_year,bank_transfer,none,20.55,654.55,0,0,0,0,0,0,0,0,0,0,0,0
3318-NMQXL,2024-01-05,3,month_to_month,electronic_check,fiber_optic,92.0,266.8,0,0,0,0,1,1,0,0,0,0,1,0
6921-OZMFH,2024-01-05,5,month_to_month,mailed_check,dsl,55.7,259.4,0,0,0,1,0,0,1,0,1,1,1,0
9415-ZNBSX,2024-01-05,70,two_year,bank_transfer,dsl,89.0,6293.2,1,1,1,1,1,1,1,0,1,1,1,0
5542-TBBWB,2024-01-05,1,month_to_month,electronic_check,fiber_optic,69.9,69.9,0,0,0,0,0,0,0,0,0,0,1,0
7401-JIXNM,2024-01-05,54,two_year,credit_card,dsl,91.3,4965.0,1,1,1,1,1,1,1,0,1,1,0,0
1452-UZOSF,2024-01-05,72,two_year,credit_card,fiber_optic,106.1,7548.6,1,1,1,1,1,0,1,0,1,1,1,0
0531-XBKMM,2024-01-05,66,two_year,bank_transfer,dsl,65.7,4378.9,1,1,0,1,0,0,1,0,0,1,0,0
5154-VEKBL,2024-01-05,9,month_to_month,mailed_check,dsl,58.5,539.85,1,0,1,1,1,1,0,0,0,0,0,1
2516-XSJKX,2024-01-05,41,two_year,electronic_check,dsl,78.45,3126.45,1,1,0,1,1,1,0,0,1,1,0,0
4782-OSFXZ,2024-01-05,71,two_year,bank_transfer,dsl,82.7,5831.2,1,1,1,1,0,1,1,1,1,0,1,0
9351-HXDMR,2024-01-05,72,two_year,credit_card,fiber_optic,110.9,8240.85,1,0,1,1,1,1,1,0,1,0,1,0
8309-PPCED,2024-01-05,72,two_year,bank_transfer,fiber_optic,110.45,7982.5,0,1,1,1,1,1,1,0,1,0,1,0
8802-UNOJF,2024-01-05,12,month_to_month,mailed_check,fiber_optic,83.8,1029.75,0,1,1,1,0,0,0,1,0,0,1,1
7753-USQYQ,2024-01-05,55,one_year,electronic_check,dsl,64.2,3627.3,0,1,0,1,0,1,0,0,0,0,1,0
4822-LPTYJ,2024-01-05,72,two_year,bank_transfer,fiber_optic,103.75,7346.2,0,1,1,0,1,1,1,0,1,0,1,0
3761-FLYZI,2024-01-05,65,month_to_month,bank_transfer,fiber_optic,108.8,7082.45,0,1,1,0,1,1,1,1,1,0,1,0
4636-QRJKY,2024-01-05,6,month_to_month,electronic_check,fiber_optic,80.5,502.85,0,0,0,1,0,0,1,0,1,1,1,1
3376-BMGFE,2024-01-05,4,month_to_month,bank_transfer,fiber_optic,70.9,273.0,0,0,0,0,0,0,0,0,0,0,1,1
5445-PZWGX,2024-01-05,62,one_year,electronic_check,fiber_optic,102.0,6529.25,1,1,0,1,0,1,1,0,0,0,0,1
6857-TKDJV,2024-01-05,67,two_year,bank_transfer,none,24.65,1620.45,0,0,0,0,0,0,1,0,1,1,0,0
1567-DSCIC,2024-01-05,8,month_to_month,electronic_check,fiber_optic,94.0,773.65,0,1,1,0,1,0,1,0,0,0,1,1
8544-JNBOX,2024-01-05,72,two_year,mailed_check,none,20.8,1521.2,0,0,0,0,0,0,0,0,0,0,1,0
5386-THSLQ,2024-01-05,66,one_year,bank_transfer,dsl,45.55,3027.25,0,1,1,0,1,0,0,1,1,0,0,0
6331-LWDTQ,2024-01-05,10,month_to_month,credit_card,dsl,72.15,794.25,0,0,0,0,1,1,1,0,0,0,1,1
9360-AHGNL,2024-01-05,43,one_year,mailed_check,fiber_optic,109.55,4830.25,1,0,1,1,1,1,1,1,1,0,1,1
2150-UWTFY,2024-01-05,22,month_to_month,mailed_check,dsl,61.15,1422.05,1,1,1,0,0,0,0,0,1,1,0,1
1508-DFXCU,2024-01-05,12,month_to_month,electronic_check,fiber_optic,81.45,912.0,0,0,0,0,1,0,0,0,0,0,1,0
6143-JQKEA,2024-01-05,10,month_to_month,credit_card,dsl,45.8,436.2,0,0,0,0,0,0,0,0,0,0,1,0
7801-CEDNV,2024-01-05,27,one_year,credit_card,dsl,48.7,1421.75,1,0,0,0,0,0,0,0,1,0,0,0
2717-HVIZY,2024-01-05,8,month_to_month,mailed_check,none,20.05,163.6,0,0,0,0,0,0,0,0,0,1,0,0
0064-SUDOG,2024-01-05,12,two_year,bank_transfer,none,20.3,224.5,0,0,0,0,0,0,0,0,1,1,0,0
6164-HAQTX,2024-01-05,71,two_year,bank_transfer,dsl,53.95,3888.65,1,1,1,1,1,0,0,0,0,0,0,0
1228-FZFRV,2024-01-05,50,month_to_month,credit_card,fiber_optic,105.95,5341.8,1,0,1,0,1,1,1,0,1,1,0,1
1679-JRFBR,2024-01-05,70,one_year,credit_card,fiber_optic,108.15,7930.55,1,1,1,0,1,1,1,0,1,1,1,0
1919-RTPQD,2024-01-05,7,month_to_month,electronic_check,dsl,44.75,333.65,0,0,0,0,0,0,0,0,1,1,0,0
7641-EUYET,2024-01-05,46,month_to_month,electronic_check,fiber_optic,100.7,4541.2,1,1,1,0,1,0,1,1,1,1,1,1
2720-FVBQP,2024-01-05,6,month_to_month,credit_card,dsl,48.95,273.25,0,0,0,0,0,0,1,0,1,1,1,0
8035-PWSEV,2024-01-05,6,month_to_month,electronic_check,fiber_optic,89.25,487.05,0,0,1,1,0,1,0,0,0,0,1,0
3547-LQRIK,2024-01-05,47,one_year,electronic_check,none,26.9,1250.85,0,0,0,0,0,0,1,0,1,0,0,0
0376-OIWME,2024-01-05,36,month_to_month,electronic_check,fiber_optic,93.6,3366.05,1,0,0,0,1,1,0,0,1,0,1,0
0325-XBFAC,2024-01-05,8,month_to_month,electronic_check,fiber_optic,94.7,740.3,0,0,1,0,1,1,0,0,0,0,1,1
2292-XQWSV,2024-01-05,40,one_year,mailed_check,dsl,60.3,2448.5,0,1,1,1,1,1,0,0,1,1,0,0
2252-JHJGE,2024-01-05,61,one_year,electronic_check,fiber_optic,104.0,6363.45,1,0,1,0,1,1,1,0,0,0,0,0
6176-YJWAS,2024-01-05,72,two_year,credit_card,fiber_optic,97.95,7114.25,1,1,1,0,1,0,1,0,1,0,1,0
6383-ZTSIW,2024-01-05,39,one_year,mailed_check,fiber_optic,99.1,3877.95,1,1,0,0,1,1,0,1,1,0,0,0
4365-MSDYN,2024-01-05,8,month_to_month,bank_transfer,none,19.55,161.15,0,0,0,0,0,0,0,0,1,0,1,0
1455-ESIQH,2024-01-05,1,month_to_month,electronic_check,fiber_optic,89.1,89.1,0,0,0,0,1,1,0,0,0,0,1,1
4664-NJCMS,2024-01-05,33,two_year,bank_transfer,dsl,59.55,2016.3,1,0,1,1,1,1,0,0,1,0,0,0
4911-BANWH,2024-01-05,31,month_to_month,credit_card,fiber_optic,86.55,2697.4,0,0,0,0,1,0,1,0,0,1,1,1
7394-FKDNK,2024-01-05,9,month_to_month,electronic_check,fiber_optic,89.45,853.1,0,0,0,0,1,1,0,0,1,0,0,1
8285-ABVLB,2024-01-05,70,two_year,credit_card,none,19.85,1328.35,0,0,0,0,0,0,0,0,1,0,0,0
4644-OBGFZ,2024-01-05,55,one_year,mailed_check,none,19.5,1026.35,0,0,0,0,0,0,0,0,1,1,0,0
8410-BGQXN,2024-01-05,4,month_to_month,mailed_check,none,19.4,93.4,0,0,0,0,0,0,0,0,0,0,0,0
4091-TVOCN,2024-01-05,48,one_year,credit_card,dsl,78.75,3682.45,1,0,1,0,1,1,1,0,0,1,1,0
7157-SMCFK,2024-01-05,61,two_year,mailed_check,none,19.75,1124.2,0,0,0,0,0,0,0,0,0,1,0,0
9799-CAYJJ,2024-01-05,2,month_to_month,electronic_check,fiber_optic,69.3,153.8,0,0,0,0,0,0,0,1,1,0,1,0
3683-QKIUE,2024-01-05,6,month_to_month,bank_transfer,dsl,50.8,288.05,0,0,0,1,0,0,0,0,0,0,1,1
3538-WZPHD,2024-01-05,3,month_to_month,electronic_check,dsl,29.6,79.45,0,1,0,0,0,0,0,0,0,0,1,1
8205-OTCHB,2024-01-05,22,one_year,bank_transfer,dsl,43.75,903.6,0,1,1,0,0,1,0,0,0,0,1,1
7674-YTAFD,2024-01-05,33,one_year,bank_transfer,fiber_optic,79.95,2684.85,0,1,0,1,0,0,0,0,0,0,1,0
1571-SAVHK,2024-01-05,12,month_to_month,mailed_check,fiber_optic,99.95,1132.75,0,0,0,1,1,1,1,0,0,0,1,1
1779-PWPMG,2024-01-05,72,two_year,bank_transfer,fiber_optic,114.65,8333.95,1,1,1,1,1,1,1,1,1,0,1,0
3969-JQABI,2024-01-05,58,month_to_month,credit_card,dsl,65.25,3791.6,1,1,0,0,1,0,0,0,1,0,1,0
3313-QKNKB,2024-01-05,59,one_year,electronic_check,fiber_optic,85.55,5084.65,0,0,0,0,0,1,1,0,1,0,0,1
9086-YJYXS,2024-01-05,34,one_year,bank_transfer,dsl,77.2,2753.8,0,0,1,0,1,1,1,0,1,1,0,0
1248-DYXUB,2024-01-05,52,two_year,mailed_check,none,24.8,1229.1,0,0,0,0,0,0,1,0,1,1,0,0
0621-TWIEM,2024-01-05,10,month_to_month,electronic_check,dsl,45.55,402.6,0,0,0,0,0,0,0,0,0,0,1,1
8679-JOEVF,2024-01-05,16,month_to_month,electronic_check,dsl,59.4,1023.9,0,0,0,1,1,0,0,1,0,0,0,1
3424-NMNBO,2024-01-05,58,one_year,electronic_check,fiber_optic,108.85,6287.25,1,1,1,0,1,1,1,1,1,0,1,1
7209-JCUDS,2024-01-05,10,month_to_month,electronic_check,fiber_optic,94.9,1048.85,0,0,1,0,1,1,0,0,0,0,1,1
7952-OBOYL,2024-01-05,3,month_to_month,mailed_check,fiber_optic,89.85,244.45,0,0,1,1,1,0,0,0,0,0,1,0
7876-DNYAP,2024-01-05,69,two_year,credit_card,none,19.8,1436.95,0,0,0,0,0,0,0,0,1,1,0,0
6549-NNDYT,2024-01-05,13,month_to_month,bank_transfer,dsl,30.85,394.1,1,0,0,0,0,0,0,0,0,0,1,0
5419-KLXBN,2024-01-05,25,month_to_month,bank_transfer,fiber_optic,89.15,2257.75,0,1,1,0,1,0,0,0,1,1,1,1
5028-HTLJB,2024-01-05,1,month_to_month,mailed_check,none,20.05,20.05,0,0,0,0,0,0,0,1,0,0,0,1
1541-ETJZO,2024-01-05,1,month_to_month,mailed_check,dsl,62.05,62.05,0,0,1,1,0,0,1,0,0,0,0,1
6999-CHVCF,2024-01-05,68,two_year,bank_transfer,fiber_optic,102.1,7149.35,1,1,1,0,0,1,1,0,0,0,1,0
5167-ZFFMM,2024-01-05,1,month_to_month,credit_card,fiber_optic,90.85,90.85,0,1,0,0,0,1,1,0,0,0,1,1
6326-MTTXK,2024-01-05,8,month_to_month,electronic_check,fiber_optic,100.85,819.55,0,1,0,0,1,1,1,0,0,0,0,1
4195-NZGTA,2024-01-05,1,month_to_month,electronic_check,dsl,25.25,25.25,0,0,0,0,0,0,0,0,0,0,0,0
5619-PTMIK,2024-01-05,46,month_to_month,electronic_check,dsl,53.1,2459.8,1,0,0,0,0,0,1,0,1,0,0,0
3932-IJWDZ,2024-01-05,45,month_to_month,bank_transfer,fiber_optic,103.65,4747.85,0,0,1,1,1,1,1,0,0,0,1,0
7089-IVVAZ,2024-01-05,8,month_to_month,bank_transfer,fiber_optic,103.35,847.3,1,0,0,1,1,1,1,0,0,0,1,1
3387-VATUS,2024-01-05,5,month_to_month,bank_transfer,fiber_optic,94.85,462.8,0,0,0,0,1,1,1,0,0,0,1,1
5482-VXSXJ,2024-01-05,22,month_to_month,mailed_check,fiber_optic,93.2,2157.3,0,1,0,0,1,1,0,0,0,0,1,0
2386-OWURY,2024-01-05,58,month_to_month,electronic_check,fiber_optic,95.3,5817.7,0,0,0,1,1,1,0,0,0,0,1,0
2625-TRCZQ,2024-01-05,51,month_to_month,electronic_check,dsl,49.65,2553.35,0,1,0,0,1,1,0,0,1,0,1,0
9039-RBEEE,2024-01-05,39,month_to_month,credit_card,dsl,48.95,1880.85,1,1,0,1,1,0,0,0,0,0,1,1
6765-MBQNU,2024-01-05,26,one_year,mailed_check,none,26.0,684.05,0,0,0,0,0,0,1,0,1,0,0,0
0843-WTBXE,2024-01-05,53,month_to_month,bank_transfer,fiber_optic,85.45,4517.25,0,0,0,0,1,0,1,0,0,0,0,1
1448-PWKYE,2024-01-05,1,month_to_month,electronic_check,fiber_optic,80.0,80.0,0,0,0,0,0,1,0,0,1,1,0,1
6317-YPKDH,2024-01-05,1,month_to_month,bank_transfer,dsl,29.95,29.95,0,1,0,0,0,0,0,0,0,0,0,1
2027-CWDNU,2024-01-05,18,month_to_month,electronic_check,fiber_optic,85.6,1601.5,0,0,0,1,0,1,0,0,1,1,1,0
2068-WWXQZ,2024-01-05,46,two_year,bank_transfer,none,20.05,902.0,0,0,0,0,0,0,0,0,0,0,0,0
6110-OHIHY,2024-01-05,3,month_to_month,electronic_check,fiber_optic,79.25,267.6,0,0,0,0,1,0,0,0,0,0,0,1
3945-GFWQL,2024-01-05,12,month_to_month,electronic_check,dsl,44.55,480.6,0,0,0,0,0,0,0,0,0,1,1,1
8645-KWHJO,2024-01-05,14,month_to_month,electronic_check,dsl,55.0,771.95,0,0,1,1,1,1,0,0,0,0,1,0
2815-CPTUL,2024-01-05,5,month_to_month,mailed_check,fiber_optic,70.25,331.9,0,0,0,0,0,0,0,1,0,0,1,1
0516-OOHAR,2024-01-05,28,one_year,bank_transfer,fiber_optic,100.35,2799.0,0,1,1,0,1,1,0,0,1,1,0,0
0397-GZBBC,2024-01-05,59,month_to_month,bank_transfer,fiber_optic,93.85,5574.75,0,0,0,0,1,1,1,1,1,0,1,1
3580-REOAC,2024-01-05,10,month_to_month,credit_card,dsl,44.85,435.4,0,0,0,0,0,0,0,0,0,0,1,1
8200-KLNYW,2024-01-05,21,one_year,mailed_check,dsl,80.9,1714.95,1,0,1,1,1,1,0,0,1,0,0,0
3317-HRTNN,2024-01-05,5,month_to_month,electronic_check,dsl,45.7,198.0,0,0,0,0,1,1,0,1,0,0,0,1
9108-EQPNQ,2024-01-05,10,two_year,credit_card,none,26.1,225.55,0,0,0,0,0,0,1,0,1,1,0,0
3420-ZDBMA,2024-01-05,5,month_to_month,mailed_check,fiber_optic,71.45,371.6,0,0,0,0,0,0,0,1,0,0,1,0
0727-IWKVK,2024-01-05,9,month_to_month,electronic_check,fiber_optic,79.9,741.7,0,1,1,0,0,0,0,0,1,0,1,1
8168-UQWWF,2024-01-05,11,month_to_month,bank_transfer,fiber_optic,97.85,1105.4,0,0,1,0,1,1,1,0,0,0,1,1
8313-AFGBW,2024-01-05,47,two_year,electronic_check,dsl,73.6,3522.65,0,1,1,0,1,1,0,0,1,0,0,0
6351-SCJKT,2024-01-05,3,month_to_month,mailed_check,dsl,41.35,107.25,1,0,1,1,0,0,0,0,0,0,0,0
0231-LXVAP,2024-01-05,1,month_to_month,electronic_check,fiber_optic,75.9,75.9,0,0,0,1,0,0,0,0,0,0,1,1
8328-SKJNO,2024-01-05,23,one_year,bank_transfer,dsl,40.65,947.4,1,1,0,1,0,0,0,0,0,1,0,0
4385-GZQXV,2024-01-05,16,month_to_month,electronic_check,fiber_optic,94.45,1511.2,0,0,0,1,1,1,0,1,0,0,1,1
9513-DXHDA,2024-01-05,27,one_year,electronic_check,dsl,81.7,2212.55,1,0,1,1,1,1,0,0,0,0,0,0
7225-IILWY,2024-01-05,68,two_year,mailed_check,none,25.75,1686.15,0,0,0,0,0,0,1,0,1,1,0,0
2969-QWUBZ,2024-01-05,2,month_to_month,electronic_check,dsl,51.4,96.8,0,1,0,0,1,1,0,0,0,0,0,0
2739-CCZMB,2024-01-05,5,month_to_month,credit_card,none,20.35,122.0,0,0,0,0,0,0,0,0,0,1,0,0
9943-VSZUV,2024-01-05,67,month_to_month,mailed_check,fiber_optic,75.7,5060.85,0,0,0,0,0,0,1,1,0,0,1,0
4549-ZDQYY,2024-01-05,52,one_year,credit_card,dsl,57.95,3042.25,1,0,1,1,0,0,0,0,0,0,0,0
9885-AIBVB,2024-01-05,29,month_to_month,electronic_check,fiber_optic,85.8,2440.25,0,1,1,0,0,0,1,0,1,0,1,0
2262-SLNVK,2024-01-05,1,month_to_month,electronic_check,fiber_optic,70.1,70.1,0,0,0,0,0,0,0,0,0,0,0,0
9408-SSNVZ,2024-01-05,4,month_to_month,electronic_check,fiber_optic,70.15,268.35,0,0,0,0,0,0,0,0,0,0,1,1
0383-CLDDA,2024-01-05,69,two_year,credit_card,dsl,85.35,5897.4,1,0,1,1,1,1,1,0,0,0,1,0
6537-QLGEX,2024-01-05,16,month_to_month,electronic_check,dsl,38.9,664.4,1,0,0,0,1,0,0,0,0,0,1,0
2371-JQHZZ,2024-01-05,24,month_to_month,electronic_check,fiber_optic,93.0,2248.05,0,0,0,0,1,1,1,0,1,0,1,0
9919-YLNNG,2024-01-05,42,month_to_month,bank_transfer,fiber_optic,103.8,4327.5,0,1,1,1,1,1,0,0,0,0,1,0
5073-WXOYN,2024-01-05,60,month_to_month,electronic_check,dsl,50.8,3027.4,0,1,0,0,1,1,0,0,0,0,1,1
2754-VDLTR,2024-01-05,10,month_to_month,electronic_check,fiber_optic,95.2,930.4,0,0,0,0,1,1,1,0,0,1,0,1
5778-BVOFB,2024-01-05,9,month_to_month,bank_transfer,dsl,59.5,530.05,0,0,0,1,1,0,0,0,0,0,1,0
6614-VBEGU,2024-01-05,24,month_to_month,bank_transfer,dsl,69.45,1614.05,0,1,0,0,1,1,0,0,1,0,1,0
7542-CYDDM,2024-01-05,18,month_to_month,mailed_check,none,20.05,358.5,0,0,0,0,0,0,0,0,0,0,0,0
1352-HNSAW,2024-01-05,72,two_year,bank_transfer,fiber_optic,115.6,8220.4,1,1,1,1,1,1,1,0,1,1,1,0
0744-GKNGE,2024-01-05,64,month_to_month,bank_transfer,fiber_optic,86.8,5327.25,1,0,0,1,0,0,1,0,1,1,1,0
9101-NTIXF,2024-01-05,2,month_to_month,mailed_check,none,19.4,50.6,0,0,0,0,0,0,0,0,0,0,0,0
6258-PVZWJ,2024-01-05,68,two_year,credit_card,dsl,90.8,6302.85,1,1,1,1,1,1,1,0,1,0,1,0
7181-BQYBV,2024-01-05,1,month_to_month,electronic_check,fiber_optic,102.45,102.45,1,0,1,0,1,1,1,0,1,1,1,1
1074-WVEVG,2024-01-05,59,one_year,mailed_check,none,20.35,1267.0,0,0,0,0,0,0,0,0,1,0,0,0
1357-BIJKI,2024-01-05,50,one_year,electronic_check,fiber_optic,98.25,4858.7,0,1,0,0,1,1,1,0,1,0,1,0
7602-MVRMB,2024-01-05,72,two_year,bank_transfer,fiber_optic,110.45,8058.85,1,0,1,1,1,1,1,0,1,1,1,0
2972-YDYUW,2024-01-05,57,one_year,electronic_check,fiber_optic,94.7,5468.95,0,1,0,1,0,1,1,0,0,0,0,0
1763-KUAAW,2024-01-05,18,one_year,bank_transfer,none,20.35,369.6,0,0,0,0,0,0,0,1,0,0,0,0
8894-JVDCV,2024-01-05,62,one_year,credit_card,fiber_optic,115.05,7133.45,1,1,1,1,1,1,1,0,0,0,1,0
5474-LAMUQ,2024-01-05,24,one_year,mailed_check,none,20.1,533.9,0,0,0,0,0,0,0,0,1,0,0,0
0117-LFRMW,2024-01-05,37,month_to_month,bank_transfer,dsl,40.2,1448.8,1,1,1,0,0,0,0,0,1,1,0,1
4439-JMPMT,2024-01-05,5,month_to_month,electronic_check,fiber_optic,85.75,470.95,0,0,0,1,1,0,0,0,1,1,1,1
9576-ANLXO,2024-01-05,3,month_to_month,bank_transfer,fiber_optic,69.55,222.3,0,0,0,0,0,0,0,0,0,0,1,1
3014-WJKSM,2024-01-05,29,month_to_month,credit_card,fiber_optic,75.3,2263.4,0,0,1,0,0,0,0,0,1,0,1,0
4926-UMJZD,2024-01-05,31,month_to_month,mailed_check,dsl,49.2,1498.55,0,0,0,1,0,0,0,0,1,0,1,0
6527-PZFPV,2024-01-05,24,one_year,credit_card,none,20.8,469.65,0,0,0,0,0,0,0,0,1,1,1,0
7401-RUBNK,2024-01-05,18,month_to_month,electronic_check,fiber_optic,74.8,1438.05,1,0,0,0,0,0,0,0,1,0,0,0
4558-FANTW,2024-01-05,17,month_to_month,electronic_check,fiber_optic,91.85,1574.45,1,0,0,1,1,0,0,0,1,1,0,1
8990-YOZLV,2024-01-05,69,two_year,mailed_check,dsl,66.9,4577.9,1,1,0,1,0,0,1,0,0,0,1,0
7560-QRBXH,2024-01-05,48,one_year,mailed_check,none,19.95,936.7,0,0,0,0,0,0,0,0,0,1,0,0
0040-HALCW,2024-01-05,54,two_year,credit_card,none,20.4,1090.6,0,0,0,0,0,0,0,0,1,1,0,0
2971-SGAFL,2024-01-05,13,month_to_month,electronic_check,dsl,78.75,995.35,1,0,1,0,1,1,1,0,0,0,1,0
1845-CSBRZ,2024-01-05,22,month_to_month,bank_transfer,fiber_optic,85.35,1961.6,0,0,0,0,1,0,1,1,1,1,0,0
4819-HJPIW,2024-01-05,18,month_to_month,mailed_check,dsl,25.15,476.8,0,0,0,0,0,0,0,0,0,0,0,0
0577-WHMEV,2024-01-05,16,month_to_month,electronic_check,fiber_optic,90.7,1374.9,1,1,1,0,0,0,1,0,1,0,0,0
7563-BIUPC,2024-01-05,5,month_to_month,electronic_check,fiber_optic,80.6,415.55,0,0,0,0,1,0,0,0,0,0,1,1
9504-YAZWB,2024-01-05,53,two_year,mailed_check,none,20.25,1048.45,0,0,0,0,0,0,0,0,0,0,0,0
6896-SRVYQ,2024-01-05,44,month_to_month,electronic_check,fiber_optic,73.85,3122.4,0,0,1,0,0,0,0,1,0,0,0,0
8761-NSOBC,2024-01-05,44,month_to_month,electronic_check,fiber_optic,100.55,4398.15,0,1,0,1,1,1,0,0,0,0,0,1
4701-LKOZD,2024-01-05,70,two_year,credit_card,dsl,89.75,6367.2,1,1,1,1,1,1,1,0,0,0,0,0
4587-VVTOX,2024-01-05,6,month_to_month,electronic_check,fiber_optic,105.3,545.2,0,1,1,0,1,1,1,0,1,0,1,1
0983-TATYJ,2024-01-05,33,one_year,mailed_check,dsl,51.45,1758.9,0,0,0,1,0,0,0,0,1,0,1,0
8084-OIVBS,2024-01-05,11,one_year,mailed_check,none,20.0,211.95,0,0,0,0,0,0,0,0,0,0,0,0
0402-OAMEN,2024-01-05,72,two_year,bank_transfer,none,24.45,1709.1,0,0,0,0,0,0,1,0,1,1,0,0
7363-QTBIW,2024-01-05,9,month_to_month,electronic_check,fiber_optic,79.75,769.1,0,0,0,0,0,1,0,0,1,0,1,0
0230-UBYPQ,2024-01-05,63,one_year,bank_transfer,dsl,36.1,2298.9,1,0,0,1,0,0,0,1,1,0,0,0
5808-TOTXO,2024-01-05,3,one_year,credit_card,none,20.55,57.4,0,0,0,0,0,0,0,0,0,1,1,0
3186-AJIEK,2024-01-05,66,two_year,bank_transfer,fiber_optic,105.65,6844.5,1,0,1,1,1,1,0,0,0,0,1,0
8404-VIOMB,2024-01-05,66,two_year,bank_transfer,dsl,62.5,4136.4,1,1,1,1,1,1,0,0,0,0,1,0
8040-MNRTF,2024-01-05,1,month_to_month,mailed_check,fiber_optic,71.1,71.1,0,0,0,0,0,0,0,0,0,0,0,0
8294-UIMBA,2024-01-05,30,one_year,bank_transfer,fiber_optic,94.4,2638.1,0,0,0,1,1,1,0,0,0,0,1,0
9506-UXUSK,2024-01-05,13,month_to_month,electronic_check,fiber_optic,70.15,931.75,0,0,0,0,0,0,0,0,0,0,1,0
9488-FVZCC,2024-01-05,72,two_year,bank_transfer,dsl,79.5,5661.7,1,1,1,1,0,1,1,0,1,1,1,0
9415-TPKRV,2024-01-05,8,month_to_month,electronic_check,dsl,55.75,446.8,0,1,0,0,0,0,1,0,1,1,0,0
3325-FUYCG,2024-01-05,28,one_year,electronic_check,fiber_optic,106.1,2847.4,1,1,0,0,1,1,1,0,1,1,0,1
5055-MGMGF,2024-01-05,65,month_to_month,electronic_check,fiber_optic,105.05,6914.95,1,0,1,0,1,1,1,0,1,0,1,0
5701-YVSVF,2024-01-05,11,month_to_month,electronic_check,fiber_optic,82.9,880.05,0,0,0,1,1,0,0,1,1,0,1,0
1439-LCGVL,2024-01-05,26,one_year,mailed_check,none,19.2,459.6,0,0,0,0,0,0,0,0,1,0,0,0
9693-XMUOB,2024-01-05,59,month_to_month,electronic_check,dsl,50.25,2997.45,0,1,0,0,1,1,0,1,1,0,1,0
2626-VEEWG,2024-01-05,67,two_year,credit_card,none,19.4,1284.2,0,0,0,0,0,0,0,0,1,1,1,0
1591-XWLGB,2024-01-05,71,two_year,credit_card,none,19.85,1379.6,0,0,0,0,0,0,0,0,1,0,0,0
0533-UCAAU,2024-01-05,57,one_year,credit_card,dsl,71.1,4140.1,0,1,1,0,1,0,1,1,1,0,1,0
7110-BDTWG,2024-01-05,71,two_year,electronic_check,dsl,47.05,3263.6,0,0,1,1,0,1,0,0,1,0,1,0
7493-GVFIO,2024-01-05,57,two_year,credit_card,none,20.55,1252.85,0,0,0,0,0,0,0,0,0,0,0,0
9838-BFCQT,2024-01-05,72,two_year,mailed_check,none,26.1,1851.45,0,0,0,0,0,0,1,0,1,1,0,0
1746-TGTWV,2024-01-05,1,month_to_month,credit_card,fiber_optic,75.35,75.35,0,0,1,0,0,0,0,0,1,0,0,0
5937-EORGB,2024-01-05,15,month_to_month,electronic_check,fiber_optic,96.5,1392.25,1,0,1,0,1,0,1,1,1,0,1,0
0793-TWELN,2024-01-05,4,month_to_month,electronic_check,fiber_optic,80.15,319.85,1,0,0,0,0,0,1,0,0,0,1,0
6243-OZGFH,2024-01-05,23,month_to_month,electronic_check,dsl,44.95,996.85,0,0,0,0,1,1,0,0,0,0,1,0
4119-ZYPZY,2024-01-05,71,two_year,electronic_check,fiber_optic,106.8,7623.2,0,1,0,1,1,1,1,1,0,0,1,0
7925-PNRGI,2024-01-05,45,month_to_month,mailed_check,dsl,81.3,3541.1,1,1,1,1,1,0,1,0,1,1,0,0
5966-EMAZU,2024-01-05,64,one_year,mailed_check,fiber_optic,108.5,6880.85,1,0,1,1,1,1,1,0,1,0,1,0
9504-DSHWM,2024-01-05,20,month_to_month,bank_transfer,dsl,59.2,1191.2,1,0,0,1,0,0,1,0,0,0,0,0
3814-MLAXC,2024-01-05,31,month_to_month,credit_card,fiber_optic,79.85,2404.15,0,0,0,1,0,0,1,0,0,0,1,1
5150-ITWWB,2024-01-05,3,month_to_month,electronic_check,fiber_optic,94.85,335.75,0,0,0,0,1,1,1,1,0,0,1,0
4092-OFQZS,2024-01-05,20,one_year,mailed_check,none,20.65,417.5,0,0,0,0,0,0,0,0,1,0,0,0
1573-LGXBA,2024-01-05,57,one_year,credit_card,fiber_optic,97.55,5598.0,0,1,1,0,1,1,0,0,1,1,1,0
5233-GEEAX,2024-01-05,8,month_to_month,electronic_check,dsl,29.4,221.9,0,0,1,0,0,0,0,1,0,0,1,1
2650-GYRYL,2024-01-05,33,one_year,bank_transfer,none,19.45,600.25,0,0,0,0,0,0,0,0,1,1,1,0
5010-IPEAQ,2024-01-05,67,two_year,credit_card,dsl,54.2,3623.95,1,1,1,1,1,0,0,0,1,1,0,0
5494-WOZRZ,2024-01-05,71,two_year,credit_card,dsl,82.0,5999.85,1,0,1,1,1,1,0,0,1,1,1,0
3863-QSTYI,2024-01-05,59,month_to_month,electronic_check,dsl,64.65,3735.45,0,0,1,1,1,0,0,0,0,0,1,0
0673-IGUQO,2024-01-05,1,month_to_month,mailed_check,none,20.45,20.45,0,0,0,0,0,0,0,0,0,0,0,0
3585-YNADK,2024-01-05,57,one_year,bank_transfer,dsl,74.6,4368.95,0,1,1,1,1,0,1,0,1,0,0,0
3891-PUQOD,2024-01-05,1,month_to_month,electronic_check,dsl,59.2,59.2,0,0,1,0,0,1,0,0,0,1,0,1
4445-ZJNMU,2024-01-05,9,month_to_month,credit_card,fiber_optic,99.3,918.75,0,1,0,0,1,1,1,0,0,0,1,0
5712-VBOXD,2024-01-05,4,month_to_month,credit_card,none,20.15,68.45,0,0,0,0,0,0,0,0,0,0,1,0
7873-CVMAW,2024-01-05,72,two_year,credit_card,dsl,88.55,6362.35,1,1,1,1,1,1,1,0,0,0,0,0
1017-FBQMM,2024-01-05,62,one_year,credit_card,fiber_optic,106.05,6703.5,0,1,0,1,1,1,1,0,1,1,1,0
6918-UMQCG,2024-01-05,5,month_to_month,electronic_check,fiber_optic,80.2,384.25,0,0,0,0,1,0,0,0,0,0,0,0
4391-LNRXK,2024-01-05,22,month_to_month,bank_transfer,fiber_optic,94.95,2142.8,0,1,1,1,0,1,0,0,0,0,1,0
4896-CPRPF,2024-01-05,35,two_year,bank_transfer,none,25.45,809.25,0,0,0,0,0,0,1,0,1,1,0,0
2187-PKZAY,2024-01-05,12,month_to_month,bank_transfer,fiber_optic,79.95,1043.4,0,0,0,0,0,1,0,0,0,0,1,0
4203-QGNZA,2024-01-05,28,month_to_month,mailed_check,none,20.25,535.35,0,0,0,0,0,0,0,0,0,1,0,0
6579-JPICP,2024-01-05,1,month_to_month,mailed_check,none,20.4,20.4,0,0,0,0,0,0,0,0,0,0,0,0
7694-VLBWQ,2024-01-05,67,one_year,electronic_check,fiber_optic,104.1,7040.85,0,1,1,0,1,1,1,0,1,0,0,1
3133-PZNSR,2024-01-05,72,two_year,credit_card,fiber_optic,97.75,6991.6,1,1,0,1,0,1,1,0,1,1,1,0
9356-AXGMP,2024-01-05,38,one_year,electronic_check,fiber_optic,110.7,4428.6,1,0,1,1,1,1,1,0,1,0,1,0
9097-ZUBYC,2024-01-05,14,month_to_month,bank_transfer,dsl,48.8,664.4,0,0,0,1,0,0,0,0,1,0,0,0
0840-DCNZE,2024-01-05,47,one_year,bank_transfer,dsl,86.95,4138.9,1,1,1,1,1,1,0,0,0,0,1,0
8780-IHCRN,2024-01-05,63,two_year,credit_card,none,24.65,1574.5,0,0,0,0,0,0,1,0,1,1,0,0
3285-UCQVC,2024-01-05,37,month_to_month,credit_card,dsl,28.6,973.55,0,0,0,1,0,0,0,0,0,0,0,1
1833-VGRUM,2024-01-05,1,month_to_month,electronic_check,fiber_optic,74.2,74.2,0,0,0,0,0,0,1,1,0,0,1,1
7446-SFAOA,2024-01-05,37,one_year,bank_transfer,none,19.85,717.5,0,0,0,0,0,0,0,0,1,0,1,0
0836-SEYLU,2024-01-05,9,month_to_month,mailed_check,dsl,40.65,328.95,0,0,0,1,1,0,0,0,1,0,0,1
1752-OZXFY,2024-01-05,60,one_year,mailed_check,dsl,59.8,3561.15,1,0,0,0,1,0,0,0,1,0,1,0
5240-CAOYT,2024-01-05,57,month_to_month,bank_transfer,fiber_optic,87.55,4884.85,1,1,0,1,0,0,1,0,0,0,1,0
2887-JPYLU,2024-01-05,41,month_to_month,bank_transfer,dsl,45.2,1841.9,0,0,0,0,0,0,0,0,0,1,0,0
3021-VLNRJ,2024-01-05,50,one_year,credit_card,dsl,70.8,3478.15,1,0,1,1,1,0,0,0,0,1,1,0
6257-RJOHI,2024-01-05,4,month_to_month,mailed_check,dsl,50.8,202.3,0,0,0,1,0,0,0,0,0,0,1,0
4910-AQFFX,2024-01-05,9,month_to_month,bank_transfer,fiber_optic,79.35,661.25,0,0,1,0,0,0,1,0,1,1,1,1
0396-YCHWO,2024-01-05,36,month_to_month,electronic_check,fiber_optic,95.4,3474.2,0,0,0,0,1,1,1,0,1,0,1,0
5482-PLVPE,2024-01-05,2,month_to_month,electronic_check,dsl,24.35,41.85,0,0,0,0,0,0,0,1,0,0,0,1
1830-GGFNM,2024-01-05,65,two_year,credit_card,fiber_optic,94.55,6078.75,1,1,1,1,0,0,1,0,1,1,0,0
7951-VRDVK,2024-01-05,36,one_year,bank_transfer,dsl,85.85,3003.55,1,1,1,1,1,1,0,0,0,0,0,0
3977-QCRSL,2024-01-05,5,month_to_month,mailed_check,none,20.15,117.95,0,0,0,0,0,0,0,0,0,0,0,0
2615-YVMYX,2024-01-05,71,month_to_month,electronic_check,fiber_optic,107.5,7713.55,1,1,1,0,1,1,1,1,1,0,1,0
0323-XWWTN,2024-01-05,3,two_year,mailed_check,none,26.4,121.25,0,0,0,0,0,0,1,0,0,1,1,0
6974-DAFLI,2024-01-05,55,one_year,electronic_check,none,19.7,1140.05,0,0,0,0,0,0,0,0,1,0,0,0
0224-HJAPT,2024-01-05,5,month_to_month,electronic_check,dsl,47.15,223.15,0,0,0,0,0,0,1,0,0,0,0,1
2386-LAHRK,2024-01-05,1,month_to_month,mailed_check,dsl,53.5,53.5,0,0,0,0,1,0,0,0,0,0,1,1
9541-ZPSEA,2024-01-05,68,two_year,credit_card,fiber_optic,80.35,5375.15,1,0,1,0,0,0,0,0,1,1,0,0
1193-RTSLK,2024-01-05,38,month_to_month,credit_card,fiber_optic,83.9,3233.6,1,1,1,0,0,0,0,0,0,0,1,1
3351-NGXYI,2024-01-05,16,month_to_month,electronic_check,dsl,54.1,889.0,1,0,0,0,0,0,1,1,0,0,1,0
9359-UGBTK,2024-01-05,67,one_year,bank_transfer,dsl,72.35,4991.5,1,0,1,1,0,1,0,0,0,0,1,0
9788-HNGUT,2024-01-05,72,two_year,credit_card,fiber_optic,116.95,8594.4,1,1,1,1,1,1,1,0,1,0,1,0
7855-DIWPO,2024-01-05,21,month_to_month,electronic_check,fiber_optic,68.65,1493.2,0,0,0,0,0,0,0,0,0,0,1,0
5222-JCXZT,2024-01-05,4,month_to_month,mailed_check,none,19.0,78.9,0,0,0,0,0,0,0,0,0,0,0,0
0975-VOOVL,2024-01-05,3,month_to_month,mailed_check,dsl,29.2,98.5,0,1,0,0,0,0,0,0,0,0,0,0
4419-UJMUS,2024-01-05,69,two_year,electronic_check,fiber_optic,99.35,6856.45,0,0,0,1,1,1,1,0,1,1,1,0
4424-TKOPW,2024-01-05,2,month_to_month,electronic_check,fiber_optic,93.85,196.75,0,0,0,0,1,1,1,1,0,0,1,1
6797-LNAQX,2024-01-05,70,two_year,bank_transfer,fiber_optic,98.3,6859.5,0,1,0,0,1,1,1,0,1,1,0,1
6770-XUAGN,2024-01-05,1,month_to_month,electronic_check,none,21.0,21.0,0,0,0,0,0,0,0,0,1,1,1,1
2640-LYMOV,2024-01-05,2,month_to_month,mailed_check,none,19.65,38.8,0,0,0,0,0,0,0,0,0,0,1,0
7928-VJYAB,2024-01-05,11,month_to_month,electronic_check,fiber_optic,90.6,1020.2,0,0,0,0,1,1,0,0,1,1,0,0
6821-BUXUX,2024-01-05,13,month_to_month,electronic_check,fiber_optic,96.65,1244.5,1,1,0,0,1,0,1,0,0,0,1,1
8917-SZTTJ,2024-01-05,60,two_year,credit_card,none,19.65,1161.75,0,0,0,0,0,0,0,0,1,1,0,0
0947-MUGVO,2024-01-05,20,month_to_month,electronic_check,fiber_optic,73.65,1463.5,0,1,0,0,0,0,0,1,1,0,1,1
8727-XDPUD,2024-01-05,37,two_year,credit_card,dsl,35.8,1316.9,0,0,0,0,1,0,0,0,0,0,0,0
7305-ZWMAJ,2024-01-05,30,one_year,credit_card,none,20.7,587.1,0,0,0,0,0,0,0,0,1,0,0,0
3413-DHLPB,2024-01-05,60,month_to_month,bank_transfer,fiber_optic,103.75,5969.95,0,1,0,1,1,1,1,0,1,1,1,0
2884-GBPFB,2024-01-05,35,month_to_month,electronic_check,fiber_optic,70.3,2416.55,0,0,0,0,0,0,0,0,1,0,1,1
7480-QNVZJ,2024-01-05,50,month_to_month,electronic_check,fiber_optic,95.7,4816.7,0,0,0,0,1,1,1,1,0,0,1,1
1696-HXOWK,2024-01-05,71,one_year,mailed_check,fiber_optic,95.65,6856.95,1,1,0,0,1,0,1,0,1,0,0,0
4480-QQRHC,2024-01-05,8,month_to_month,bank_transfer,fiber_optic,74.05,600.15,0,0,1,0,0,0,0,1,0,0,1,0
8461-EFQYM,2024-01-05,38,one_year,electronic_check,none,24.25,914.4,0,0,0,0,0,0,1,0,0,0,1,0
2429-AYKKO,2024-01-05,72,two_year,bank_transfer,none,19.85,1434.1,0,0,0,0,0,0,0,0,0,0,0,0
4690-PKDQG,2024-01-05,42,month_to_month,electronic_check,fiber_optic,95.55,3930.6,0,1,1,0,1,0,1,1,1,0,1,0
8961-QDZZJ,2024-01-05,57,one_year,electronic_check,fiber_optic,95.0,5535.8,0,1,0,0,1,1,0,0,1,1,1,0
9330-VOFSZ,2024-01-05,60,two_year,credit_card,fiber_optic,110.8,6640.7,0,1,1,1,1,1,1,0,1,0,1,0
0174-QRVVY,2024-01-05,71,two_year,credit_card,none,25.35,1847.55,0,0,0,0,0,0,1,0,1,1,0,0
8785-EPNCG,2024-01-05,11,month_to_month,credit_card,none,23.15,245.2,0,0,0,0,0,0,1,0,0,0,0,1
9115-YQHGA,2024-01-05,40,month_to_month,electronic_check,dsl,51.1,2092.9,0,0,0,1,0,0,0,0,0,0,1,0
9194-GFVOI,2024-01-05,42,two_year,credit_card,dsl,84.35,3571.6,1,0,1,1,1,1,1,0,1,0,0,0
6595-COKXZ,2024-01-05,1,month_to_month,mailed_check,dsl,44.45,44.45,0,0,0,0,0,0,0,0,0,0,1,1
3154-CFSZG,2024-01-05,47,month_to_month,electronic_check,fiber_optic,90.05,4137.2,1,0,1,0,0,1,0,0,1,1,0,0
0679-TDGAK,2024-01-05,50,one_year,electronic_check,dsl,75.5,4025.6,1,0,0,1,1,1,0,0,1,1,0,0
6434-TTGJP,2024-01-05,10,two_year,credit_card,dsl,53.7,521.0,1,1,1,1,0,1,0,0,1,1,0,0
6631-HMANX,2024-01-05,72,two_year,credit_card,dsl,85.45,6227.5,0,1,1,1,1,1,1,0,1,0,1,0
0665-XHDJU,2024-01-05,72,two_year,electronic_check,fiber_optic,99.4,7285.7,0,1,0,0,1,1,1,0,1,0,1,0
3428-MMGUB,2024-01-05,60,two_year,electronic_check,fiber_optic,89.55,5231.2,0,0,1,0,1,0,1,0,0,0,1,0
5570-PTWEH,2024-01-05,3,month_to_month,credit_card,fiber_optic,75.15,216.75,0,0,0,0,0,0,1,0,1,0,1,1
5712-PTIWW,2024-01-05,2,month_to_month,electronic_check,fiber_optic,79.85,152.45,0,0,1,1,0,0,0,0,0,0,1,1
8821-XNHVZ,2024-01-05,1,month_to_month,mailed_check,fiber_optic,80.05,80.05,0,0,0,0,1,0,0,0,1,1,1,1
1173-XZPYF,2024-01-05,11,month_to_month,electronic_check,fiber_optic,89.2,990.3,0,0,1,0,1,0,1,0,0,0,1,0
3545-CNWRG,2024-01-05,49,month_to_month,electronic_check,fiber_optic,98.35,4889.2,0,1,0,0,1,1,1,0,1,1,1,0
4806-DXQCE,2024-01-05,70,two_year,electronic_check,fiber_optic,113.65,7714.65,1,1,1,1,1,1,1,1,1,0,1,0
0685-MLYYM,2024-01-05,2,month_to_month,electronic_check,fiber_optic,70.75,154.85,0,0,0,0,0,0,0,1,0,0,0,1
1075-BGWOH,2024-01-05,16,month_to_month,electronic_check,fiber_optic,98.75,1587.55,0,0,1,0,1,1,1,1,1,0,1,1
8443-WVPSS,2024-01-05,10,month_to_month,electronic_check,fiber_optic,99.85,990.9,0,1,0,1,1,1,0,0,1,0,1,1
4114-QMKVN,2024-01-05,56,one_year,bank_transfer,dsl,68.75,3815.4,1,1,0,0,0,1,1,0,1,1,0,0
2038-LLMLM,2024-01-05,48,month_to_month,electronic_check,fiber_optic,103.85,4946.05,0,0,1,1,1,1,1,0,0,0,1,0
5605-XNWEN,2024-01-05,72,two_year,bank_transfer,none,25.0,1802.55,0,0,0,0,0,0,1,1,1,0,1,0
0426-TIRNE,2024-01-05,1,month_to_month,mailed_check,none,20.9,20.9,0,0,0,0,0,0,0,0,0,0,0,1
0559-CKHUS,2024-01-05,29,two_year,mailed_check,none,19.55,521.8,0,0,0,0,0,0,0,0,1,0,1,0
0203-HHYIJ,2024-01-05,25,one_year,bank_transfer,none,25.3,676.35,0,0,0,0,0,0,1,0,0,0,0,1
6094-ZIVKX,2024-01-05,68,one_year,credit_card,dsl,54.45,3674.95,1,0,1,0,0,0,0,0,0,0,1,0
2897-DOVND,2024-01-05,2,month_to_month,electronic_check,fiber_optic,69.8,146.65,0,0,0,0,0,0,0,0,0,0,1,0
8387-MOJJT,2024-01-05,42,month_to_month,credit_card,fiber_optic,77.95,3384.0,0,0,0,0,1,0,0,0,1,1,1,1
2587-YNLES,2024-01-05,6,two_year,mailed_check,none,20.1,100.35,0,0,0,0,0,0,0,0,1,1,0,0
6693-FRIRW,2024-01-05,18,month_to_month,credit_card,fiber_optic,101.3,1794.65,0,1,1,0,1,1,0,0,0,0,0,0
5976-JCJRH,2024-01-05,10,month_to_month,electronic_check,fiber_optic,70.3,738.2,0,0,0,0,0,0,0,0,1,0,1,1
6749-UTDVX,2024-01-05,72,two_year,electronic_check,fiber_optic,103.65,7634.8,0,1,1,0,1,1,1,0,0,0,1,0
3552-CTCYF,2024-01-05,63,two_year,bank_transfer,fiber_optic,104.8,6597.25,0,1,1,0,1,1,1,0,1,1,1,0
0068-FIGTF,2024-01-05,27,one_year,mailed_check,dsl,78.2,2078.95,0,1,1,1,1,1,0,0,0,0,0,0
5622-UEJFI,2024-01-05,35,two_year,credit_card,none,25.4,949.8,0,0,0,0,0,0,1,0,1,1,1,0
9524-EGPJC,2024-01-05,18,month_to_month,electronic_check,fiber_optic,90.1,1612.75,0,0,0,1,0,1,1,0,0,0,1,1
5108-ADXWO,2024-01-05,11,month_to_month,electronic_check,fiber_optic,73.5,791.75,1,0,0,0,0,0,0,0,0,0,1,1
9067-SQTNS,2024-01-05,44,one_year,bank_transfer,none,20.6,926.0,0,0,0,0,0,0,0,0,1,1,0,0
3639-XJHKQ,2024-01-05,19,month_to_month,electronic_check,dsl,60.6,1297.8,1,1,1,0,0,0,0,0,0,1,1,0
8197-BFWVU,2024-01-05,72,two_year,bank_transfer,dsl,93.25,6688.95,1,1,1,1,1,1,1,0,1,1,1,0
5843-TTHGI,2024-01-05,18,month_to_month,mailed_check,dsl,50.0,892.7,0,0,1,0,0,0,0,0,0,0,1,0
5651-WYIPH,2024-01-05,18,month_to_month,credit_card,dsl,49.85,865.75,0,1,0,0,0,0,0,1,0,0,1,0
3911-RSNHI,2024-01-05,71,two_year,credit_card,dsl,61.4,4310.35,0,1,1,1,1,1,0,0,1,0,1,0
6865-JZNKO,2024-01-05,30,month_to_month,bank_transfer,dsl,55.3,1530.6,1,1,0,0,0,0,0,0,0,0,1,0
3275-RHRNE,2024-01-05,28,one_year,credit_card,dsl,60.0,1682.05,0,1,1,1,1,1,0,0,1,1,1,0
7627-JKIAZ,2024-01-05,37,month_to_month,credit_card,fiber_optic,78.95,2839.65,0,0,1,0,0,0,1,0,1,0,1,1
4685-TFLLS,2024-01-05,18,one_year,bank_transfer,none,19.8,342.3,0,0,0,0,0,0,0,0,1,1,0,0
2245-ADZFJ,2024-01-05,31,two_year,bank_transfer,dsl,80.55,2471.6,0,1,0,1,1,1,1,0,1,1,0,0
4482-FTFFX,2024-01-05,5,month_to_month,electronic_check,dsl,56.15,291.45,0,0,1,1,0,0,0,0,0,0,0,0
5419-JKZNQ,2024-01-05,30,month_to_month,mailed_check,fiber_optic,77.9,2351.45,0,0,0,0,0,0,1,1,1,0,0,0
5915-DGNVC,2024-01-05,49,one_year,electronic_check,dsl,71.8,3472.05,1,1,1,0,0,1,1,0,1,0,0,0
2957-LOLHO,2024-01-05,12,month_to_month,bank_transfer,dsl,45.4,518.9,0,0,0,0,0,0,0,0,0,0,1,1
2777-PHDEI,2024-01-05,1,month_to_month,electronic_check,fiber_optic,78.05,78.05,0,0,0,0,1,0,0,0,0,0,0,1
9565-DJPIB,2024-01-05,4,month_to_month,mailed_check,fiber_optic,89.6,365.65,0,1,0,0,1,0,1,0,0,1,0,1
4390-KYULV,2024-01-05,3,month_to_month,credit_card,none,20.55,51.15,0,0,0,0,0,0,0,0,1,0,1,1
1678-FYZOW,2024-01-05,3,month_to_month,electronic_check,fiber_optic,79.4,244.65,0,0,0,0,1,0,0,0,0,0,1,1
7349-ALMUX,2024-01-05,37,two_year,bank_transfer,dsl,65.6,2313.8,1,1,1,1,0,0,0,0,0,0,0,0
9330-DHBFL,2024-01-05,23,one_year,mailed_check,dsl,66.25,1533.8,1,1,1,1,0,0,0,0,1,1,1,0
6288-LBEAR,2024-01-05,23,month_to_month,mailed_check,fiber_optic,79.1,1783.75,0,1,0,1,0,0,0,0,0,0,1,0
9233-PSYHO,2024-01-05,45,one_year,bank_transfer,fiber_optic,100.15,4459.8,0,0,1,0,1,1,1,1,0,0,1,0
6072-NUQCB,2024-01-05,22,one_year,bank_transfer,none,20.25,488.25,0,0,0,0,0,0,0,0,1,1,0,0
0447-RXSGD,2024-01-05,24,month_to_month,bank_transfer,fiber_optic,99.65,2404.85,0,1,0,0,1,1,1,0,0,0,1,0
9916-AYHTC,2024-01-05,48,two_year,credit_card,none,19.85,916.0,0,0,0,0,0,0,0,0,0,0,0,0
8824-RWFXJ,2024-01-05,3,month_to_month,mailed_check,dsl,56.15,168.15,0,1,1,0,0,0,0,0,1,1,1,1
4884-ZTHVF,2024-01-05,8,month_to_month,electronic_check,fiber_optic,87.1,713.6,0,1,0,0,1,0,0,1,0,0,1,0
8627-EHGIP,2024-01-05,44,one_year,mailed_check,dsl,53.95,2375.4,0,1,1,0,1,1,0,0,0,0,1,1
1020-JPQOW,2024-01-05,56,month_to_month,electronic_check,fiber_optic,90.55,5116.6,0,1,1,1,0,0,1,0,1,0,0,0
3976-NLDEZ,2024-01-05,1,month_to_month,mailed_check,none,20.6,20.6,0,0,0,0,0,0,0,0,0,0,0,0
3162-ZJZFU,2024-01-05,53,month_to_month,electronic_check,fiber_optic,92.55,4779.45,0,1,0,1,1,0,0,0,1,1,1,0
2146-EGVDT,2024-01-05,59,two_year,credit_card,none,19.3,1192.7,0,0,0,0,0,0,0,0,1,1,0,0
9396-ZSFLL,2024-01-05,15,month_to_month,mailed_check,dsl,48.85,631.4,0,0,0,0,0,0,1,0,0,0,0,0
4908-XAXAY,2024-01-05,49,one_year,bank_transfer,fiber_optic,89.85,4287.2,0,1,1,0,0,1,0,1,0,0,1,0
2911-UREFD,2024-01-05,39,month_to_month,electronic_check,dsl,55.9,2184.35,1,0,1,0,1,1,0,0,1,0,0,1
9391-DXGGG,2024-01-05,44,one_year,credit_card,fiber_optic,89.15,3990.75,0,1,1,0,0,1,0,1,0,0,0,0
4918-QLLIW,2024-01-05,3,month_to_month,credit_card,dsl,53.4,188.7,0,0,0,0,1,0,0,0,0,0,0,1
7503-QQRVF,2024-01-05,16,month_to_month,credit_card,fiber_optic,74.3,1178.25,0,1,0,0,0,0,0,1,1,0,1,1
9761-XUJWD,2024-01-05,5,month_to_month,bank_transfer,dsl,65.6,339.9,0,1,0,1,0,1,0,0,0,0,1,0
5816-QVHRX,2024-01-05,37,month_to_month,credit_card,fiber_optic,100.3,3541.4,0,0,0,1,1,1,1,0,0,0,0,0
7054-ENNGU,2024-01-05,9,month_to_month,mailed_check,dsl,50.85,466.6,0,1,0,0,0,0,0,0,1,0,0,0
9385-EHGDO,2024-01-05,35,two_year,mailed_check,none,19.85,739.35,0,0,0,0,0,0,0,0,1,1,1,0
4285-GYRQC,2024-01-05,7,month_to_month,electronic_check,fiber_optic,86.25,587.1,0,0,1,0,1,0,0,0,1,0,1,1
2955-PSXOE,2024-01-05,1,month_to_month,bank_transfer,none,20.2,20.2,0,0,0,0,0,0,0,0,0,0,1,1
7016-BPGEU,2024-01-05,29,month_to_month,credit_card,dsl,25.1,712.85,0,0,0,0,0,0,0,0,0,0,1,1
4531-AUZNK,2024-01-05,51,one_year,mailed_check,fiber_optic,95.15,5000.05,1,0,0,1,1,0,1,0,1,1,1,0
0556-FJEGU,2024-01-05,58,two_year,bank_transfer,dsl,70.1,4048.95,0,1,1,1,1,0,0,0,0,0,0,0
5168-MQQCA,2024-01-05,72,one_year,bank_transfer,fiber_optic,108.5,8003.8,0,1,1,1,1,1,1,0,1,0,1,0
3694-DELSO,2024-01-05,4,month_to_month,credit_card,dsl,38.55,156.1,1,0,0,0,1,0,0,0,1,1,0,0
1135-HIORI,2024-01-05,64,one_year,electronic_check,fiber_optic,111.45,7266.95,0,1,1,1,1,1,1,0,1,1,1,0
6952-OMNWB,2024-01-05,68,month_to_month,credit_card,fiber_optic,80.35,5589.3,0,0,1,0,0,0,1,1,1,0,1,0
9544-PYPSJ,2024-01-05,62,month_to_month,credit_card,fiber_optic,96.1,6019.35,0,1,1,0,0,1,1,1,1,1,1,0
7483-IQWIB,2024-01-05,37,month_to_month,electronic_check,fiber_optic,92.95,3415.25,0,1,1,0,1,0,1,0,1,1,1,0
1985-MBRYP,2024-01-05,43,two_year,bank_transfer,none,19.65,779.25,0,0,0,0,0,0,0,0,0,0,1,0
3227-WLKLI,2024-01-05,65,two_year,bank_transfer,dsl,91.55,5963.95,1,1,1,1,1,1,1,0,1,1,0,0
1928-BXYIV,2024-01-05,1,month_to_month,electronic_check,dsl,61.15,61.15,1,1,0,0,0,0,1,0,0,0,0,0
6827-IEAUQ,2024-01-05,27,one_year,mailed_check,dsl,66.15,1874.45,1,1,1,1,0,0,0,0,1,1,0,0
8755-OGKNA,2024-01-05,57,two_year,bank_transfer,none,19.5,1167.6,0,0,0,0,0,0,0,0,1,1,0,0
3803-KMQFW,2024-01-05,1,month_to_month,mailed_check,none,20.55,20.55,0,0,0,0,0,0,0,0,1,1,0,1
9839-ETQOE,2024-01-05,43,month_to_month,electronic_check,dsl,40.45,1912.85,1,1,1,0,0,0,0,0,0,1,1,0
8099-MZPUJ,2024-01-05,48,two_year,credit_card,fiber_optic,111.8,5443.65,1,1,1,1,1,1,1,0,1,1,0,0
5514-YQENT,2024-01-05,41,two_year,electronic_check,fiber_optic,111.15,4507.15,1,1,1,1,1,1,0,0,0,1,1,0
8871-JLMHM,2024-01-05,68,two_year,credit_card,fiber_optic,90.2,6297.65,0,1,1,1,0,0,1,0,1,0,0,0
9163-GHAYE,2024-01-05,15,month_to_month,electronic_check,dsl,48.85,736.8,0,1,0,0,0,0,0,0,0,0,0,0
3217-FZDMN,2024-01-05,8,month_to_month,credit_card,fiber_optic,94.45,742.95,0,0,1,0,1,1,0,1,0,0,1,1
5480-HPRRX,2024-01-05,3,month_to_month,electronic_check,dsl,25.3,77.75,0,0,0,0,0,0,0,1,0,0,0,1
4918-FYJNT,2024-01-05,55,month_to_month,electronic_check,fiber_optic,90.45,5044.8,0,1,1,1,0,0,1,1,1,0,0,0
7721-DVEKZ,2024-01-05,1,month_to_month,mailed_check,none,19.65,19.65,0,0,0,0,0,0,0,0,0,0,0,0
3755-JBMNH,2024-01-05,16,month_to_month,bank_transfer,fiber_optic,71.8,1167.8,0,0,0,0,0,0,0,1,1,0,1,1
4106-HADHQ,2024-01-05,39,one_year,credit_card,dsl,80.0,3182.95,1,0,1,1,1,1,0,0,1,1,0,1
3045-XETSH,2024-01-05,10,month_to_month,electronic_check,fiber_optic,94.85,953.45,0,1,1,0,0,1,1,0,0,0,1,1
0345-XMMUG,2024-01-05,46,two_year,credit_card,fiber_optic,108.9,4854.3,0,1,1,1,1,1,1,0,1,0,1,0
7669-LCRSD,2024-01-05,12,month_to_month,mailed_check,dsl,56.3,628.65,0,0,0,0,1,0,0,0,1,1,1,0
8402-OOOHJ,2024-01-05,41,two_year,mailed_check,none,20.65,835.15,0,0,0,0,0,0,0,0,0,0,0,0
3571-RFHAR,2024-01-05,65,month_to_month,electronic_check,fiber_optic,109.15,6941.2,0,1,1,1,1,1,1,0,0,0,1,1
4692-NNQRU,2024-01-05,21,one_year,electronic_check,fiber_optic,79.2,1742.45,0,0,1,1,0,0,0,0,1,0,0,0
5419-CONWX,2024-01-05,4,month_to_month,credit_card,fiber_optic,99.8,442.85,0,1,1,0,1,1,0,1,0,0,1,1
7503-MIOGA,2024-01-05,72,two_year,bank_transfer,dsl,89.85,6697.35,1,1,1,1,1,1,1,1,1,0,1,0
5968-HYJRZ,2024-01-05,47,two_year,mailed_check,none,24.55,1160.45,0,0,0,0,0,0,1,0,1,1,0,0
7654-YWJUF,2024-01-05,43,one_year,bank_transfer,fiber_optic,84.25,3539.25,1,0,1,1,0,0,0,0,1,0,1,0
6859-QNXIQ,2024-01-05,72,two_year,bank_transfer,fiber_optic,113.1,8248.5,1,1,1,1,1,1,1,0,1,1,1,0
3199-NPKCN,2024-01-05,67,one_year,electronic_check,fiber_optic,111.25,7511.65,1,0,1,1,1,1,1,0,1,0,1,0
0345-HKJVM,2024-01-05,6,month_to_month,electronic_check,fiber_optic,89.3,577.6,0,0,0,0,1,1,0,0,0,0,0,1
7581-EBBOU,2024-01-05,60,one_year,credit_card,dsl,70.15,4224.7,0,1,1,1,1,0,0,0,0,0,1,0
5996-NRVXR,2024-01-05,40,one_year,credit_card,fiber_optic,98.15,4116.8,1,1,1,1,1,0,0,1,1,0,1,0
7973-DZRKH,2024-01-05,66,two_year,credit_card,fiber_optic,90.95,5930.05,1,0,1,1,0,0,1,0,0,1,1,0
0823-HSCDJ,2024-01-05,52,month_to_month,electronic_check,dsl,49.15,2550.9,0,1,0,0,1,1,0,1,0,0,1,1
8149-RSOUN,2024-01-05,1,month_to_month,electronic_check,fiber_optic,93.85,93.85,0,0,0,0,1,1,1,0,0,0,1,1
5708-EVONK,2024-01-05,58,month_to_month,bank_transfer,fiber_optic,93.4,5435.6,1,1,0,0,0,1,1,0,1,1,1,1
0301-FIDRB,2024-01-05,72,two_year,bank_transfer,dsl,63.8,4684.3,1,1,1,1,1,1,0,0,1,1,1,0
3318-OSATS,2024-01-05,35,month_to_month,electronic_check,fiber_optic,95.45,3474.05,0,0,0,0,1,1,1,1,0,0,1,1
1927-QEWMY,2024-01-05,72,two_year,credit_card,none,20.5,1502.25,0,0,0,0,0,0,0,0,1,0,0,0
9701-CDXHR,2024-01-05,51,month_to_month,mailed_check,fiber_optic,69.15,3649.6,0,0,0,0,0,0,0,0,1,0,0,0
3308-DGHKL,2024-01-05,69,two_year,bank_transfer,none,19.3,1447.9,0,0,0,0,0,0,0,0,0,0,1,0
6227-FBDXH,2024-01-05,69,one_year,bank_transfer,fiber_optic,99.5,6841.45,0,0,1,0,1,1,1,0,1,0,0,0
9256-JTBNZ,2024-01-05,11,month_to_month,bank_transfer,none,20.3,246.3,0,0,0,0,0,0,0,0,0,0,0,0
5351-QESIO,2024-01-05,1,month_to_month,mailed_check,dsl,24.2,24.2,0,0,0,0,0,0,0,0,0,1,0,0
6496-SLWHQ,2024-01-05,3,month_to_month,electronic_check,fiber_optic,105.0,294.45,0,1,1,0,1,1,1,1,0,0,1,1
2153-MREFK,2024-01-05,37,one_year,electronic_check,fiber_optic,99.2,3754.6,1,0,1,1,0,1,1,0,1,0,1,1
5167-GBFRE,2024-01-05,4,month_to_month,bank_transfer,dsl,25.2,102.5,0,0,0,0,0,0,0,1,0,0,1,1
6173-GOLSU,2024-01-05,67,month_to_month,credit_card,fiber_optic,94.65,6079.0,0,0,0,0,1,1,1,1,1,0,1,0
5522-NYKPB,2024-01-05,25,month_to_month,electronic_check,fiber_optic,85.9,2199.05,0,0,0,1,1,0,0,0,1,1,0,0
2990-IAJSV,2024-01-05,72,two_year,bank_transfer,dsl,92.0,6632.75,1,1,1,1,1,1,1,0,0,0,0,0
6483-OATDN,2024-01-05,8,month_to_month,credit_card,dsl,51.3,411.6,1,0,0,0,0,0,0,0,1,1,1,0
4572-DVCGN,2024-01-05,10,month_to_month,bank_transfer,fiber_optic,80.25,846.0,0,0,0,0,0,1,0,0,0,0,1,1
7787-BNTZM,2024-01-05,6,month_to_month,bank_transfer,none,20.15,130.5,0,0,0,0,0,0,0,0,0,0,0,0
1309-XGFSN,2024-01-05,52,one_year,electronic_check,dsl,80.85,4079.55,0,1,1,0,1,1,1,1,1,1,1,0
3810-PJUHR,2024-01-05,70,two_year,mailed_check,none,25.35,1715.15,0,0,0,0,0,0,1,0,1,1,0,0
2000-DHJUY,2024-01-05,70,two_year,bank_transfer,dsl,92.2,6474.45,1,1,1,1,1,1,1,1,1,0,1,0
5995-LFTLE,2024-01-05,58,two_year,credit_card,none,25.3,1474.35,0,0,0,0,0,0,1,0,0,0,1,0
8205-VSLRB,2024-01-05,70,two_year,credit_card,dsl,77.3,5498.2,1,0,1,1,0,1,1,0,1,0,0,0
6928-ONTRW,2024-01-05,72,two_year,credit_card,none,19.7,1379.8,0,0,0,0,0,0,0,0,1,1,0,0
5498-IBWPI,2024-01-05,66,one_year,credit_card,dsl,49.4,3251.85,0,0,0,1,0,0,0,0,1,1,1,0
3845-JHAMY,2024-01-05,16,month_to_month,credit_card,dsl,35.5,552.7,0,0,0,0,0,1,0,0,1,1,1,0
4504-YOULA,2024-01-05,35,month_to_month,credit_card,dsl,59.45,2136.9,1,1,0,0,0,0,1,0,1,1,1,0
9776-OJUZI,2024-01-05,65,month_to_month,bank_transfer,fiber_optic,95.45,6223.3,0,1,1,0,1,0,1,1,0,0,1,0
3798-EPWRR,2024-01-05,2,month_to_month,electronic_check,dsl,43.95,85.1,0,0,0,0,0,0,0,1,0,0,0,0
1376-HHBDV,2024-01-05,30,month_to_month,mailed_check,dsl,48.8,1536.75,1,0,0,0,0,0,0,0,0,0,1,0
9436-ZBZCT,2024-01-05,14,month_to_month,electronic_check,fiber_optic,89.95,1178.4,0,0,0,1,1,0,1,0,0,0,1,1
4797-MIWUM,2024-01-05,7,month_to_month,bank_transfer,none,20.25,174.7,0,0,0,0,0,0,0,0,1,1,1,0
7198-GLXTC,2024-01-05,2,month_to_month,electronic_check,fiber_optic,79.0,143.65,0,0,0,0,1,0,0,0,0,0,0,1
0455-ENTCR,2024-01-05,66,two_year,electronic_check,dsl,85.25,5538.35,1,1,0,1,1,1,1,0,1,0,0,0
0463-WZZKO,2024-01-05,3,month_to_month,credit_card,none,20.75,67.1,0,0,0,0,0,0,0,0,0,0,1,0
6849-WLEYG,2024-01-05,1,month_to_month,mailed_check,none,19.75,19.75,0,0,0,0,0,0,0,0,0,1,0,1
9281-CEDRU,2024-01-05,68,two_year,bank_transfer,dsl,64.1,4326.25,0,1,0,1,1,0,0,0,1,0,0,0
8861-HGGKB,2024-01-05,10,month_to_month,electronic_check,fiber_optic,86.45,830.85,0,0,0,0,0,1,1,0,0,0,0,1
9139-WQQDY,2024-01-05,49,one_year,mailed_check,fiber_optic,100.45,4941.8,0,1,0,0,1,1,1,0,1,1,0,1
8204-TIFGJ,2024-01-05,23,month_to_month,bank_transfer,none,20.3,470.6,0,0,0,0,0,0,0,0,0,0,1,0
9290-SHCMB,2024-01-05,13,month_to_month,electronic_check,fiber_optic,96.85,1235.55,0,0,1,0,1,1,0,1,0,0,1,0
6734-JDTTV,2024-01-05,65,two_year,credit_card,none,19.85,1267.05,0,0,0,0,0,0,0,0,1,1,1,0
5697-GOMBF,2024-01-05,28,month_to_month,electronic_check,dsl,35.9,973.65,0,0,0,0,1,0,0,1,1,1,1,0
5644-PDMZC,2024-01-05,2,month_to_month,electronic_check,fiber_optic,89.5,161.5,0,1,0,0,0,1,1,1,0,0,0,1
3987-KQDDU,2024-01-05,9,month_to_month,electronic_check,fiber_optic,75.6,661.55,1,0,0,0,0,0,0,0,0,0,0,0
4176-FXYBO,2024-01-05,54,month_to_month,electronic_check,fiber_optic,109.55,6118.95,1,1,1,0,1,1,1,0,1,0,0,0
0074-HDKDG,2024-01-05,25,one_year,bank_transfer,dsl,61.6,1611.0,1,1,1,0,0,0,0,0,1,1,1,0
1635-HDGFT,2024-01-05,19,two_year,mailed_check,none,20.5,398.55,0,0,0,0,0,0,0,0,0,1,0,0
2790-XUYMV,2024-01-05,71,one_year,credit_card,fiber_optic,85.45,6028.95,1,1,0,0,0,0,1,0,0,1,1,0
3982-JGSFD,2024-01-05,36,one_year,credit_card,none,20.35,695.85,0,0,0,0,0,0,0,0,0,0,1,0
8573-CGOCC,2024-01-05,16,month_to_month,credit_card,none,19.75,294.9,0,0,0,0,0,0,0,0,0,0,0,0
8515-OCTJS,2024-01-05,25,two_year,credit_card,none,24.75,692.1,0,0,0,0,0,0,1,0,0,0,0,1
3115-JPJDD,2024-01-05,59,one_year,credit_card,fiber_optic,81.25,4639.45,1,0,1,0,0,0,0,0,1,0,1,0
0562-HKHML,2024-01-05,71,two_year,credit_card,none,23.9,1626.4,0,0,0,0,0,0,1,0,1,1,0,0
4187-CINZD,2024-01-05,46,one_year,credit_card,fiber_optic,95.25,4424.2,0,1,0,0,1,1,0,1,0,0,0,1
5840-NVDCG,2024-01-05,16,two_year,bank_transfer,dsl,68.25,1114.85,1,1,0,1,0,1,0,0,1,1,0,0
8610-WFCJF,2024-01-05,49,month_to_month,electronic_check,fiber_optic,95.6,4783.5,0,0,0,0,1,1,1,0,1,1,1,1
6840-RESVB,2024-01-05,24,one_year,mailed_check,dsl,84.8,1990.5,1,0,1,1,1,1,1,0,1,1,1,0
7881-EVUAD,2024-01-05,2,month_to_month,electronic_check,dsl,42.6,72.4,1,1,0,0,0,1,0,0,0,0,1,1
1697-BCSHV,2024-01-05,58,month_to_month,bank_transfer,dsl,66.8,3970.4,0,1,0,0,1,0,1,0,1,1,1,0
7577-SWIFR,2024-01-05,1,month_to_month,electronic_check,fiber_optic,89.25,89.25,0,0,0,0,1,1,0,0,0,0,1,0
7460-ITWWP,2024-01-05,45,month_to_month,electronic_check,fiber_optic,86.1,3861.45,0,0,1,0,0,1,0,1,1,0,1,0
6608-QQLVK,2024-01-05,1,month_to_month,electronic_check,dsl,50.5,50.5,0,0,1,0,0,0,0,0,0,0,1,1
2761-XECQW,2024-01-05,8,month_to_month,mailed_check,dsl,43.35,371.4,0,1,1,0,0,1,0,1,1,0,1,0
7270-BDIOA,2024-01-05,22,month_to_month,electronic_check,fiber_optic,90.0,1993.8,0,0,0,1,1,0,1,0,0,0,1,1
0052-DCKON,2024-01-05,66,one_year,bank_transfer,fiber_optic,115.8,7942.15,1,1,1,1,1,1,1,0,1,0,0,0
3235-ETOOB,2024-01-05,8,month_to_month,electronic_check,fiber_optic,74.5,609.9,1,0,0,0,0,0,0,0,1,0,1,1
3865-YIOTT,2024-01-05,72,one_year,bank_transfer,fiber_optic,106.1,7848.5,1,0,1,0,1,1,1,0,1,1,1,0
7771-CFQRQ,2024-01-05,47,two_year,bank_transfer,dsl,63.8,3007.25,0,1,0,1,0,1,0,0,1,1,0,0
8111-RKSPX,2024-01-05,4,month_to_month,bank_transfer,fiber_optic,72.2,305.55,0,0,0,0,0,0,1,0,0,0,1,1
6311-UEUME,2024-01-05,29,month_to_month,electronic_check,fiber_optic,78.9,2384.15,0,0,0,0,1,0,0,0,0,0,1,1
3963-RYFNS,2024-01-05,72,two_year,bank_transfer,fiber_optic,116.45,8013.55,1,1,1,1,1,1,1,0,0,0,1,0
6127-ISGTU,2024-01-05,16,month_to_month,electronic_check,fiber_optic,84.95,1378.25,0,0,0,0,1,0,1,0,1,0,1,1
4234-XTNEA,2024-01-05,2,month_to_month,electronic_check,fiber_optic,79.95,174.45,0,0,0,0,1,0,0,0,0,0,1,0
7551-JOHTI,2024-01-05,1,month_to_month,mailed_check,none,19.5,19.5,0,0,0,0,0,0,0,0,0,0,0,1
3533-UVMOM,2024-01-05,68,two_year,bank_transfer,dsl,70.95,4741.45,1,1,1,0,0,1,0,0,1,0,0,0
6551-ZCOTS,2024-01-05,33,one_year,bank_transfer,none,24.9,847.8,0,0,0,0,0,0,1,1,0,0,1,0
9063-ZGTUY,2024-01-05,61,month_to_month,mailed_check,none,19.4,1182.55,0,0,0,0,0,0,0,0,1,1,1,1
4816-LXZYW,2024-01-05,23,month_to_month,electronic_check,fiber_optic,79.15,1676.95,0,1,0,0,0,0,1,0,0,0,1,1
6937-GCDGQ,2024-01-05,19,one_year,bank_transfer,dsl,48.95,955.6,1,0,0,0,0,0,0,0,1,1,1,0
7321-ZNSLA,2024-01-05,13,two_year,mailed_check,dsl,40.55,590.35,1,1,0,1,0,0,0,0,1,1,0,0
2057-ZBLPD,2024-01-05,21,month_to_month,electronic_check,fiber_optic,86.5,1808.7,0,0,0,0,0,1,1,0,1,0,1,1
0471-ARVMX,2024-01-05,62,one_year,electronic_check,fiber_optic,104.85,6312.9,1,0,1,0,1,1,1,1,1,0,1,0
1984-GPTEH,2024-01-05,29,month_to_month,electronic_check,none,25.15,702.0,0,0,0,0,0,0,1,0,0,0,0,0
1576-PFZIW,2024-01-05,70,two_year,credit_card,fiber_optic,105.35,7511.9,1,1,1,0,1,1,0,1,1,0,0,0
8378-LKJAF,2024-01-05,38,month_to_month,credit_card,fiber_optic,101.15,3956.7,0,0,1,0,1,1,1,0,1,1,1,0
2091-RFFBA,2024-01-05,31,month_to_month,electronic_check,fiber_optic,73.9,2217.15,0,0,0,0,0,0,1,1,0,0,1,1
7153-OANIO,2024-01-05,1,month_to_month,electronic_check,fiber_optic,69.95,69.95,0,0,0,0,0,0,0,0,0,0,0,1
3085-QUOZK,2024-01-05,1,month_to_month,mailed_check,dsl,43.95,43.95,0,0,0,0,0,0,0,0,0,0,0,1
3850-OKINF,2024-01-05,71,one_year,electronic_check,dsl,66.2,4692.55,1,0,0,0,1,0,1,0,1,1,1,0
1354-YZFNB,2024-01-05,4,two_year,credit_card,none,19.55,68.8,0,0,0,0,0,0,0,0,1,1,0,0
8183-ONMXC,2024-01-05,2,month_to_month,electronic_check,fiber_optic,80.75,159.45,0,0,0,0,0,1,0,0,0,0,0,1
3137-LUPIX,2024-01-05,4,month_to_month,mailed_check,dsl,64.4,253.0,0,0,0,1,1,0,1,0,0,0,1,0
3705-RHRFR,2024-01-05,69,two_year,bank_transfer,fiber_optic,99.15,6875.35,1,0,0,0,1,1,1,0,1,0,0,0
0083-PIVIK,2024-01-05,64,one_year,electronic_check,dsl,81.25,5567.55,1,1,1,1,1,0,1,0,0,0,0,0
8782-NUUOL,2024-01-05,60,one_year,mailed_check,dsl,79.0,4801.1,1,0,1,1,1,1,0,0,0,0,0,0
8000-REIQB,2024-01-05,1,month_to_month,electronic_check,fiber_optic,69.95,69.95,0,0,0,0,0,0,0,1,0,0,1,1
4191-XOVOM,2024-01-05,63,month_to_month,electronic_check,fiber_optic,105.4,6713.2,0,1,0,1,1,1,1,0,0,0,0,0
9631-RXVJM,2024-01-05,35,two_year,mailed_check,none,19.25,677.9,0,0,0,0,0,0,0,0,0,0,0,0
2528-HFYZX,2024-01-05,17,month_to_month,electronic_check,fiber_optic,76.45,1233.4,0,1,0,0,0,0,0,1,1,0,1,1
4159-NAAIX,2024-01-05,63,two_year,bank_transfer,fiber_optic,97.45,6253.0,0,1,0,0,1,1,1,0,0,0,0,0
1697-NVVGY,2024-01-05,19,month_to_month,bank_transfer,dsl,66.4,1286.05,1,0,1,0,1,0,0,1,1,0,0,0
0115-TFERT,2024-01-05,21,month_to_month,electronic_check,fiber_optic,111.2,2317.1,0,1,1,1,1,1,1,0,1,0,1,1
8421-WZOOW,2024-01-05,57,month_to_month,credit_card,fiber_optic,95.3,5567.45,0,1,1,1,1,0,0,1,1,1,1,0
3345-PBBFH,2024-01-05,8,month_to_month,bank_transfer,dsl,49.55,393.45,0,1,0,0,0,0,0,0,1,0,1,0
6490-FGZAT,2024-01-05,6,month_to_month,mailed_check,none,20.65,109.3,0,0,0,0,0,0,0,0,0,0,0,0
5317-FLPJF,2024-01-05,66,two_year,bank_transfer,dsl,61.35,4193.4,1,0,1,1,1,1,0,0,0,0,1,0
3795-GWTRD,2024-01-05,63,two_year,credit_card,dsl,75.55,4707.85,1,1,1,1,1,0,0,0,1,1,0,0
8417-GSODA,2024-01-05,28,one_year,bank_transfer,fiber_optic,92.2,2568.15,0,0,0,0,1,1,1,0,1,1,0,0
7850-VWJUU,2024-01-05,23,month_to_month,bank_transfer,fiber_optic,75.0,1778.5,1,0,0,0,0,0,0,0,0,0,1,0
1498-DQNRX,2024-01-05,29,month_to_month,mailed_check,none,19.85,573.05,0,0,0,0,0,0,0,0,1,0,0,0
8490-BXHEO,2024-01-05,18,month_to_month,credit_card,fiber_optic,80.55,1411.65,0,1,0,0,0,0,1,1,0,0,1,0
3160-TYXLT,2024-01-05,53,month_to_month,bank_transfer,dsl,46.3,2546.85,1,1,0,0,0,1,0,0,0,0,1,0
3468-DRVQJ,2024-01-05,10,one_year,electronic_check,dsl,70.3,676.15,1,1,0,0,1,0,1,0,1,1,0,0
4835-YSJMR,2024-01-05,39,two_year,bank_transfer,dsl,49.8,1971.15,0,0,0,1,0,0,0,0,0,0,1,0
6217-TOWGS,2024-01-05,17,month_to_month,bank_transfer,dsl,75.4,1322.55,0,1,0,0,1,1,1,0,1,0,1,0
0048-LUMLS,2024-01-05,37,one_year,credit_card,fiber_optic,91.2,3247.55,0,0,0,0,1,1,0,0,1,1,0,0
3769-MHZNV,2024-01-05,33,two_year,mailed_check,none,20.1,670.35,0,0,0,0,0,0,0,0,1,1,0,0
6668-CNMFP,2024-01-05,19,one_year,bank_transfer,fiber_optic,89.35,1686.85,0,0,0,1,0,1,1,0,1,1,1,0
0567-GGCAC,2024-01-05,7,month_to_month,electronic_check,dsl,61.4,438.9,1,1,1,0,0,0,0,0,0,0,0,0
0260-ZDLGK,2024-01-05,9,month_to_month,mailed_check,dsl,72.9,651.4,0,0,1,1,1,1,0,0,0,1,1,1
3308-JSGML,2024-01-05,59,two_year,credit_card,dsl,64.05,3886.85,1,0,1,1,1,1,0,1,1,0,1,0
0036-IHMOT,2024-01-05,55,one_year,bank_transfer,fiber_optic,103.7,5656.75,0,1,1,1,1,1,0,0,1,1,1,0
9763-PDTKK,2024-01-05,4,month_to_month,bank_transfer,fiber_optic,94.4,387.2,1,0,1,1,0,1,0,0,0,0,1,1
8727-JQFHV,2024-01-05,57,two_year,mailed_check,none,20.75,1123.15,0,0,0,0,0,0,0,0,1,1,0,0
4304-TSPVK,2024-01-05,68,two_year,bank_transfer,fiber_optic,114.9,7843.55,1,1,1,1,1,1,1,0,1,0,0,0
5148-ORICT,2024-01-05,64,two_year,mailed_check,dsl,74.35,4759.55,1,1,1,1,0,1,0,0,1,0,1,0
2234-XADUH,2024-01-05,72,one_year,credit_card,fiber_optic,103.2,7362.9,0,1,1,0,1,1,1,0,1,1,1,0
5383-MMTWC,2024-01-05,8,month_to_month,electronic_check,fiber_optic,84.0,613.4,0,0,0,0,0,1,1,1,1,0,1,1
8513-OLYGY,2024-01-05,72,two_year,credit_card,fiber_optic,115.8,8332.15,1,1,1,1,1,1,1,0,1,0,0,0
5133-POWUA,2024-01-05,1,month_to_month,mailed_check,dsl,45.8,45.8,0,0,0,0,0,0,0,0,0,0,1,0
6244-BESBM,2024-01-05,69,two_year,credit_card,fiber_optic,95.2,6671.7,0,0,0,1,1,1,0,0,1,1,1,0
1206-EHBDD,2024-01-05,56,two_year,bank_transfer,fiber_optic,80.3,4513.65,1,0,1,0,0,0,0,0,1,0,0,0
4283-IVYCI,2024-01-05,9,month_to_month,mailed_check,dsl,64.95,547.8,1,0,0,1,0,1,0,0,0,0,0,0
9804-ICWBG,2024-01-05,1,month_to_month,electronic_check,fiber_optic,69.9,69.9,0,0,0,0,0,0,0,0,0,0,1,1
4759-PXTAN,2024-01-05,59,one_year,electronic_check,dsl,80.1,4693.2,0,1,0,1,1,1,1,0,1,0,1,0
2694-CIUMO,2024-01-05,12,month_to_month,credit_card,fiber_optic,79.55,958.25,0,0,0,1,0,0,1,0,0,0,1,0
0219-YTZUE,2024-01-05,4,month_to_month,bank_transfer,fiber_optic,84.8,371.9,0,1,1,0,0,0,1,0,1,1,1,1
6168-WFVVF,2024-01-05,3,month_to_month,electronic_check,fiber_optic,70.3,235.5,0,0,0,0,0,0,0,1,0,0,1,1
7794-JASDG,2024-01-05,1,month_to_month,mailed_check,dsl,50.75,50.75,1,0,0,0,0,0,0,0,0,0,1,0
0468-YRPXN,2024-01-05,29,month_to_month,credit_card,fiber_optic,98.8,2807.1,0,0,1,1,1,1,0,0,0,0,1,0
4973-MGTON,2024-01-05,71,two_year,credit_card,dsl,84.4,5969.3,1,1,1,1,1,1,0,0,1,0,1,0
6543-JXSOO,2024-01-05,23,one_year,mailed_check,dsl,57.75,1282.85,1,1,0,1,0,0,0,0,1,1,1,0
1222-LRYKO,2024-01-05,6,month_to_month,mailed_check,none,26.35,184.05,0,0,0,0,0,0,1,0,0,1,0,0
5917-HBSDW,2024-01-05,37,month_to_month,electronic_check,none,19.35,683.75,0,0,0,0,0,0,0,0,1,1,0,0
0496-AHOOK,2024-01-05,24,one_year,bank_transfer,dsl,74.4,1712.9,1,0,0,1,1,1,0,0,1,0,0,0
2040-VZIKE,2024-01-05,49,month_to_month,mailed_check,fiber_optic,100.85,4847.35,1,0,0,0,1,1,1,0,1,0,1,0
3737-GCSPV,2024-01-05,11,month_to_month,credit_card,fiber_optic,96.2,1222.05,1,0,0,1,1,0,1,0,1,0,1,1
2578-JQPHZ,2024-01-05,44,two_year,bank_transfer,fiber_optic,100.1,4378.35,0,0,1,1,1,1,0,0,0,0,0,0
6674-KVJHG,2024-01-05,11,one_year,electronic_check,none,25.2,245.15,0,0,0,0,0,0,1,0,0,0,0,0
1395-OFUWC,2024-01-05,43,month_to_month,credit_card,dsl,29.3,1224.05,0,1,0,0,0,0,0,0,1,1,0,0
6689-KXGBO,2024-01-05,1,month_to_month,electronic_check,dsl,50.55,50.55,0,1,0,0,0,0,0,0,0,0,0,1
3389-KTRXV,2024-01-05,23,two_year,mailed_check,none,23.85,625.65,0,0,0,0,0,0,1,0,1,1,0,0
6575-SUVOI,2024-01-05,25,month_to_month,credit_card,dsl,69.5,1752.65,1,0,0,1,1,0,1,1,1,0,1,0
8107-KNCIM,2024-01-05,14,month_to_month,electronic_check,fiber_optic,75.1,1013.35,0,0,0,0,0,0,1,1,1,0,1,0
4547-KQRTM,2024-01-05,10,month_to_month,bank_transfer,fiber_optic,80.05,830.7,0,1,0,0,0,0,1,0,0,0,1,1
5566-SOEZD,2024-01-05,27,one_year,credit_card,fiber_optic,80.65,2209.75,1,1,0,0,0,0,0,0,1,1,1,0
5052-PNLOS,2024-01-05,3,month_to_month,bank_transfer,fiber_optic,105.35,323.25,0,1,1,0,1,1,1,0,0,0,1,1
7554-NEWDD,2024-01-05,10,two_year,bank_transfer,none,25.7,251.6,0,0,0,0,0,0,1,0,0,0,0,0
9708-HPXWZ,2024-01-05,5,month_to_month,credit_card,dsl,45.4,214.75,0,0,1,1,1,0,0,1,0,0,0,0
5939-SXWHM,2024-01-05,48,two_year,bank_transfer,none,26.3,1245.05,0,0,0,0,0,0,1,0,1,1,0,0
7351-KYHQH,2024-01-05,7,month_to_month,electronic_check,dsl,64.95,493.65,0,1,1,0,1,0,0,1,0,0,1,0
6281-FKEWS,2024-01-05,44,one_year,electronic_check,dsl,49.05,2265.0,0,0,1,0,1,1,0,0,0,0,1,0
1597-FZREH,2024-01-05,2,month_to_month,electronic_check,dsl,76.4,160.8,0,0,1,1,1,1,0,0,0,0,0,1
2919-HBCJO,2024-01-05,4,month_to_month,bank_transfer,fiber_optic,76.65,333.6,0,1,0,0,0,0,0,0,0,0,1,1
5394-SVGJV,2024-01-05,37,month_to_month,bank_transfer,fiber_optic,98.8,3475.55,0,0,0,1,1,1,1,0,0,0,0,1
6112-KTHFQ,2024-01-05,13,month_to_month,mailed_check,none,19.3,279.3,0,0,0,0,0,0,0,0,0,0,1,0
1898-JSNDC,2024-01-05,39,one_year,credit_card,dsl,58.6,2224.5,0,1,0,0,1,0,0,0,0,0,1,0
7995-ZHHNZ,2024-01-05,42,one_year,credit_card,dsl,56.1,2386.85,1,0,0,0,0,0,1,0,1,0,0,0
2165-VOEGB,2024-01-05,46,one_year,bank_transfer,fiber_optic,105.2,4822.85,1,1,0,1,1,1,0,0,0,1,1,1
7746-QYVCO,2024-01-05,16,one_year,mailed_check,dsl,55.85,857.8,1,1,0,0,0,0,0,0,1,1,1,0
5126-RCXYW,2024-01-05,54,two_year,credit_card,dsl,46.0,2424.05,0,0,1,1,0,1,0,0,1,1,0,0
5951-AOFIH,2024-01-05,33,month_to_month,credit_card,dsl,66.4,2245.4,0,1,1,0,1,0,0,0,0,0,1,0
2582-FFFZR,2024-01-05,22,month_to_month,electronic_check,dsl,50.6,1073.3,0,0,1,0,1,1,0,0,0,0,1,0
2758-RNWXS,2024-01-05,35,one_year,electronic_check,fiber_optic,89.2,3251.3,1,0,0,1,0,1,0,0,0,0,1,0
9986-BONCE,2024-01-05,4,month_to_month,bank_transfer,none,20.95,85.5,0,0,0,0,0,0,0,0,0,0,0,1
8559-WNQZS,2024-01-05,1,two_year,mailed_check,none,20.45,20.45,0,0,0,0,0,0,0,0,0,0,0,0
4980-URKXC,2024-01-05,36,one_year,bank_transfer,none,20.85,720.05,0,0,0,0,0,0,0,0,1,0,0,0
3099-OONVS,2024-01-05,25,month_to_month,electronic_check,dsl,54.3,1296.8,1,0,0,1,0,0,0,0,1,1,0,0
2710-WYVXG,2024-01-05,3,two_year,mailed_check,dsl,71.1,213.35,1,1,0,1,0,1,0,0,0,0,0,0
5590-BYNII,2024-01-05,22,month_to_month,electronic_check,fiber_optic,100.75,2095.0,1,0,0,0,1,1,1,0,0,0,1,1
0265-PSUAE,2024-01-05,16,month_to_month,bank_transfer,fiber_optic,100.7,1522.7,1,0,1,0,1,1,0,0,1,1,0,0
8152-UOBNY,2024-01-05,50,one_year,electronic_check,fiber_optic,106.8,5347.95,0,1,0,1,1,1,1,1,0,0,1,0
8003-EWNDZ,2024-01-05,10,month_to_month,electronic_check,none,21.2,222.65,0,0,0,0,0,0,0,0,0,0,1,0
4404-HIBDJ,2024-01-05,25,one_year,mailed_check,dsl,74.3,1863.8,1,1,1,1,1,0,0,0,0,0,0,1
5959-BELXA,2024-01-05,32,month_to_month,credit_card,fiber_optic,96.15,3019.25,0,0,0,0,1,1,1,1,0,0,1,1
7643-RCHXS,2024-01-05,63,two_year,electronic_check,none,19.35,1263.85,0,0,0,0,0,0,0,0,1,1,0,0
4468-YDOVK,2024-01-05,5,month_to_month,bank_transfer,dsl,48.65,235.2,0,0,0,1,0,0,0,0,0,1,1,0
8919-FYFQZ,2024-01-05,44,month_to_month,electronic_check,dsl,30.35,1359.7,0,1,0,0,0,0,0,1,1,0,1,1
5565-FILXA,2024-01-05,16,month_to_month,electronic_check,fiber_optic,96.15,1529.2,0,0,0,0,1,1,1,1,0,0,1,1
5815-HGGHV,2024-01-05,20,one_year,mailed_check,dsl,64.15,1274.45,1,0,0,1,0,1,0,0,1,0,1,0
1552-AAGRX,2024-01-05,30,month_to_month,bank_transfer,fiber_optic,106.4,3211.9,1,0,0,1,1,1,1,0,0,0,0,0
7269-JISCY,2024-01-05,55,one_year,bank_transfer,dsl,45.05,2462.6,0,0,0,0,0,0,0,0,0,0,0,0
5446-DKWYW,2024-01-05,61,one_year,electronic_check,dsl,65.2,3965.05,0,0,1,0,1,0,1,1,1,1,1,0
3506-LCJDC,2024-01-05,1,month_to_month,bank_transfer,none,19.95,19.95,0,0,0,0,0,0,0,0,1,1,0,1
0956-ACVZC,2024-01-05,54,one_year,credit_card,fiber_optic,94.1,5060.9,0,0,1,0,1,1,0,0,0,0,1,0
2482-CZGBB,2024-01-05,10,month_to_month,electronic_check,fiber_optic,70.0,740.0,0,0,0,0,0,0,0,0,0,0,1,1
6682-QJDGB,2024-01-05,40,month_to_month,mailed_check,dsl,55.25,2139.2,1,1,0,0,0,0,0,0,0,1,1,1
3128-YOVTD,2024-01-05,51,month_to_month,bank_transfer,fiber_optic,79.15,4018.55,1,1,0,0,0,0,0,0,1,1,1,0
1090-ESELR,2024-01-05,72,two_year,bank_transfer,fiber_optic,105.5,7611.55,1,1,0,1,1,1,0,0,1,1,0,0
9570-KYEUA,2024-01-05,64,two_year,credit_card,fiber_optic,99.25,6549.45,1,0,1,1,0,1,1,0,0,0,0,0
4707-MAXGU,2024-01-05,72,two_year,credit_card,none,25.85,1872.2,0,0,0,0,0,0,1,0,1,0,0,0
7872-BAAZR,2024-01-05,53,one_year,bank_transfer,none,19.55,1007.9,0,0,0,0,0,0,0,0,1,1,0,0
2592-SEIFQ,2024-01-05,3,month_to_month,electronic_check,dsl,24.75,66.95,0,0,0,0,0,0,0,0,0,0,0,1
9603-OAIHC,2024-01-05,1,month_to_month,electronic_check,fiber_optic,70.05,70.05,0,0,0,0,0,0,0,1,0,0,1,0
0637-UBJRP,2024-01-05,13,month_to_month,electronic_check,fiber_optic,84.05,1095.3,1,0,0,0,0,1,0,0,1,1,0,1
5057-LCOUI,2024-01-05,39,month_to_month,electronic_check,dsl,50.75,2011.4,0,0,1,0,1,1,0,0,0,0,1,1
2754-XBHTB,2024-01-05,9,month_to_month,bank_transfer,fiber_optic,77.65,714.15,0,0,0,0,1,0,0,0,0,0,1,1
6518-KZXCB,2024-01-05,22,two_year,mailed_check,none,25.25,566.5,0,0,0,0,0,0,1,0,0,0,0,0
5331-RGMTT,2024-01-05,54,month_to_month,credit_card,fiber_optic,99.05,5295.7,0,0,1,0,1,1,1,1,1,0,1,0
1430-SFQSA,2024-01-05,29,one_year,mailed_check,dsl,35.6,1072.6,1,0,0,1,0,0,0,0,0,0,0,0
2889-FPWRM,2024-01-05,72,one_year,bank_transfer,fiber_optic,117.8,8684.8,1,1,1,1,1,1,1,0,1,0,1,1
2251-PYLPB,2024-01-05,72,two_year,credit_card,dsl,79.55,5810.9,1,1,1,1,0,1,1,0,1,0,0,0
6599-RCLCJ,2024-01-05,47,month_to_month,electronic_check,fiber_optic,109.55,5124.55,0,1,1,1,1,1,1,0,1,0,1,1
5155-AZQPB,2024-01-05,28,month_to_month,mailed_check,dsl,49.9,1410.25,0,0,0,0,0,0,1,0,1,1,0,0
8167-GJLRN,2024-01-05,3,month_to_month,electronic_check,dsl,30.4,82.15,0,0,0,1,0,0,0,0,0,0,0,0
4304-XUMGI,2024-01-05,50,two_year,bank_transfer,dsl,75.15,3822.45,1,1,1,0,0,1,1,1,1,1,1,0
4510-HIMLV,2024-01-05,1,month_to_month,electronic_check,fiber_optic,69.8,69.8,0,0,0,0,0,0,0,0,0,0,1,1
5349-IECLD,2024-01-05,2,month_to_month,electronic_check,fiber_optic,94.95,178.1,0,0,1,0,1,1,0,0,0,0,0,1
3717-OEAUQ,2024-01-05,2,month_to_month,mailed_check,fiber_optic,70.7,129.2,0,0,0,0,0,0,0,0,0,0,0,0
1984-FCOWB,2024-01-05,70,one_year,electronic_check,fiber_optic,109.5,7674.55,0,1,1,1,1,1,1,0,1,0,1,1
5973-EJGDP,2024-01-05,51,month_to_month,electronic_check,fiber_optic,87.35,4473.0,0,1,1,1,0,0,1,0,0,0,1,0
2378-VTKDH,2024-01-05,65,month_to_month,electronic_check,fiber_optic,104.35,6578.55,0,1,1,0,1,1,1,1,1,0,1,0
7274-RTAPZ,2024-01-05,1,month_to_month,electronic_check,fiber_optic,90.55,90.55,0,0,0,0,1,1,0,0,0,0,1,1
0811-GSDTP,2024-01-05,13,month_to_month,electronic_check,dsl,30.15,382.2,0,1,0,0,0,0,0,0,0,1,0,0
1450-GALXR,2024-01-05,10,month_to_month,electronic_check,fiber_optic,98.5,1058.25,0,0,0,1,1,1,1,0,0,0,1,1
8380-MQINP,2024-01-05,55,two_year,mailed_check,none,20.3,1079.05,0,0,0,0,0,0,0,0,1,1,0,0
9210-IAHGH,2024-01-05,7,month_to_month,credit_card,dsl,70.75,450.8,0,0,0,1,1,1,0,0,0,0,1,1
1179-INLAT,2024-01-05,3,one_year,mailed_check,none,19.45,69.25,0,0,0,0,0,0,0,0,0,0,1,0
0756-MPZRL,2024-01-05,46,one_year,credit_card,dsl,33.7,1537.85,0,0,1,1,0,0,0,0,0,0,0,0
4369-NYSCF,2024-01-05,56,one_year,bank_transfer,dsl,75.75,4284.65,0,1,0,1,1,1,0,0,0,0,1,0
7017-VFHAY,2024-01-05,61,two_year,credit_card,fiber_optic,115.1,7008.15,1,1,1,1,1,1,1,0,1,1,0,0
1485-YDHMM,2024-01-05,52,month_to_month,bank_transfer,fiber_optic,93.25,4631.7,0,1,0,1,0,1,1,0,1,1,1,0
1041-RXHRA,2024-01-05,41,month_to_month,bank_transfer,fiber_optic,70.25,2868.05,0,0,0,0,0,0,0,0,0,0,0,1
3696-DFHHB,2024-01-05,68,two_year,bank_transfer,none,25.5,1821.8,0,0,0,0,0,0,1,0,0,0,0,0
9917-KWRBE,2024-01-05,41,one_year,credit_card,dsl,78.35,3211.2,1,1,1,0,1,0,1,0,1,1,1,0
2391-IPLOP,2024-01-05,50,one_year,electronic_check,dsl,69.65,3442.15,0,0,1,1,1,0,1,0,1,1,1,0
3669-WHAFY,2024-01-05,71,two_year,credit_card,fiber_optic,115.15,8078.1,1,1,1,1,1,1,1,0,1,0,1,0
0921-OHLVP,2024-01-05,22,month_to_month,electronic_check,fiber_optic,83.05,1799.3,0,0,0,0,0,1,1,0,0,0,0,0
8514-VZHEB,2024-01-05,59,two_year,mailed_check,none,19.5,1147.85,0,0,0,0,0,0,0,0,1,1,0,0
7326-RIGQZ,2024-01-05,6,month_to_month,electronic_check,fiber_optic,69.8,377.85,0,0,0,0,0,0,0,0,1,1,1,0
7951-QKZPL,2024-01-05,33,two_year,mailed_check,none,24.5,740.3,0,0,0,0,0,0,1,0,1,1,1,1
7812-FZHPE,2024-01-05,17,month_to_month,mailed_check,none,24.1,409.9,0,0,0,0,0,0,1,0,1,1,0,1
6322-HRPFA,2024-01-05,49,month_to_month,credit_card,dsl,59.6,2970.3,1,1,0,1,0,0,0,0,1,1,0,0
2302-OUZXB,2024-01-05,72,two_year,bank_transfer,dsl,82.15,5784.3,0,1,1,0,1,1,1,0,1,0,0,0
7029-RPUAV,2024-01-05,17,month_to_month,credit_card,fiber_optic,100.45,1622.45,0,0,1,0,1,1,1,1,1,0,1,1
7105-BENQF,2024-01-05,15,one_year,mailed_check,dsl,64.85,950.75,1,0,1,0,0,1,0,0,0,1,0,0
2466-NEJOJ,2024-01-05,8,month_to_month,credit_card,none,19.65,169.75,0,0,0,0,0,0,0,0,1,1,0,0
1852-XEMDW,2024-01-05,22,month_to_month,mailed_check,dsl,65.05,1427.55,1,1,1,0,0,0,1,0,0,0,0,0
2263-SFSQZ,2024-01-05,51,two_year,mailed_check,none,24.95,1222.25,0,0,0,0,0,0,1,0,1,1,1,0
5712-AHQNN,2024-01-05,43,month_to_month,electronic_check,fiber_optic,91.65,3954.1,0,1,1,0,1,0,0,0,0,0,1,0
9743-DQKQW,2024-01-05,3,month_to_month,electronic_check,dsl,25.1,79.8,0,0,0,0,0,0,0,0,0,0,0,0
8552-OBVRU,2024-01-05,48,month_to_month,electronic_check,fiber_optic,104.5,5068.05,1,0,1,1,1,1,0,1,1,1,1,0
4086-ATNFV,2024-01-05,34,one_year,mailed_check,dsl,60.8,2042.05,1,1,1,0,0,0,0,0,1,1,1,0
2403-BCASL,2024-01-05,41,one_year,electronic_check,fiber_optic,111.95,4534.9,0,1,1,1,1,1,1,1,1,1,1,1
8561-NMTBD,2024-01-05,67,one_year,credit_card,fiber_optic,112.35,7388.45,0,1,1,1,1,1,1,0,1,1,1,0
5448-VWNAM,2024-01-05,19,month_to_month,mailed_check,dsl,75.9,1375.6,1,1,0,1,1,0,1,0,0,1,1,0
8769-KKTPH,2024-01-05,63,one_year,credit_card,fiber_optic,99.65,6311.2,1,0,0,0,1,1,1,0,1,1,1,0
7831-QGOXH,2024-01-05,18,month_to_month,electronic_check,fiber_optic,85.2,1553.9,0,0,0,0,1,0,1,0,0,0,1,1
2480-JZOSN,2024-01-05,1,month_to_month,mailed_check,none,20.65,20.65,0,0,0,0,0,0,0,0,1,0,1,0
2982-VPSGI,2024-01-05,11,month_to_month,electronic_check,fiber_optic,94.0,1078.9,0,0,0,0,1,1,1,0,1,0,1,1
8496-DMZUK,2024-01-05,30,one_year,bank_transfer,fiber_optic,90.4,2820.65,1,1,1,0,0,0,1,0,0,0,0,0
3858-VOBET,2024-01-05,23,month_to_month,electronic_check,fiber_optic,74.95,1710.45,0,0,0,0,0,0,1,0,0,0,1,1
4484-GLZOU,2024-01-05,52,month_to_month,electronic_check,fiber_optic,105.05,5624.85,0,1,1,0,1,1,1,0,1,0,1,1
0594-UFTUL,2024-01-05,13,month_to_month,mailed_check,none,19.85,252.0,0,0,0,0,0,0,0,0,1,1,1,0
0757-WCUUZ,2024-01-05,54,two_year,credit_card,dsl,63.35,3409.1,0,0,1,0,0,1,1,0,1,1,0,0
8286-AFUYI,2024-01-05,1,month_to_month,electronic_check,dsl,47.95,47.95,1,0,0,0,0,0,0,0,0,0,0,0
2868-LLSKM,2024-01-05,68,one_year,bank_transfer,fiber_optic,83.65,5733.4,0,1,0,1,0,0,1,0,1,1,1,0
4957-TREIR,2024-01-05,3,month_to_month,credit_card,dsl,64.4,195.65,1,0,0,1,1,0,0,0,0,0,1,0
6416-TVAIH,2024-01-05,1,month_to_month,electronic_check,fiber_optic,68.5,68.5,0,0,0,0,0,0,0,0,1,1,1,1
9259-PACGQ,2024-01-05,34,month_to_month,electronic_check,dsl,62.65,2274.9,1,1,0,1,0,0,1,0,1,0,0,1
2676-SSLTO,2024-01-05,49,two_year,bank_transfer,dsl,66.15,3199.0,0,0,0,1,1,0,1,0,0,0,1,0
8143-ETQTI,2024-01-05,23,two_year,mailed_check,none,19.65,451.55,0,0,0,0,0,0,0,0,1,1,1,0
0831-JNISG,2024-01-05,71,two_year,mailed_check,none,19.8,1396.25,0,0,0,0,0,0,0,0,1,1,0,0
3572-UOLYZ,2024-01-05,46,month_to_month,bank_transfer,fiber_optic,84.8,3958.85,0,0,1,1,0,0,1,0,0,1,1,0
7550-WIQVA,2024-01-06,50,one_year,electronic_check,fiber_optic,108.25,5431.4,1,1,1,0,1,1,1,0,1,1,1,0
7568-PODML,2024-01-06,1,month_to_month,mailed_check,dsl,45.3,45.3,0,0,0,0,1,1,0,0,0,0,1,1
7567-ECMCM,2024-01-06,24,month_to_month,credit_card,fiber_optic,79.85,2001.0,0,0,0,0,0,1,0,0,0,0,1,0
6445-TNRXS,2024-01-06,68,two_year,bank_transfer,fiber_optic,114.7,7849.85,1,1,1,1,1,1,1,0,1,1,1,0
8174-LNWMW,2024-01-06,31,two_year,credit_card,none,20.9,689.35,0,0,0,0,0,0,0,0,0,0,0,0
3566-CAAYU,2024-01-06,64,two_year,electronic_check,dsl,49.85,3210.35,0,1,1,1,0,1,0,0,1,1,0,0
2845-HSJCY,2024-01-06,14,month_to_month,electronic_check,fiber_optic,87.25,1258.6,0,0,1,0,0,1,1,0,1,1,1,1
9501-UKKNL,2024-01-06,59,month_to_month,electronic_check,dsl,51.7,3005.8,0,0,0,1,1,1,0,0,0,0,1,0
5214-NLTIT,2024-01-06,72,two_year,credit_card,fiber_optic,90.8,6511.8,0,0,1,0,0,1,1,0,1,1,1,0
7295-JOMMD,2024-01-06,4,month_to_month,bank_transfer,fiber_optic,98.1,396.3,0,0,1,1,1,1,0,0,0,1,1,1
3707-LRWZD,2024-01-06,32,one_year,electronic_check,fiber_optic,84.05,2781.85,0,0,0,0,1,0,1,0,0,0,0,1
2573-GYRUU,2024-01-06,48,month_to_month,credit_card,fiber_optic,91.05,4370.75,0,0,1,0,0,1,1,1,1,0,1,0
6295-OSINB,2024-01-06,72,two_year,electronic_check,fiber_optic,109.65,7880.25,1,1,1,0,1,1,1,0,1,0,1,0
3071-VBYPO,2024-01-06,3,month_to_month,electronic_check,fiber_optic,89.85,248.4,1,1,0,0,1,0,0,0,1,1,0,0
8639-NHQEI,2024-01-06,72,two_year,bank_transfer,fiber_optic,95.9,6954.15,1,1,0,0,1,0,1,0,1,1,1,0
5950-AAAGJ,2024-01-06,18,month_to_month,bank_transfer,fiber_optic,84.3,1537.9,0,0,0,0,1,0,1,0,0,0,0,0
2274-XUATA,2024-01-06,72,two_year,bank_transfer,dsl,63.1,4685.55,1,1,1,1,1,1,0,1,1,0,1,0
5307-DZCVC,2024-01-06,32,month_to_month,credit_card,fiber_optic,85.95,2628.6,0,0,0,0,1,0,1,1,1,0,1,1
1564-NTYXF,2024-01-06,13,month_to_month,electronic_check,fiber_optic,82.0,1127.2,0,0,0,0,0,1,1,1,0,0,1,1
0909-SDHNU,2024-01-06,7,month_to_month,mailed_check,dsl,29.8,201.95,1,0,0,0,0,0,0,0,0,1,0,0
5876-HZVZM,2024-01-06,6,month_to_month,credit_card,dsl,55.9,365.35,1,1,0,0,0,0,0,0,1,1,0,1
1575-KRZZE,2024-01-06,4,month_to_month,electronic_check,dsl,55.2,220.65,1,1,0,0,0,0,0,0,0,0,0,0
3752-CQSJI,2024-01-06,13,month_to_month,mailed_check,none,20.45,254.5,0,0,0,0,0,0,0,0,1,1,1,0
0868-VJRDR,2024-01-06,64,two_year,credit_card,fiber_optic,104.05,6605.55,1,1,0,1,1,1,0,0,1,0,1,0
9584-EXCDZ,2024-01-06,17,month_to_month,bank_transfer,fiber_optic,70.5,1165.6,0,0,0,0,0,0,0,0,0,0,0,0
0980-PVMRC,2024-01-06,40,month_to_month,electronic_check,dsl,50.85,2036.55,0,1,0,0,1,1,0,0,1,1,1,0
8108-UXRQN,2024-01-06,11,month_to_month,electronic_check,dsl,50.55,565.35,1,0,0,0,1,1,0,0,1,1,0,0
6377-KSLXC,2024-01-06,5,month_to_month,mailed_check,none,19.95,107.05,0,0,0,0,0,0,0,0,0,0,0,0
7892-QVYKW,2024-01-06,23,month_to_month,electronic_check,fiber_optic,85.6,1868.4,0,0,0,0,0,1,1,0,1,1,0,0
8932-CZHRQ,2024-01-06,68,one_year,credit_card,dsl,76.75,5233.25,1,1,1,0,0,1,1,0,0,0,0,0
2254-DLXRI,2024-01-06,1,month_to_month,mailed_check,fiber_optic,79.15,79.15,0,1,0,0,0,0,1,0,0,0,1,0
4077-HWUYD,2024-01-06,72,two_year,bank_transfer,dsl,87.55,6463.15,1,1,1,1,1,1,1,0,1,1,1,0
8745-PVESG,2024-01-06,57,one_year,credit_card,dsl,41.1,2258.25,1,0,1,1,0,0,0,0,0,0,1,0
8261-GWDBQ,2024-01-06,60,two_year,bank_transfer,fiber_optic,116.05,6925.9,1,1,1,1,1,1,1,1,1,0,1,0
3258-SANFR,2024-01-06,6,month_to_month,credit_card,dsl,44.7,276.5,0,0,0,0,0,0,0,1,0,0,0,0
7449-HVPIV,2024-01-06,55,month_to_month,credit_card,fiber_optic,90.4,5099.15,0,0,1,0,1,0,1,0,1,1,1,0
3244-CQPHU,2024-01-06,72,two_year,bank_transfer,fiber_optic,110.1,7746.7,1,1,0,1,1,1,1,1,0,0,1,0
5208-FVQKB,2024-01-06,70,two_year,mailed_check,dsl,67.95,4664.15,1,1,0,1,0,1,0,0,1,0,0,0
6413-XKKPU,2024-01-06,17,month_to_month,electronic_check,fiber_optic,89.4,1539.45,1,0,1,0,1,0,0,0,1,1,1,1
0003-MKNFE,2024-01-06,9,month_to_month,mailed_check,dsl,59.9,542.4,0,0,0,0,0,1,1,0,0,0,0,0
3399-BMLVW,2024-01-06,51,two_year,credit_card,dsl,60.5,3121.45,1,1,0,1,0,0,0,0,1,1,0,0
5996-EBTKM,2024-01-06,67,two_year,bank_transfer,dsl,69.9,4615.9,0,0,1,1,0,1,1,0,1,1,1,0
7595-EUIVN,2024-01-06,1,month_to_month,electronic_check,fiber_optic,75.8,75.8,0,1,0,0,0,0,0,0,0,0,0,1
8993-PHFWD,2024-01-06,3,month_to_month,electronic_check,dsl,25.25,58.9,0,0,0,0,0,0,0,0,0,0,0,1
7351-MHQVU,2024-01-06,6,month_to_month,credit_card,dsl,50.95,307.6,1,1,0,1,0,1,0,0,0,0,0,0
9700-ISPUP,2024-01-06,10,month_to_month,electronic_check,dsl,65.5,616.9,0,1,0,1,0,1,0,0,1,1,1,0
0682-USIXD,2024-01-06,21,month_to_month,electronic_check,fiber_optic,86.05,1818.9,0,0,0,1,1,0,0,0,1,0,1,0
0023-XUOPT,2024-01-06,13,month_to_month,electronic_check,fiber_optic,94.1,1215.6,0,1,1,0,1,0,1,0,1,0,0,1
8630-QSGXK,2024-01-06,51,two_year,bank_transfer,dsl,75.2,3901.25,0,0,0,1,1,1,1,0,1,0,1,0
3458-IDMFK,2024-01-06,25,two_year,mailed_check,none,20.75,499.4,0,0,0,0,0,0,0,0,0,0,1,0
3642-BYHDO,2024-01-06,71,two_year,bank_transfer,none,19.9,1389.35,0,0,0,0,0,0,0,0,1,1,0,0
2800-VEQXM,2024-01-06,3,month_to_month,mailed_check,fiber_optic,74.75,238.1,0,0,1,0,0,0,0,0,0,0,1,0
2514-GINMM,2024-01-06,1,month_to_month,electronic_check,fiber_optic,79.5,79.5,0,0,0,0,1,0,0,0,0,0,1,1
8065-BVEPF,2024-01-06,65,month_to_month,bank_transfer,fiber_optic,99.1,6496.15,0,1,1,0,1,1,0,1,0,0,1,0
0687-ZVTHB,2024-01-06,65,one_year,credit_card,dsl,72.45,4653.85,1,1,1,0,0,1,1,0,1,1,0,1
9361-YNQWJ,2024-01-06,64,one_year,bank_transfer,none,24.4,1601.2,0,0,0,0,0,0,1,0,0,0,1,0
1154-HYWWO,2024-01-06,38,one_year,mailed_check,dsl,70.6,2708.2,1,1,0,1,1,0,0,0,0,0,0,0
6198-PNNSZ,2024-01-06,56,one_year,bank_transfer,fiber_optic,109.8,6109.65,1,1,1,0,1,1,1,0,1,0,0,0
5893-KCLGT,2024-01-06,72,two_year,mailed_check,none,19.75,1567.0,0,0,0,0,0,0,0,0,0,1,1,0
0013-MHZWF,2024-01-06,9,month_to_month,credit_card,dsl,69.4,571.45,0,0,0,1,1,1,0,0,0,1,1,0
0582-AVCLN,2024-01-06,38,two_year,mailed_check,none,20.3,743.05,0,0,0,0,0,0,0,0,0,0,0,0
4385-ZKVNW,2024-01-06,44,month_to_month,bank_transfer,dsl,54.9,2549.1,0,1,0,1,0,0,0,0,1,1,1,0
7898-PDWQE,2024-01-06,71,two_year,credit_card,dsl,80.4,5727.15,1,1,1,1,0,1,1,0,1,0,0,0
8468-EHYJA,2024-01-06,57,month_to_month,electronic_check,fiber_optic,99.65,5497.05,1,0,0,0,1,1,1,0,1,0,1,0
2027-OAQQC,2024-01-06,43,month_to_month,bank_transfer,dsl,49.05,2076.2,0,0,1,0,1,1,0,0,0,0,1,1
4359-INNWN,2024-01-06,17,one_year,credit_card,none,20.05,337.9,0,0,0,0,0,0,0,0,0,0,0,0
9451-LPGOO,2024-01-06,7,month_to_month,electronic_check,fiber_optic,86.8,620.35,0,0,0,0,0,1,1,0,0,0,1,1
1981-INRFU,2024-01-06,2,month_to_month,electronic_check,fiber_optic,79.75,164.5,0,0,0,0,1,0,0,0,0,0,1,1
6292-TOSSS,2024-01-06,50,two_year,bank_transfer,none,24.9,1195.25,0,0,0,0,0,0,1,0,0,0,0,0
9385-NXKDA,2024-01-06,72,two_year,credit_card,dsl,82.65,5919.35,1,1,1,0,1,1,1,0,1,0,1,0
9553-DLCLU,2024-01-06,13,two_year,credit_card,dsl,88.95,1161.75,1,1,1,1,1,1,1,0,0,1,0,0
6429-SHBCB,2024-01-06,19,month_to_month,mailed_check,dsl,69.6,1394.55,0,0,0,0,1,1,1,0,0,0,0,0
3373-DIUUN,2024-01-06,30,two_year,mailed_check,none,21.25,711.9,0,0,0,0,0,0,0,0,1,1,0,0
1502-XFCVR,2024-01-06,58,one_year,electronic_check,fiber_optic,106.45,6145.85,1,1,1,0,1,1,0,0,0,0,1,1
3750-YHRYO,2024-01-06,7,one_year,mailed_check,none,20.65,150.0,0,0,0,0,0,0,0,0,1,1,0,0
2400-FEQME,2024-01-06,55,two_year,mailed_check,none,20.5,1177.95,0,0,0,0,0,0,0,0,1,1,0,0
4451-RWASJ,2024-01-06,15,one_year,mailed_check,none,19.5,239.75,0,0,0,0,0,0,0,0,1,1,1,0
8100-PNJMH,2024-01-06,68,two_year,credit_card,dsl,88.85,6132.7,1,1,1,1,1,1,1,0,1,1,1,0
5515-AKOAJ,2024-01-06,54,month_to_month,electronic_check,fiber_optic,100.1,5440.9,0,0,0,1,1,1,1,0,0,0,1,1
7895-VONWT,2024-01-06,25,month_to_month,electronic_check,dsl,48.25,1293.8,0,0,1,0,1,1,0,0,0,0,1,0
2013-SGDXK,2024-01-06,1,month_to_month,electronic_check,fiber_optic,84.3,84.3,0,1,0,0,1,0,0,0,0,0,0,1
2545-LXYVJ,2024-01-06,72,two_year,bank_transfer,none,20.7,1492.1,0,0,0,0,0,0,0,0,1,0,0,0
0674-GCDXG,2024-01-06,63,two_year,bank_transfer,dsl,71.9,4479.2,1,0,1,1,0,1,1,0,0,0,1,0
4518-FZBSX,2024-01-06,42,one_year,mailed_check,none,20.25,854.9,0,0,0,0,0,0,0,0,1,1,0,0
4360-QRAVE,2024-01-06,37,month_to_month,electronic_check,dsl,36.65,1315.0,0,1,1,0,0,0,0,1,0,0,0,0
5687-DKDTV,2024-01-06,4,month_to_month,mailed_check,none,20.35,77.5,0,0,0,0,0,0,0,0,0,0,0,1
2788-CJQAQ,2024-01-06,13,one_year,mailed_check,none,19.45,270.2,0,0,0,0,0,0,0,0,0,0,0,0
2621-UDNLU,2024-01-06,3,month_to_month,mailed_check,none,20.85,72.0,0,0,0,0,0,0,0,0,1,0,0,0
9637-EIHEQ,2024-01-06,1,month_to_month,electronic_check,dsl,50.8,50.8,0,0,0,1,0,0,0,0,0,0,1,1
7691-XVTZH,2024-01-06,68,two_year,bank_transfer,fiber_optic,89.95,5974.3,0,0,1,0,1,0,1,0,1,0,1,0
5424-RLQLC,2024-01-06,10,month_to_month,mailed_check,dsl,59.65,638.95,0,1,0,0,1,0,0,0,0,0,1,0
1599-MMYRQ,2024-01-06,62,one_year,credit_card,fiber_optic,81.45,4983.05,1,1,0,0,0,0,0,0,1,1,1,0
9588-YRFHY,2024-01-06,49,two_year,credit_card,none,19.9,1022.6,0,0,0,0,0,0,0,0,0,0,1,0
5970-GHJAW,2024-01-06,46,two_year,credit_card,none,19.95,862.4,0,0,0,0,0,0,0,0,1,1,0,0
6203-HBZPA,2024-01-06,52,two_year,credit_card,dsl,63.9,3334.95,1,1,1,1,1,1,0,0,0,0,0,0
2208-NQBCT,2024-01-06,26,month_to_month,electronic_check,fiber_optic,81.95,2070.05,1,1,0,0,0,0,0,0,1,1,0,0
4694-PHWFW,2024-01-06,8,month_to_month,mailed_check,none,19.95,170.9,0,0,0,0,0,0,0,0,0,1,0,0
7817-BOQPW,2024-01-06,2,month_to_month,electronic_check,fiber_optic,75.55,166.3,0,0,0,0,0,0,1,0,0,0,1,1
0042-RLHYP,2024-01-06,69,two_year,bank_transfer,none,19.7,1396.9,0,0,0,0,0,0,0,0,1,1,0,0
9626-WEQRM,2024-01-06,4,month_to_month,mailed_check,dsl,29.15,110.05,1,0,0,0,0,0,0,0,0,0,1,0
5035-BVCXS,2024-01-06,11,month_to_month,mailed_check,fiber_optic,75.9,866.4,0,1,0,0,0,0,0,0,0,0,1,0
0423-UDIJQ,2024-01-06,9,month_to_month,mailed_check,dsl,49.2,447.9,0,0,0,1,0,0,0,1,0,0,0,0
5766-XQXMQ,2024-01-06,29,month_to_month,bank_transfer,dsl,68.85,1970.5,1,1,1,0,0,1,0,0,0,0,1,1
4250-WAROZ,2024-01-06,60,month_to_month,electronic_check,fiber_optic,93.25,5774.55,1,1,0,0,0,1,1,1,1,1,1,0
9057-MSWCO,2024-01-06,27,month_to_month,credit_card,dsl,30.75,805.1,1,0,0,0,0,0,0,1,1,0,0,1
6217-KDYWC,2024-01-06,57,two_year,mailed_check,none,19.6,1170.55,0,0,0,0,0,0,0,0,0,1,1,0
6390-DSAZX,2024-01-06,1,month_to_month,mailed_check,fiber_optic,73.6,73.6,1,0,0,0,0,0,0,0,0,1,1,1
3186-BAXNB,2024-01-06,1,month_to_month,electronic_check,fiber_optic,91.7,91.7,0,1,0,1,1,0,0,0,0,0,0,1
8917-FAEMR,2024-01-06,37,two_year,mailed_check,none,19.85,784.25,0,0,0,0,0,0,0,0,0,0,0,0
8204-YJCLA,2024-01-06,72,two_year,bank_transfer,dsl,64.8,4732.35,1,1,1,1,1,1,0,1,1,1,1,0
8714-EUHJO,2024-01-06,31,month_to_month,electronic_check,fiber_optic,91.15,2995.45,0,1,0,0,0,1,1,0,1,1,1,1
8878-RYUKI,2024-01-06,52,month_to_month,electronic_check,dsl,59.45,3043.7,0,0,1,0,0,1,0,0,0,0,1,0
6941-KXRRV,2024-01-06,48,one_year,bank_transfer,dsl,58.95,2789.7,0,1,0,0,0,1,0,1,1,0,1,0
1894-IGFSG,2024-01-06,22,month_to_month,electronic_check,fiber_optic,89.25,1907.85,0,0,0,0,1,1,0,0,0,0,0,1
5899-MQZZL,2024-01-06,13,month_to_month,mailed_check,fiber_optic,75.0,999.45,0,0,0,0,0,0,1,0,0,0,1,1
9152-AMKAK,2024-01-06,6,two_year,mailed_check,dsl,80.25,493.4,1,0,1,1,1,1,0,0,0,0,1,0
6135-OZQVA,2024-01-06,7,month_to_month,electronic_check,dsl,53.65,404.35,1,0,0,0,0,0,1,0,0,0,1,0
3407-JMJQQ,2024-01-06,71,two_year,bank_transfer,fiber_optic,109.0,7661.8,1,1,1,0,1,1,1,0,1,1,1,0
4919-MOAVT,2024-01-06,3,month_to_month,electronic_check,fiber_optic,69.65,220.1,0,0,0,0,0,0,0,0,0,1,0,1
5825-XJOCM,2024-01-06,48,one_year,bank_transfer,dsl,64.4,3035.35,1,1,1,0,0,0,1,0,0,1,1,0
3948-FVVRP,2024-01-06,9,month_to_month,mailed_check,dsl,54.8,452.8,0,1,0,1,0,0,0,0,1,1,0,0
3070-DVEYC,2024-01-06,7,month_to_month,mailed_check,fiber_optic,73.75,545.15,0,0,0,0,0,0,1,1,0,0,0,1
6240-EURKS,2024-01-06,18,month_to_month,electronic_check,dsl,35.0,553.0,0,0,0,0,0,1,0,0,0,1,1,1
7446-YPODE,2024-01-06,11,month_to_month,bank_transfer,dsl,60.25,662.95,1,1,0,0,0,0,1,1,0,0,0,0
2959-FENLU,2024-01-06,9,month_to_month,credit_card,fiber_optic,85.3,781.4,0,0,1,0,0,1,0,0,0,0,1,0
8225-BTJAU,2024-01-06,10,month_to_month,electronic_check,fiber_optic,79.25,793.55,0,0,0,0,0,1,0,1,0,0,1,1
3247-MHJKM,2024-01-06,1,month_to_month,mailed_check,none,20.2,20.2,0,0,0,0,0,0,0,0,0,0,0,0
2657-ALMWY,2024-01-06,26,month_to_month,electronic_check,fiber_optic,84.95,2169.75,0,1,0,0,0,1,0,1,1,0,0,1
4452-QIIEB,2024-01-06,7,month_to_month,mailed_check,dsl,43.9,278.4,0,0,0,0,0,0,0,0,0,0,0,0
6603-QWSPR,2024-01-06,46,two_year,bank_transfer,fiber_optic,104.4,4904.2,0,1,1,1,1,1,0,0,0,0,1,0
9717-IOAAF,2024-01-06,27,two_year,credit_card,none,25.85,788.55,0,0,0,0,0,0,1,0,0,1,1,0
7254-IQWOZ,2024-01-06,1,month_to_month,electronic_check,fiber_optic,69.65,69.65,0,0,0,0,0,0,0,0,0,0,1,1
2460-FPSYH,2024-01-06,40,month_to_month,electronic_check,dsl,55.8,2109.35,1,1,0,0,1,1,0,1,0,0,1,1
0617-FHSGK,2024-01-06,49,month_to_month,credit_card,fiber_optic,75.2,3678.3,0,0,0,0,0,0,1,0,0,1,0,1
4250-ZBWLV,2024-01-06,68,one_year,electronic_check,fiber_optic,108.45,7176.55,0,1,1,1,1,1,1,0,0,0,0,1
4495-LHSSK,2024-01-06,18,month_to_month,mailed_check,dsl,57.65,992.7,1,0,0,0,0,0,1,0,0,1,0,0
3957-LXOLK,2024-01-06,28,month_to_month,electronic_check,fiber_optic,106.15,3152.5,0,1,1,0,1,1,1,1,0,0,1,1
5781-BKHOP,2024-01-06,72,two_year,bank_transfer,fiber_optic,100.65,7334.05,1,1,1,0,1,0,1,0,1,0,0,0
6691-CCIHA,2024-01-06,62,two_year,electronic_check,dsl,84.95,5150.55,1,1,0,1,1,1,1,0,1,0,1,0
3957-SQXML,2024-01-06,34,two_year,credit_card,none,24.95,894.3,0,0,0,0,0,0,1,0,1,1,0,0
6416-JNVRK,2024-01-06,46,one_year,credit_card,dsl,55.65,2688.85,0,0,0,0,0,1,0,0,0,0,0,0
2040-OBMLJ,2024-01-06,31,one_year,credit_card,fiber_optic,81.7,2548.65,0,0,0,1,0,0,1,0,0,0,0,0
8982-NHAVY,2024-01-06,27,one_year,bank_transfer,fiber_optic,100.5,2673.45,0,0,1,0,1,1,1,0,0,0,1,0
9554-DFKIC,2024-01-06,30,month_to_month,bank_transfer,dsl,54.45,1588.7,1,0,0,0,0,0,1,0,1,1,1,0
3797-FKOGQ,2024-01-06,11,month_to_month,electronic_check,fiber_optic,86.2,893.2,0,0,0,0,0,1,1,0,0,1,0,0
0691-IFBQW,2024-01-06,46,one_year,electronic_check,fiber_optic,110.0,4874.8,1,1,1,0,1,1,1,1,0,0,1,1
0440-QEXBZ,2024-01-06,44,month_to_month,mailed_check,dsl,50.15,2139.1,0,0,0,0,0,0,1,0,0,0,1,0
8738-JOKAR,2024-01-06,42,one_year,mailed_check,dsl,67.7,2882.25,1,1,0,1,0,1,0,0,0,0,1,0
7410-KTVFV,2024-01-06,18,month_to_month,mailed_check,dsl,49.55,878.35,0,0,1,0,0,0,0,0,1,0,1,1
2817-LVCPP,2024-01-06,50,two_year,credit_card,none,19.4,1023.95,0,0,0,0,0,0,0,0,0,0,0,0
6497-TILVL,2024-01-06,7,month_to_month,mailed_check,dsl,50.7,350.35,1,0,0,0,0,0,0,0,1,1,0,0
0839-JTCUD,2024-01-06,66,two_year,credit_card,dsl,89.9,5958.85,1,1,1,1,1,1,1,0,1,1,0,0
0128-MKWSG,2024-01-06,26,month_to_month,mailed_check,dsl,45.8,1147.0,1,0,0,1,0,1,0,0,0,1,0,0
3716-BDVDB,2024-01-06,1,month_to_month,electronic_check,fiber_optic,69.1,69.1,0,0,0,0,0,0,0,0,0,0,1,1
7159-NOKYQ,2024-01-06,67,two_year,electronic_check,fiber_optic,93.15,6368.2,0,1,1,0,0,1,1,0,1,0,1,0
7714-YXSMB,2024-01-06,26,month_to_month,bank_transfer,fiber_optic,100.5,2599.95,0,0,1,0,1,1,1,0,0,0,1,0
4070-OKWVH,2024-01-06,52,month_to_month,bank_transfer,fiber_optic,94.6,5025.8,0,1,1,0,1,0,1,0,1,0,0,0
1689-YQBYY,2024-01-06,12,month_to_month,electronic_check,fiber_optic,76.6,893.0,0,0,0,0,0,0,1,0,0,1,1,0
1907-UBQFC,2024-01-06,10,month_to_month,electronic_check,fiber_optic,72.85,688.65,0,1,0,0,0,0,0,1,0,0,1,1
1895-QTKDO,2024-01-06,1,month_to_month,credit_card,dsl,43.95,43.95,0,0,0,0,0,0,0,0,0,0,0,0
3537-RYBHH,2024-01-06,47,month_to_month,credit_card,dsl,67.45,3252.0,1,1,1,0,0,0,1,1,1,0,1,0
5414-OFQCB,2024-01-06,57,two_year,credit_card,fiber_optic,90.45,5229.8,0,0,0,1,1,0,1,0,0,0,1,0
1031-IIDEO,2024-01-06,1,month_to_month,electronic_check,fiber_optic,70.85,70.85,0,0,0,0,0,0,0,0,0,0,1,1
3258-SYSWS,2024-01-06,72,two_year,bank_transfer,fiber_optic,113.8,7845.8,1,1,1,1,1,1,1,1,0,0,0,0
0723-VSOBE,2024-01-06,45,one_year,electronic_check,dsl,34.2,1596.6,0,0,0,0,0,1,0,1,0,0,0,0
6188-UXBBR,2024-01-06,38,one_year,credit_card,none,20.25,814.75,0,0,0,0,0,0,0,0,1,0,1,0
1941-HOSAM,2024-01-06,1,month_to_month,electronic_check,fiber_optic,90.1,90.1,0,0,0,0,1,1,0,0,1,1,1,0
3633-CDBUW,2024-01-06,17,one_year,electronic_check,dsl,80.85,1445.95,0,1,1,1,1,1,0,0,0,1,0,0
8295-KMENE,2024-01-06,59,two_year,mailed_check,dsl,76.45,4519.5,1,0,1,1,1,0,1,0,1,1,1,0
0125-LZQXK,2024-01-06,15,month_to_month,electronic_check,fiber_optic,101.35,1553.95,0,0,1,1,1,1,0,0,0,0,1,1
9730-DRTMJ,2024-01-06,32,one_year,credit_card,dsl,72.8,2333.05,1,0,0,1,1,0,1,0,1,0,1,0
1047-RNXZV,2024-01-06,43,two_year,mailed_check,none,19.55,876.15,0,0,0,0,0,0,0,0,0,0,0,0
5699-BNCAS,2024-01-06,71,two_year,mailed_check,none,24.65,1766.75,0,0,0,0,0,0,1,1,0,0,1,0
0206-TBWLC,2024-01-06,54,one_year,mailed_check,fiber_optic,114.65,6049.5,1,1,1,1,1,1,1,0,1,0,1,0
9095-HFAFX,2024-01-06,5,month_to_month,credit_card,fiber_optic,81.0,389.6,0,0,0,0,1,0,0,0,0,0,1,1
3131-NWVFJ,2024-01-06,14,one_year,mailed_check,none,19.55,294.5,0,0,0,0,0,0,0,0,1,1,0,0
0596-BQCEQ,2024-01-06,62,month_to_month,electronic_check,fiber_optic,100.15,6283.3,0,1,1,0,1,1,0,0,1,1,1,1
5248-RPYWW,2024-01-06,72,two_year,bank_transfer,dsl,90.15,6716.45,1,1,1,1,1,1,1,1,1,1,1,0
6362-QHAFM,2024-01-06,42,one_year,electronic_check,fiber_optic,108.3,4586.15,0,0,1,1,1,1,1,0,1,0,1,0
7394-LWLYN,2024-01-06,2,month_to_month,electronic_check,fiber_optic,70.15,123.8,0,0,0,0,0,0,0,0,0,0,1,0
2452-MRMZF,2024-01-06,72,two_year,credit_card,none,25.7,1937.4,0,0,0,0,0,0,1,1,1,0,1,0
6609-MXJHJ,2024-01-06,30,two_year,mailed_check,none,25.1,789.55,0,0,0,0,0,0,1,0,1,1,1,0
5981-ITEMU,2024-01-06,40,month_to_month,bank_transfer,fiber_optic,97.1,3706.95,0,0,0,0,1,1,1,0,1,0,1,1
0191-EQUUH,2024-01-06,25,two_year,bank_transfer,dsl,35.05,844.45,1,0,0,1,0,0,0,0,0,1,0,0
9253-VIFJQ,2024-01-06,65,one_year,credit_card,dsl,67.05,4309.55,1,1,1,0,0,0,1,0,1,0,0,0
1245-HARPS,2024-01-06,14,two_year,mailed_check,none,20.4,292.4,0,0,0,0,0,0,0,0,1,0,0,0
5627-TVBPP,2024-01-06,35,one_year,credit_card,none,20.1,644.5,0,0,0,0,0,0,0,0,0,1,1,0
1137-DGOWI,2024-01-06,30,one_year,bank_transfer,dsl,70.25,2198.9,0,1,1,1,0,1,0,0,1,0,0,0
8812-ZRHFP,2024-01-06,30,one_year,electronic_check,fiber_optic,86.45,2538.05,0,0,1,0,0,1,0,0,1,1,0,0
5223-UZAVK,2024-01-06,64,one_year,credit_card,fiber_optic,100.3,6603.8,1,1,0,0,1,1,0,0,0,0,1,0
0730-BGQGF,2024-01-06,71,two_year,credit_card,dsl,90.3,6287.3,1,1,1,1,1,1,1,0,1,1,0,0
4430-UZIPO,2024-01-06,3,month_to_month,mailed_check,dsl,36.85,108.7,0,1,0,1,0,0,0,0,0,0,1,1
3030-YDNRM,2024-01-06,8,month_to_month,electronic_check,fiber_optic,74.85,572.45,0,0,0,0,0,0,1,0,0,0,1,0
2025-JKFWI,2024-01-06,13,month_to_month,mailed_check,fiber_optic,99.0,1301.7,0,0,0,1,1,1,1,0,0,0,1,1
2332-TODQS,2024-01-06,48,one_year,credit_card,none,25.05,1171.5,0,0,0,0,0,0,1,0,0,0,0,0
3709-OIJEA,2024-01-06,26,one_year,electronic_check,fiber_optic,85.2,2184.6,0,1,1,1,0,0,0,0,0,0,1,0
0930-EHUZA,2024-01-06,36,one_year,mailed_check,dsl,76.35,2606.35,1,1,1,1,1,0,0,0,0,0,1,0
9174-IHETN,2024-01-06,50,two_year,credit_card,fiber_optic,70.35,3533.6,0,0,0,0,0,0,0,0,0,1,0,0
5724-BIDBU,2024-01-06,49,one_year,electronic_check,dsl,55.35,2633.95,1,0,0,0,0,0,1,0,1,0,1,0
1217-VASWC,2024-01-06,43,one_year,bank_transfer,fiber_optic,100.55,4304.0,0,1,1,0,1,1,0,1,1,0,1,0
1735-XMJVH,2024-01-06,8,month_to_month,mailed_check,none,19.35,152.6,0,0,0,0,0,0,0,0,1,1,1,0
1791-PQHBB,2024-01-06,2,month_to_month,credit_card,dsl,61.2,125.95,1,0,0,0,0,1,0,0,0,1,1,0
1492-QGCLU,2024-01-06,53,month_to_month,electronic_check,dsl,85.7,4616.1,1,0,1,1,1,1,1,0,1,1,0,0
3327-YBAKM,2024-01-06,64,one_year,mailed_check,fiber_optic,96.9,6314.35,1,0,0,1,1,1,0,0,1,0,1,0
5206-HPJKM,2024-01-06,17,month_to_month,credit_card,dsl,55.5,934.15,1,1,0,0,0,0,0,0,0,0,1,0
9814-AOUDH,2024-01-06,53,two_year,credit_card,none,19.5,1050.5,0,0,0,0,0,0,0,0,0,0,0,0
6888-SBYAI,2024-01-06,1,month_to_month,mailed_check,dsl,50.7,50.7,1,0,0,0,0,0,0,0,0,0,1,0
1545-ACTAS,2024-01-06,48,one_year,bank_transfer,fiber_optic,99.7,4977.2,1,0,1,0,1,1,0,0,1,1,1,0
7634-WSWDB,2024-01-06,8,month_to_month,electronic_check,dsl,38.5,330.8,1,0,0,0,0,1,0,0,0,1,1,0
6818-DJXAA,2024-01-06,10,month_to_month,electronic_check,fiber_optic,91.1,964.35,0,0,1,1,1,0,0,0,0,1,1,0
2896-TBNBE,2024-01-06,40,one_year,electronic_check,fiber_optic,80.8,3132.75,0,1,1,0,0,0,0,0,1,0,0,0
2498-XLDZR,2024-01-06,32,two_year,mailed_check,dsl,73.6,2316.85,1,1,1,1,0,1,0,0,1,1,0,0
5439-WIKXB,2024-01-06,41,month_to_month,electronic_check,fiber_optic,94.55,3851.45,0,1,0,0,1,1,0,1,1,0,1,0
3393-FMZPV,2024-01-06,25,month_to_month,electronic_check,fiber_optic,100.25,2387.75,0,1,0,0,1,1,1,0,0,0,1,1
1452-KIOVK,2024-01-06,22,month_to_month,credit_card,fiber_optic,89.1,1949.4,0,1,0,0,1,0,1,0,0,1,1,0
5598-IKHQQ,2024-01-06,72,two_year,credit_card,none,25.45,1866.45,0,0,0,0,0,0,1,0,0,0,0,0
5789-LDFXO,2024-01-06,24,one_year,electronic_check,none,24.6,592.65,0,0,0,0,0,0,1,0,0,0,0,0
6620-HVDUJ,2024-01-06,24,month_to_month,bank_transfer,dsl,60.45,1440.75,1,1,0,1,0,0,0,0,0,0,0,0
8659-HDIYE,2024-01-06,64,month_to_month,credit_card,dsl,74.65,4869.35,0,1,1,1,0,1,1,1,0,0,0,0
5760-IFJOZ,2024-01-06,3,month_to_month,mailed_check,fiber_optic,107.95,313.6,0,1,1,0,1,1,1,0,0,0,0,0
7442-YGZFK,2024-01-06,1,month_to_month,credit_card,dsl,49.8,49.8,0,0,0,0,0,0,1,0,0,0,1,0
7537-CBQUZ,2024-01-06,63,month_to_month,bank_transfer,fiber_optic,109.4,7031.45,1,1,1,0,1,1,1,1,0,0,1,0
0939-EREMR,2024-01-06,13,month_to_month,mailed_check,dsl,53.45,718.1,0,0,1,1,0,0,0,0,0,1,0,0
7395-XWZOY,2024-01-06,20,month_to_month,credit_card,dsl,55.0,1165.55,1,1,1,1,1,0,0,0,0,0,1,0
0292-WEGCH,2024-01-06,54,month_to_month,electronic_check,dsl,86.2,4524.05,0,1,1,1,1,1,1,0,1,1,1,0
4487-ZYJZK,2024-01-06,38,one_year,credit_card,none,19.6,763.1,0,0,0,0,0,0,0,0,1,1,0,0
5539-TMZLF,2024-01-06,1,month_to_month,electronic_check,fiber_optic,69.75,69.75,0,0,0,0,0,0,0,1,0,0,1,1
9610-WCESF,2024-01-06,67,two_year,electronic_check,dsl,43.9,3097.2,1,0,0,1,1,0,0,0,0,0,0,0
1264-BYWMS,2024-01-06,55,month_to_month,electronic_check,fiber_optic,96.8,5283.95,0,0,0,0,1,1,1,0,0,0,1,1
1177-XZBJL,2024-01-06,53,one_year,bank_transfer,dsl,64.15,3491.55,1,1,0,1,0,0,1,0,1,1,0,0
6199-IPCAO,2024-01-06,29,two_year,mailed_check,none,26.1,692.55,0,0,0,0,0,0,1,0,1,1,0,0
3800-LYTRK,2024-01-06,14,one_year,mailed_check,dsl,55.7,795.15,1,0,0,1,0,0,0,0,0,0,0,0
8869-TORSS,2024-01-06,48,one_year,credit_card,dsl,60.35,2896.4,1,0,1,1,0,0,0,0,0,0,1,1
0667-NSRGI,2024-01-06,48,one_year,mailed_check,dsl,69.55,3435.6,0,0,1,1,0,1,1,0,1,0,1,0
2853-CWQFQ,2024-01-06,1,month_to_month,mailed_check,dsl,59.55,59.55,0,0,0,1,0,1,0,0,0,1,1,0
3378-AJRAO,2024-01-06,44,one_year,electronic_check,none,24.85,1013.6,0,0,0,0,0,0,1,0,1,1,0,0
9495-SKLKD,2024-01-06,45,month_to_month,bank_transfer,fiber_optic,95.95,4456.65,0,1,1,0,0,1,1,0,1,1,1,0
1450-SKCVI,2024-01-06,56,month_to_month,electronic_check,fiber_optic,73.85,4092.85,0,1,0,0,0,0,0,0,0,0,1,1
8069-YQQAJ,2024-01-06,14,month_to_month,mailed_check,dsl,31.1,419.7,0,1,0,0,0,0,0,0,0,0,1,0
4450-DLLMH,2024-01-06,2,month_to_month,credit_card,fiber_optic,71.3,157.75,0,0,0,0,0,0,0,0,0,0,1,0
3340-QBBFM,2024-01-06,36,one_year,credit_card,dsl,54.1,1992.85,0,0,1,1,0,0,0,1,1,0,0,0
5669-SRAIP,2024-01-06,5,month_to_month,electronic_check,dsl,39.5,210.75,0,0,1,0,0,1,0,0,0,0,0,1
9220-CXRSC,2024-01-06,69,two_year,credit_card,dsl,61.4,4059.85,1,0,0,1,0,0,1,0,1,1,0,0
0181-RITDD,2024-01-06,62,two_year,mailed_check,fiber_optic,108.15,6825.65,1,1,1,1,1,1,0,0,1,1,0,0
7878-RTCZG,2024-01-06,1,month_to_month,mailed_check,none,19.9,19.9,0,0,0,0,0,0,0,0,0,0,0,0
0708-SJDIS,2024-01-06,34,month_to_month,mailed_check,dsl,65.0,2157.5,0,0,0,1,1,0,1,0,0,0,0,0
3842-QTGDL,2024-01-06,16,month_to_month,bank_transfer,fiber_optic,80.75,1321.3,1,1,0,0,0,0,0,0,1,0,0,0
7473-ZBDSN,2024-01-06,14,two_year,mailed_check,none,18.8,255.55,0,0,0,0,0,0,0,0,1,1,0,0
6559-RAKOZ,2024-01-06,49,one_year,electronic_check,fiber_optic,97.95,4917.9,0,0,0,1,1,1,1,0,1,1,1,0
9689-PTNPG,2024-01-06,2,month_to_month,electronic_check,fiber_optic,80.25,144.55,0,0,0,0,1,0,0,0,0,0,1,1
5859-HZYLF,2024-01-06,26,two_year,credit_card,none,19.15,515.75,0,0,0,0,0,0,0,0,1,1,1,0
6234-PFPXL,2024-01-06,22,month_to_month,credit_card,fiber_optic,95.9,2234.95,1,0,0,1,1,0,1,0,1,0,0,0
6289-CPNLD,2024-01-06,33,one_year,mailed_check,dsl,73.9,2405.05,0,0,1,1,1,1,0,0,1,1,1,1
6368-TZZDT,2024-01-06,4,two_year,credit_card,none,19.5,96.85,0,0,0,0,0,0,0,0,1,1,0,0
3865-ZFZIB,2024-01-06,19,two_year,mailed_check,none,19.65,358.15,0,0,0,0,0,0,0,0,0,0,0,0
7164-BPTUT,2024-01-06,57,two_year,mailed_check,dsl,89.55,5012.35,1,1,1,1,1,1,1,0,0,1,0,0
9134-WYRVP,2024-01-06,51,one_year,mailed_check,fiber_optic,86.35,4267.15,1,0,0,0,1,0,0,0,0,0,0,0
7663-RGWBC,2024-01-06,1,month_to_month,mailed_check,dsl,44.15,44.15,0,0,0,0,0,0,0,0,0,0,1,1
0258-NOKBL,2024-01-06,3,month_to_month,electronic_check,fiber_optic,90.4,268.45,0,1,1,0,0,1,0,0,0,0,0,0
6469-MRVET,2024-01-06,1,one_year,electronic_check,none,20.2,20.2,0,0,0,0,0,0,0,0,1,1,1,0
2834-JKOOW,2024-01-06,15,one_year,mailed_check,dsl,45.9,693.45,1,1,1,1,0,0,0,0,0,0,0,0
7639-LIAYI,2024-01-06,52,two_year,credit_card,dsl,79.75,4217.8,1,0,0,1,1,1,1,0,0,0,1,0
4710-FDUIZ,2024-01-06,56,one_year,credit_card,fiber_optic,100.3,5614.45,0,1,0,0,1,1,1,0,1,0,0,1
5835-BEQEU,2024-01-06,3,month_to_month,electronic_check,fiber_optic,76.95,228.4,0,0,0,0,0,0,1,0,0,0,1,1
5701-GUXDC,2024-01-06,26,one_year,credit_card,dsl,35.4,978.6,1,0,1,0,0,0,0,0,1,0,0,0
5795-KTGUD,2024-01-06,68,two_year,bank_transfer,fiber_optic,110.8,7553.6,1,1,1,0,1,1,1,0,1,0,1,0
7009-LGECI,2024-01-06,4,month_to_month,bank_transfer,dsl,50.55,235.65,1,0,0,0,0,0,0,0,0,0,1,0
6285-FTQBF,2024-01-06,72,two_year,credit_card,none,25.55,1867.7,0,0,0,0,0,0,1,0,1,1,0,0
0691-NIKRI,2024-01-06,40,one_year,credit_card,fiber_optic,105.95,4335.2,0,0,1,1,1,1,1,0,0,0,1,0
1587-FKLZB,2024-01-06,66,month_to_month,credit_card,fiber_optic,99.5,6822.15,0,0,1,0,1,1,1,1,1,1,1,1
1064-FBXNK,2024-01-06,1,one_year,credit_card,none,19.85,19.85,0,0,0,0,0,0,0,0,1,1,0,0
3197-ARFOY,2024-01-06,19,month_to_month,mailed_check,fiber_optic,105.0,2007.25,1,1,0,1,1,1,0,1,0,0,1,0
8717-VCTXJ,2024-01-06,42,one_year,mailed_check,none,19.55,839.4,0,0,0,0,0,0,0,0,0,0,1,0
4947-DSMXK,2024-01-06,34,month_to_month,bank_transfer,fiber_optic,97.7,3410.0,0,1,0,0,1,1,1,0,1,1,1,0
4614-NUVZD,2024-01-06,1,month_to_month,electronic_check,fiber_optic,81.1,81.1,0,0,0,0,0,1,0,0,0,0,1,1
2925-VDZHY,2024-01-06,72,two_year,credit_card,dsl,88.7,6501.35,1,1,1,1,1,1,1,0,1,1,0,0
7297-DVYGA,2024-01-06,51,one_year,bank_transfer,none,19.85,996.95,0,0,0,0,0,0,0,0,0,0,1,0
0533-BNWKF,2024-01-06,55,month_to_month,electronic_check,fiber_optic,85.45,4874.7,0,1,1,0,0,0,1,1,1,0,1,1
6097-EQISJ,2024-01-06,66,one_year,credit_card,fiber_optic,102.45,6615.15,0,1,1,0,1,1,1,0,1,1,1,1
6267-DCFFZ,2024-01-06,30,month_to_month,electronic_check,fiber_optic,90.05,2627.2,0,1,0,0,1,0,1,1,1,0,1,0
5913-INRQV,2024-01-06,34,one_year,mailed_check,fiber_optic,90.15,3128.8,1,0,0,1,1,0,0,1,1,0,0,0
5536-SLHPM,2024-01-06,55,month_to_month,electronic_check,fiber_optic,77.75,4458.15,0,0,1,0,0,0,1,0,1,0,1,1
6838-YAUVY,2024-01-06,54,two_year,bank_transfer,fiber_optic,95.1,5064.85,0,0,1,1,0,1,1,0,0,0,1,0
4628-CTTLA,2024-01-06,57,month_to_month,electronic_check,dsl,39.3,2111.45,0,1,0,0,1,0,0,0,0,0,1,1
1867-BDVFH,2024-01-06,11,month_to_month,electronic_check,fiber_optic,74.35,834.2,0,0,0,0,0,0,1,0,1,1,1,1
3845-FXCYS,2024-01-06,2,month_to_month,electronic_check,none,19.65,31.2,0,0,0,0,0,0,0,0,0,0,1,0
3223-DWFIO,2024-01-06,4,month_to_month,electronic_check,fiber_optic,69.35,261.65,0,0,0,0,0,0,0,1,0,0,0,0
3569-JFODW,2024-01-06,72,two_year,credit_card,dsl,90.95,6652.45,1,1,1,1,1,1,1,0,1,1,0,0
0442-TDYUO,2024-01-06,48,two_year,mailed_check,none,20.05,1036.0,0,0,0,0,0,0,0,0,1,0,1,0
9534-NSXEM,2024-01-06,26,one_year,credit_card,none,20.65,595.5,0,0,0,0,0,0,0,0,0,0,1,0
5384-ZTTWP,2024-01-06,15,month_to_month,mailed_check,none,19.8,272.95,0,0,0,0,0,0,0,0,1,1,0,0
9274-UARKJ,2024-01-06,15,month_to_month,bank_transfer,fiber_optic,83.2,1130.0,0,1,0,0,1,0,0,0,0,0,1,0
1347-KTTTA,2024-01-06,64,one_year,credit_card,fiber_optic,102.45,6654.1,0,1,1,1,1,1,0,0,1,0,1,0
0835-JKADZ,2024-01-06,71,two_year,electronic_check,fiber_optic,111.25,7984.15,0,1,1,1,1,1,1,0,0,0,1,0
9968-FFVVH,2024-01-06,63,one_year,bank_transfer,dsl,68.8,4111.35,1,1,1,1,0,0,1,0,0,0,0,0
2369-FEVNO,2024-01-06,1,month_to_month,mailed_check,none,19.9,19.9,0,0,0,0,0,0,0,0,0,0,1,0
7940-UQQUG,2024-01-06,64,one_year,bank_transfer,fiber_optic,104.4,6721.6,1,0,0,1,1,1,1,0,1,1,1,0
6959-GQEGV,2024-01-06,45,month_to_month,electronic_check,dsl,75.95,3273.8,1,0,1,0,1,1,0,0,0,0,1,0
5702-SKUOB,2024-01-06,4,month_to_month,mailed_check,none,19.6,93.45,0,0,0,0,0,0,0,0,1,0,0,0
3640-PHQXK,2024-01-06,31,month_to_month,electronic_check,fiber_optic,89.9,2806.9,0,0,1,0,0,1,1,0,0,0,1,1
3192-NQECA,2024-01-06,68,two_year,bank_transfer,fiber_optic,110.0,7611.85,0,1,1,1,1,1,1,0,1,0,1,1
4002-BQWPQ,2024-01-06,25,month_to_month,bank_transfer,dsl,81.75,2028.8,1,1,1,1,0,1,1,0,0,0,0,0
4193-IBKSW,2024-01-06,72,two_year,bank_transfer,none,24.75,1769.6,0,0,0,0,0,0,1,0,1,1,0,0
6784-XYJAE,2024-01-06,36,one_year,electronic_check,dsl,55.8,1941.5,0,0,1,0,0,0,1,0,0,0,0,0
1942-OQFRW,2024-01-06,1,month_to_month,electronic_check,dsl,44.0,44.0,0,0,0,0,0,0,0,0,0,0,0,0
3213-VVOLG,2024-01-06,0,two_year,mailed_check,none,25.35,0.0,0,0,0,0,0,0,1,0,1,1,0,0
2805-AUFQN,2024-01-06,25,two_year,credit_card,none,19.8,475.2,0,0,0,0,0,0,0,0,0,0,0,0
9498-FIMXL,2024-01-06,8,one_year,mailed_check,none,19.2,161.95,0,0,0,0,0,0,0,0,0,0,1,0
3026-ATZYV,2024-01-06,37,one_year,bank_transfer,dsl,75.1,2658.8,1,1,0,0,1,1,0,0,1,1,0,0
6350-XFYGW,2024-01-06,4,month_to_month,electronic_check,fiber_optic,94.75,422.4,0,0,1,0,1,1,0,1,0,0,1,0
6421-SZVEM,2024-01-06,28,one_year,bank_transfer,fiber_optic,82.85,2320.8,1,0,0,0,0,1,0,0,1,1,1,0
2580-ASVVY,2024-01-06,37,two_year,electronic_check,dsl,45.4,1593.1,1,0,0,1,1,0,0,0,1,0,0,0
7140-ADSMJ,2024-01-06,8,month_to_month,credit_card,none,20.45,162.3,0,0,0,0,0,0,0,0,0,0,1,0
5207-PLSTK,2024-01-06,1,month_to_month,mailed_check,dsl,48.75,48.75,1,0,0,0,0,0,0,0,1,1,1,0
0357-NVCRI,2024-01-06,25,month_to_month,credit_card,none,20.05,471.7,0,0,0,0,0,0,0,0,0,1,0,0
4735-ASGMA,2024-01-06,26,month_to_month,electronic_check,fiber_optic,98.35,2515.3,0,0,1,0,1,1,1,0,0,0,1,1
1704-NRWYE,2024-01-06,9,month_to_month,electronic_check,fiber_optic,80.85,751.65,0,0,0,0,1,0,0,1,0,0,1,1
4658-HCOHW,2024-01-06,21,month_to_month,electronic_check,fiber_optic,102.8,2110.15,0,1,1,1,1,1,0,0,1,1,1,1
4283-FUTGF,2024-01-06,19,month_to_month,electronic_check,fiber_optic,79.85,1471.75,0,0,1,0,0,0,1,1,0,0,1,1
4712-AUQZO,2024-01-06,18,month_to_month,mailed_check,dsl,33.6,550.35,1,0,1,0,0,0,0,0,0,0,0,0
0363-QJVFX,2024-01-06,32,month_to_month,credit_card,fiber_optic,108.15,3432.9,1,1,0,1,1,1,1,0,0,0,1,1
1261-FWTTE,2024-01-06,23,month_to_month,bank_transfer,dsl,34.65,768.45,0,0,0,0,0,1,0,1,0,0,1,0
5906-DVAPM,2024-01-06,55,one_year,credit_card,dsl,75.0,4213.9,1,1,0,1,1,0,1,0,1,1,1,0
8234-GSZYK,2024-01-06,43,two_year,bank_transfer,none,26.45,1110.05,0,0,0,0,0,0,1,0,0,0,0,0
4816-JBHOV,2024-01-06,2,month_to_month,electronic_check,dsl,44.7,93.7,0,0,0,0,0,0,0,1,0,0,1,1
6435-SRWBJ,2024-01-06,5,month_to_month,electronic_check,fiber_optic,82.75,417.75,0,0,1,1,0,0,1,0,0,0,1,0
9715-SBVSU,2024-01-06,14,two_year,bank_transfer,dsl,61.4,815.55,1,1,0,0,0,1,0,0,1,1,1,0
8313-KTIHG,2024-01-06,4,month_to_month,electronic_check,dsl,61.3,249.4,0,0,0,1,1,0,0,0,0,0,1,0
7878-JGDKK,2024-01-06,4,month_to_month,mailed_check,dsl,44.55,220.75,0,0,0,0,0,0,0,0,0,0,0,0
9367-TCUYN,2024-01-06,12,month_to_month,mailed_check,none,20.1,223.6,0,0,0,0,0,0,0,0,0,0,0,0
1334-PDUKM,2024-01-06,68,one_year,credit_card,fiber_optic,86.45,5762.95,0,1,1,0,0,0,1,0,1,0,0,0
7249-WBIYX,2024-01-06,10,month_to_month,electronic_check,fiber_optic,85.6,813.85,0,0,0,0,1,0,1,0,1,0,1,1
0691-JVSYA,2024-01-06,53,one_year,bank_transfer,fiber_optic,94.85,5000.2,0,0,1,0,1,1,0,0,1,0,1,1
3224-DFQNQ,2024-01-06,66,one_year,electronic_check,fiber_optic,89.0,5898.6,1,1,0,1,0,0,1,0,1,0,0,0
7956-XQWGU,2024-01-06,27,month_to_month,credit_card,none,19.4,460.25,0,0,0,0,0,0,0,0,0,0,1,0
8988-ECPJR,2024-01-06,34,month_to_month,mailed_check,fiber_optic,79.6,2718.3,0,1,0,0,0,0,1,1,1,1,1,1
4706-AXVKM,2024-01-06,11,month_to_month,credit_card,fiber_optic,84.8,906.85,0,0,0,0,0,1,1,1,0,0,1,1
3913-RDSJZ,2024-01-06,64,two_year,mailed_check,none,25.55,1714.95,0,0,0,0,0,0,1,0,1,0,0,0
0620-DLSLK,2024-01-06,13,month_to_month,mailed_check,fiber_optic,81.9,1028.9,0,0,0,0,1,0,0,0,0,0,1,0
3039-MJSLN,2024-01-06,3,month_to_month,bank_transfer,none,20.2,50.6,0,0,0,0,0,0,0,0,0,1,0,0
1307-ATKGB,2024-01-06,24,month_to_month,electronic_check,fiber_optic,89.55,2187.15,0,1,1,0,0,1,0,0,0,0,1,0
6023-GSSXW,2024-01-06,69,two_year,credit_card,dsl,61.45,4131.2,0,1,0,0,0,1,0,0,1,0,1,0
0564-MUUQK,2024-01-06,20,month_to_month,bank_transfer,fiber_optic,95.5,1916.2,0,0,1,1,0,1,1,0,1,1,1,0
6137-MFAJN,2024-01-06,48,month_to_month,electronic_check,dsl,44.8,2104.55,1,1,0,0,1,0,0,0,0,0,1,0
9206-GVPEQ,2024-01-06,13,month_to_month,electronic_check,dsl,54.45,706.85,1,0,0,1,1,1,0,0,1,0,1,1
4395-PZMSN,2024-01-06,5,month_to_month,electronic_check,fiber_optic,85.55,408.5,0,1,0,0,0,1,0,1,0,0,1,0
9389-ACWBI,2024-01-06,5,month_to_month,credit_card,fiber_optic,69.95,320.4,0,0,0,0,0,0,0,0,1,1,0,0
8775-ERLNB,2024-01-06,1,month_to_month,electronic_check,fiber_optic,74.3,74.3,0,0,0,0,0,0,1,1,1,0,0,0
9574-RKJIF,2024-01-06,30,month_to_month,electronic_check,fiber_optic,94.4,2838.7,1,1,0,0,1,0,1,0,1,1,1,1
7315-WYOAW,2024-01-06,13,month_to_month,electronic_check,fiber_optic,100.75,1313.25,0,0,0,1,1,1,1,0,0,0,0,0
3214-IYUUQ,2024-01-06,61,one_year,bank_transfer,fiber_optic,93.7,5860.7,1,1,0,1,0,1,0,0,1,0,0,0
9618-LFJRU,2024-01-06,4,month_to_month,credit_card,none,20.45,82.85,0,0,0,0,0,0,0,0,0,0,0,0
4190-MFLUW,2024-01-06,10,month_to_month,credit_card,dsl,55.2,528.35,0,0,1,1,0,0,0,0,1,1,0,1
2150-WLKUW,2024-01-06,40,one_year,bank_transfer,dsl,63.9,2635.0,0,1,0,0,1,0,1,0,1,0,0,0
6171-ZTVYB,2024-01-06,43,month_to_month,bank_transfer,dsl,66.25,2907.35,1,1,0,1,0,0,1,0,1,0,0,0
7590-VHVEG,2024-01-06,1,month_to_month,electronic_check,dsl,29.85,29.85,0,1,0,0,0,0,0,0,1,0,1,0
5186-EJEGL,2024-01-06,9,month_to_month,mailed_check,dsl,69.5,653.25,1,0,1,1,1,0,0,0,0,0,1,0
5550-VFRLC,2024-01-06,1,month_to_month,electronic_check,fiber_optic,69.85,69.85,0,0,0,0,0,0,0,1,0,0,1,1
1178-PZGAB,2024-01-06,19,one_year,credit_card,none,20.25,383.65,0,0,0,0,0,0,0,0,0,0,0,0
0196-JTUQI,2024-01-06,9,month_to_month,credit_card,fiber_optic,75.2,633.85,0,0,0,0,0,0,1,0,0,0,1,0
4299-SIMNS,2024-01-06,9,month_to_month,electronic_check,fiber_optic,81.15,784.45,1,0,0,0,0,0,1,0,0,0,1,0
0859-YGKFW,2024-01-06,18,one_year,bank_transfer,none,20.05,345.9,0,0,0,0,0,0,0,0,1,1,0,0
4753-PADAS,2024-01-06,67,one_year,bank_transfer,fiber_optic,105.7,6816.95,0,1,1,0,1,1,1,0,1,0,1,0
3638-DIMPH,2024-01-06,13,one_year,electronic_check,dsl,43.8,592.65,0,0,0,0,0,0,0,0,1,0,0,0
6715-OFDBP,2024-01-06,5,month_to_month,electronic_check,dsl,70.05,346.4,0,0,1,0,1,1,0,0,0,0,1,1
0177-PXBAT,2024-01-06,33,month_to_month,bank_transfer,fiber_optic,109.9,3694.7,1,0,1,1,1,1,1,1,1,0,1,0
1221-GHZEP,2024-01-06,62,two_year,mailed_check,dsl,65.1,3846.75,1,0,0,1,0,1,0,0,0,0,1,0
8809-XKHMD,2024-01-06,72,two_year,bank_transfer,fiber_optic,100.55,7325.1,1,1,0,1,0,1,1,0,1,0,1,0
9367-WXLCH,2024-01-06,8,month_to_month,bank_transfer,fiber_optic,84.5,662.65,0,0,0,0,0,1,1,0,0,0,0,1
1976-CFOCS,2024-01-06,1,month_to_month,electronic_check,dsl,46.0,46.0,0,0,0,0,0,0,0,1,1,0,0,1
2270-CHBFN,2024-01-06,44,month_to_month,credit_card,fiber_optic,95.1,4060.55,1,1,1,1,0,0,1,0,1,0,1,0
2085-BOJKI,2024-01-06,17,one_year,bank_transfer,fiber_optic,96.65,1588.25,0,0,1,0,1,1,0,0,1,0,1,0
9647-ERGBE,2024-01-06,30,month_to_month,electronic_check,fiber_optic,100.05,3046.15,0,0,1,0,1,1,1,0,1,1,1,1
7480-SPLEF,2024-01-06,69,two_year,bank_transfer,none,26.0,1796.55,0,0,0,0,0,0,1,0,1,1,1,0
7811-JIVPF,2024-01-06,23,month_to_month,credit_card,dsl,49.7,1081.25,0,0,1,0,0,0,0,0,0,0,0,0
6275-YDUVO,2024-01-06,2,month_to_month,mailed_check,fiber_optic,86.2,178.7,0,0,1,0,0,1,0,0,0,0,1,1
7675-OZCZG,2024-01-06,3,month_to_month,electronic_check,dsl,45.0,127.1,0,0,0,0,0,0,0,1,0,0,0,1
4973-RLZVI,2024-01-06,30,one_year,credit_card,dsl,74.65,2308.6,1,1,1,1,1,0,0,0,0,0,0,0
6650-VJONK,2024-01-06,1,month_to_month,bank_transfer,dsl,43.85,43.85,0,0,0,0,0,0,0,0,0,0,1,0
2754-SDJRD,2024-01-06,8,month_to_month,credit_card,fiber_optic,100.15,908.55,0,0,0,1,1,1,1,1,0,0,1,0
8406-LNMHF,2024-01-06,59,one_year,credit_card,fiber_optic,82.95,4903.15,1,1,1,0,0,0,0,1,1,0,1,0
5816-SCGFC,2024-01-06,7,month_to_month,mailed_check,dsl,51.3,419.35,0,1,0,0,0,0,0,1,0,0,1,0
5982-FPVQN,2024-01-06,37,month_to_month,electronic_check,fiber_optic,95.15,3532.85,0,1,1,0,0,1,1,0,1,1,1,0
0961-ZWLVI,2024-01-06,49,one_year,credit_card,fiber_optic,109.2,5290.45,1,1,1,0,1,1,1,0,0,1,1,0
8731-WBBMB,2024-01-06,26,month_to_month,bank_transfer,dsl,81.9,2078.55,0,1,1,1,1,1,0,0,1,0,0,0
9019-QVLZD,2024-01-06,1,month_to_month,electronic_check,fiber_optic,79.55,79.55,0,0,0,0,1,0,0,0,0,0,0,1
8085-MSNLK,2024-01-06,62,two_year,mailed_check,fiber_optic,113.95,6891.4,1,1,1,1,1,1,1,0,1,0,0,0
7609-NRNCA,2024-01-06,17,one_year,mailed_check,none,19.55,280.85,0,0,0,0,0,0,0,0,0,0,0,0
5119-KEPFY,2024-01-06,36,month_to_month,bank_transfer,fiber_optic,95.0,3440.25,0,0,0,0,1,1,1,0,1,0,1,0
7321-KKSDU,2024-01-06,32,two_year,mailed_check,none,20.5,696.8,0,0,0,0,0,0,0,0,0,1,0,0
5173-ZXXXL,2024-01-06,2,one_year,mailed_check,none,19.95,47.7,0,0,0,0,0,0,0,0,0,0,0,0
4641-FROLU,2024-01-06,30,two_year,mailed_check,none,19.3,602.9,0,0,0,0,0,0,0,0,1,1,0,0
1309-BXVOQ,2024-01-06,21,month_to_month,electronic_check,fiber_optic,106.1,2249.95,0,0,1,1,1,1,1,0,1,0,1,1
7762-URZQH,2024-01-06,66,two_year,credit_card,fiber_optic,106.05,6981.35,1,0,1,0,1,1,1,0,1,0,1,1
5301-GAUUY,2024-01-06,32,month_to_month,bank_transfer,fiber_optic,80.35,2596.15,0,1,0,0,0,0,1,0,0,0,1,1
4086-YQSNZ,2024-01-06,3,month_to_month,electronic_check,fiber_optic,80.4,224.05,0,0,0,0,1,0,0,1,1,0,1,1
6980-IMXXE,2024-01-06,69,two_year,bank_transfer,none,20.2,1412.65,0,0,0,0,0,0,0,0,1,1,0,0
9851-KIELU,2024-01-06,10,month_to_month,electronic_check,fiber_optic,110.1,1043.3,1,1,1,1,1,1,0,0,0,0,1,1
7206-GZCDC,2024-01-06,1,month_to_month,electronic_check,fiber_optic,69.25,69.25,0,0,0,0,0,0,0,1,0,0,1,1
8413-YNHNV,2024-01-06,69,two_year,mailed_check,dsl,90.65,6322.1,1,1,1,1,1,1,1,0,0,0,0,0
1374-DMZUI,2024-01-06,4,month_to_month,electronic_check,fiber_optic,94.3,424.45,0,0,0,0,1,1,1,1,0,0,1,1
1525-LNLOJ,2024-01-06,66,two_year,bank_transfer,dsl,63.3,4189.7,0,0,1,0,1,0,1,0,1,1,1,0
2346-DJQTB,2024-01-06,35,month_to_month,electronic_check,dsl,24.15,812.5,0,0,0,0,0,0,0,0,0,0,0,0
9927-DSWDF,2024-01-06,22,month_to_month,electronic_check,fiber_optic,104.6,2180.55,1,1,0,1,1,1,0,0,1,0,1,0
1098-KFQEC,2024-01-06,55,two_year,credit_card,none,19.4,1083.0,0,0,0,0,0,0,0,0,1,1,0,0
6000-APYLU,2024-01-06,9,month_to_month,electronic_check,fiber_optic,80.8,713.1,0,0,0,0,0,1,0,0,0,0,1,1
0058-EVZWM,2024-01-06,55,month_to_month,bank_transfer,fiber_optic,89.8,4959.6,1,0,0,0,1,0,1,0,1,0,1,0
1621-YNCJH,2024-01-06,36,two_year,credit_card,fiber_optic,106.05,3834.4,1,1,1,1,0,1,1,0,1,0,1,0
0818-OCPZO,2024-01-06,27,month_to_month,electronic_check,fiber_optic,81.45,2122.05,0,1,0,0,0,0,1,1,0,0,1,1
5055-BRMNE,2024-01-06,67,two_year,credit_card,fiber_optic,106.7,7009.5,1,0,0,1,1,1,1,0,1,1,0,0
0406-BPDVR,2024-01-06,54,one_year,credit_card,fiber_optic,101.5,5373.1,0,1,0,0,1,1,1,1,1,0,1,1
0979-MOZQI,2024-01-06,62,two_year,bank_transfer,dsl,39.0,2337.45,0,0,0,1,1,0,0,0,1,0,1,0
6229-UOLQL,2024-01-06,56,one_year,mailed_check,dsl,52.0,2884.9,1,1,0,1,1,0,0,0,1,1,1,0
3331-HQDTW,2024-01-06,34,month_to_month,mailed_check,fiber_optic,109.8,3587.25,1,1,1,0,1,1,1,0,0,0,1,1
3023-GFLBR,2024-01-06,33,month_to_month,credit_card,fiber_optic,86.15,2745.7,0,0,0,0,0,1,1,0,1,1,0,1
5380-AFSSK,2024-01-06,5,month_to_month,mailed_check,fiber_optic,93.9,486.85,0,0,0,0,1,1,1,0,0,0,1,1
6036-TTFYU,2024-01-06,16,month_to_month,mailed_check,none,19.6,314.45,0,0,0,0,0,0,0,0,1,0,0,0
4636-JGAAI,2024-01-06,34,month_to_month,mailed_check,fiber_optic,88.85,3000.25,0,1,0,0,0,1,1,0,1,0,0,0
0193-ESZXP,2024-01-06,58,one_year,credit_card,fiber_optic,105.5,6205.5,1,1,0,1,1,1,0,1,1,0,1,1
8016-ZMGMO,2024-01-06,66,one_year,bank_transfer,dsl,70.85,4738.85,0,1,1,0,1,0,1,1,1,0,1,0
8327-WKMIE,2024-01-06,37,one_year,credit_card,none,20.15,785.75,0,0,0,0,0,0,0,0,0,0,0,0
4647-XXZAM,2024-01-06,6,month_to_month,mailed_check,dsl,45.5,285.2,0,0,0,0,0,0,0,0,1,1,0,0
2753-JMMCV,2024-01-06,65,two_year,credit_card,dsl,74.2,4805.65,0,1,1,1,0,1,1,0,0,0,1,0
8701-DGLVH,2024-01-06,51,two_year,mailed_check,none,20.45,1042.65,0,0,0,0,0,0,0,0,0,0,0,0
0322-CHQRU,2024-01-06,2,month_to_month,electronic_check,dsl,45.35,89.5,0,0,0,0,0,0,0,0,0,0,0,1
7799-DSEWS,2024-01-06,18,month_to_month,electronic_check,dsl,68.35,1299.8,1,0,1,1,1,0,0,0,0,0,1,0
2239-CGBUZ,2024-01-06,51,one_year,bank_transfer,dsl,60.5,3145.15,1,1,0,1,0,0,0,0,1,0,1,0
6278-FEPBZ,2024-01-06,9,month_to_month,mailed_check,none,20.25,186.15,0,0,0,0,0,0,0,0,0,0,0,0
6215-NQCPY,2024-01-06,15,month_to_month,electronic_check,fiber_optic,99.7,1566.75,1,0,0,0,1,1,1,0,0,0,1,0
0401-WDBXM,2024-01-06,72,two_year,bank_transfer,fiber_optic,105.55,7542.25,1,0,1,0,1,1,1,0,1,1,1,0
4573-JKNAE,2024-01-06,12,two_year,bank_transfer,none,19.35,212.3,0,0,0,0,0,0,0,0,0,1,0,0
0343-QLUZP,2024-01-06,60,two_year,bank_transfer,dsl,39.6,2424.5,1,1,1,0,0,0,0,0,0,0,0,0
6878-GGDWG,2024-01-06,32,month_to_month,bank_transfer,none,19.4,641.15,0,0,0,0,0,0,0,0,1,0,0,0
9840-DVNDC,2024-01-06,6,month_to_month,credit_card,fiber_optic,80.5,463.05,0,0,0,0,1,0,0,0,0,0,1,1
0327-WFZSY,2024-01-06,39,one_year,electronic_check,fiber_optic,100.0,3835.55,0,0,1,0,1,1,1,0,1,1,0,0
4770-UEZOX,2024-01-06,2,month_to_month,electronic_check,fiber_optic,74.75,144.8,0,1,0,0,0,0,0,0,0,0,1,0
8231-BSWXX,2024-01-06,71,one_year,credit_card,fiber_optic,79.05,5552.5,0,1,0,0,0,0,1,0,0,0,1,0
5673-FSSMF,2024-01-06,1,month_to_month,electronic_check,dsl,60.15,60.15,0,0,0,0,0,1,1,0,0,0,1,1
8086-OVPWV,2024-01-06,2,month_to_month,electronic_check,fiber_optic,80.2,181.1,0,0,0,0,0,1,0,0,0,0,1,1
9680-NIAUV,2024-01-06,72,two_year,credit_card,fiber_optic,109.7,8129.3,1,1,1,0,1,1,1,0,1,1,0,0
1921-KYSAY,2024-01-06,41,one_year,electronic_check,dsl,68.6,2877.05,0,0,1,1,0,1,1,0,0,0,1,0
9334-GWGOW,2024-01-06,7,month_to_month,electronic_check,fiber_optic,74.85,485.25,0,0,0,0,0,0,1,1,1,0,1,0
6522-YRBXD,2024-01-06,35,month_to_month,electronic_check,fiber_optic,94.55,3365.4,1,1,0,0,0,1,1,1,1,0,1,0
8819-IMISP,2024-01-06,31,month_to_month,electronic_check,fiber_optic,80.45,2429.1,0,1,0,0,0,0,1,0,0,0,1,0
4652-ODEVH,2024-01-06,45,two_year,mailed_check,none,24.45,1088.25,0,0,0,0,0,0,1,0,1,1,0,0
0236-HFWSV,2024-01-06,15,month_to_month,electronic_check,fiber_optic,93.35,1444.65,0,0,0,0,1,1,1,0,0,0,1,1
5849-ASHZJ,2024-01-06,27,one_year,credit_card,none,20.05,552.9,0,0,0,0,0,0,0,0,0,1,0,0
6486-LHTMA,2024-01-06,31,one_year,electronic_check,fiber_optic,90.7,2835.5,0,0,1,0,1,0,1,1,1,0,1,0
4174-LPGTI,2024-01-06,41,one_year,bank_transfer,dsl,66.5,2728.6,0,1,0,1,0,1,0,0,1,1,1,1
7369-TRPFD,2024-01-06,19,one_year,mailed_check,none,18.8,279.2,0,0,0,0,0,0,0,0,0,0,0,0
6207-WIOLX,2024-01-06,25,month_to_month,credit_card,dsl,58.6,1502.65,1,1,1,0,1,1,0,0,1,1,1,1
5947-SGKCL,2024-01-06,15,month_to_month,bank_transfer,fiber_optic,105.35,1559.25,0,1,1,0,1,1,1,0,1,1,1,0
0508-OOLTO,2024-01-06,2,month_to_month,electronic_check,fiber_optic,71.65,135.75,0,0,0,0,0,0,0,0,1,1,1,0
8182-PNAGI,2024-01-06,12,month_to_month,bank_transfer,dsl,50.25,593.75,0,0,0,1,0,0,0,0,0,0,0,1
2070-XYMFH,2024-01-06,23,month_to_month,mailed_check,fiber_optic,79.35,1835.3,0,0,1,0,0,0,1,1,0,0,1,0
3530-VWVGU,2024-01-06,22,month_to_month,mailed_check,none,19.9,400.3,0,0,0,0,0,0,0,0,1,1,0,0
0218-QNVAS,2024-01-06,71,one_year,bank_transfer,fiber_optic,100.55,7113.75,0,1,0,0,1,1,1,0,1,1,0,0
7748-UMTRK,2024-01-06,30,month_to_month,electronic_check,fiber_optic,101.3,2974.5,0,0,0,1,1,1,1,1,0,1,1,0
4847-QNOKA,2024-01-06,1,month_to_month,bank_transfer,dsl,44.9,44.9,0,0,0,0,0,0,0,0,0,0,1,1
5537-UXXVS,2024-01-06,20,month_to_month,bank_transfer,none,19.25,375.25,0,0,0,0,0,0,0,0,1,0,0,0
4727-MCYZG,2024-01-06,1,month_to_month,mailed_check,dsl,55.55,55.55,0,0,0,0,0,1,0,0,0,0,0,0
2211-RMNHO,2024-01-06,68,two_year,bank_transfer,dsl,85.3,5560.0,0,1,1,1,1,1,1,0,1,1,0,0
3061-BCKYI,2024-01-06,14,month_to_month,mailed_check,none,19.9,283.75,0,0,0,0,0,0,0,0,0,0,0,0
4464-JCOLN,2024-01-06,2,one_year,mailed_check,none,19.85,35.9,0,0,0,0,0,0,0,0,1,1,0,1
7459-IMVYU,2024-01-06,38,month_to_month,electronic_check,dsl,69.95,2657.55,1,1,1,1,0,0,1,0,0,0,0,0
8969-PRHFK,2024-01-06,18,one_year,mailed_check,none,19.65,411.25,0,0,0,0,0,0,0,0,0,0,0,0
1550-EENBN,2024-01-06,31,month_to_month,electronic_check,fiber_optic,104.35,3205.6,1,1,0,0,1,1,1,0,0,0,0,0
8619-IJNDK,2024-01-06,71,two_year,credit_card,dsl,64.05,4492.9,1,1,1,1,0,0,0,0,1,1,0,0
0795-GMVQO,2024-01-06,67,one_year,credit_card,fiber_optic,109.9,7332.4,1,1,1,0,1,1,1,0,1,0,0,0
3967-KXAPS,2024-01-06,72,two_year,credit_card,dsl,92.3,6719.9,1,1,1,1,1,1,1,0,1,0,0,0
3757-NJYBX,2024-01-06,32,month_to_month,bank_transfer,fiber_optic,106.35,3520.75,0,1,1,0,1,1,1,1,1,0,0,1
2951-QOQTK,2024-01-06,4,month_to_month,credit_card,fiber_optic,80.8,332.45,0,0,0,1,0,0,1,0,0,1,0,1
1183-CANVH,2024-01-06,23,one_year,bank_transfer,dsl,60.0,1347.15,0,0,0,1,1,0,0,0,1,0,0,0
7520-HQWJU,2024-01-06,66,month_to_month,bank_transfer,dsl,67.45,4508.65,1,1,1,0,0,0,1,0,1,1,1,0
2883-ILGWO,2024-01-06,57,month_to_month,bank_transfer,fiber_optic,104.9,5913.95,0,1,0,1,1,1,1,1,0,0,1,0
0725-CXOTM,2024-01-06,36,one_year,credit_card,dsl,89.65,3348.1,1,0,1,1,1,1,1,0,0,0,1,0
3058-WQDRE,2024-01-06,13,month_to_month,bank_transfer,dsl,25.15,331.85,0,0,0,0,0,0,0,0,0,0,1,0
8931-GJJIQ,2024-01-06,9,month_to_month,electronic_check,fiber_optic,83.3,803.3,0,0,0,0,0,1,1,0,0,0,1,1
6786-OBWQR,2024-01-06,5,month_to_month,electronic_check,fiber_optic,80.85,356.1,0,0,0,0,1,0,0,0,1,1,1,0
2990-OGYTD,2024-01-06,67,two_year,bank_transfer,dsl,86.15,5883.85,0,1,1,1,1,1,1,0,1,0,0,0
5875-YPQFJ,2024-01-06,1,month_to_month,electronic_check,fiber_optic,69.9,69.9,0,0,0,0,0,0,0,0,0,0,1,1
2984-MIIZL,2024-01-06,4,month_to_month,bank_transfer,fiber_optic,74.8,321.9,0,0,1,0,0,0,0,0,0,0,1,1
6653-CBBOM,2024-01-06,1,month_to_month,electronic_check,fiber_optic,70.3,70.3,0,0,0,0,0,0,0,0,0,0,1,1
2484-DGXPZ,2024-01-06,31,month_to_month,mailed_check,none,19.55,658.95,0,0,0,0,0,0,0,0,1,1,1,1
7587-RZNME,2024-01-06,3,month_to_month,electronic_check,dsl,43.3,123.65,0,0,0,0,0,0,0,0,0,0,1,1
3855-ONCAR,2024-01-06,4,month_to_month,mailed_check,fiber_optic,78.9,299.75,0,0,0,0,1,0,0,0,1,1,1,0
2105-PHWON,2024-01-06,33,month_to_month,credit_card,fiber_optic,95.0,3008.15,0,0,1,1,0,1,1,0,1,0,1,0
4534-WGCIR,2024-01-06,58,two_year,credit_card,none,25.15,1509.9,0,0,0,0,0,0,1,0,1,1,0,0
8815-LMFLX,2024-01-06,25,month_to_month,bank_transfer,none,25.4,546.85,0,0,0,0,0,0,1,0,1,1,1,0
8443-ZRDBZ,2024-01-06,4,month_to_month,electronic_check,fiber_optic,76.05,318.9,0,0,0,0,0,0,1,0,0,0,1,1
1591-MQJTP,2024-01-06,51,one_year,bank_transfer,fiber_optic,93.65,4839.15,1,0,1,0,0,1,1,1,1,0,1,0
1559-DTODC,2024-01-06,19,month_to_month,bank_transfer,dsl,25.15,468.35,0,0,0,0,0,0,0,0,0,0,1,0
4566-QVRRW,2024-01-06,11,month_to_month,electronic_check,dsl,44.05,483.7,0,0,0,0,0,0,0,0,1,0,1,1
5092-STPKP,2024-01-06,24,month_to_month,credit_card,dsl,56.35,1381.2,1,0,0,1,0,0,0,0,0,0,0,0
3094-JOJAI,2024-01-06,18,month_to_month,mailed_check,fiber_optic,74.15,1387.0,0,0,0,0,0,0,1,0,0,0,0,0
5650-VDUDS,2024-01-06,4,month_to_month,mailed_check,dsl,24.25,96.05,0,0,0,0,0,0,0,0,0,0,1,1
3096-IZETN,2024-01-06,12,month_to_month,bank_transfer,fiber_optic,78.1,947.3,0,0,0,0,0,1,0,0,0,0,0,1
3254-YRILK,2024-01-06,19,month_to_month,electronic_check,fiber_optic,88.2,1775.8,0,1,0,0,1,0,1,1,0,0,1,1
7813-ZGGAW,2024-01-06,31,month_to_month,bank_transfer,fiber_optic,96.6,2877.95,0,0,1,1,1,0,1,1,0,0,1,0
5756-OZRIO,2024-01-06,61,one_year,bank_transfer,dsl,64.05,3902.6,0,1,0,0,0,1,1,1,1,0,0,0
1016-DJTSV,2024-01-06,8,month_to_month,electronic_check,fiber_optic,69.7,572.85,0,0,0,0,0,0,0,1,0,0,1,0
5204-HMGYF,2024-01-06,49,one_year,mailed_check,dsl,87.2,4345.0,1,1,1,1,1,1,0,0,1,1,1,0
3669-LVWZB,2024-01-06,5,month_to_month,mailed_check,dsl,51.0,305.95,0,1,0,0,1,1,0,0,0,0,1,1
2577-GVSIL,2024-01-06,35,one_year,bank_transfer,dsl,73.45,2661.1,0,0,0,1,1,1,1,0,1,1,1,0
1444-VVSGW,2024-01-06,70,one_year,credit_card,fiber_optic,115.65,7968.85,1,1,1,1,1,1,1,0,1,0,0,1
5419-JPRRN,2024-01-06,1,month_to_month,electronic_check,fiber_optic,101.45,101.45,0,0,1,0,1,1,1,0,0,0,1,1
4673-KKSLS,2024-01-06,31,month_to_month,electronic_check,fiber_optic,87.6,2724.25,1,0,1,1,0,0,0,0,0,0,0,0
4441-NIHPT,2024-01-06,13,month_to_month,electronic_check,fiber_optic,74.3,940.35,0,0,1,0,0,0,0,1,0,0,1,1
3315-IKYZQ,2024-01-06,28,one_year,mailed_check,dsl,50.8,1386.8,1,0,1,1,1,0,0,0,1,1,0,0
4726-DLWQN,2024-01-06,50,month_to_month,bank_transfer,dsl,70.35,3454.6,1,1,0,0,1,0,1,1,0,0,1,0
2682-KEVRP,2024-01-06,22,one_year,mailed_check,none,20.05,417.0,0,0,0,0,0,0,0,1,0,0,1,0
4730-AWNAU,2024-01-06,36,one_year,credit_card,dsl,60.7,2234.55,1,0,1,1,1,1,0,0,1,1,0,0
8564-LDKFL,2024-01-06,40,one_year,bank_transfer,fiber_optic,106.0,4178.65,0,1,1,0,1,1,1,0,1,0,1,0
3097-IDVPU,2024-01-06,19,month_to_month,credit_card,dsl,50.1,910.45,0,0,0,0,0,0,1,0,1,1,0,0
5729-KLZAR,2024-01-06,4,month_to_month,electronic_check,fiber_optic,80.85,302.75,0,0,0,0,0,1,0,0,1,1,0,1
6352-TWCAU,2024-01-06,35,month_to_month,electronic_check,fiber_optic,86.45,3029.1,0,0,0,0,1,0,1,0,0,0,1,1
8263-OKETD,2024-01-06,20,month_to_month,credit_card,dsl,68.9,1370.35,0,1,0,1,0,1,1,0,0,0,1,0
6698-OXETB,2024-01-06,11,two_year,mailed_check,none,20.4,231.45,0,0,0,0,0,0,0,0,0,0,0,0
4537-CIBHB,2024-01-06,9,one_year,mailed_check,none,20.25,172.35,0,0,0,0,0,0,0,0,1,1,0,0
3230-JCNZS,2024-01-06,71,two_year,credit_card,fiber_optic,99.0,7061.65,1,1,1,0,1,0,1,0,1,1,1,0
0264-CNITK,2024-01-06,71,two_year,bank_transfer,none,20.1,1389.6,0,0,0,0,0,0,0,0,1,1,0,0
1043-UXOVO,2024-01-06,71,two_year,credit_card,fiber_optic,113.15,7993.3,1,1,1,1,1,1,1,0,0,0,1,0
3410-YOQBQ,2024-01-06,31,two_year,mailed_check,dsl,79.2,2497.2,0,1,1,1,1,1,0,0,0,0,0,0
8375-DKEBR,2024-01-06,1,month_to_month,electronic_check,fiber_optic,69.6,69.6,0,0,0,0,0,0,0,1,0,0,1,1
4508-OEBEY,2024-01-06,31,one_year,credit_card,dsl,75.5,2424.45,1,1,1,1,0,1,0,0,1,0,1,0
0151-ONTOV,2024-01-06,1,month_to_month,mailed_check,fiber_optic,70.9,70.9,0,0,0,0,0,0,0,0,0,0,0,1
5884-GCYMI,2024-01-06,1,month_to_month,mailed_check,fiber_optic,69.4,69.4,0,0,0,0,0,0,0,0,0,0,0,1
4355-HBJHH,2024-01-06,67,two_year,electronic_check,dsl,79.7,5293.4,1,0,1,0,1,1,1,0,1,1,1,1
9699-UBQFS,2024-01-06,43,month_to_month,electronic_check,fiber_optic,94.5,4156.8,1,1,0,0,1,0,1,1,1,0,1,0
7658-UYUQS,2024-01-06,21,month_to_month,bank_transfer,fiber_optic,86.55,1857.25,0,0,1,0,1,0,0,1,1,0,0,0
4220-TINQT,2024-01-06,61,month_to_month,electronic_check,fiber_optic,106.35,6751.35,0,0,1,1,1,1,1,0,1,0,1,0
7115-IRDHS,2024-01-06,72,two_year,bank_transfer,none,24.65,1830.05,0,0,0,0,0,0,1,0,1,0,0,0
3283-WCWXT,2024-01-06,6,two_year,mailed_check,none,25.4,153.3,0,0,0,0,0,0,1,0,1,1,0,0
1709-EJDOX,2024-01-06,47,two_year,mailed_check,none,19.75,948.9,0,0,0,0,0,0,0,0,1,1,0,0
7244-KXYZN,2024-01-06,24,one_year,credit_card,none,20.45,527.35,0,0,0,0,0,0,0,0,0,0,0,0
9762-YAQAA,2024-01-06,39,one_year,credit_card,fiber_optic,81.4,3213.75,0,1,0,0,0,0,1,0,0,0,0,0
2799-TSLAG,2024-01-06,65,two_year,bank_transfer,none,25.3,1748.55,0,0,0,0,0,0,1,0,1,1,1,0
0235-KGSLC,2024-01-06,1,month_to_month,credit_card,fiber_optic,85.55,85.55,0,0,1,0,1,0,0,0,0,0,1,1
9741-YLNTD,2024-01-06,6,month_to_month,bank_transfer,fiber_optic,87.95,522.35,0,0,0,1,0,1,1,0,0,0,1,0
3791-LGQCY,2024-01-06,56,month_to_month,bank_transfer,fiber_optic,100.65,5688.05,0,0,1,0,1,1,1,1,1,0,1,1
5829-NVSQN,2024-01-06,23,one_year,bank_transfer,dsl,68.75,1689.45,1,0,1,1,0,1,0,0,1,0,1,0
6551-VLJMV,2024-01-06,34,two_year,credit_card,none,20.05,679.0,0,0,0,0,0,0,0,0,1,0,0,0
1866-ZSLJM,2024-01-06,21,month_to_month,credit_card,none,20.5,402.85,0,0,0,0,0,0,0,0,0,0,0,0
0885-HMGPY,2024-01-06,62,two_year,bank_transfer,dsl,69.4,4237.5,1,1,1,1,0,0,1,0,0,0,0,0
5656-JAMLX,2024-01-06,62,two_year,bank_transfer,none,19.85,1253.65,0,0,0,0,0,0,0,0,0,0,0,0
7245-JMTTQ,2024-01-06,51,one_year,electronic_check,fiber_optic,111.5,5703.25,0,1,1,1,1,1,1,0,0,0,1,0
2446-ZKVAF,2024-01-06,18,month_to_month,credit_card,dsl,56.8,1074.65,0,1,0,0,0,0,1,0,1,0,0,0
6599-CEBNN,2024-01-06,34,month_to_month,credit_card,fiber_optic,73.95,2524.45,0,1,0,0,0,0,0,0,0,0,1,1
5998-DZLYR,2024-01-06,61,two_year,bank_transfer,fiber_optic,94.35,5703.0,0,1,0,1,0,1,1,0,1,0,1,0
4223-WOZCM,2024-01-06,2,month_to_month,mailed_check,dsl,49.95,107.1,0,0,1,0,0,0,0,1,0,0,0,0
4992-LTJNE,2024-01-06,72,two_year,bank_transfer,dsl,55.3,3983.6,1,0,0,0,0,0,1,0,1,1,0,0
8008-ESFLK,2024-01-06,53,one_year,electronic_check,fiber_optic,110.5,5835.5,1,1,1,1,1,1,0,0,1,0,0,0
5760-FXFVO,2024-01-06,6,month_to_month,electronic_check,fiber_optic,78.95,494.95,1,1,0,0,0,0,0,0,0,0,1,0
3569-EDBPQ,2024-01-06,24,month_to_month,electronic_check,fiber_optic,84.35,1938.05,1,0,0,1,0,0,1,0,0,0,1,0
3500-NSDOA,2024-01-06,68,two_year,credit_card,dsl,70.8,4859.95,0,1,0,1,0,1,1,0,1,1,0,0
8571-ZCMCX,2024-01-06,47,two_year,credit_card,dsl,60.0,2768.65,1,1,1,0,1,1,0,0,1,1,1,0
6686-YPGHK,2024-01-06,47,month_to_month,mailed_check,fiber_optic,85.5,4042.3,1,0,0,0,0,1,0,1,0,0,0,1
7168-HDQHG,2024-01-06,36,month_to_month,bank_transfer,none,19.2,702.9,0,0,0,0,0,0,0,0,1,1,0,0
0310-VQXAM,2024-01-06,9,month_to_month,mailed_check,none,19.85,178.8,0,0,0,0,0,0,0,0,0,0,0,0
3096-WPXBT,2024-01-06,61,one_year,credit_card,fiber_optic,100.7,6018.65,1,1,1,0,0,1,1,0,1,1,1,0
2234-EOFPT,2024-01-06,72,two_year,bank_transfer,dsl,79.35,5753.25,1,1,0,1,1,1,0,0,1,0,1,0
6461-PPAXN,2024-01-06,35,one_year,bank_transfer,dsl,54.95,1916.0,1,0,0,1,0,0,0,0,1,1,1,0
2809-ILCYT,2024-01-06,25,one_year,mailed_check,none,26.8,733.55,0,0,0,0,0,0,1,0,1,0,1,0
4958-XCBDQ,2024-01-06,35,month_to_month,electronic_check,fiber_optic,101.4,3496.3,0,0,1,0,1,1,1,1,0,0,1,1
5989-OMNJE,2024-01-06,24,one_year,electronic_check,dsl,57.6,1367.75,1,1,1,0,1,1,0,0,1,1,0,0
1043-YCUTE,2024-01-06,56,two_year,credit_card,none,25.15,1327.15,0,0,0,0,0,0,1,0,1,0,1,1
7402-EYFXX,2024-01-06,26,month_to_month,electronic_check,fiber_optic,93.6,2404.1,0,0,0,0,1,1,1,1,0,0,1,0
1813-JYWTO,2024-01-06,72,two_year,bank_transfer,fiber_optic,80.45,5737.6,1,0,0,0,0,0,1,0,1,0,0,0
7032-LMBHI,2024-01-06,37,one_year,bank_transfer,dsl,64.65,2347.85,1,0,0,0,1,0,1,0,0,0,0,0
9191-MYQKX,2024-01-06,7,month_to_month,bank_transfer,fiber_optic,75.15,496.9,0,0,1,0,0,0,0,0,1,0,1,1
1196-AMORA,2024-01-06,7,month_to_month,electronic_check,fiber_optic,73.6,520.0,0,0,0,0,0,0,1,0,0,0,0,1
0565-IYCGT,2024-01-06,69,one_year,credit_card,dsl,78.6,5356.45,1,1,1,1,0,1,1,0,0,0,1,1
8148-WOCMK,2024-01-06,8,two_year,credit_card,none,19.6,125.0,0,0,0,0,0,0,0,0,1,1,0,0
4776-XSKYQ,2024-01-06,12,one_year,credit_card,dsl,30.25,368.85,0,0,0,1,0,0,0,0,1,1,0,0
3935-TBRZZ,2024-01-06,44,one_year,mailed_check,none,25.7,1110.5,0,0,0,0,0,0,1,0,1,1,0,0
9114-DPSIA,2024-01-06,72,two_year,credit_card,dsl,81.0,5750.0,1,1,1,1,0,1,1,0,1,1,0,0
3143-ILDAL,2024-01-06,56,month_to_month,electronic_check,fiber_optic,94.45,5124.6,0,1,0,1,0,1,1,0,0,0,1,1
1952-DVVSW,2024-01-06,10,one_year,mailed_check,none,20.1,184.4,0,0,0,0,0,0,0,0,1,0,0,0
3871-IKPYH,2024-01-06,1,month_to_month,electronic_check,fiber_optic,69.1,69.1,0,0,0,0,0,0,0,1,0,0,0,1
3209-ZPKFI,2024-01-06,47,month_to_month,electronic_check,dsl,54.25,2538.2,0,1,0,0,0,0,1,0,1,1,0,0
4625-LAMOB,2024-01-06,44,two_year,credit_card,none,20.4,905.55,0,0,0,0,0,0,0,0,0,0,0,0
9837-BMCLM,2024-01-06,3,month_to_month,electronic_check,fiber_optic,78.5,242.05,0,0,0,0,1,0,0,0,0,0,1,1
4080-OGPJL,2024-01-06,8,month_to_month,electronic_check,dsl,71.15,563.65,1,0,0,1,0,1,1,0,0,0,0,1
0787-LHDYT,2024-01-06,16,month_to_month,credit_card,none,20.6,330.25,0,0,0,0,0,0,0,0,0,0,1,0
3071-MVJCD,2024-01-06,72,two_year,bank_transfer,dsl,82.3,5815.15,1,1,1,1,1,0,1,0,1,1,0,0
7825-GKXMW,2024-01-06,1,month_to_month,electronic_check,dsl,45.8,45.8,0,0,0,0,0,0,0,0,0,0,0,1
6726-NNFWD,2024-01-06,71,two_year,credit_card,fiber_optic,89.45,6435.25,0,1,1,0,0,1,0,1,1,0,0,0
5820-PTRYM,2024-01-06,56,one_year,credit_card,dsl,68.45,4014.0,1,1,1,1,0,0,1,1,1,0,1,0
7785-RDVIG,2024-01-06,3,month_to_month,mailed_check,none,19.3,54.7,0,0,0,0,0,0,0,0,1,1,0,0
0774-IFUVM,2024-01-06,11,month_to_month,bank_transfer,dsl,65.15,723.35,1,0,0,0,1,0,1,0,1,1,1,0
2054-PJOCK,2024-01-06,60,one_year,credit_card,dsl,80.55,4847.05,0,0,1,1,1,1,1,0,0,0,0,0
7789-HKSBS,2024-01-06,42,one_year,bank_transfer,fiber_optic,105.2,4599.15,1,0,1,0,1,1,1,1,1,0,1,0
6629-LADHQ,2024-01-06,2,month_to_month,mailed_check,dsl,50.95,123.05,1,0,0,0,0,0,0,0,0,0,0,0
1385-TQOZW,2024-01-06,9,month_to_month,credit_card,none,20.45,147.55,0,0,0,0,0,0,0,0,0,0,1,0
1452-VOQCH,2024-01-06,1,month_to_month,electronic_check,fiber_optic,75.1,75.1,0,0,0,0,0,0,1,0,0,0,1,0
0298-XACET,2024-01-06,52,two_year,mailed_check,dsl,50.2,2554.0,0,1,1,1,1,0,0,0,1,1,0,0
7028-DVOIQ,2024-01-06,35,month_to_month,electronic_check,fiber_optic,99.05,3395.8,0,0,1,0,1,1,1,1,0,0,1,1
5616-PRTNT,2024-01-06,20,month_to_month,electronic_check,none,19.4,374.5,0,0,0,0,0,0,0,0,0,1,1,1
3733-LSYCE,2024-01-06,15,month_to_month,bank_transfer,fiber_optic,75.35,1114.55,0,1,0,0,0,0,0,0,1,0,0,0
9432-VOFYX,2024-01-06,17,month_to_month,electronic_check,fiber_optic,70.8,1207.0,0,0,0,0,0,0,0,0,0,0,1,0
6032-KRXXO,2024-01-06,30,month_to_month,electronic_check,fiber_optic,90.25,2755.35,0,0,0,0,1,1,0,0,0,0,1,1
1393-IMKZG,2024-01-06,1,month_to_month,electronic_check,fiber_optic,95.85,95.85,0,0,0,1,1,1,0,0,0,0,1,0
0195-IESCP,2024-01-06,10,month_to_month,electronic_check,fiber_optic,85.25,855.3,0,0,0,0,0,1,1,0,1,0,1,1
7562-UXTPG,2024-01-06,13,month_to_month,mailed_check,fiber_optic,70.15,886.7,0,0,0,0,0,0,0,0,0,0,1,0
2656-TABEH,2024-01-06,4,month_to_month,electronic_check,fiber_optic,100.2,420.2,0,1,0,0,1,1,1,0,1,0,1,1
2055-PDADH,2024-01-06,3,month_to_month,electronic_check,fiber_optic,70.4,204.7,0,0,0,0,0,0,0,1,0,0,1,1
2890-WFBHU,2024-01-06,59,one_year,credit_card,dsl,79.85,4786.1,1,1,1,1,0,1,1,0,0,0,0,0
6166-ILMNY,2024-01-06,2,month_to_month,bank_transfer,fiber_optic,69.75,144.55,0,0,0,0,0,0,0,0,0,0,0,1
6551-GNYDG,2024-01-06,14,month_to_month,bank_transfer,fiber_optic,80.9,1152.8,0,0,0,0,0,1,0,0,1,1,1,0
2672-DZUOY,2024-01-06,1,month_to_month,electronic_check,dsl,25.15,25.15,0,0,0,0,0,0,0,0,0,0,1,1
7142-HVGBG,2024-01-06,43,month_to_month,electronic_check,fiber_optic,103.0,4414.3,0,1,1,0,1,1,1,1,1,0,1,1
4546-FOKWR,2024-01-06,16,month_to_month,credit_card,fiber_optic,74.75,1129.35,0,0,0,0,0,0,1,0,0,0,1,0
6313-GIDIT,2024-01-06,53,month_to_month,electronic_check,dsl,54.45,2854.55,0,1,1,0,1,1,0,1,0,0,1,1
4430-YHXGG,2024-01-06,4,month_to_month,mailed_check,none,25.45,84.2,0,0,0,0,0,0,1,0,0,1,1,0
5146-CBVOE,2024-01-06,16,month_to_month,bank_transfer,fiber_optic,75.1,1212.85,0,1,0,0,0,0,0,0,0,0,0,0
9619-GSATL,2024-01-06,43,one_year,electronic_check,dsl,55.45,2444.25,0,1,0,1,0,0,0,0,0,0,0,0
8808-ELEHO,2024-01-06,8,month_to_month,electronic_check,fiber_optic,81.25,585.95,0,0,1,0,0,0,1,1,0,0,1,1
9644-UMGQA,2024-01-06,6,month_to_month,electronic_check,dsl,49.15,295.65,1,0,0,0,0,0,0,0,1,1,1,0
8853-TZDGH,2024-01-06,72,two_year,bank_transfer,fiber_optic,111.6,8012.75,0,1,1,1,1,1,1,0,0,0,1,0
3999-WRNGR,2024-01-06,60,month_to_month,electronic_check,dsl,49.75,3069.45,0,1,0,0,1,1,0,0,1,1,1,0
2923-ARZLG,2024-01-06,0,one_year,mailed_check,none,19.7,0.0,0,0,0,0,0,0,0,0,1,1,1,0
0871-OPBXW,2024-01-06,2,month_to_month,mailed_check,none,20.05,39.25,0,0,0,0,0,0,0,0,0,0,1,0
9691-HKOVS,2024-01-06,55,one_year,electronic_check,dsl,90.15,4916.95,1,1,1,1,1,1,1,0,1,0,1,0
1427-VERSM,2024-01-06,56,month_to_month,electronic_check,fiber_optic,98.7,5669.5,0,0,1,1,1,1,0,0,1,0,1,0
1298-PHBTI,2024-01-06,71,two_year,electronic_check,fiber_optic,84.8,6152.4,0,1,0,1,0,0,1,0,1,1,1,0
4662-EKDPQ,2024-01-06,2,month_to_month,bank_transfer,dsl,62.05,118.3,0,0,0,0,0,1,1,0,0,0,0,1
9586-JGQKH,2024-01-06,64,two_year,bank_transfer,fiber_optic,105.4,6794.75,0,1,0,1,1,1,1,0,1,0,1,0
6261-RCVNS,2024-01-06,42,one_year,credit_card,dsl,73.9,3160.55,1,1,1,1,0,1,0,0,0,0,0,1
6946-LMSQS,2024-01-06,25,one_year,electronic_check,fiber_optic,89.05,2177.45,1,0,0,0,0,1,1,1,1,0,1,1
2075-RMJIK,2024-01-06,5,month_to_month,mailed_check,dsl,49.4,232.55,1,0,0,0,0,0,0,0,1,1,1,0
3258-ZKPAI,2024-01-06,72,two_year,bank_transfer,fiber_optic,116.6,8337.45,1,1,1,1,1,1,1,0,1,1,1,0
9369-XFEHK,2024-01-06,33,month_to_month,bank_transfer,fiber_optic,80.6,2656.5,0,1,0,0,0,0,1,1,1,0,1,1
3536-IQCTX,2024-01-06,32,month_to_month,electronic_check,fiber_optic,85.3,2661.1,0,0,0,0,0,1,1,1,1,0,0,1
8752-IMQOS,2024-01-06,5,one_year,mailed_check,none,20.1,85.1,0,0,0,0,0,0,0,0,1,1,0,0
9850-OWRHQ,2024-01-06,3,month_to_month,credit_card,fiber_optic,74.1,228.0,0,0,0,0,0,0,1,0,1,0,1,1
0196-VULGZ,2024-01-06,6,month_to_month,electronic_check,fiber_optic,84.35,474.9,0,0,0,0,0,1,1,1,1,0,1,1
5748-RNCJT,2024-01-06,69,two_year,bank_transfer,fiber_optic,106.5,7348.8,0,0,1,1,1,1,1,0,0,0,1,1
0928-XUTSN,2024-01-06,13,month_to_month,electronic_check,fiber_optic,80.5,1011.8,0,0,0,0,0,1,0,0,0,0,1,0
7611-YKYTC,2024-01-06,22,month_to_month,bank_transfer,fiber_optic,75.0,1573.95,1,0,0,0,0,0,0,0,1,1,0,0
0916-KNFAJ,2024-01-06,61,two_year,mailed_check,dsl,69.9,4226.7,1,0,1,0,0,1,1,0,1,0,1,0
2045-BMBTJ,2024-01-06,33,month_to_month,bank_transfer,dsl,59.45,1884.65,1,1,1,0,1,1,0,1,0,0,1,0
0471-LVHGK,2024-01-06,41,one_year,electronic_check,dsl,73.0,3001.2,0,0,1,0,1,1,1,0,1,0,1,1
1950-KSVVJ,2024-01-06,45,one_year,mailed_check,fiber_optic,113.3,5032.25,1,1,1,1,1,1,1,0,1,0,0,0
1568-BEKZM,2024-01-06,70,two_year,credit_card,dsl,90.05,6333.4,1,1,1,1,1,1,1,1,1,0,0,0
3400-ESFUW,2024-01-06,55,two_year,bank_transfer,dsl,57.55,3046.4,1,1,0,1,0,0,0,0,1,1,0,1
9746-YKGXB,2024-01-06,52,one_year,bank_transfer,dsl,44.25,2276.1,1,0,1,0,0,1,0,0,1,1,0,0
6338-AVWCY,2024-01-06,3,month_to_month,mailed_check,dsl,40.15,130.75,0,0,1,0,1,0,0,0,0,0,1,1
4817-VYYWS,2024-01-06,30,month_to_month,electronic_check,fiber_optic,100.2,2983.8,0,1,0,0,1,1,1,0,0,0,1,1
7136-RVDTZ,2024-01-06,70,one_year,electronic_check,dsl,45.25,3264.45,0,0,0,0,1,1,0,1,0,0,1,1
5141-ZUVBH,2024-01-06,9,month_to_month,bank_transfer,fiber_optic,93.0,870.25,1,0,1,1,0,1,0,0,0,1,0,0
8779-YIQQA,2024-01-06,21,one_year,mailed_check,none,19.8,350.1,0,0,0,0,0,0,0,0,1,1,0,0
4877-TSOFF,2024-01-06,55,one_year,bank_transfer,dsl,75.75,4264.25,1,1,0,1,0,1,1,0,1,1,1,0
0303-UNCIP,2024-01-06,41,one_year,mailed_check,dsl,65.0,2531.8,0,0,1,0,0,1,1,0,0,0,0,0
6485-QXWWE,2024-01-06,62,two_year,bank_transfer,none,26.0,1638.7,0,0,0,0,0,0,1,0,0,1,0,0
6618-RYATB,2024-01-06,1,month_to_month,mailed_check,fiber_optic,79.55,79.55,0,0,1,0,0,0,1,0,0,0,1,1
7872-RDDLZ,2024-01-06,67,month_to_month,electronic_check,dsl,54.9,3725.5,0,1,0,0,0,0,1,1,0,0,0,0
9199-PWQVC,2024-01-06,63,one_year,credit_card,dsl,79.7,4786.15,1,1,0,0,1,1,1,0,1,0,1,0
6992-TKNYO,2024-01-06,38,one_year,credit_card,dsl,69.0,2669.45,0,0,1,1,0,1,1,0,1,0,0,0
0214-JHPFW,2024-01-06,70,two_year,bank_transfer,dsl,57.8,4039.3,0,1,1,1,1,1,0,0,1,0,0,0
9313-CDOGY,2024-01-06,38,month_to_month,electronic_check,none,19.6,717.3,0,0,0,0,0,0,0,0,1,1,0,0
6637-KYRCV,2024-01-06,5,month_to_month,electronic_check,dsl,30.5,167.2,0,1,0,0,0,0,0,0,1,1,1,0
3521-MNKLV,2024-01-06,24,month_to_month,mailed_check,dsl,49.7,1167.8,0,0,1,0,0,0,0,0,0,0,1,0
4652-NNHNY,2024-01-06,16,month_to_month,bank_transfer,fiber_optic,73.85,1284.2,0,0,0,0,0,0,1,0,1,0,1,1
5472-CVMDX,2024-01-06,68,two_year,mailed_check,dsl,38.9,2719.2,1,0,1,1,0,0,0,0,0,0,0,0
8384-FZBJK,2024-01-06,57,month_to_month,electronic_check,fiber_optic,100.6,5611.7,0,1,0,0,1,1,1,0,1,1,1,0
2519-LBNQL,2024-01-06,60,one_year,electronic_check,fiber_optic,104.35,6339.45,0,1,1,0,1,1,1,1,1,0,1,0
2065-MMKGR,2024-01-06,29,one_year,credit_card,dsl,71.0,2080.1,0,0,0,0,1,1,1,0,0,0,1,0
0002-ORFBO,2024-01-06,9,one_year,mailed_check,dsl,65.6,593.3,0,1,0,1,1,0,0,0,1,1,1,0
2961-VNFKL,2024-01-06,71,two_year,credit_card,none,25.95,1801.9,0,0,0,0,0,0,1,0,1,0,1,0
6038-GCYEC,2024-01-06,24,month_to_month,credit_card,dsl,54.15,1240.25,0,1,1,0,1,1,0,0,0,0,1,1
0067-DKWBL,2024-01-06,2,month_to_month,electronic_check,dsl,49.25,91.1,1,0,0,0,0,0,0,1,0,0,1,1
2804-ETQDK,2024-01-06,66,two_year,mailed_check,none,20.55,1357.1,0,0,0,0,0,0,0,0,0,1,0,0
0895-DQHEW,2024-01-06,54,month_to_month,electronic_check,fiber_optic,104.3,5278.15,0,1,1,0,1,1,1,0,1,0,1,1
9239-GZHZE,2024-01-06,72,two_year,credit_card,fiber_optic,113.65,8124.2,1,1,1,1,1,1,1,0,1,0,1,0
1241-FPMOF,2024-01-06,52,two_year,mailed_check,none,19.65,1025.05,0,0,0,0,0,0,0,0,0,0,0,0
6283-GITPX,2024-01-06,71,two_year,credit_card,dsl,76.9,5522.7,1,1,1,1,1,0,0,0,0,1,1,0
6689-TCZHQ,2024-01-06,5,month_to_month,electronic_check,fiber_optic,78.95,378.4,0,0,0,0,0,1,0,1,0,0,0,1
4825-FUREZ,2024-01-06,42,two_year,electronic_check,none,20.25,835.5,0,0,0,0,0,0,0,0,1,0,0,0
4959-JOSRX,2024-01-06,2,month_to_month,credit_card,dsl,44.6,80.55,0,0,0,0,0,0,0,0,1,0,1,1
1428-GTBJJ,2024-01-06,11,month_to_month,electronic_check,fiber_optic,74.55,824.75,0,1,0,0,0,0,0,0,0,0,1,1
9170-GYZJC,2024-01-06,41,month_to_month,credit_card,dsl,79.9,3326.2,1,1,1,1,0,1,1,0,1,1,0,1
8690-ZVLCL,2024-01-06,68,two_year,credit_card,dsl,88.0,6161.9,1,1,1,1,1,1,1,0,1,1,0,0
5889-JTMUL,2024-01-06,50,month_to_month,electronic_check,fiber_optic,95.05,4888.7,0,1,1,0,1,0,1,1,1,0,1,1
4307-KTUMW,2024-01-06,53,month_to_month,electronic_check,fiber_optic,93.9,5029.2,1,0,1,0,0,1,1,0,1,0,0,1
5949-XIKAE,2024-01-06,8,month_to_month,electronic_check,fiber_optic,83.55,680.05,0,1,0,0,1,0,0,0,1,1,1,1
5802-ADBRC,2024-01-06,50,one_year,mailed_check,fiber_optic,104.4,5232.9,1,0,1,0,1,1,1,0,1,0,1,0
4366-CTOUZ,2024-01-06,50,two_year,mailed_check,fiber_optic,100.2,5038.45,0,1,0,1,1,1,0,0,0,0,1,0
1849-RJYIG,2024-01-06,8,month_to_month,electronic_check,dsl,60.0,487.75,1,0,0,0,1,0,0,0,0,0,1,0
6713-OKOMC,2024-01-06,10,month_to_month,mailed_check,dsl,29.75,301.9,1,0,0,0,0,0,0,0,0,0,0,0
8450-LUGUK,2024-01-06,37,two_year,bank_transfer,none,24.1,861.85,0,0,0,0,0,0,1,0,1,1,1,0
9782-LGXMC,2024-01-06,49,month_to_month,bank_transfer,dsl,61.75,3024.15,1,0,1,1,0,0,0,0,1,1,0,0
1049-FYSYG,2024-01-06,17,month_to_month,credit_card,dsl,35.65,646.05,0,1,1,0,0,0,0,0,1,0,1,0
5442-PPTJY,2024-01-06,12,two_year,mailed_check,none,19.7,258.35,0,0,0,0,0,0,0,0,1,1,0,0
0320-JDNQG,2024-01-06,23,month_to_month,electronic_check,fiber_optic,99.85,2331.3,1,0,0,1,1,1,0,0,1,1,1,1
6614-YOLAC,2024-01-06,71,two_year,mailed_check,dsl,58.65,4145.25,1,1,0,1,1,1,0,0,1,1,0,0
8722-PRFDV,2024-01-06,71,two_year,credit_card,dsl,77.55,5574.35,1,0,1,0,1,1,0,0,1,1,0,0
7030-NJVDP,2024-01-06,24,month_to_month,electronic_check,fiber_optic,89.25,2210.2,1,0,0,1,0,1,0,0,1,0,1,0
0607-MVMGC,2024-01-06,45,one_year,credit_card,dsl,78.75,3600.65,0,1,1,0,1,1,1,0,1,1,0,0
2541-YGPKE,2024-01-06,42,one_year,credit_card,dsl,63.7,2763.35,1,0,0,1,0,1,0,0,1,1,0,0
9692-TUSXH,2024-01-06,18,month_to_month,electronic_check,fiber_optic,96.05,1740.7,1,0,0,0,1,1,0,0,0,0,1,1
4922-CVPDX,2024-01-06,26,two_year,credit_card,dsl,73.5,1905.7,0,1,1,0,1,1,0,0,1,0,1,0
1750-CSKKM,2024-01-06,9,month_to_month,electronic_check,dsl,55.35,449.75,0,0,0,0,1,0,0,0,0,1,0,1
1728-BQDMA,2024-01-06,2,month_to_month,electronic_check,dsl,44.45,82.7,0,0,0,0,0,0,0,0,0,0,0,0
7521-AFHAB,2024-01-06,5,month_to_month,mailed_check,dsl,44.8,220.45,0,0,0,0,0,0,0,0,1,1,0,0
5868-YWPDW,2024-01-07,6,month_to_month,electronic_check,fiber_optic,84.2,519.15,0,1,0,0,0,1,0,1,1,0,1,1
1320-REHCS,2024-01-07,52,month_to_month,electronic_check,fiber_optic,110.75,5832.0,0,1,1,1,1,1,1,1,0,0,1,0
1023-BQXZE,2024-01-07,57,two_year,bank_transfer,dsl,74.35,4317.35,1,0,1,0,1,1,0,0,0,0,1,0
5832-TRLPB,2024-01-07,29,one_year,bank_transfer,dsl,75.35,2243.9,0,0,1,1,1,1,0,0,0,0,1,0
3967-VQOGC,2024-01-07,67,two_year,mailed_check,none,24.9,1680.25,0,0,0,0,0,0,1,0,1,1,1,0
9661-ACXBS,2024-01-07,42,month_to_month,electronic_check,fiber_optic,105.2,4400.75,1,0,1,0,1,1,1,0,0,0,1,1
5602-BVFMK,2024-01-07,12,one_year,mailed_check,none,19.3,228.75,0,0,0,0,0,0,0,0,0,0,0,0
4323-SADQS,2024-01-07,7,month_to_month,electronic_check,dsl,34.5,279.25,1,0,0,1,0,0,0,0,1,1,1,1
1539-LNKHM,2024-01-07,12,month_to_month,mailed_check,none,20.4,266.6,0,0,0,0,0,0,0,0,0,0,0,0
7470-MCQTK,2024-01-07,13,month_to_month,bank_transfer,dsl,48.75,633.4,0,0,1,0,1,1,0,0,1,0,1,1
5136-RGMZO,2024-01-07,31,month_to_month,electronic_check,dsl,71.05,2168.15,0,1,0,1,1,0,1,0,0,0,1,0
6543-CPZMK,2024-01-07,9,month_to_month,electronic_check,dsl,29.95,248.95,0,1,0,0,0,0,0,0,1,1,1,1
9639-BUJXT,2024-01-07,63,one_year,mailed_check,none,20.5,1328.15,0,0,0,0,0,0,0,0,0,0,0,0
7856-GANIL,2024-01-07,45,one_year,bank_transfer,fiber_optic,98.7,4525.8,0,1,1,1,1,0,1,1,1,0,1,0
4415-WNGVR,2024-01-07,12,one_year,electronic_check,dsl,79.2,943.85,1,0,1,1,1,1,0,1,1,0,1,0
3481-JHUZH,2024-01-07,41,month_to_month,electronic_check,fiber_optic,80.25,3439.0,0,1,0,0,0,0,1,0,1,0,1,0
0278-YXOOG,2024-01-07,5,month_to_month,mailed_check,none,21.05,113.85,0,0,0,0,0,0,0,0,0,0,0,1
5227-JSCFE,2024-01-07,71,two_year,credit_card,dsl,46.35,3353.4,1,1,1,1,0,0,0,1,1,0,0,0
2091-GPPIQ,2024-01-07,72,two_year,electronic_check,dsl,78.95,5730.15,0,1,0,1,1,1,1,0,1,1,1,0
9643-YBLUR,2024-01-07,9,month_to_month,credit_card,dsl,69.05,653.95,0,1,1,0,0,1,1,0,1,0,1,0
9419-IPPBE,2024-01-07,51,one_year,electronic_check,fiber_optic,90.15,4554.85,0,0,1,0,0,1,1,0,1,1,1,0
2877-VDUER,2024-01-07,35,one_year,mailed_check,dsl,40.9,1383.6,0,0,0,1,1,0,0,0,1,1,0,0
2924-KHUVI,2024-01-07,56,one_year,electronic_check,fiber_optic,100.55,5514.95,1,0,0,0,1,1,1,0,1,0,1,0
0439-IFYUN,2024-01-07,18,month_to_month,electronic_check,fiber_optic,74.7,1294.6,0,1,0,0,0,0,0,1,0,0,1,0
2587-EKXTS,2024-01-07,44,month_to_month,electronic_check,fiber_optic,111.5,4915.15,1,1,1,0,1,1,1,0,0,0,1,0
6661-EIPZC,2024-01-07,48,month_to_month,credit_card,dsl,29.5,1423.05,0,0,0,1,0,0,0,0,1,1,1,0
5756-JYOJT,2024-01-07,11,one_year,credit_card,dsl,64.9,697.25,0,0,1,1,0,1,0,0,0,0,0,0
3259-FDWOY,2024-01-07,71,two_year,bank_transfer,fiber_optic,106.0,7723.7,0,1,1,0,1,1,1,0,1,1,1,1
1480-IVEVR,2024-01-07,35,one_year,bank_transfer,fiber_optic,81.6,2815.25,0,0,1,0,0,0,1,1,1,0,1,0
8070-AAWZP,2024-01-07,24,month_to_month,mailed_check,dsl,34.25,828.2,0,0,1,1,0,0,0,1,1,0,0,0
2001-EWBQU,2024-01-07,60,two_year,electronic_check,fiber_optic,104.7,6333.8,0,1,1,0,1,1,1,0,0,0,0,0
2606-RMDHZ,2024-01-07,6,month_to_month,credit_card,dsl,30.5,208.7,0,1,0,0,0,0,0,0,0,0,1,1
5688-KZTSN,2024-01-07,15,month_to_month,electronic_check,none,20.0,288.05,0,0,0,0,0,0,0,0,1,1,1,1
5956-YHHRX,2024-01-07,21,month_to_month,electronic_check,fiber_optic,104.35,2271.85,0,1,1,0,1,1,1,1,0,0,1,0
6563-VRERX,2024-01-07,33,one_year,mailed_check,none,20.6,690.25,0,0,0,0,0,0,0,0,1,1,0,0
7243-LCGGZ,2024-01-07,1,month_to_month,mailed_check,none,20.9,20.9,0,0,0,0,0,0,0,0,0,0,0,0
3777-XROBG,2024-01-07,58,two_year,credit_card,none,19.55,1079.65,0,0,0,0,0,0,0,0,1,1,0,0
5081-NWSUP,2024-01-07,10,one_year,mailed_check,dsl,64.9,685.55,0,1,0,1,0,1,0,0,0,0,0,0
5442-BXVND,2024-01-07,33,month_to_month,bank_transfer,none,24.25,838.5,0,0,0,0,0,0,1,0,1,1,0,0
0612-RTZZA,2024-01-07,1,month_to_month,electronic_check,dsl,25.25,25.25,0,0,0,0,0,0,0,1,0,0,0,1
5103-MHMHY,2024-01-07,1,month_to_month,mailed_check,dsl,45.95,45.95,0,0,0,0,0,0,0,0,0,1,0,1
5269-NRGDP,2024-01-07,42,one_year,electronic_check,dsl,73.15,3088.25,0,0,1,1,1,1,0,0,1,1,0,0
4781-ZXYGU,2024-01-07,1,month_to_month,bank_transfer,none,20.15,20.15,0,0,0,0,0,0,0,0,1,1,1,0
0902-RFHOF,2024-01-07,38,one_year,mailed_check,none,20.1,730.1,0,0,0,0,0,0,0,0,0,0,0,0
8601-QACRS,2024-01-07,5,month_to_month,mailed_check,dsl,50.6,249.95,0,0,0,0,0,0,1,0,0,0,1,1
6333-YDVLT,2024-01-07,65,one_year,credit_card,fiber_optic,110.0,7138.65,1,0,1,1,1,1,1,0,0,0,1,0
5730-RIITO,2024-01-07,43,month_to_month,credit_card,dsl,33.45,1500.25,1,1,0,0,0,0,0,1,0,0,1,0
8125-QPFJD,2024-01-07,72,two_year,bank_transfer,dsl,84.9,6065.3,1,0,1,1,1,1,1,0,1,0,1,0
6270-OMFIW,2024-01-07,60,one_year,electronic_check,fiber_optic,94.4,5610.25,0,1,0,0,1,1,0,0,1,0,1,1
7879-CGSFV,2024-01-07,55,one_year,mailed_check,fiber_optic,100.9,5552.05,1,1,0,0,1,1,0,0,0,0,1,0
3870-SPZSI,2024-01-07,70,two_year,credit_card,fiber_optic,113.05,7869.05,1,1,1,1,1,1,1,0,1,1,1,0
8873-GLDMH,2024-01-07,6,month_to_month,mailed_check,fiber_optic,73.85,401.3,0,0,0,0,0,0,1,0,0,0,1,0
5716-LIBJC,2024-01-07,13,one_year,credit_card,fiber_optic,104.15,1299.1,0,1,1,0,1,1,1,0,0,1,1,0
0224-NIJLP,2024-01-07,8,two_year,mailed_check,none,20.15,165.5,0,0,0,0,0,0,0,0,1,1,0,0
4713-ZBURT,2024-01-07,45,two_year,bank_transfer,fiber_optic,99.7,4634.35,0,0,1,0,1,1,1,0,0,1,0,0
3870-MQAMG,2024-01-07,54,one_year,electronic_check,fiber_optic,110.35,5893.15,0,1,1,1,1,1,1,0,1,0,0,1
3550-SAHFP,2024-01-07,33,month_to_month,electronic_check,fiber_optic,83.35,2757.85,0,0,0,0,0,1,1,0,0,0,1,1
4700-UBQMV,2024-01-07,21,one_year,bank_transfer,dsl,75.9,1549.75,1,0,0,0,1,1,1,0,1,1,1,0
0727-BMPLR,2024-01-07,55,one_year,electronic_check,fiber_optic,100.0,5509.3,0,0,1,0,1,1,1,1,0,0,1,1
3627-FHKBK,2024-01-07,1,month_to_month,mailed_check,fiber_optic,75.3,75.3,1,0,0,0,0,0,0,0,0,0,0,1
9142-KZXOP,2024-01-07,44,month_to_month,credit_card,fiber_optic,68.85,2958.95,0,0,0,0,0,0,0,0,0,0,0,0
5980-BDHPY,2024-01-07,72,two_year,bank_transfer,dsl,87.1,6230.1,1,1,1,1,1,1,1,0,1,0,1,0
4418-LZMSV,2024-01-07,13,month_to_month,bank_transfer,dsl,61.8,750.1,0,1,1,1,0,0,0,0,1,1,0,0
8123-QBNAZ,2024-01-07,36,month_to_month,credit_card,fiber_optic,104.5,3684.95,1,0,1,0,1,1,1,0,1,1,1,0
5743-KHMNA,2024-01-07,71,two_year,bank_transfer,none,25.55,1898.1,0,0,0,0,0,0,1,0,0,0,0,0
0781-LKXBR,2024-01-07,9,month_to_month,electronic_check,fiber_optic,100.5,918.6,0,0,1,0,1,1,1,1,0,0,1,1
9931-KGHOA,2024-01-07,46,month_to_month,bank_transfer,dsl,55.0,2473.95,1,0,0,0,0,0,1,0,1,0,0,0
7124-UGSUR,2024-01-07,61,one_year,credit_card,fiber_optic,104.4,6405.0,0,1,1,0,1,1,1,1,1,0,1,1
5329-KRDTM,2024-01-07,72,two_year,credit_card,dsl,77.35,5396.25,0,1,1,1,1,0,1,1,1,0,0,0
1024-VRZHF,2024-01-07,11,month_to_month,electronic_check,fiber_optic,74.95,825.7,0,0,0,0,0,0,1,0,1,0,1,1
4482-EWFMI,2024-01-07,2,month_to_month,electronic_check,fiber_optic,69.7,135.2,0,0,0,0,0,0,0,0,0,0,1,0
0366-NQSHS,2024-01-07,2,month_to_month,mailed_check,none,19.35,46.35,0,0,0,0,0,0,0,0,0,0,0,0
8752-STIVR,2024-01-07,4,month_to_month,electronic_check,fiber_optic,79.0,303.15,0,0,0,0,1,0,0,0,0,0,1,1
8878-HMWBV,2024-01-07,3,month_to_month,electronic_check,dsl,49.15,169.05,0,0,1,0,0,0,0,0,0,0,1,1
3050-GBUSH,2024-01-07,3,month_to_month,credit_card,dsl,34.8,113.95,0,0,0,0,1,0,0,0,0,0,1,0
6718-BDGHG,2024-01-07,43,one_year,bank_transfer,dsl,64.85,2908.2,0,0,0,1,1,0,1,0,1,0,1,0
1830-IPXVJ,2024-01-07,61,two_year,credit_card,none,19.75,1311.6,0,0,0,0,0,0,0,0,1,1,0,0
7481-ATQQS,2024-01-07,49,month_to_month,credit_card,fiber_optic,90.85,4515.85,0,0,1,0,0,1,1,1,0,0,1,1
5203-XEHAX,2024-01-07,34,one_year,electronic_check,dsl,64.35,2053.05,1,1,0,0,0,1,0,0,0,0,0,0
2740-TVLFN,2024-01-07,1,month_to_month,electronic_check,dsl,50.15,50.15,0,0,0,0,0,0,1,0,0,0,1,0
7054-LGEQW,2024-01-07,1,month_to_month,mailed_check,dsl,45.95,45.95,0,0,0,0,0,0,0,0,0,0,0,1
3166-PNEOF,2024-01-07,61,two_year,credit_card,dsl,86.45,5175.3,1,0,1,1,1,1,1,0,0,0,0,0
4585-HETAI,2024-01-07,4,month_to_month,electronic_check,fiber_optic,73.75,325.45,0,0,1,0,0,0,0,0,1,1,1,1
0872-CASZJ,2024-01-07,59,one_year,mailed_check,dsl,69.1,4096.9,1,0,0,1,0,1,1,0,1,0,1,0
7396-VJUZB,2024-01-07,4,month_to_month,mailed_check,dsl,45.25,155.35,0,0,0,0,0,0,0,0,1,1,0,0
7644-OMVMY,2024-01-07,0,two_year,mailed_check,none,19.85,0.0,0,0,0,0,0,0,0,0,1,1,0,0
5847-MXBEO,2024-01-07,22,one_year,mailed_check,none,20.3,475.1,0,0,0,0,0,0,0,0,0,0,0,0
8398-TBIYD,2024-01-07,72,two_year,bank_transfer,fiber_optic,84.7,6185.15,1,0,0,1,0,0,1,0,0,0,1,0
2533-TIBIX,2024-01-07,15,month_to_month,bank_transfer,dsl,30.2,469.65,1,0,0,0,0,0,0,0,1,1,1,0
0761-AETCS,2024-01-07,1,month_to_month,electronic_check,none,19.3,19.3,0,0,0,0,0,0,0,0,0,0,0,1
1447-PJGGA,2024-01-07,57,two_year,electronic_check,fiber_optic,95.25,5464.65,0,0,1,0,1,1,0,0,0,0,1,1
6986-IJDHX,2024-01-07,39,month_to_month,mailed_check,fiber_optic,86.3,3266.0,0,1,0,0,1,0,0,0,1,1,1,1
6806-YDEUL,2024-01-07,6,month_to_month,bank_transfer,none,19.5,106.8,0,0,0,0,0,0,0,1,0,0,0,0
3688-FTHLT,2024-01-07,16,month_to_month,bank_transfer,dsl,63.05,1067.05,0,0,0,0,0,1,1,0,0,0,1,0
5202-IVJNU,2024-01-07,39,month_to_month,credit_card,dsl,30.1,1131.3,0,0,1,0,0,0,0,0,0,1,0,1
0754-EEBDC,2024-01-07,4,two_year,mailed_check,none,19.9,76.65,0,0,0,0,0,0,0,0,1,1,0,0
9572-MTILT,2024-01-07,59,month_to_month,electronic_check,fiber_optic,106.75,6252.9,1,1,1,1,1,0,1,0,1,0,1,1
0197-PNKNK,2024-01-07,69,one_year,bank_transfer,fiber_optic,84.45,5848.6,1,0,1,0,0,0,1,0,1,1,0,0
7217-JYHOQ,2024-01-07,24,month_to_month,credit_card,dsl,70.3,1706.45,1,1,0,1,0,1,0,0,1,1,1,0
2030-BTZRO,2024-01-07,6,two_year,credit_card,none,20.4,107.6,0,0,0,0,0,0,0,0,1,1,1,0
8087-LGYHQ,2024-01-07,9,month_to_month,electronic_check,fiber_optic,94.05,811.65,0,0,1,0,1,1,0,0,0,0,1,0
7337-CINUD,2024-01-07,8,two_year,bank_transfer,none,19.5,159.35,0,0,0,0,0,0,0,0,1,1,0,0
1577-HKTFG,2024-01-07,30,month_to_month,bank_transfer,none,19.65,655.85,0,0,0,0,0,0,0,0,1,0,0,1
8184-WMOFI,2024-01-07,62,one_year,credit_card,dsl,71.4,4487.3,1,0,1,1,0,1,0,0,1,1,0,0
1293-HHSHJ,2024-01-07,35,one_year,mailed_check,none,21.1,741.0,0,0,0,0,0,0,0,0,0,0,0,0
6051-PTVNS,2024-01-07,55,one_year,credit_card,none,19.15,998.1,0,0,0,0,0,0,0,0,1,1,0,0
3995-WFCSM,2024-01-07,2,month_to_month,electronic_check,dsl,60.85,111.4,0,0,1,0,0,1,0,0,0,0,0,0
9253-QXKBE,2024-01-07,29,month_to_month,electronic_check,fiber_optic,94.45,2653.65,0,0,0,0,1,1,1,1,1,0,1,1
2080-GKCWQ,2024-01-07,2,month_to_month,electronic_check,fiber_optic,74.95,151.75,0,1,0,0,0,0,0,0,0,0,0,0
2519-ERQOJ,2024-01-07,33,month_to_month,electronic_check,dsl,54.6,1803.7,0,0,1,1,1,1,0,1,0,0,1,0
3074-GQWYX,2024-01-07,5,month_to_month,bank_transfer,fiber_optic,75.9,357.75,0,0,0,0,0,0,1,0,0,0,1,1
7660-HDPJV,2024-01-07,1,month_to_month,electronic_check,fiber_optic,69.2,69.2,0,0,0,0,0,0,0,0,0,0,1,1
4389-UEFCZ,2024-01-07,72,two_year,electronic_check,fiber_optic,105.5,7544.0,1,0,1,0,1,1,1,0,1,0,1,0
2856-NNASM,2024-01-07,43,month_to_month,mailed_check,fiber_optic,89.55,3856.75,0,0,0,0,1,1,0,1,0,0,1,1
8065-YKXKD,2024-01-07,10,month_to_month,electronic_check,fiber_optic,74.75,799.65,0,0,0,0,0,0,1,0,0,0,1,1
8207-VVMYB,2024-01-07,70,two_year,bank_transfer,none,26.0,2006.95,0,0,0,0,0,0,1,0,1,0,1,0
6365-MTGZX,2024-01-07,24,month_to_month,electronic_check,fiber_optic,96.0,2122.45,0,0,0,1,1,1,0,0,0,0,1,1
9391-TTOYH,2024-01-07,23,month_to_month,mailed_check,none,19.5,470.2,0,0,0,0,0,0,0,0,0,0,1,0
6682-VCIXC,2024-01-07,43,one_year,bank_transfer,dsl,51.25,2151.6,1,1,0,1,1,0,0,0,1,1,1,0
6121-VZNQB,2024-01-07,1,month_to_month,mailed_check,none,19.1,19.1,0,0,0,0,0,0,0,0,0,0,1,1
2359-KMGLI,2024-01-07,24,month_to_month,electronic_check,fiber_optic,80.25,1861.5,0,1,0,0,0,0,1,0,0,0,1,1
8433-WPJTV,2024-01-07,65,one_year,bank_transfer,fiber_optic,103.9,6767.1,0,0,1,1,1,1,1,1,1,1,1,0
1061-PNTHC,2024-01-07,56,month_to_month,mailed_check,fiber_optic,109.6,5953.0,1,0,1,1,1,1,1,0,1,1,1,0
8580-AECUZ,2024-01-07,1,month_to_month,electronic_check,fiber_optic,79.1,79.1,0,0,0,0,1,0,0,1,0,0,1,1
1104-TNLZA,2024-01-07,28,month_to_month,electronic_check,fiber_optic,105.8,2998.0,0,1,0,1,1,1,1,1,1,0,1,0
1442-BQPVU,2024-01-07,13,month_to_month,electronic_check,dsl,29.15,357.15,0,1,0,0,0,0,0,0,0,0,0,0
4277-PVRAN,2024-01-07,8,month_to_month,bank_transfer,fiber_optic,80.1,679.3,0,0,0,0,1,0,0,0,0,0,1,1
6077-BDPXA,2024-01-07,3,month_to_month,electronic_check,fiber_optic,70.15,194.2,0,0,0,0,0,0,0,0,0,0,1,0
5143-WMWOG,2024-01-07,1,month_to_month,electronic_check,none,19.95,19.95,0,0,0,0,0,0,0,0,0,0,0,1
6005-OBZPH,2024-01-07,26,month_to_month,electronic_check,fiber_optic,89.15,2277.65,0,1,0,0,1,0,1,1,0,0,1,1
6894-LFHLY,2024-01-07,1,month_to_month,electronic_check,fiber_optic,75.75,75.75,0,0,0,0,0,0,1,1,0,0,1,1
2732-ISEZX,2024-01-07,5,month_to_month,mailed_check,none,20.5,104.3,0,0,0,0,0,0,0,0,0,0,1,0
1481-ZUWZA,2024-01-07,28,month_to_month,credit_card,fiber_optic,94.5,2659.4,1,1,0,0,0,1,1,0,0,0,1,1
2782-LFZVW,2024-01-07,11,month_to_month,mailed_check,dsl,58.95,601.6,0,0,0,0,0,1,1,0,0,0,1,0
5293-WXJAK,2024-01-07,11,month_to_month,bank_transfer,fiber_optic,104.05,1133.65,0,0,1,1,1,1,1,1,1,0,1,1
8444-WRIDW,2024-01-07,66,month_to_month,credit_card,fiber_optic,80.45,5224.35,0,1,0,0,0,0,1,1,0,0,1,1
0621-TSSMU,2024-01-07,56,one_year,credit_card,none,19.95,1126.75,0,0,0,0,0,0,0,0,1,0,0,0
6925-BAYGL,2024-01-07,53,two_year,credit_card,none,25.1,1275.6,0,0,0,0,0,0,1,1,1,0,0,0
3237-AJGEH,2024-01-07,3,month_to_month,mailed_check,dsl,31.0,95.05,0,0,0,1,0,0,0,0,1,1,1,1
6904-JLBGY,2024-01-07,72,two_year,credit_card,fiber_optic,117.35,8436.25,1,1,1,1,1,1,1,1,0,0,1,0
9620-ENEJV,2024-01-07,6,month_to_month,credit_card,fiber_optic,70.55,433.95,0,0,0,0,0,0,0,0,0,0,0,0
5322-TEUJK,2024-01-07,71,two_year,bank_transfer,fiber_optic,114.6,8100.25,1,1,1,1,1,1,1,0,1,1,0,0
9364-YKUVW,2024-01-07,15,month_to_month,mailed_check,none,19.8,309.4,0,0,0,0,0,0,0,0,0,0,1,0
6463-MVYRY,2024-01-07,57,two_year,bank_transfer,dsl,69.85,4003.0,1,0,1,1,1,0,0,1,0,0,0,0
6484-LATFU,2024-01-07,68,two_year,mailed_check,none,24.55,1657.4,0,0,0,0,0,0,1,0,0,0,0,0
8718-PTMEZ,2024-01-07,13,month_to_month,electronic_check,dsl,31.05,347.25,0,1,0,0,0,0,0,0,0,0,1,1
7711-GQBZC,2024-01-07,71,two_year,bank_transfer,none,24.7,1810.55,0,0,0,0,0,0,1,0,1,1,0,0
8722-NGNBH,2024-01-07,5,month_to_month,mailed_check,dsl,40.0,223.45,1,0,1,1,0,0,0,0,0,0,0,1
2432-TFSMK,2024-01-07,18,one_year,credit_card,fiber_optic,89.6,1633.0,0,0,1,0,1,0,1,0,0,0,1,0
1472-TNCWL,2024-01-07,36,month_to_month,electronic_check,fiber_optic,94.7,3512.5,0,1,0,0,1,1,0,0,0,1,1,0
0014-BMAQU,2024-01-07,63,two_year,credit_card,fiber_optic,84.65,5377.8,1,0,0,1,0,0,1,0,1,0,1,0
2724-FJDYW,2024-01-07,39,one_year,bank_transfer,dsl,54.85,2191.7,0,0,1,1,1,1,0,0,0,1,0,0
4693-VWVBO,2024-01-07,3,month_to_month,electronic_check,none,19.55,61.05,0,0,0,0,0,0,0,0,0,0,0,0
0301-KOBTQ,2024-01-07,32,two_year,bank_transfer,none,20.05,614.45,0,0,0,0,0,0,0,0,0,0,1,0
7044-YAACC,2024-01-07,4,month_to_month,electronic_check,fiber_optic,70.2,280.35,0,0,0,0,0,0,0,1,1,0,1,0
8290-YWKHZ,2024-01-07,32,month_to_month,electronic_check,fiber_optic,93.2,2931.0,0,0,0,0,1,1,1,1,1,0,1,1
5908-QMGOE,2024-01-07,15,month_to_month,credit_card,fiber_optic,74.2,1133.9,0,0,0,0,0,0,1,1,0,0,1,1
4795-KTRTH,2024-01-07,5,month_to_month,electronic_check,fiber_optic,81.0,371.65,0,1,0,0,0,0,1,1,1,0,1,1
5057-RKGLH,2024-01-07,9,two_year,mailed_check,none,20.35,191.1,0,0,0,0,0,0,0,0,1,1,0,0
6341-JVQGF,2024-01-07,31,one_year,mailed_check,dsl,81.15,2545.75,1,0,1,1,1,1,0,0,1,1,1,0
4065-JJAVA,2024-01-07,1,month_to_month,electronic_check,dsl,49.5,49.5,0,1,0,0,0,0,0,0,0,0,0,0
2018-QKYGT,2024-01-07,1,month_to_month,electronic_check,fiber_optic,81.05,81.05,0,0,0,0,0,1,0,0,1,1,1,0
7379-FNIUJ,2024-01-07,2,month_to_month,electronic_check,fiber_optic,100.2,198.5,1,1,0,0,1,1,0,0,0,0,0,0
1970-KKFWL,2024-01-07,35,two_year,bank_transfer,none,23.3,797.1,0,0,0,0,0,0,1,0,0,0,0,0
7311-MQJCH,2024-01-07,5,one_year,electronic_check,none,19.55,99.6,0,0,0,0,0,0,0,0,0,0,0,0
5896-NPFWW,2024-01-07,3,month_to_month,electronic_check,dsl,50.15,168.15,0,0,1,0,0,0,0,0,1,1,1,1
8791-GFXLZ,2024-01-07,12,month_to_month,bank_transfer,dsl,49.05,593.05,0,1,0,0,0,0,0,0,0,0,1,0
4979-HPRFL,2024-01-07,56,two_year,bank_transfer,none,24.15,1402.25,0,0,0,0,0,0,1,0,1,1,0,0
6181-AXXYF,2024-01-07,72,two_year,credit_card,none,24.75,1859.1,0,0,0,0,0,0,1,0,1,1,0,0
7908-QCBCA,2024-01-07,1,month_to_month,mailed_check,fiber_optic,69.4,69.4,0,0,0,0,0,0,0,0,1,0,1,1
6877-TJMBR,2024-01-07,1,month_to_month,electronic_check,fiber_optic,84.8,84.8,0,0,0,1,1,0,0,0,1,0,1,1
0975-UYDTX,2024-01-07,26,one_year,credit_card,dsl,90.1,2312.55,1,1,1,1,1,1,1,0,1,0,1,0
4581-LNWUM,2024-01-07,13,month_to_month,electronic_check,dsl,49.15,649.4,0,0,1,0,1,1,0,0,0,0,0,0
4957-TIALW,2024-01-07,15,one_year,credit_card,dsl,65.6,1010.0,1,1,1,1,0,0,0,0,0,1,0,0
4989-LIXVT,2024-01-07,68,month_to_month,electronic_check,fiber_optic,95.9,6503.2,0,1,1,0,0,1,1,1,0,0,1,0
0886-QGENL,2024-01-07,27,month_to_month,electronic_check,fiber_optic,101.25,2754.45,1,0,1,0,1,1,0,1,1,0,1,1
2799-ARNLO,2024-01-07,5,month_to_month,electronic_check,fiber_optic,69.35,341.6,0,0,0,0,0,0,0,1,1,0,1,0
3027-YNWZU,2024-01-07,64,two_year,credit_card,none,25.0,1584.8,0,0,0,0,0,0,1,0,1,0,0,0
9578-VRMNM,2024-01-07,16,month_to_month,credit_card,dsl,65.2,1043.35,0,0,1,0,0,1,1,0,0,0,1,1
8943-URTMR,2024-01-07,2,month_to_month,mailed_check,fiber_optic,79.65,152.7,0,0,0,0,1,0,0,0,0,0,1,1
7963-SHNDT,2024-01-07,52,two_year,mailed_check,dsl,39.1,1982.1,1,1,0,1,0,0,0,0,0,0,0,0
8007-YYPWD,2024-01-07,15,two_year,bank_transfer,none,25.05,369.1,0,0,0,0,0,0,1,0,0,0,0,0
4567-AKPIA,2024-01-07,41,one_year,bank_transfer,fiber_optic,109.1,4454.25,0,1,1,1,1,1,1,0,1,1,1,0
6927-WTFIV,2024-01-07,20,month_to_month,credit_card,fiber_optic,71.3,1389.2,0,0,0,0,0,0,0,1,0,0,0,1
5914-GXMDA,2024-01-07,32,one_year,mailed_check,none,19.3,593.2,0,0,0,0,0,0,0,0,1,0,0,0
7767-UXAGJ,2024-01-07,1,month_to_month,electronic_check,dsl,50.45,50.45,0,0,0,0,0,0,1,0,0,0,1,1
4827-DPADN,2024-01-07,72,two_year,bank_transfer,dsl,83.3,6042.7,1,0,1,1,1,1,1,0,1,1,1,0
5788-YPOEG,2024-01-07,34,two_year,mailed_check,dsl,84.75,2839.45,1,1,1,1,1,1,0,0,1,1,0,0
7242-EDTYC,2024-01-07,44,two_year,bank_transfer,none,19.55,819.95,0,0,0,0,0,0,0,0,0,1,0,0
1676-MQAOA,2024-01-07,72,two_year,bank_transfer,dsl,75.1,5336.35,1,1,1,1,1,0,0,0,0,0,1,0
5168-MSWXT,2024-01-07,8,month_to_month,electronic_check,fiber_optic,94.75,759.55,0,0,1,0,1,1,0,0,1,1,1,0
1976-AZZPJ,2024-01-07,7,month_to_month,mailed_check,dsl,34.2,256.6,1,1,0,0,0,0,0,0,1,0,0,0
8711-LOBKY,2024-01-07,59,two_year,mailed_check,none,19.85,1188.25,0,0,0,0,0,0,0,0,1,1,0,0
9057-SIHCH,2024-01-07,3,month_to_month,electronic_check,fiber_optic,96.6,291.9,0,0,0,0,1,1,1,0,0,0,1,1
5229-DTFYB,2024-01-07,41,two_year,bank_transfer,fiber_optic,98.8,3959.15,0,1,0,1,1,1,0,0,0,0,1,0
6370-ZVHDV,2024-01-07,61,two_year,bank_transfer,none,25.3,1554.9,0,0,0,0,0,0,1,0,1,0,0,0
4818-DRBQT,2024-01-07,29,month_to_month,bank_transfer,fiber_optic,80.15,2265.25,0,1,0,0,0,0,1,0,1,0,1,1
2230-XTUWL,2024-01-07,48,two_year,mailed_check,none,19.55,883.35,0,0,0,0,0,0,0,0,1,1,0,0
1066-JKSGK,2024-01-07,1,month_to_month,mailed_check,none,20.15,20.15,0,0,0,0,0,0,0,0,0,0,0,1
1852-QSWCD,2024-01-07,64,two_year,mailed_check,none,24.8,1514.85,0,0,0,0,0,0,1,0,1,1,1,0
6625-FLENO,2024-01-07,58,two_year,mailed_check,none,20.75,1185.95,0,0,0,0,0,0,0,0,1,0,0,0
1766-GKNMI,2024-01-07,29,month_to_month,electronic_check,fiber_optic,84.9,2516.2,0,0,0,0,0,1,1,0,0,0,1,0
6502-HCJTI,2024-01-07,7,month_to_month,credit_card,fiber_optic,94.7,673.1,1,1,0,0,0,1,1,1,1,0,1,1
2323-ARSVR,2024-01-07,67,two_year,electronic_check,fiber_optic,111.05,7321.05,1,1,1,1,1,1,0,0,1,0,1,0
3164-AALRN,2024-01-07,5,one_year,mailed_check,dsl,70.0,347.4,0,0,1,0,1,1,0,0,0,0,1,1
6064-ZATLR,2024-01-07,27,two_year,bank_transfer,dsl,52.85,1498.65,1,1,0,0,0,0,0,0,0,0,0,0
2636-OHFMN,2024-01-07,4,month_to_month,electronic_check,dsl,48.55,201.0,0,1,0,0,1,1,0,0,1,0,1,1
7096-UCLNH,2024-01-07,1,month_to_month,mailed_check,none,20.05,20.05,0,0,0,0,0,0,0,0,0,0,0,0
3097-PYWXL,2024-01-07,4,month_to_month,electronic_check,none,19.95,82.9,0,0,0,0,0,0,0,0,1,1,1,0
4719-UMSIY,2024-01-07,6,month_to_month,mailed_check,none,19.65,100.9,0,0,0,0,0,0,0,0,0,1,0,0
6917-IAYHD,2024-01-07,1,month_to_month,mailed_check,dsl,33.6,33.6,0,1,0,1,0,0,0,0,0,1,0,0
0112-QWPNC,2024-01-07,49,one_year,electronic_check,dsl,84.35,4059.35,1,0,1,1,1,1,1,0,1,0,0,1
5208-HFSBT,2024-01-07,2,month_to_month,credit_card,dsl,55.05,102.75,0,1,0,1,0,0,0,0,0,0,1,1
6473-ULUHT,2024-01-07,16,month_to_month,electronic_check,dsl,84.9,1398.25,1,1,0,1,1,1,1,0,1,1,0,0
2080-SRCDE,2024-01-07,1,month_to_month,mailed_check,none,25.4,25.4,0,0,0,0,0,0,1,0,0,1,0,0
7504-UWHNB,2024-01-07,25,month_to_month,electronic_check,fiber_optic,69.75,1729.35,0,0,0,0,0,0,0,0,0,0,0,0
5062-CJJKH,2024-01-07,25,one_year,mailed_check,dsl,53.65,1355.45,0,1,1,0,0,0,0,0,1,1,0,0
2272-WUSPA,2024-01-07,72,two_year,electronic_check,fiber_optic,110.75,7751.7,1,1,1,0,1,1,1,0,1,0,1,0
0380-ZCSBI,2024-01-07,10,month_to_month,credit_card,none,20.0,198.7,0,0,0,0,0,0,0,0,0,0,0,0
6250-CGGUN,2024-01-07,54,one_year,electronic_check,fiber_optic,84.4,4484.05,1,0,1,1,0,0,0,0,0,0,0,0
9661-MHUMO,2024-01-07,1,month_to_month,credit_card,dsl,49.25,49.25,0,0,0,1,0,0,0,1,1,1,1,1
5176-OLSKT,2024-01-07,66,two_year,bank_transfer,dsl,66.9,4370.25,1,1,1,0,0,0,1,0,1,0,0,0
5172-MIGPM,2024-01-07,4,month_to_month,mailed_check,dsl,65.55,237.2,0,0,0,1,0,1,1,0,0,0,0,0
6671-NGWON,2024-01-07,7,month_to_month,mailed_check,none,20.35,150.6,0,0,0,0,0,0,0,0,0,0,0,0
8169-SAEJD,2024-01-07,69,two_year,credit_card,dsl,56.55,3952.65,1,1,0,0,1,1,0,1,1,0,0,0
3585-ISXZP,2024-01-07,8,month_to_month,bank_transfer,fiber_optic,95.65,778.1,0,0,0,0,1,1,1,0,0,0,0,1
2108-GLPQB,2024-01-07,25,month_to_month,credit_card,dsl,55.55,1405.3,0,0,1,0,0,0,1,0,1,0,0,0
6029-WTIPC,2024-01-07,37,month_to_month,electronic_check,fiber_optic,101.1,3744.05,0,0,1,0,1,1,1,1,0,0,1,1
0247-SLUJI,2024-01-07,1,month_to_month,mailed_check,none,19.7,19.7,0,0,0,0,0,0,0,0,1,1,0,0
4116-IQRFR,2024-01-07,4,one_year,credit_card,none,24.1,73.1,0,0,0,0,0,0,1,0,1,1,0,0
2309-OSFEU,2024-01-07,10,month_to_month,mailed_check,dsl,33.9,298.45,0,0,0,0,0,1,0,0,0,0,1,1
0458-HEUZG,2024-01-07,13,two_year,mailed_check,dsl,35.4,450.4,0,0,1,1,0,0,0,0,0,0,0,0
7285-KLOTR,2024-01-07,12,one_year,electronic_check,dsl,78.85,876.75,1,0,1,0,1,1,1,0,1,0,0,0
1241-EZFMJ,2024-01-07,61,two_year,bank_transfer,none,25.45,1538.6,0,0,0,0,0,0,1,0,1,0,0,0
6196-HBOBZ,2024-01-07,65,two_year,electronic_check,fiber_optic,99.35,6347.55,1,1,1,0,1,0,1,0,1,0,1,0
4872-VXRIL,2024-01-07,56,one_year,bank_transfer,dsl,64.65,3665.55,1,1,0,1,0,0,1,0,0,0,1,0
6194-HBGQN,2024-01-07,51,one_year,credit_card,dsl,81.15,4126.2,1,1,1,1,1,0,1,0,0,0,1,0
5681-LLOEI,2024-01-07,43,one_year,credit_card,fiber_optic,91.25,4013.8,1,0,1,1,0,0,1,0,1,1,1,0
1536-HBSWP,2024-01-07,1,month_to_month,electronic_check,dsl,49.9,49.9,0,0,0,1,0,0,0,0,0,0,1,0
0988-JRWWP,2024-01-07,3,month_to_month,electronic_check,dsl,54.2,140.4,0,0,0,0,1,0,0,0,0,0,1,0
3665-JATSN,2024-01-07,19,month_to_month,electronic_check,dsl,39.7,710.05,0,1,0,0,0,1,0,0,0,0,1,0
1833-TCXKK,2024-01-07,45,month_to_month,bank_transfer,fiber_optic,107.75,4882.8,0,1,1,0,1,1,1,0,1,0,1,0
0324-BRPCJ,2024-01-07,68,month_to_month,electronic_check,fiber_optic,100.2,6851.65,0,1,0,0,1,1,1,1,1,0,1,1
2002-MZHWP,2024-01-07,1,month_to_month,mailed_check,none,20.5,20.5,0,0,0,0,0,0,0,0,0,0,0,1
4821-SJHJV,2024-01-07,32,month_to_month,electronic_check,fiber_optic,89.6,2901.8,1,0,0,0,1,0,1,0,1,1,0,0
9581-GVBXT,2024-01-07,59,one_year,mailed_check,dsl,34.8,1980.3,1,0,1,0,0,0,0,0,1,1,0,0
5242-UOWHD,2024-01-07,45,two_year,mailed_check,none,20.35,929.2,0,0,0,0,0,0,0,0,1,1,0,0
6892-XPFPU,2024-01-07,24,month_to_month,electronic_check,fiber_optic,104.25,2433.9,0,1,1,0,1,1,1,1,1,0,1,1
1187-WILMM,2024-01-07,63,two_year,credit_card,dsl,89.4,5597.65,1,1,1,1,1,1,1,0,1,1,1,0
4109-CYRBD,2024-01-07,29,month_to_month,electronic_check,dsl,51.6,1442.0,0,0,0,0,0,0,1,1,1,0,1,0
0913-XWSCN,2024-01-07,55,month_to_month,bank_transfer,fiber_optic,85.5,4713.4,0,0,0,0,0,1,1,0,1,1,0,0
8837-VVWLQ,2024-01-07,8,month_to_month,electronic_check,fiber_optic,84.95,668.4,1,0,0,0,1,0,0,0,0,0,0,1
6345-HOVES,2024-01-07,34,month_to_month,bank_transfer,dsl,25.05,852.7,0,0,0,0,0,0,0,0,0,0,1,0
3244-DCJWY,2024-01-07,1,month_to_month,electronic_check,fiber_optic,70.25,70.25,0,0,0,0,0,0,0,0,0,0,1,1
8735-DCXNF,2024-01-07,10,month_to_month,credit_card,dsl,54.95,568.85,1,0,0,1,0,0,0,0,1,0,1,0
5676-CFLYY,2024-01-07,71,two_year,credit_card,dsl,73.35,5154.5,0,1,0,1,1,1,0,0,1,1,1,0
8217-QYOHV,2024-01-07,5,month_to_month,mailed_check,dsl,55.75,266.95,1,0,0,1,0,0,0,0,0,0,1,0
2486-WYVVE,2024-01-07,31,one_year,mailed_check,dsl,79.3,2484.0,0,0,1,1,1,1,1,0,1,0,1,0
2024-BASKD,2024-01-07,1,month_to_month,mailed_check,fiber_optic,74.6,74.6,0,0,1,0,0,0,0,0,0,0,1,1
5366-IJEQJ,2024-01-07,20,month_to_month,electronic_check,fiber_optic,88.7,1761.45,0,0,1,0,1,0,1,0,0,0,1,1
6131-IUNXN,2024-01-07,19,month_to_month,mailed_check,none,20.2,382.2,0,0,0,0,0,0,0,0,1,1,0,0
3520-FJGCV,2024-01-07,72,two_year,credit_card,fiber_optic,112.6,8126.65,1,1,1,1,1,1,1,0,1,1,1,0
1734-ZMNTZ,2024-01-07,11,two_year,mailed_check,none,25.0,300.7,0,0,0,0,0,0,1,0,1,1,0,0
4228-ZGYUW,2024-01-07,4,month_to_month,electronic_check,fiber_optic,90.05,368.1,0,1,0,0,0,1,1,0,0,0,1,1
9601-BRXPO,2024-01-07,25,month_to_month,bank_transfer,fiber_optic,104.95,2566.5,0,0,1,1,1,1,1,0,1,0,1,1
4584-LBNMK,2024-01-07,45,one_year,credit_card,none,24.7,1174.35,0,0,0,0,0,0,1,1,1,0,0,0
8495-LJDFO,2024-01-07,64,month_to_month,bank_transfer,fiber_optic,108.95,7111.3,1,0,1,1,1,1,1,1,0,0,1,0
7976-CICYS,2024-01-07,4,month_to_month,credit_card,none,20.7,83.75,0,0,0,0,0,0,0,0,0,0,1,0
3374-PZLXD,2024-01-07,34,month_to_month,mailed_check,none,19.7,675.6,0,0,0,0,0,0,0,0,0,0,0,0
5696-JVVQY,2024-01-07,48,two_year,credit_card,dsl,70.1,3238.4,1,1,1,0,0,1,0,0,1,1,1,0
2203-GHNWN,2024-01-07,24,month_to_month,mailed_check,fiber_optic,79.65,1928.7,0,0,1,0,0,0,1,0,1,0,1,0
9489-UTFKA,2024-01-07,8,month_to_month,bank_transfer,dsl,60.9,551.95,1,0,0,0,1,0,0,1,1,0,0,0
4129-LYCOI,2024-01-07,67,two_year,electronic_check,fiber_optic,104.0,7039.05,0,1,0,1,1,1,1,0,0,1,1,0
2257-BOVXD,2024-01-07,14,month_to_month,credit_card,dsl,66.6,979.5,0,0,0,1,1,0,1,0,1,0,1,0
5143-EGQFK,2024-01-07,10,month_to_month,electronic_check,dsl,29.65,291.4,0,0,0,1,0,0,0,1,0,0,1,1
9833-TGFHX,2024-01-07,42,one_year,electronic_check,fiber_optic,97.1,4016.75,1,0,0,0,1,1,1,0,1,1,0,0
8387-UGUSU,2024-01-07,15,month_to_month,mailed_check,none,20.05,284.3,0,0,0,0,0,0,0,0,1,1,0,0
5365-LLFYV,2024-01-07,2,month_to_month,mailed_check,dsl,45.85,105.6,0,0,0,0,0,0,0,0,0,0,1,0
9408-HRXRK,2024-01-07,45,month_to_month,electronic_check,fiber_optic,105.15,4730.9,1,1,0,0,1,1,1,0,1,1,1,0
1565-RHDJD,2024-01-07,4,month_to_month,bank_transfer,fiber_optic,84.05,333.55,0,1,1,0,0,0,1,0,0,1,0,1
1150-WFARN,2024-01-07,67,two_year,credit_card,fiber_optic,108.75,7156.2,1,0,1,1,1,1,1,0,1,1,1,1
5995-OIGLP,2024-01-07,12,month_to_month,mailed_check,dsl,56.65,654.85,1,0,0,1,0,0,0,0,0,0,0,1
0407-BDJKB,2024-01-07,60,month_to_month,electronic_check,fiber_optic,95.75,5742.9,0,1,1,0,1,0,1,0,1,0,1,1
2947-DOMLJ,2024-01-07,1,month_to_month,mailed_check,dsl,50.6,50.6,1,0,0,0,0,0,0,0,0,1,0,1
8309-IEYJD,2024-01-07,1,month_to_month,mailed_check,fiber_optic,70.6,70.6,0,0,0,0,0,0,0,1,0,0,1,0
3900-AQPHZ,2024-01-07,1,month_to_month,mailed_check,none,19.9,19.9,0,0,0,0,0,0,0,0,0,0,0,1
4544-RXFMG,2024-01-07,8,one_year,mailed_check,dsl,43.45,345.5,0,0,0,0,0,0,0,0,1,1,1,0
1624-NALOJ,2024-01-07,5,month_to_month,electronic_check,fiber_optic,89.8,502.6,0,1,0,0,0,1,1,1,0,0,1,1
1447-GIQMR,2024-01-07,1,month_to_month,electronic_check,fiber_optic,69.15,69.15,0,0,0,0,0,0,0,0,1,0,1,1
2346-LOCWC,2024-01-07,58,two_year,credit_card,none,20.5,1191.4,0,0,0,0,0,0,0,0,1,1,0,0
5172-RKOCB,2024-01-07,72,two_year,credit_card,fiber_optic,108.95,7875.0,1,1,0,1,1,1,1,0,1,0,1,0
2808-CHTDM,2024-01-07,23,two_year,mailed_check,none,25.1,611.45,0,0,0,0,0,0,1,0,1,1,0,0
1010-DIAUQ,2024-01-07,5,month_to_month,bank_transfer,fiber_optic,96.5,492.55,0,0,1,0,1,1,0,0,0,0,0,1
8242-PDSGJ,2024-01-07,70,two_year,credit_card,dsl,39.15,2692.75,1,0,1,1,0,0,0,0,1,0,1,0
5520-FVEWJ,2024-01-07,12,month_to_month,electronic_check,fiber_optic,84.5,916.9,0,1,1,0,0,0,1,0,1,1,1,1
0958-YHXGP,2024-01-07,7,month_to_month,mailed_check,fiber_optic,69.9,497.3,0,0,0,0,0,0,0,0,0,0,1,0
2135-RXIHG,2024-01-07,1,month_to_month,electronic_check,dsl,45.65,45.65,0,0,0,0,0,0,0,0,0,0,1,1
6981-TDRFT,2024-01-07,44,one_year,electronic_check,dsl,54.3,2317.1,0,0,1,1,1,1,0,0,1,1,1,0
5751-USDBL,2024-01-07,46,two_year,mailed_check,dsl,81.0,3846.35,1,0,1,1,1,1,0,0,1,1,0,0
8457-XIGKN,2024-01-07,20,month_to_month,credit_card,none,19.6,356.15,0,0,0,0,0,0,0,0,0,0,1,0
0111-KLBQG,2024-01-07,32,month_to_month,mailed_check,fiber_optic,93.95,2861.45,0,1,0,0,1,1,0,1,1,1,1,0
2676-ISHSF,2024-01-07,1,month_to_month,mailed_check,none,20.3,20.3,0,0,0,0,0,0,0,0,0,0,0,0
0436-TWFFZ,2024-01-07,67,two_year,mailed_check,dsl,85.25,5714.2,1,0,1,1,1,1,1,0,0,0,1,0
4902-OHLSK,2024-01-07,29,month_to_month,electronic_check,fiber_optic,98.65,2862.75,0,0,0,1,1,1,1,1,0,0,0,1
2560-QTSBS,2024-01-07,72,one_year,bank_transfer,none,23.3,1623.15,0,0,0,0,0,0,1,0,1,1,1,0
3902-FOIGH,2024-01-07,12,month_to_month,electronic_check,fiber_optic,101.35,1218.55,0,1,0,0,1,1,1,1,1,0,1,1
1352-VHKAJ,2024-01-07,27,month_to_month,bank_transfer,dsl,71.6,1957.1,0,0,0,1,1,1,1,0,1,1,0,0
1741-WTPON,2024-01-07,56,two_year,mailed_check,fiber_optic,115.85,6567.9,1,1,1,1,1,1,1,0,1,1,0,0
2382-BCKQJ,2024-01-07,62,one_year,electronic_check,fiber_optic,100.15,6413.65,0,0,1,0,1,1,1,0,0,1,1,1
7950-XWOVN,2024-01-07,11,month_to_month,mailed_check,dsl,34.7,383.55,0,1,1,0,0,0,0,0,0,0,0,0
0191-ZHSKZ,2024-01-07,30,month_to_month,electronic_check,dsl,74.75,2111.3,1,1,0,0,1,1,0,1,0,0,1,0
0362-RAOQO,2024-01-07,40,two_year,credit_card,none,19.65,830.25,0,0,0,0,0,0,0,0,0,0,0,0
4282-ACRXS,2024-01-07,38,month_to_month,electronic_check,dsl,24.85,955.75,0,0,0,0,0,0,0,1,1,0,1,0
8799-OXZMD,2024-01-07,28,month_to_month,mailed_check,dsl,29.75,790.7,0,0,1,0,0,0,0,0,0,0,1,0
9223-UCPVT,2024-01-07,1,month_to_month,electronic_check,fiber_optic,94.4,94.4,0,0,1,0,1,1,0,0,0,0,0,1
1600-DILPE,2024-01-07,12,month_to_month,bank_transfer,dsl,45.0,524.35,0,0,0,0,0,0,0,0,0,0,1,0
0810-BDHAW,2024-01-07,24,one_year,electronic_check,dsl,78.4,1832.4,1,1,0,0,1,1,1,0,1,1,0,0
5334-AFQJB,2024-01-07,72,two_year,credit_card,none,25.1,1789.9,0,0,0,0,0,0,1,1,0,0,1,0
0641-EVBOJ,2024-01-07,3,month_to_month,mailed_check,fiber_optic,82.3,214.4,1,0,0,1,0,0,0,0,0,0,1,0
8015-IHCGW,2024-01-07,72,two_year,electronic_check,fiber_optic,115.5,8425.15,1,1,1,1,1,1,1,0,1,1,1,0
8746-OQQRW,2024-01-07,4,month_to_month,mailed_check,none,25.25,101.9,0,0,0,0,0,0,1,0,0,0,0,0
3370-HXOPH,2024-01-07,3,month_to_month,electronic_check,fiber_optic,76.1,257.6,0,0,0,0,0,0,1,0,0,0,0,0
2722-JMONI,2024-01-07,1,month_to_month,electronic_check,dsl,49.55,49.55,1,0,0,0,0,0,0,1,1,0,1,1
0475-RIJEP,2024-01-07,43,month_to_month,electronic_check,fiber_optic,77.85,3365.85,0,1,0,0,0,0,1,0,0,0,1,1
8111-BKVDS,2024-01-07,10,month_to_month,bank_transfer,dsl,40.7,449.3,1,1,1,0,0,0,0,0,0,0,0,0
0224-RLWWD,2024-01-07,2,month_to_month,electronic_check,dsl,44.3,89.3,0,0,0,0,0,0,0,1,0,0,1,0
6508-NJYRO,2024-01-07,15,one_year,mailed_check,none,18.8,294.95,0,0,0,0,0,0,0,0,1,0,0,0
3411-WLRSQ,2024-01-07,3,month_to_month,bank_transfer,fiber_optic,74.6,239.05,0,1,0,0,0,0,0,1,1,0,1,0
8316-BBQAY,2024-01-07,65,two_year,credit_card,dsl,59.95,3921.1,1,0,1,1,1,1,0,0,0,0,0,0
2150-OEGBV,2024-01-07,27,one_year,bank_transfer,none,20.1,562.6,0,0,0,0,0,0,0,0,0,0,0,0
3551-HUAZH,2024-01-07,1,month_to_month,electronic_check,fiber_optic,74.4,74.4,0,0,0,0,0,0,1,1,0,0,1,1
8884-FEEWR,2024-01-07,35,one_year,bank_transfer,none,20.6,754.0,0,0,0,0,0,0,0,0,0,0,0,0
5968-VXZLG,2024-01-07,2,month_to_month,bank_transfer,dsl,46.6,87.9,0,0,0,0,0,0,0,0,0,0,1,0
3070-BDOQC,2024-01-07,60,two_year,electronic_check,fiber_optic,99.65,5941.05,0,1,1,0,1,1,0,0,0,0,1,0
2821-WARNZ,2024-01-07,49,one_year,credit_card,none,19.45,921.3,0,0,0,0,0,0,0,0,0,1,0,0
2108-XWMPY,2024-01-07,3,month_to_month,mailed_check,dsl,35.45,106.85,1,1,0,0,0,0,0,0,0,0,1,1
8194-PEEBY,2024-01-07,24,one_year,mailed_check,none,19.9,533.5,0,0,0,0,0,0,0,0,1,1,0,0
1832-PEUTS,2024-01-07,62,two_year,credit_card,fiber_optic,89.1,5411.65,0,0,1,0,1,0,1,0,1,1,1,0
2685-SREOM,2024-01-07,25,month_to_month,electronic_check,fiber_optic,89.1,2368.4,0,0,1,0,0,1,1,0,1,1,1,1
2657-VPXTA,2024-01-07,10,month_to_month,electronic_check,fiber_optic,88.85,929.45,0,0,0,0,1,1,0,0,1,1,1,0
5067-WJEUN,2024-01-07,67,two_year,bank_transfer,dsl,54.2,3838.2,1,1,0,0,0,0,0,0,1,1,1,0
2205-YMZZJ,2024-01-07,7,month_to_month,electronic_check,fiber_optic,84.8,546.95,0,0,0,0,1,0,1,1,0,0,1,1
4277-UDIEF,2024-01-07,24,month_to_month,bank_transfer,dsl,81.0,1923.85,1,0,0,1,1,1,1,0,1,1,0,0
1480-BKXGA,2024-01-07,72,two_year,bank_transfer,fiber_optic,116.05,8404.9,1,1,1,1,1,1,1,1,1,0,1,0
4648-YPBTM,2024-01-07,53,two_year,bank_transfer,dsl,73.9,3958.25,0,1,1,1,0,1,1,0,0,0,1,0
3097-NQYSN,2024-01-07,2,month_to_month,mailed_check,fiber_optic,86.85,156.35,0,0,0,0,1,0,1,1,1,0,1,1
9250-WYPLL,2024-01-07,5,month_to_month,electronic_check,fiber_optic,75.55,413.65,0,0,0,0,0,0,1,0,0,0,0,1
5245-VDBUR,2024-01-07,52,one_year,mailed_check,dsl,35.45,1958.95,1,0,1,0,0,0,0,0,1,0,0,0
8468-FZTOE,2024-01-07,72,two_year,electronic_check,dsl,74.35,5237.4,1,1,1,1,0,1,0,0,1,1,1,0
7639-OPLNG,2024-01-07,70,two_year,bank_transfer,dsl,79.25,5731.85,1,1,1,1,1,0,1,0,1,1,1,0
8631-XVRZL,2024-01-07,9,one_year,mailed_check,none,20.15,163.7,0,0,0,0,0,0,0,0,0,0,1,0
1051-GEJLJ,2024-01-07,2,month_to_month,mailed_check,none,19.5,27.55,0,0,0,0,0,0,0,0,0,0,0,0
5753-QQWPW,2024-01-07,28,one_year,electronic_check,dsl,59.9,1654.7,1,1,0,1,0,0,0,0,0,0,1,0
9339-FIIJL,2024-01-07,72,two_year,bank_transfer,dsl,85.95,6151.9,0,1,1,1,1,1,1,0,1,0,0,0
8644-XYTSV,2024-01-07,42,month_to_month,bank_transfer,dsl,40.15,1626.05,1,0,0,0,1,0,0,0,1,0,1,0
6688-UZPWD,2024-01-07,11,month_to_month,electronic_check,fiber_optic,102.0,1145.35,0,1,0,0,1,1,1,0,1,0,1,1
1534-OULXE,2024-01-07,61,one_year,bank_transfer,dsl,49.7,2961.4,1,0,0,0,0,0,0,0,1,1,1,0
3902-MIVLE,2024-01-07,63,two_year,mailed_check,dsl,75.7,4676.7,1,0,1,1,0,1,1,0,1,1,0,0
4237-RLAQD,2024-01-07,1,month_to_month,mailed_check,dsl,45.85,45.85,0,0,0,0,0,0,0,0,0,0,1,1
1208-DNHLN,2024-01-07,23,one_year,credit_card,dsl,48.35,1067.15,0,0,0,0,0,0,1,0,1,1,1,1
0704-VCUMB,2024-01-07,61,two_year,credit_card,none,20.25,1278.8,0,0,0,0,0,0,0,0,1,0,0,0
2550-QHZGP,2024-01-07,7,one_year,mailed_check,none,19.5,128.6,0,0,0,0,0,0,0,0,0,0,0,0
7817-OMJNA,2024-01-07,14,one_year,bank_transfer,none,20.4,275.7,0,0,0,0,0,0,0,0,0,0,0,0
2811-POVEX,2024-01-07,23,month_to_month,bank_transfer,fiber_optic,88.45,2130.55,0,1,1,0,0,1,0,1,1,1,1,0
9940-HPQPG,2024-01-07,9,month_to_month,bank_transfer,fiber_optic,91.75,865.8,1,1,1,0,0,0,1,0,1,0,0,1
2012-NWRPA,2024-01-07,11,month_to_month,electronic_check,fiber_optic,99.55,1131.2,0,0,1,0,1,1,1,1,1,0,1,1
5176-LDKUH,2024-01-07,48,one_year,electronic_check,fiber_optic,75.15,3772.65,0,1,0,0,0,0,0,0,0,0,0,0
0281-CNTZX,2024-01-07,63,two_year,bank_transfer,none,19.95,1234.8,0,0,0,0,0,0,0,0,1,0,1,0
3440-JPSCL,2024-01-07,6,month_to_month,mailed_check,fiber_optic,99.95,547.65,0,0,1,1,1,1,0,0,0,0,1,1
7284-BUYEC,2024-01-07,5,month_to_month,credit_card,dsl,50.95,229.4,0,1,0,0,1,1,0,0,0,0,1,0
4178-EGMON,2024-01-07,70,two_year,credit_card,fiber_optic,88.0,5986.45,1,1,0,1,0,0,1,0,1,0,1,0
2373-NTKOD,2024-01-07,8,month_to_month,electronic_check,dsl,66.25,546.45,0,0,0,0,1,1,0,0,0,0,1,0
4538-WNTMJ,2024-01-07,46,one_year,mailed_check,none,24.95,1165.9,0,0,0,0,0,0,1,0,1,1,0,0
1345-GKDZZ,2024-01-07,6,month_to_month,mailed_check,none,19.55,128.6,0,0,0,0,0,0,0,0,0,1,0,0
8883-ANODQ,2024-01-07,68,two_year,credit_card,fiber_optic,84.4,5746.75,0,1,1,0,0,0,1,0,1,1,1,0
1488-SYSFC,2024-01-07,31,month_to_month,electronic_check,none,20.65,702.05,0,0,0,0,0,0,0,0,1,1,1,0
5876-QMYLD,2024-01-07,23,one_year,mailed_check,none,20.05,415.1,0,0,0,0,0,0,0,0,1,1,0,0
3908-BLSYF,2024-01-07,6,month_to_month,electronic_check,fiber_optic,83.9,497.55,0,0,1,0,0,1,0,0,0,0,0,1
4317-VTEOA,2024-01-07,1,month_to_month,electronic_check,dsl,50.75,50.75,0,1,0,0,0,0,0,0,0,0,1,1
3422-GALYP,2024-01-07,2,month_to_month,electronic_check,fiber_optic,79.45,145.15,0,1,0,0,0,0,1,0,0,0,1,0
5461-QKNTN,2024-01-07,43,month_to_month,electronic_check,fiber_optic,94.3,3953.15,0,1,0,1,1,0,1,1,1,0,1,0
9975-GPKZU,2024-01-07,46,two_year,credit_card,none,19.75,856.5,0,0,0,0,0,0,0,0,1,1,0,0
2284-VFLKH,2024-01-07,49,one_year,credit_card,fiber_optic,99.25,4920.8,0,0,1,1,1,1,0,0,1,0,1,0
8945-MUQUF,2024-01-07,51,one_year,electronic_check,fiber_optic,94.8,4837.6,1,1,0,0,1,0,1,0,0,0,1,1
5149-CUZUJ,2024-01-07,28,one_year,bank_transfer,fiber_optic,92.9,2768.35,0,1,1,1,1,0,0,0,1,1,0,0
9614-RMGHA,2024-01-07,65,month_to_month,bank_transfer,fiber_optic,91.85,5940.85,0,1,0,0,1,0,1,0,1,0,1,1
5076-YVXCM,2024-01-07,51,month_to_month,bank_transfer,fiber_optic,83.4,4149.45,0,0,0,0,0,1,1,0,0,0,0,0
5088-QZLRL,2024-01-07,1,month_to_month,electronic_check,none,20.65,20.65,0,0,0,0,0,0,0,0,0,0,0,0
5054-IEXZT,2024-01-07,1,month_to_month,electronic_check,fiber_optic,75.35,75.35,0,1,0,0,0,0,0,0,0,1,1,1
3594-BDSOA,2024-01-07,24,one_year,credit_card,none,20.4,482.8,0,0,0,0,0,0,0,0,1,0,0,0
3034-ZBEQN,2024-01-07,48,one_year,mailed_check,dsl,34.7,1604.5,0,1,1,0,0,0,0,0,1,0,0,1
7903-CMPEY,2024-01-07,1,month_to_month,electronic_check,fiber_optic,80.3,80.3,1,0,0,0,0,0,1,1,1,0,1,1
8654-DHAOW,2024-01-07,2,month_to_month,mailed_check,dsl,54.15,101.65,0,1,0,0,0,0,1,0,0,0,0,0
2039-JONDJ,2024-01-07,27,one_year,bank_transfer,dsl,55.45,1477.65,1,1,0,0,0,0,0,0,0,0,0,0
7623-TRNQN,2024-01-07,1,month_to_month,mailed_check,dsl,49.9,49.9,0,0,0,1,0,0,0,0,0,1,1,1
8821-KVZKQ,2024-01-07,70,one_year,bank_transfer,dsl,58.4,4113.15,0,1,1,1,1,1,0,0,1,1,1,0
1596-BBVTG,2024-01-07,35,month_to_month,credit_card,fiber_optic,75.35,2636.05,0,0,0,0,0,0,1,0,0,0,0,1
4702-HDRKD,2024-01-07,67,one_year,bank_transfer,dsl,49.35,3321.35,1,0,1,1,1,0,0,0,0,0,1,0
1501-SGHBW,2024-01-07,2,month_to_month,mailed_check,dsl,45.85,81.0,0,0,0,0,0,0,0,0,0,0,0,1
0422-OHQHQ,2024-01-07,15,one_year,mailed_check,none,20.55,295.95,0,0,0,0,0,0,0,0,1,1,0,0
2866-IKBTM,2024-01-07,1,month_to_month,mailed_check,none,19.55,19.55,0,0,0,0,0,0,0,0,0,0,0,0
5201-CBWYG,2024-01-07,62,one_year,bank_transfer,none,24.8,1476.25,0,0,0,0,0,0,1,0,1,1,0,0
2642-MAWLJ,2024-01-07,36,two_year,bank_transfer,none,20.25,717.95,0,0,0,0,0,0,0,0,1,1,0,0
1240-KNSEZ,2024-01-07,1,month_to_month,mailed_check,none,20.1,20.1,0,0,0,0,0,0,0,0,0,0,1,1
5286-YHCVC,2024-01-07,72,two_year,bank_transfer,fiber_optic,104.8,7470.1,0,1,1,0,1,1,1,0,1,0,1,0
8469-SNFFH,2024-01-07,70,one_year,bank_transfer,dsl,79.4,5528.9,1,1,1,1,1,0,1,0,1,0,0,0
9732-KPKBW,2024-01-07,1,month_to_month,electronic_check,dsl,53.95,53.95,1,0,0,1,0,0,0,0,0,0,1,1
9357-UJRUN,2024-01-07,24,one_year,electronic_check,dsl,58.35,1346.9,1,0,0,1,0,0,1,0,1,0,1,0
0022-TCJCI,2024-01-07,45,one_year,credit_card,dsl,62.7,2791.5,1,0,1,0,0,1,0,1,0,0,0,1
2829-HYVZP,2024-01-07,29,one_year,mailed_check,none,19.8,572.2,0,0,0,0,0,0,0,0,0,0,1,0
5846-QFDFI,2024-01-07,33,month_to_month,credit_card,fiber_optic,88.6,2888.7,0,1,1,1,0,0,1,0,1,1,0,0
0722-SVSFK,2024-01-07,7,month_to_month,electronic_check,fiber_optic,100.4,715.0,0,0,1,1,1,1,0,0,0,0,1,0
0947-IDHRQ,2024-01-07,7,month_to_month,mailed_check,fiber_optic,80.3,526.7,0,0,0,0,1,0,0,0,0,0,1,1
9903-LYSAB,2024-01-07,18,month_to_month,electronic_check,fiber_optic,73.15,1305.95,0,0,0,0,0,0,1,0,1,0,1,0
3156-QLHBO,2024-01-07,2,month_to_month,mailed_check,none,19.25,48.35,0,0,0,0,0,0,0,0,0,1,0,0
5321-NTRKC,2024-01-07,66,two_year,bank_transfer,dsl,79.85,5234.95,0,1,1,0,1,1,1,0,1,1,0,0
1087-UDSIH,2024-01-07,3,month_to_month,mailed_check,none,19.6,59.75,0,0,0,0,0,0,0,0,0,0,1,1
7096-ZNBZI,2024-01-07,72,two_year,credit_card,none,26.45,1914.5,0,0,0,0,0,0,1,0,1,0,0,0
7399-QHBJS,2024-01-07,72,two_year,credit_card,dsl,66.75,4760.3,1,1,0,1,0,0,1,0,1,1,0,0
0749-IRGQE,2024-01-07,13,month_to_month,electronic_check,dsl,45.3,528.45,0,0,0,0,1,1,0,1,1,0,0,0
2960-NKRSO,2024-01-07,24,month_to_month,electronic_check,fiber_optic,85.95,2107.15,0,1,1,1,0,0,0,0,0,0,1,0
4654-ULTTN,2024-01-07,70,two_year,credit_card,dsl,74.8,5315.8,1,0,1,1,0,1,1,0,1,0,1,0
9715-WZCLW,2024-01-07,71,two_year,electronic_check,fiber_optic,97.2,6910.3,1,0,0,0,1,1,1,0,1,1,1,0
6681-ZSEXG,2024-01-07,56,two_year,credit_card,dsl,59.5,3389.25,0,1,1,0,0,0,1,0,1,0,0,0
9025-AOMKI,2024-01-07,6,month_to_month,bank_transfer,fiber_optic,93.55,536.4,0,0,0,0,1,1,1,0,0,0,1,1
5077-DXTCG,2024-01-07,1,month_to_month,electronic_check,dsl,45.3,45.3,0,0,0,0,0,0,0,0,0,0,1,1
4012-ZTHBR,2024-01-07,21,month_to_month,electronic_check,dsl,44.95,926.25,0,0,0,0,0,0,0,0,1,1,1,0
7683-CBDKJ,2024-01-07,14,month_to_month,electronic_check,dsl,65.45,937.6,1,1,0,0,1,0,0,0,1,1,1,1
0708-LGSMF,2024-01-07,13,month_to_month,electronic_check,dsl,65.85,902.25,1,0,0,0,0,1,1,0,1,0,1,0
5519-NPHVG,2024-01-07,12,month_to_month,electronic_check,fiber_optic,94.2,1046.1,0,0,0,0,1,1,1,0,0,0,1,1
6908-VVYHM,2024-01-07,65,month_to_month,electronic_check,fiber_optic,90.65,5931.0,0,1,0,0,0,1,1,0,1,0,1,0
0215-BQKGS,2024-01-07,30,month_to_month,credit_card,fiber_optic,84.3,2438.6,1,1,1,0,0,0,0,0,0,0,1,0
4236-UJPWO,2024-01-07,2,month_to_month,electronic_check,dsl,24.5,46.4,0,0,0,0,0,0,0,0,0,0,0,0
7777-UNYHB,2024-01-07,12,month_to_month,credit_card,none,20.1,232.4,0,0,0,0,0,0,0,0,1,1,1,0
6815-ABQFQ,2024-01-07,56,one_year,electronic_check,fiber_optic,107.25,6033.3,0,1,0,1,1,1,1,0,1,0,1,0
0248-PGHBZ,2024-01-07,67,two_year,bank_transfer,fiber_optic,92.45,6140.85,1,1,0,1,1,0,0,1,0,0,1,0
2626-URJFX,2024-01-07,4,month_to_month,electronic_check,dsl,50.9,225.6,0,0,0,0,0,0,1,0,1,1,1,1
9058-HRZSV,2024-01-07,65,month_to_month,electronic_check,fiber_optic,94.4,6126.15,1,1,1,0,0,1,0,1,1,0,0,0
3716-LRGXK,2024-01-07,60,two_year,credit_card,fiber_optic,101.15,6067.4,0,0,1,0,1,1,1,0,1,0,0,0
2568-OIADY,2024-01-07,37,month_to_month,electronic_check,fiber_optic,99.5,3762.0,0,0,1,0,1,1,1,0,1,0,1,1
7606-BPHHN,2024-01-07,72,two_year,credit_card,none,19.8,1468.75,0,0,0,0,0,0,0,0,0,0,1,0
3253-HKOKL,2024-01-07,52,one_year,electronic_check,fiber_optic,100.3,5244.45,1,0,1,0,1,1,0,0,1,1,0,0
3606-TWKGI,2024-01-07,13,month_to_month,electronic_check,fiber_optic,106.9,1364.3,0,1,1,0,1,1,1,1,0,0,1,1
4007-NHVHI,2024-01-07,56,month_to_month,electronic_check,fiber_optic,96.85,5219.65,1,1,0,0,0,1,1,1,0,0,1,0
4807-IZYOZ,2024-01-07,51,two_year,bank_transfer,none,20.65,1020.75,0,0,0,0,0,0,0,0,0,0,0,0
0274-JKUJR,2024-01-07,7,month_to_month,mailed_check,dsl,58.85,465.7,1,1,1,0,1,1,0,0,1,1,0,0
5935-FCCNB,2024-01-07,17,month_to_month,electronic_check,fiber_optic,94.2,1608.15,0,0,0,0,1,1,1,1,0,0,1,0
2333-KWEWW,2024-01-07,18,two_year,credit_card,none,20.05,388.6,0,0,0,0,0,0,0,0,0,0,0,0
7103-IPXPJ,2024-01-07,50,one_year,electronic_check,fiber_optic,99.4,5059.75,0,0,0,1,1,1,1,0,1,0,0,0
6035-BXTTY,2024-01-07,32,month_to_month,bank_transfer,dsl,54.65,1830.1,0,1,0,1,0,0,0,1,0,0,0,0
3765-JXVKY,2024-01-07,1,month_to_month,electronic_check,fiber_optic,74.7,74.7,0,1,0,0,0,0,0,0,0,0,1,1
2927-QRRQV,2024-01-07,46,one_year,electronic_check,fiber_optic,94.65,4312.5,0,1,1,0,1,0,1,0,1,0,1,0
3181-MIZBN,2024-01-07,16,month_to_month,electronic_check,none,19.75,313.4,0,0,0,0,0,0,0,0,1,1,0,0
0968-GSIKN,2024-01-07,1,month_to_month,mailed_check,fiber_optic,70.8,70.8,0,0,0,0,0,0,0,0,0,0,1,1
0422-UXFAP,2024-01-07,51,one_year,electronic_check,fiber_optic,98.85,4947.55,0,0,1,0,1,1,1,0,1,0,1,0
4016-BJKTZ,2024-01-07,25,two_year,electronic_check,fiber_optic,108.9,2809.05,0,1,1,1,1,1,1,0,0,0,0,0
9327-QSDED,2024-01-07,8,month_to_month,mailed_check,dsl,43.55,335.4,0,0,0,0,0,0,0,0,0,0,0,0
7841-FCRQD,2024-01-07,33,one_year,credit_card,dsl,53.75,1857.3,0,1,0,1,0,0,0,0,1,0,1,0
7054-DMVAS,2024-01-07,54,two_year,bank_transfer,dsl,65.3,3512.9,1,1,0,0,1,0,0,0,0,0,1,0
1092-WPIVQ,2024-01-07,18,two_year,mailed_check,none,25.1,428.45,0,0,0,0,0,0,1,0,1,1,0,0
8763-KIAFH,2024-01-07,27,one_year,mailed_check,none,20.55,583.3,0,0,0,0,0,0,0,0,1,1,1,0
2898-MRKPI,2024-01-07,68,one_year,credit_card,fiber_optic,101.05,6770.5,0,1,0,0,1,1,1,0,1,1,1,0
0603-TPMIB,2024-01-07,59,two_year,mailed_check,none,25.45,1534.05,0,0,0,0,0,0,1,0,1,1,0,0
8023-QHAIO,2024-01-07,56,month_to_month,bank_transfer,fiber_optic,76.85,4275.75,0,0,0,1,0,0,1,1,1,0,1,0
0795-XCCTE,2024-01-07,72,two_year,bank_transfer,none,25.4,1809.35,0,0,0,0,0,0,1,1,0,0,0,0
2453-SAFNS,2024-01-07,54,one_year,mailed_check,dsl,72.1,3886.05,0,1,0,1,1,0,1,1,0,0,0,0
5176-LMJXE,2024-01-07,47,two_year,mailed_check,none,20.55,945.7,0,0,0,0,0,0,0,0,0,0,1,0
6598-KELSS,2024-01-07,50,one_year,bank_transfer,dsl,43.05,2208.05,1,1,0,0,1,0,0,0,0,1,1,0
6257-DTAYD,2024-01-07,71,two_year,credit_card,fiber_optic,104.15,7365.3,0,1,0,1,1,1,1,0,1,0,1,0
2672-OJQZP,2024-01-07,1,month_to_month,mailed_check,dsl,44.75,44.75,0,0,0,0,0,0,0,0,0,0,0,0
1320-HTRDR,2024-01-07,3,month_to_month,electronic_check,fiber_optic,75.5,220.6,0,0,0,0,0,0,1,0,0,0,1,1
9236-NDUCW,2024-01-07,21,two_year,mailed_check,dsl,35.1,770.4,1,0,0,1,0,0,0,0,0,0,0,0
0277-ORXQS,2024-01-07,66,two_year,bank_transfer,dsl,50.55,3364.55,0,0,0,1,1,1,0,0,1,1,0,0
9412-ARGBX,2024-01-07,48,two_year,mailed_check,fiber_optic,95.5,4627.85,0,1,1,1,1,0,0,0,0,1,1,1
8634-MPHTR,2024-01-07,47,month_to_month,electronic_check,fiber_optic,100.05,4871.05,0,0,1,0,1,1,1,1,1,0,1,1
1599-EAHXY,2024-01-07,60,one_year,credit_card,none,23.95,1506.4,0,0,0,0,0,0,1,0,1,1,0,0
2911-IJORQ,2024-01-07,37,one_year,bank_transfer,dsl,90.6,3358.65,1,1,1,1,1,1,1,0,0,0,1,0
2911-WDXMV,2024-01-07,18,month_to_month,credit_card,fiber_optic,80.55,1406.65,0,0,1,0,0,0,1,0,0,1,1,0
1775-KWJKQ,2024-01-07,72,two_year,credit_card,dsl,89.85,6562.9,1,1,1,1,1,1,1,0,1,1,0,0
8622-ZLFKO,2024-01-07,6,month_to_month,electronic_check,fiber_optic,90.75,512.25,0,1,0,0,0,1,1,0,1,0,1,0
8166-ORCHU,2024-01-07,33,one_year,electronic_check,fiber_optic,93.55,3055.5,1,1,0,1,0,1,0,1,1,0,1,0
8547-NSBBO,2024-01-07,35,month_to_month,mailed_check,fiber_optic,96.75,3403.4,1,1,1,1,0,0,1,0,0,0,1,0
3714-XPXBW,2024-01-07,37,month_to_month,credit_card,dsl,78.9,2976.95,1,1,1,1,1,0,1,0,0,0,1,0
8062-YBDOE,2024-01-07,1,month_to_month,electronic_check,fiber_optic,69.65,69.65,0,0,0,0,0,0,0,1,0,0,1,1
5846-ABOBJ,2024-01-07,71,two_year,bank_transfer,none,24.45,1730.65,0,0,0,0,0,0,1,0,1,0,0,0
9121-PHQSR,2024-01-07,16,month_to_month,credit_card,fiber_optic,85.05,1391.15,0,0,0,0,1,0,1,1,1,0,1,0
5188-HGMLP,2024-01-07,54,month_to_month,bank_transfer,fiber_optic,74.0,3919.15,0,0,0,0,0,0,1,1,1,0,0,0
6479-VDGRK,2024-01-07,72,two_year,bank_transfer,dsl,85.3,6129.2,1,1,1,1,1,1,0,0,1,1,0,0
8104-OSKWT,2024-01-07,12,month_to_month,electronic_check,fiber_optic,79.8,1001.2,1,0,0,0,0,0,1,0,0,0,1,0
7673-BQGKU,2024-01-07,69,two_year,bank_transfer,none,20.15,1337.5,0,0,0,0,0,0,0,0,1,1,0,0
2034-CGRHZ,2024-01-07,24,month_to_month,credit_card,fiber_optic,102.95,2496.7,0,1,1,0,1,1,1,1,0,0,1,1
2667-WYLWJ,2024-01-07,8,one_year,mailed_check,none,19.75,145.0,0,0,0,0,0,0,0,0,1,1,1,1
1089-HDMKP,2024-01-07,11,month_to_month,electronic_check,dsl,54.55,601.25,0,1,0,1,0,0,0,1,0,1,1,0
4570-QHXHL,2024-01-07,9,month_to_month,electronic_check,dsl,43.75,405.7,0,0,0,0,0,0,0,0,0,0,1,0
1689-MRZQR,2024-01-07,34,month_to_month,electronic_check,fiber_optic,78.3,2564.3,0,0,0,0,1,0,0,0,1,1,0,1
8780-YRMTT,2024-01-07,66,two_year,mailed_check,dsl,47.4,3177.25,1,1,1,1,0,0,0,0,0,0,1,0
0936-NQLJU,2024-01-07,41,two_year,credit_card,none,20.65,875.55,0,0,0,0,0,0,0,0,1,0,0,0
2096-XOTMO,2024-01-07,16,month_to_month,mailed_check,none,19.35,275.9,0,0,0,0,0,0,0,0,1,1,0,0
3197-NNYNB,2024-01-07,65,two_year,credit_card,fiber_optic,105.1,6631.85,0,1,1,0,1,1,1,0,0,0,0,0
5214-CHIWJ,2024-01-07,27,one_year,mailed_check,none,20.3,595.05,0,0,0,0,0,0,0,0,0,0,0,0
2056-EVGZL,2024-01-07,68,one_year,credit_card,fiber_optic,105.75,7322.5,0,1,1,1,1,1,0,0,1,1,0,0
8118-LSUEL,2024-01-07,23,month_to_month,electronic_check,fiber_optic,106.4,2483.5,0,1,1,0,1,1,1,1,0,0,1,1
8859-DZTGQ,2024-01-07,33,two_year,mailed_check,none,20.35,689.75,0,0,0,0,0,0,0,0,0,0,0,0
8739-WWKDU,2024-01-07,25,month_to_month,electronic_check,fiber_optic,89.5,2196.15,0,1,0,0,1,0,1,1,0,0,1,1
2040-XBAVJ,2024-01-07,72,two_year,bank_transfer,fiber_optic,114.45,8100.55,1,1,1,1,1,1,1,0,1,1,0,0
4884-LEVMQ,2024-01-07,39,two_year,bank_transfer,none,20.45,790.0,0,0,0,0,0,0,0,0,1,0,1,0
0847-HGRML,2024-01-07,62,two_year,bank_transfer,none,20.0,1250.1,0,0,0,0,0,0,0,0,0,1,0,0
0607-DAAHE,2024-01-07,53,two_year,bank_transfer,none,19.75,1052.35,0,0,0,0,0,0,0,0,0,1,0,1
0320-DWVTU,2024-01-07,53,two_year,mailed_check,fiber_optic,99.5,5424.25,1,1,1,1,0,1,0,0,0,0,0,0
3230-WYKIR,2024-01-07,18,one_year,credit_card,dsl,82.0,1425.45,0,0,1,1,1,1,1,0,0,0,1,1
5828-DWPIL,2024-01-07,62,month_to_month,electronic_check,fiber_optic,89.1,5618.3,1,1,1,0,0,0,1,1,1,0,1,0
3512-IZIKN,2024-01-07,70,two_year,credit_card,dsl,65.3,4759.75,1,0,1,1,0,0,1,0,1,0,0,1
8329-UTMVM,2024-01-07,27,one_year,bank_transfer,fiber_optic,104.65,2964.0,0,1,0,1,1,1,1,1,0,0,1,0
8715-KKTFG,2024-01-07,61,one_year,bank_transfer,fiber_optic,103.3,6518.35,0,0,1,1,1,1,1,0,1,0,1,0
6646-VRFOL,2024-01-07,53,month_to_month,electronic_check,fiber_optic,103.85,5485.5,0,1,1,0,1,1,1,1,1,0,1,1
0877-SDMBN,2024-01-07,54,one_year,bank_transfer,fiber_optic,103.95,5639.05,1,0,1,0,1,1,1,0,0,0,1,1
1891-QRQSA,2024-01-07,64,two_year,bank_transfer,fiber_optic,111.6,7099.0,1,0,1,1,1,1,1,1,1,1,1,0
6543-XRMYR,2024-01-07,30,month_to_month,electronic_check,fiber_optic,99.7,2967.35,0,1,0,0,1,1,1,1,0,0,1,1
6340-DACFT,2024-01-07,50,two_year,credit_card,none,20.55,1070.25,0,0,0,0,0,0,0,0,1,1,0,0
6807-SIWJI,2024-01-07,38,one_year,electronic_check,fiber_optic,104.85,3887.25,1,1,0,0,1,1,1,0,0,0,1,0
7730-CLDSV,2024-01-07,72,two_year,bank_transfer,fiber_optic,98.65,7129.45,0,1,1,1,0,1,1,0,1,1,1,0
8111-SLLHI,2024-01-07,39,month_to_month,electronic_check,fiber_optic,105.65,4284.8,0,1,1,0,1,1,1,1,1,0,1,1
0096-FCPUF,2024-01-07,30,month_to_month,mailed_check,dsl,64.5,1888.45,1,0,0,0,0,1,1,0,0,0,1,0
1597-LHYNC,2024-01-07,26,month_to_month,electronic_check,fiber_optic,95.0,2497.2,1,1,0,0,0,1,1,1,0,0,1,1
8132-YPVBX,2024-01-07,6,month_to_month,mailed_check,fiber_optic,85.95,514.6,0,1,0,0,0,1,0,0,0,0,1,0
1120-BMWUB,2024-01-07,16,month_to_month,mailed_check,dsl,53.9,834.15,0,1,0,1,0,0,0,0,0,0,1,1
0743-HRVFF,2024-01-07,51,one_year,electronic_check,dsl,56.15,2898.95,0,0,1,1,1,1,0,0,1,1,1,0
9254-RBFON,2024-01-07,17,one_year,bank_transfer,fiber_optic,98.6,1704.95,0,0,1,1,1,1,0,0,1,1,0,1
6372-RFVNS,2024-01-07,1,month_to_month,electronic_check,fiber_optic,78.8,78.8,0,0,0,0,1,0,0,0,1,0,0,1
3635-QQRQD,2024-01-07,62,two_year,credit_card,none,20.05,1201.65,0,0,0,0,0,0,0,0,0,0,1,0
6253-WRFHY,2024-01-07,13,one_year,electronic_check,dsl,64.75,877.35,0,0,0,0,1,1,0,0,1,1,1,0
7690-KPNCU,2024-01-07,64,one_year,credit_card,dsl,73.05,4688.65,1,0,1,0,1,1,0,0,1,1,1,0
7398-LXGYX,2024-01-07,44,month_to_month,credit_card,fiber_optic,84.8,3626.35,1,0,1,0,0,0,1,0,1,0,1,0
0771-WLCLA,2024-01-07,16,month_to_month,electronic_check,fiber_optic,112.95,1882.55,1,0,1,1,1,1,1,0,1,1,1,0
9578-FOMUK,2024-01-07,15,month_to_month,electronic_check,none,24.8,324.15,0,0,0,0,0,0,1,0,0,1,1,0
7665-NKLAV,2024-01-07,36,two_year,credit_card,dsl,40.65,1547.35,1,0,1,1,0,0,0,0,1,1,0,0
9725-SCPZG,2024-01-07,1,month_to_month,electronic_check,fiber_optic,90.85,90.85,0,0,0,0,1,1,0,0,0,1,1,1
3509-GWQGF,2024-01-07,24,month_to_month,credit_card,fiber_optic,70.0,1732.6,0,0,0,0,0,0,0,1,0,0,0,0
7114-AEOZE,2024-01-07,60,two_year,bank_transfer,none,19.85,1128.1,0,0,0,0,0,0,0,0,0,0,0,0
5095-AESKG,2024-01-07,3,month_to_month,credit_card,fiber_optic,91.5,242.95,0,1,0,0,0,1,1,0,1,0,1,1
0112-QAWRZ,2024-01-07,16,month_to_month,bank_transfer,fiber_optic,90.8,1442.2,0,0,1,0,1,0,1,0,1,1,1,0
5485-ITNPC,2024-01-07,66,two_year,bank_transfer,dsl,85.9,5595.3,1,1,1,1,1,1,0,0,1,0,1,0
9821-BESNZ,2024-01-07,66,one_year,electronic_check,fiber_optic,104.25,6860.6,0,1,0,1,1,1,1,0,0,0,1,0
3705-PSNGL,2024-01-07,45,one_year,electronic_check,none,20.4,930.45,0,0,0,0,0,0,0,0,0,0,1,1
5099-BAILX,2024-01-07,43,month_to_month,bank_transfer,fiber_optic,110.75,4687.9,0,1,1,1,1,1,1,1,1,1,1,1
3996-ZNWYK,2024-01-07,71,two_year,credit_card,none,19.8,1388.45,0,0,0,0,0,0,0,1,1,1,0,0
2833-SLKDQ,2024-01-07,1,month_to_month,mailed_check,dsl,45.05,45.05,0,0,0,0,0,0,0,0,0,0,0,1
3422-LYEPQ,2024-01-07,1,month_to_month,electronic_check,fiber_optic,71.0,71.0,0,0,0,0,0,0,0,0,1,1,1,1
4612-SSVHJ,2024-01-07,20,month_to_month,electronic_check,fiber_optic,81.45,1671.6,0,0,0,0,0,1,0,1,0,0,1,0
9906-NHHVC,2024-01-07,65,two_year,bank_transfer,dsl,53.5,3517.9,0,1,1,0,1,1,0,1,0,0,1,0
3011-WQKSZ,2024-01-07,19,month_to_month,electronic_check,none,20.0,377.55,0,0,0,0,0,0,0,0,0,1,1,0
9824-QCJPK,2024-01-07,36,one_year,mailed_check,none,20.0,666.75,0,0,0,0,0,0,0,0,1,0,0,0
7317-GGVPB,2024-01-07,71,two_year,credit_card,fiber_optic,108.6,7690.9,0,1,1,1,1,1,1,0,1,0,1,1
7932-WPTDS,2024-01-07,1,month_to_month,electronic_check,dsl,24.8,24.8,0,0,0,0,0,0,0,1,1,0,1,1
7112-OPOTK,2024-01-07,33,month_to_month,electronic_check,fiber_optic,68.25,2171.15,0,0,0,0,0,0,0,0,0,0,0,1
7688-AWMDX,2024-01-07,71,two_year,bank_transfer,dsl,54.5,3778.2,1,0,0,1,0,0,0,0,1,0,0,0
8474-UMLNT,2024-01-07,13,month_to_month,bank_transfer,dsl,67.8,842.25,1,1,0,1,0,1,0,0,0,0,0,0
1627-AFWVJ,2024-01-07,29,two_year,mailed_check,none,19.4,554.25,0,0,0,0,0,0,0,0,0,0,0,0
4931-TRZWN,2024-01-07,13,month_to_month,electronic_check,dsl,71.95,923.85,1,0,0,0,1,1,0,0,0,0,1,0
7771-ZONAT,2024-01-07,22,two_year,bank_transfer,dsl,56.75,1304.85,0,0,1,1,1,1,0,0,0,0,0,0
6861-XWTWQ,2024-01-07,7,month_to_month,electronic_check,fiber_optic,99.25,665.45,0,0,1,0,1,1,1,1,1,0,1,1
1171-TYKUR,2024-01-07,47,month_to_month,electronic_check,none,25.4,1139.2,0,0,0,0,0,0,1,0,1,0,0,0
0142-GVYSN,2024-01-07,26,month_to_month,electronic_check,none,20.3,511.25,0,0,0,0,0,0,0,0,0,0,1,0
2931-FSOHN,2024-01-07,13,month_to_month,electronic_check,dsl,59.9,788.35,0,1,0,0,1,0,0,1,0,0,1,0
9526-JAWYF,2024-01-07,26,month_to_month,electronic_check,fiber_optic,89.8,2335.3,0,1,1,0,1,0,0,0,0,0,0,1
2410-CIYFZ,2024-01-07,2,month_to_month,mailed_check,none,20.4,42.9,0,0,0,0,0,0,0,0,0,1,0,0
5261-QSHQM,2024-01-07,4,month_to_month,electronic_check,dsl,24.45,86.6,0,0,0,0,0,0,0,0,0,0,1,1
9541-PWTWO,2024-01-07,52,two_year,bank_transfer,dsl,80.95,4233.95,0,0,1,1,1,1,1,0,0,0,1,0
1389-CXMLU,2024-01-07,3,month_to_month,electronic_check,fiber_optic,91.05,289.1,0,0,1,0,1,0,1,1,0,0,0,1
8920-NAVAY,2024-01-07,62,one_year,bank_transfer,fiber_optic,110.75,7053.35,0,1,1,1,1,1,1,1,0,0,1,0
2225-ZRGSG,2024-01-07,70,two_year,bank_transfer,fiber_optic,93.9,6579.05,1,1,1,1,0,0,1,0,1,1,0,1
5678-VFNEQ,2024-01-07,71,one_year,credit_card,fiber_optic,104.1,7412.25,1,0,1,0,1,1,1,0,1,0,1,0
4115-UMJFQ,2024-01-07,69,one_year,bank_transfer,dsl,35.75,2492.25,0,1,1,0,0,0,0,0,0,0,1,0
3506-OVLKD,2024-01-07,35,one_year,bank_transfer,none,26.2,954.9,0,0,0,0,0,0,1,0,0,0,0,0
2019-HDCZY,2024-01-07,63,two_year,electronic_check,fiber_optic,102.6,6296.75,0,0,1,0,1,1,1,0,1,0,0,0
6048-UWKAL,2024-01-07,69,two_year,credit_card,fiber_optic,105.4,6998.95,0,1,0,1,1,1,1,1,1,0,0,0
6234-RAAPL,2024-01-07,72,two_year,bank_transfer,fiber_optic,99.9,7251.7,1,1,0,1,1,0,1,0,1,1,0,0
1910-FMXJM,2024-01-07,36,month_to_month,electronic_check,fiber_optic,80.4,2937.65,0,0,0,0,0,1,0,0,1,0,0,0
2616-UUTFK,2024-01-07,33,month_to_month,bank_transfer,dsl,72.75,2447.45,1,1,1,0,1,0,1,0,1,0,1,0
8751-EDEKA,2024-01-07,28,month_to_month,credit_card,fiber_optic,89.9,2433.5,0,1,1,0,0,1,0,0,1,0,0,0
3721-WKIIL,2024-01-07,27,two_year,mailed_check,none,19.6,561.15,0,0,0,0,0,0,0,0,0,0,1,0
8985-OOPOS,2024-01-07,1,one_year,credit_card,dsl,74.1,74.1,0,0,1,1,1,1,0,0,0,0,0,0
3511-BFTJW,2024-01-07,72,two_year,credit_card,dsl,38.5,2763.0,1,1,1,0,0,0,0,0,1,1,0,0
3134-DSHVC,2024-01-07,63,two_year,credit_card,fiber_optic,98.0,6218.45,1,1,1,0,1,0,1,0,0,0,0,0
0603-OLQDC,2024-01-07,12,month_to_month,mailed_check,dsl,69.85,837.5,1,0,0,0,1,1,0,0,0,1,1,0
8612-GXIDD,2024-01-07,12,two_year,bank_transfer,none,25.4,313.0,0,0,0,0,0,0,1,0,1,1,1,0
0907-HQNTS,2024-01-07,70,two_year,credit_card,fiber_optic,113.0,7987.6,1,1,1,1,1,1,1,1,1,0,1,0
7754-IXRMC,2024-01-07,1,month_to_month,mailed_check,dsl,45.35,45.35,0,0,0,0,0,0,0,0,0,0,0,0
5626-MGTUK,2024-01-07,20,month_to_month,bank_transfer,fiber_optic,89.1,1879.25,1,0,0,0,1,0,1,0,0,0,1,0
4836-WNFNO,2024-01-07,72,two_year,credit_card,none,25.0,1849.2,0,0,0,0,0,0,1,0,1,0,0,0
6034-YMTOB,2024-01-07,5,month_to_month,mailed_check,fiber_optic,75.65,399.45,0,0,0,1,0,0,0,0,0,0,1,0
1696-MZVAU,2024-01-07,39,one_year,credit_card,dsl,25.25,947.75,0,0,0,0,0,0,0,0,1,1,1,0
6907-FLBER,2024-01-07,1,month_to_month,electronic_check,dsl,54.3,54.3,0,1,0,0,0,0,1,0,0,0,0,0
6586-PSJOX,2024-01-07,15,one_year,credit_card,dsl,55.2,864.55,0,0,1,1,0,0,0,0,0,1,0,0
5296-PSYVW,2024-01-07,72,two_year,electronic_check,none,24.55,1750.7,0,0,0,0,0,0,1,0,1,0,0,0
6122-EFVKN,2024-01-07,24,two_year,mailed_check,dsl,35.75,830.8,1,0,0,1,0,0,0,0,0,1,0,0
4097-YODCF,2024-01-07,34,one_year,electronic_check,fiber_optic,103.8,3470.8,1,1,0,0,1,1,1,0,0,1,1,0
0872-NXJYS,2024-01-07,9,month_to_month,electronic_check,fiber_optic,79.55,723.4,0,0,0,0,0,1,0,0,0,0,1,1
3146-MSEGF,2024-01-07,72,two_year,credit_card,dsl,88.05,6425.65,1,1,1,1,1,1,1,1,1,1,1,0
1045-LTCYT,2024-01-07,8,month_to_month,credit_card,none,21.05,139.75,0,0,0,0,0,0,0,0,1,1,0,0
0661-KQHNK,2024-01-07,6,one_year,credit_card,none,19.0,105.5,0,0,0,0,0,0,0,0,1,1,0,0
6711-VTNRE,2024-01-07,36,month_to_month,electronic_check,fiber_optic,87.55,3078.1,0,0,1,1,0,1,0,0,0,0,1,1
4312-KFRXN,2024-01-07,72,two_year,mailed_check,none,25.4,1710.9,0,0,0,0,0,0,1,0,1,0,0,0
0587-DMGBH,2024-01-07,8,month_to_month,electronic_check,dsl,49.85,365.55,1,0,0,0,0,0,0,0,0,0,1,1
6725-TPKJO,2024-01-07,44,two_year,mailed_check,none,20.05,845.25,0,0,0,0,0,0,0,0,0,0,0,0
8630-FJLIB,2024-01-07,18,month_to_month,electronic_check,fiber_optic,69.8,1221.65,0,0,0,0,0,0,0,0,0,0,1,0
0089-IIQKO,2024-01-07,39,month_to_month,credit_card,fiber_optic,99.95,3767.4,0,0,0,1,1,1,1,0,1,1,1,0
4742-DRORA,2024-01-07,60,one_year,bank_transfer,fiber_optic,95.4,5812.0,1,0,1,0,1,0,1,0,1,1,1,0
8779-QRDMV,2024-01-07,1,month_to_month,electronic_check,dsl,39.65,39.65,0,0,1,0,0,1,0,1,0,0,1,1
7047-YXDMZ,2024-01-07,21,month_to_month,mailed_check,none,20.0,417.7,0,0,0,0,0,0,0,0,0,0,0,0
6901-GOGZG,2024-01-07,60,two_year,electronic_check,dsl,84.95,4984.85,1,0,1,1,1,1,1,0,0,1,1,0
0654-PQKDW,2024-01-07,62,one_year,bank_transfer,dsl,70.75,4263.45,1,0,1,1,1,0,0,0,1,1,1,0
1226-JZNKR,2024-01-07,8,one_year,electronic_check,none,19.8,160.05,0,0,0,0,0,0,0,0,1,1,0,0
5666-MBJPT,2024-01-07,65,two_year,bank_transfer,none,25.1,1725.0,0,0,0,0,0,0,1,0,0,0,1,0
9867-JCZSP,2024-01-07,17,one_year,mailed_check,none,20.75,418.25,0,0,0,0,0,0,0,0,1,1,0,0
1699-UOTXU,2024-01-07,60,two_year,electronic_check,dsl,61.4,3638.25,1,1,1,0,0,0,0,0,0,0,0,0
4946-EDSEW,2024-01-07,11,month_to_month,mailed_check,none,19.25,180.3,0,0,0,0,0,0,0,0,1,1,1,1
1796-JANOW,2024-01-07,2,month_to_month,mailed_check,none,19.95,38.15,0,0,0,0,0,0,0,0,0,0,0,0
5519-YLDGW,2024-01-07,21,month_to_month,electronic_check,fiber_optic,103.9,2254.2,1,0,1,0,1,1,1,0,1,0,1,1
3086-RUCRN,2024-01-07,66,month_to_month,bank_transfer,fiber_optic,103.1,6595.0,1,1,1,1,0,1,1,0,0,0,1,0
7469-LKBCI,2024-01-07,16,two_year,credit_card,none,18.95,326.8,0,0,0,0,0,0,0,0,0,0,0,0
3569-VLDHH,2024-01-07,66,one_year,electronic_check,dsl,75.1,5013.0,1,1,1,1,1,0,0,0,1,1,1,0
2933-XEUJM,2024-01-07,46,two_year,mailed_check,dsl,79.2,3593.8,1,0,1,0,1,1,1,0,0,0,0,0
5504-WSIUR,2024-01-07,70,one_year,bank_transfer,fiber_optic,90.25,6385.95,0,1,1,1,0,0,1,0,0,0,1,0
6585-WCEWR,2024-01-07,72,two_year,electronic_check,none,20.35,1354.4,0,0,0,0,0,0,0,0,1,1,0,0
4146-SVFUD,2024-01-07,1,month_to_month,mailed_check,dsl,44.6,44.6,0,0,0,0,0,0,0,0,0,0,0,0
5701-SVCWR,2024-01-07,1,month_to_month,mailed_check,none,24.0,24.0,0,0,0,0,0,0,1,0,0,1,0,0
4822-RVYBB,2024-01-07,8,month_to_month,electronic_check,fiber_optic,100.6,819.4,0,0,1,0,1,1,1,1,0,0,1,1
8805-JNRAZ,2024-01-07,2,month_to_month,mailed_check,dsl,49.2,103.7,0,1,0,0,0,0,0,0,0,0,0,0
3308-MHOOC,2024-01-07,1,month_to_month,mailed_check,none,19.2,19.2,0,0,0,0,0,0,0,0,0,1,1,0
4378-BZYFP,2024-01-07,17,one_year,mailed_check,none,20.5,365.8,0,0,0,0,0,0,0,0,0,0,1,0
9830-ECLEN,2024-01-07,58,one_year,mailed_check,dsl,50.0,2919.85,1,1,1,0,1,0,0,0,1,1,0,0
1498-NHTLT,2024-01-07,59,two_year,electronic_check,dsl,86.75,5186.0,1,1,1,1,1,1,0,0,1,1,1,0
1513-XNPPH,2024-01-07,12,month_to_month,electronic_check,fiber_optic,89.4,1095.65,0,0,1,1,0,1,0,0,0,0,1,1
4398-HSCJH,2024-01-07,3,month_to_month,electronic_check,dsl,63.6,155.65,0,0,0,1,1,0,1,0,0,0,1,1
7595-EHCDL,2024-01-07,32,month_to_month,credit_card,dsl,50.6,1653.45,0,0,1,0,1,1,0,0,1,1,0,0
5215-LNLDJ,2024-01-07,7,month_to_month,electronic_check,dsl,24.7,149.05,0,0,0,0,0,0,0,0,1,1,1,0
7677-SJJJK,2024-01-07,8,one_year,credit_card,none,19.9,153.95,0,0,0,0,0,0,0,0,1,1,0,0
9992-RRAMN,2024-01-07,22,month_to_month,electronic_check,fiber_optic,85.1,1873.7,0,0,0,0,0,1,1,0,1,0,1,1
6242-FEGFD,2024-01-07,66,two_year,mailed_check,fiber_optic,96.6,6424.25,1,1,1,1,0,0,1,0,1,0,0,0
3956-CJUST,2024-01-07,23,month_to_month,bank_transfer,fiber_optic,75.4,1643.55,1,0,0,0,0,0,0,1,0,0,1,0
4844-JJWUY,2024-01-07,1,month_to_month,electronic_check,fiber_optic,86.0,86.0,0,1,0,0,0,1,0,1,0,0,1,1
3703-TTEPD,2024-01-07,21,month_to_month,bank_transfer,dsl,65.35,1424.4,1,0,1,0,1,0,0,0,0,0,0,0
4282-YMKNA,2024-01-07,9,month_to_month,electronic_check,fiber_optic,74.75,706.6,0,0,0,0,0,0,1,0,0,0,1,1
6103-QCKFX,2024-01-07,44,month_to_month,bank_transfer,dsl,56.25,2419.55,1,0,0,1,0,0,0,0,1,1,0,0
4631-OACRM,2024-01-07,15,month_to_month,electronic_check,fiber_optic,79.4,1156.1,0,0,0,0,0,1,0,1,0,0,1,1
3470-OBUET,2024-01-07,67,two_year,credit_card,dsl,74.0,4868.4,1,1,0,1,1,0,1,0,1,1,0,0
2929-QNSRW,2024-01-07,56,one_year,electronic_check,fiber_optic,98.25,5508.35,0,1,0,0,1,1,1,0,1,0,1,1
7853-OETYL,2024-01-07,4,month_to_month,electronic_check,dsl,29.05,129.6,1,0,0,0,0,0,0,0,1,0,1,0
5318-YKDPV,2024-01-07,43,two_year,credit_card,dsl,79.15,3566.6,1,0,1,1,1,1,0,0,1,1,1,0
4238-HFHSN,2024-01-07,61,month_to_month,electronic_check,fiber_optic,82.15,4904.85,0,1,0,0,0,0,1,1,1,0,1,0
9209-NWPGU,2024-01-07,44,one_year,electronic_check,dsl,65.4,2774.55,1,0,0,1,1,0,0,0,0,0,0,0
5022-JNQEQ,2024-01-07,9,month_to_month,electronic_check,fiber_optic,75.85,647.5,0,0,0,1,0,0,0,0,1,1,1,0
6007-TCTST,2024-01-07,72,two_year,bank_transfer,fiber_optic,115.8,8476.5,1,1,1,1,1,1,1,0,1,1,1,0
8357-EQXFO,2024-01-07,7,month_to_month,electronic_check,fiber_optic,95.35,660.9,0,0,1,0,1,1,0,0,0,0,1,1
3589-PPVKW,2024-01-07,9,month_to_month,mailed_check,dsl,44.4,348.15,0,0,0,0,0,0,0,0,0,0,1,0
1574-DYCWE,2024-01-07,51,two_year,mailed_check,none,19.95,1028.75,0,0,0,0,0,0,0,0,1,1,0,0
4999-IEZLT,2024-01-07,66,one_year,credit_card,dsl,29.45,1983.15,0,0,0,1,0,0,0,0,0,0,0,0
4403-BWPAY,2024-01-07,14,one_year,credit_card,none,24.8,321.7,0,0,0,0,0,0,1,0,0,0,1,0
1494-EJZDW,2024-01-07,10,two_year,mailed_check,none,20.15,220.8,0,0,0,0,0,0,0,0,1,1,0,0
9766-HGEDE,2024-01-07,17,one_year,mailed_check,none,19.35,307.0,0,0,0,0,0,0,0,0,1,0,0,0
4724-WXVWF,2024-01-07,48,month_to_month,electronic_check,fiber_optic,95.4,4445.3,1,0,0,1,0,1,1,0,0,0,1,0
5469-NUJUR,2024-01-07,19,two_year,mailed_check,none,19.95,373.5,0,0,0,0,0,0,0,0,0,0,1,0
1724-IQWNM,2024-01-07,1,month_to_month,mailed_check,none,19.3,19.3,0,0,0,0,0,0,0,0,0,1,1,0
8043-PNYSD,2024-01-07,63,two_year,mailed_check,none,19.55,1245.6,0,0,0,0,0,0,0,0,1,1,0,0
6734-FQAJX,2024-01-07,67,two_year,electronic_check,fiber_optic,105.05,7171.7,1,1,0,1,1,1,0,1,0,0,1,0
9786-YWNHU,2024-01-07,63,two_year,mailed_check,dsl,63.55,4014.2,1,1,1,1,0,0,0,0,1,1,0,0
8760-ZRHKE,2024-01-07,71,one_year,electronic_check,dsl,69.2,4982.5,1,1,0,0,1,0,1,1,1,1,0,0
2703-AMTUL,2024-01-07,36,one_year,mailed_check,dsl,53.65,1939.35,1,1,0,0,0,0,0,0,1,1,0,0
4583-PARNH,2024-01-07,16,month_to_month,electronic_check,fiber_optic,91.55,1540.05,0,0,1,1,0,1,0,1,1,0,1,0
6942-LBFDP,2024-01-07,2,month_to_month,mailed_check,none,20.55,33.6,0,0,0,0,0,0,0,0,0,0,1,0
7203-OYKCT,2024-01-07,72,one_year,electronic_check,fiber_optic,104.95,7544.3,0,1,1,0,1,1,1,0,0,0,1,0
9143-CANJF,2024-01-07,24,month_to_month,electronic_check,dsl,55.15,1319.85,1,0,0,1,0,0,0,0,1,1,0,0
1723-HKXJQ,2024-01-07,42,month_to_month,electronic_check,fiber_optic,101.75,4273.45,0,1,0,0,1,1,1,0,0,0,1,1
6619-RPLQZ,2024-01-07,45,two_year,mailed_check,none,20.85,892.15,0,0,0,0,0,0,0,0,1,1,0,0
4791-QRGMF,2024-01-07,59,one_year,bank_transfer,fiber_optic,99.5,5961.1,0,0,1,0,1,1,1,0,1,0,1,1
6728-VOIFY,2024-01-07,63,one_year,electronic_check,fiber_optic,96.0,6109.75,0,1,0,0,1,1,0,0,1,0,1,0
2081-KJSQF,2024-01-07,1,month_to_month,mailed_check,none,20.25,20.25,0,0,0,0,0,0,0,0,0,0,1,0
3397-AVTKU,2024-01-07,43,two_year,electronic_check,dsl,60.0,2548.55,0,1,0,0,0,1,0,0,0,0,1,0
6365-HITVU,2024-01-07,71,two_year,credit_card,dsl,87.25,6328.7,1,1,1,1,1,1,0,0,1,1,0,0
2604-XVDAM,2024-01-07,12,month_to_month,bank_transfer,dsl,43.8,540.95,0,0,0,0,0,0,0,0,0,0,0,0
0487-VVUVK,2024-01-07,25,month_to_month,mailed_check,none,19.15,477.6,0,0,0,0,0,0,0,0,1,1,1,0
6656-GULJQ,2024-01-07,72,two_year,credit_card,dsl,83.55,6093.3,1,0,1,1,1,1,1,0,1,1,1,0
6599-SFQVE,2024-01-07,6,month_to_month,electronic_check,dsl,55.0,340.4,0,0,0,0,0,1,0,0,0,0,1,0
6754-WKSHP,2024-01-07,30,one_year,bank_transfer,none,25.35,723.3,0,0,0,0,0,0,1,0,0,1,0,0
6199-IWKGC,2024-01-07,46,one_year,electronic_check,fiber_optic,100.25,4753.85,0,0,0,1,1,1,1,1,1,0,0,0
6221-AVQYL,2024-01-07,2,month_to_month,credit_card,fiber_optic,73.25,131.05,0,0,0,0,0,0,1,0,0,0,1,1
5630-IXDXV,2024-01-07,47,month_to_month,electronic_check,fiber_optic,106.35,4849.1,0,1,1,0,1,1,1,0,0,0,1,0
7340-KEFQE,2024-01-07,51,two_year,bank_transfer,dsl,34.2,1782.0,1,0,0,1,0,0,0,0,1,1,0,0
5542-NKVRU,2024-01-07,42,two_year,bank_transfer,none,20.75,844.45,0,0,0,0,0,0,0,0,0,0,1,0
4553-DVPZG,2024-01-07,62,month_to_month,electronic_check,fiber_optic,101.35,6164.7,0,0,1,0,1,1,1,0,1,0,1,0
1925-GMVBW,2024-01-07,5,month_to_month,credit_card,none,20.55,96.1,0,0,0,0,0,0,0,0,0,0,0,0
9822-BIIGN,2024-01-07,53,month_to_month,electronic_check,dsl,71.85,3827.9,1,0,0,1,0,1,1,0,1,1,0,0
9172-ANCRX,2024-01-07,10,month_to_month,electronic_check,fiber_optic,98.7,973.25,1,0,0,0,1,1,1,0,0,0,1,1
4695-VADHF,2024-01-07,18,month_to_month,electronic_check,dsl,57.45,990.85,0,0,1,0,0,1,0,0,1,1,0,1
3930-ZGWVE,2024-01-07,1,month_to_month,mailed_check,none,19.75,19.75,0,0,0,0,0,0,0,0,0,0,0,0
1084-MNSMJ,2024-01-07,51,two_year,credit_card,dsl,85.5,4421.95,1,1,1,1,1,1,0,0,1,1,0,0
3733-UOCWF,2024-01-07,61,one_year,bank_transfer,fiber_optic,85.55,5251.75,0,1,0,1,0,0,1,1,1,0,1,0
8242-JSVBO,2024-01-07,7,month_to_month,bank_transfer,dsl,44.65,322.5,0,0,0,0,0,0,0,0,0,0,1,0
3804-RVTGV,2024-01-07,50,month_to_month,bank_transfer,fiber_optic,103.85,5017.9,0,1,1,0,1,1,1,0,1,1,1,1
3904-UKFRE,2024-01-07,4,month_to_month,electronic_check,fiber_optic,80.1,336.15,1,0,0,0,0,0,1,0,0,0,1,0
7248-VZQLC,2024-01-07,47,month_to_month,bank_transfer,fiber_optic,85.2,3969.35,0,1,1,0,0,0,1,1,0,0,1,1
0257-KXZGU,2024-01-07,32,month_to_month,bank_transfer,dsl,62.45,2045.55,0,1,1,0,0,0,1,0,1,1,0,0
2737-WFVYW,2024-01-07,2,month_to_month,electronic_check,dsl,45.25,85.5,0,0,0,0,1,1,0,0,0,0,1,1
5649-TJHOV,2024-01-08,27,month_to_month,bank_transfer,dsl,36.5,1032.0,0,0,0,0,0,1,0,1,1,0,0,1
4324-BZCKL,2024-01-08,10,month_to_month,mailed_check,dsl,55.55,551.3,0,1,1,0,0,0,0,0,1,1,1,0
5494-HECPR,2024-01-08,1,month_to_month,electronic_check,fiber_optic,80.25,80.25,0,0,0,0,1,0,0,0,0,0,1,1
1396-QWFBJ,2024-01-08,21,month_to_month,bank_transfer,fiber_optic,74.05,1565.7,0,1,0,0,0,0,0,0,1,1,1,1
0547-HURJB,2024-01-08,12,month_to_month,credit_card,none,21.05,235.8,0,0,0,0,0,0,0,0,0,1,0,0
7239-HZZCX,2024-01-08,1,month_to_month,mailed_check,none,19.75,19.75,0,0,0,0,0,0,0,0,0,0,0,1
4698-KVLLG,2024-01-08,51,two_year,credit_card,none,19.6,967.9,0,0,0,0,0,0,0,1,0,0,0,0
0319-QZTCO,2024-01-08,3,month_to_month,credit_card,dsl,58.7,168.6,0,1,0,0,1,0,0,0,1,1,1,0
4056-QHXHZ,2024-01-08,72,two_year,mailed_check,fiber_optic,107.45,7576.7,1,0,1,1,1,1,1,0,1,1,0,0
0415-MOSGF,2024-01-08,1,month_to_month,mailed_check,dsl,44.4,44.4,0,0,0,0,0,0,0,0,0,0,0,1
6432-TWQLB,2024-01-08,5,month_to_month,electronic_check,fiber_optic,85.4,401.1,0,1,0,1,0,0,1,0,1,0,1,1
1069-XAIEM,2024-01-08,1,month_to_month,electronic_check,fiber_optic,85.05,85.05,0,0,0,0,0,1,1,1,0,0,1,1
1767-CJKBA,2024-01-08,66,two_year,mailed_check,none,25.1,1697.7,0,0,0,0,0,0,1,0,0,0,0,0
9068-VPWQQ,2024-01-08,61,two_year,credit_card,dsl,75.35,4729.3,1,0,1,1,0,1,1,0,1,0,0,0
8818-XYFCQ,2024-01-08,32,month_to_month,credit_card,fiber_optic,99.55,3204.65,1,0,0,0,1,1,1,0,1,1,1,1
8747-UDCOI,2024-01-08,65,two_year,bank_transfer,none,19.35,1319.95,0,0,0,0,0,0,0,0,1,0,0,0
9825-YCXWZ,2024-01-08,41,one_year,bank_transfer,fiber_optic,101.1,4016.2,0,0,1,1,1,1,0,1,0,0,1,0
2114-MGINA,2024-01-08,14,month_to_month,mailed_check,fiber_optic,89.8,1129.1,0,0,0,0,1,1,0,0,0,0,1,1
2074-GKOWZ,2024-01-08,2,month_to_month,bank_transfer,fiber_optic,89.55,185.55,0,0,0,0,1,1,0,0,1,1,1,1
2282-YGNOR,2024-01-08,29,one_year,credit_card,dsl,58.0,1734.5,1,0,1,1,0,0,0,0,0,0,0,0
8229-MYEJZ,2024-01-08,10,month_to_month,electronic_check,dsl,51.2,498.25,0,1,0,0,0,0,0,0,0,0,0,0
4883-QICIH,2024-01-08,32,month_to_month,bank_transfer,fiber_optic,69.75,2347.9,0,0,0,0,0,0,0,0,1,1,1,1
9788-YTFGE,2024-01-08,7,month_to_month,mailed_check,none,19.95,147.5,0,0,0,0,0,0,0,0,0,0,1,0
3429-IFLEM,2024-01-08,71,two_year,credit_card,dsl,77.35,5550.1,1,1,1,1,1,0,0,0,0,0,0,0
7649-PHJVR,2024-01-08,11,one_year,mailed_check,none,19.5,226.8,0,0,0,0,0,0,0,0,0,0,0,0
0816-TSPHQ,2024-01-08,2,month_to_month,mailed_check,none,20.75,44.2,0,0,0,0,0,0,0,0,0,0,0,0
8267-KFGYD,2024-01-08,1,month_to_month,mailed_check,none,21.05,21.05,0,0,0,0,0,0,0,0,0,1,1,0
9801-NOSHQ,2024-01-08,23,one_year,mailed_check,none,19.8,465.45,0,0,0,0,0,0,0,0,0,1,0,0
7182-OVLBJ,2024-01-08,62,two_year,bank_transfer,fiber_optic,101.15,6638.35,1,0,0,0,1,1,1,0,1,1,1,0
4059-IIEBK,2024-01-08,7,month_to_month,bank_transfer,fiber_optic,78.55,522.95,0,1,0,0,0,0,1,0,0,0,1,0
9258-CNWAC,2024-01-08,71,two_year,credit_card,fiber_optic,113.65,8166.8,1,1,1,1,1,1,1,0,1,1,0,0
5318-IXUZF,2024-01-08,2,month_to_month,bank_transfer,fiber_optic,87.15,183.75,0,1,0,0,1,0,0,0,0,0,1,1
8039-ACLPL,2024-01-08,72,two_year,credit_card,dsl,68.75,4888.2,1,1,1,0,0,1,0,0,1,1,0,0
4817-KEQSP,2024-01-08,71,two_year,bank_transfer,none,19.85,1326.35,0,0,0,0,0,0,0,0,1,1,0,0
9391-EOYLI,2024-01-08,12,month_to_month,electronic_check,fiber_optic,80.45,950.2,0,0,0,0,0,1,0,1,1,0,1,1
7963-GQRMY,2024-01-08,3,month_to_month,mailed_check,dsl,44.3,134.5,0,0,0,0,0,0,0,0,1,1,0,1
2227-JRSJX,2024-01-08,21,month_to_month,bank_transfer,fiber_optic,99.15,1956.4,0,1,0,1,1,1,0,0,0,0,1,0
3981-QSVQI,2024-01-08,8,month_to_month,bank_transfer,none,19.7,168.9,0,0,0,0,0,0,0,0,0,0,1,0
8076-FEZKJ,2024-01-08,10,one_year,mailed_check,none,19.5,225.85,0,0,0,0,0,0,0,0,0,0,0,0
6304-IJFSQ,2024-01-08,3,month_to_month,mailed_check,dsl,49.9,130.1,0,1,0,0,0,0,0,0,0,0,1,1
2834-SPCJV,2024-01-08,52,month_to_month,electronic_check,fiber_optic,84.1,4348.65,1,0,0,0,1,0,0,0,1,0,0,1
1231-YNDEK,2024-01-08,58,two_year,bank_transfer,none,19.15,1035.5,0,0,0,0,0,0,0,0,0,0,1,0
1866-NXPSP,2024-01-08,36,one_year,mailed_check,dsl,75.55,2680.15,1,1,1,1,0,1,0,0,0,0,1,0
9548-LIGTA,2024-01-08,61,two_year,mailed_check,dsl,81.05,4747.65,1,1,0,1,1,1,0,0,1,0,1,0
7064-JHXCE,2024-01-08,62,two_year,credit_card,none,20.05,1263.9,0,0,0,0,0,0,0,0,1,1,0,0
2388-LAESQ,2024-01-08,72,two_year,bank_transfer,fiber_optic,114.85,8317.95,1,1,1,1,1,1,1,1,1,0,1,0
6300-BWMJX,2024-01-08,59,month_to_month,electronic_check,fiber_optic,93.35,5386.5,0,0,1,1,1,0,1,0,1,0,0,0
4486-EFAEB,2024-01-08,13,month_to_month,electronic_check,none,20.4,251.65,0,0,0,0,0,0,0,0,0,0,1,0
3161-GETRM,2024-01-08,34,month_to_month,credit_card,fiber_optic,90.05,3097.0,0,0,1,0,0,1,1,0,1,1,1,0
9828-AOQLM,2024-01-08,1,month_to_month,electronic_check,dsl,45.7,45.7,0,0,0,0,0,0,0,0,1,1,1,1
2433-KMEAS,2024-01-08,22,month_to_month,electronic_check,dsl,54.45,1127.35,1,0,0,0,0,0,1,0,0,0,1,1
7014-ZZXAW,2024-01-08,71,two_year,credit_card,none,24.25,1732.95,0,0,0,0,0,0,1,0,1,0,1,0
4554-YGZIH,2024-01-08,49,month_to_month,credit_card,fiber_optic,90.05,4547.25,0,1,0,0,0,1,1,1,1,0,0,1
6969-MVBAI,2024-01-08,9,month_to_month,electronic_check,fiber_optic,90.1,816.8,0,0,1,0,1,0,1,1,0,0,1,0
6376-GAHQE,2024-01-08,4,month_to_month,electronic_check,fiber_optic,77.85,299.2,0,0,0,0,1,0,0,0,0,0,0,1
9430-NKQLY,2024-01-08,72,two_year,credit_card,none,25.1,1790.8,0,0,0,0,0,0,1,0,1,1,1,0
4009-ALQFH,2024-01-08,25,month_to_month,electronic_check,fiber_optic,99.5,2369.05,0,1,1,0,1,1,0,0,0,0,1,1
0023-HGHWL,2024-01-08,1,month_to_month,electronic_check,dsl,25.1,25.1,0,0,0,0,0,0,0,1,0,0,1,1
1686-STUHN,2024-01-08,42,one_year,bank_transfer,none,19.8,849.9,0,0,0,0,0,0,0,0,0,0,0,0
3588-WSTTJ,2024-01-08,35,month_to_month,electronic_check,fiber_optic,99.05,3554.6,1,0,0,0,1,1,1,1,0,0,1,0
2538-OIMXF,2024-01-08,1,month_to_month,mailed_check,dsl,24.7,24.7,0,0,0,0,0,0,0,0,0,1,0,0
3806-YAZOV,2024-01-08,3,month_to_month,mailed_check,none,18.8,56.0,0,0,0,0,0,0,0,0,0,0,0,0
9127-QRZMH,2024-01-08,44,one_year,bank_transfer,dsl,59.85,2603.95,1,1,0,1,0,0,0,0,1,0,1,0
7607-QKKTJ,2024-01-08,45,one_year,credit_card,fiber_optic,95.0,4368.85,0,1,1,0,0,1,1,0,1,1,1,0
8665-UTDHZ,2024-01-08,1,month_to_month,electronic_check,dsl,30.2,30.2,0,1,0,0,0,0,0,0,1,1,0,1
7398-HPYZQ,2024-01-08,71,two_year,bank_transfer,dsl,90.55,6404.0,1,1,1,1,1,1,1,0,1,0,0,0
4647-MUZON,2024-01-08,18,month_to_month,credit_card,fiber_optic,95.95,1745.5,0,0,1,0,1,1,0,0,1,0,1,0
6856-RAURS,2024-01-08,2,month_to_month,mailed_check,fiber_optic,74.9,136.05,0,0,0,0,0,0,1,0,0,0,1,0
7250-EQKIY,2024-01-08,1,month_to_month,mailed_check,dsl,50.45,50.45,0,0,1,0,0,0,0,0,1,1,0,1
8709-KRDVL,2024-01-08,33,month_to_month,electronic_check,fiber_optic,100.0,3320.6,0,1,0,0,1,1,1,0,0,0,1,0
6701-YVNQG,2024-01-08,72,two_year,credit_card,dsl,88.7,6301.7,1,1,1,1,1,1,1,0,1,0,1,0
2639-UGMAZ,2024-01-08,71,one_year,electronic_check,dsl,56.45,3985.35,1,1,0,0,1,1,0,1,0,0,1,0
2983-ZANRP,2024-01-08,2,month_to_month,bank_transfer,fiber_optic,73.55,145.4,0,1,0,0,0,0,0,0,1,1,1,1
0508-SQWPL,2024-01-08,57,two_year,bank_transfer,none,20.1,1087.7,0,0,0,0,0,0,0,0,1,1,1,0
1834-ABKHQ,2024-01-08,52,one_year,bank_transfer,dsl,50.95,2610.65,0,0,1,0,0,0,0,0,1,1,1,0
0280-XJGEX,2024-01-08,49,month_to_month,bank_transfer,fiber_optic,103.7,5036.3,0,1,1,0,1,1,1,0,0,0,1,1
0519-XUZJU,2024-01-08,1,month_to_month,mailed_check,fiber_optic,70.75,70.75,0,0,0,0,0,0,0,0,0,0,0,1
7434-SHXLS,2024-01-08,1,month_to_month,mailed_check,none,20.9,20.9,0,0,0,0,0,0,0,0,0,0,0,1
3012-VFFMN,2024-01-08,7,month_to_month,mailed_check,none,20.65,158.95,0,0,0,0,0,0,0,0,1,1,0,0
7268-IGMFD,2024-01-08,18,month_to_month,bank_transfer,fiber_optic,93.9,1743.9,0,0,1,1,1,0,1,1,0,0,0,0
9717-QEBGU,2024-01-08,2,month_to_month,electronic_check,fiber_optic,70.3,144.0,0,0,0,0,0,0,0,0,0,0,1,0
5151-HQRDG,2024-01-08,37,month_to_month,mailed_check,dsl,55.05,2030.75,1,0,0,0,0,0,1,0,1,0,1,0
2565-JSLRY,2024-01-08,1,month_to_month,mailed_check,none,24.05,24.05,0,0,0,0,0,0,1,0,0,0,1,1
0234-TEVTT,2024-01-08,48,one_year,credit_card,dsl,45.0,2196.3,1,0,1,0,0,1,0,0,1,1,0,0
6862-CQUMB,2024-01-08,37,month_to_month,credit_card,fiber_optic,96.1,3646.8,0,1,0,0,1,1,0,0,0,0,1,0
7823-JSOAG,2024-01-08,3,month_to_month,electronic_check,fiber_optic,74.5,217.45,0,0,0,0,0,0,1,0,0,0,0,0
9863-JZAIC,2024-01-08,35,month_to_month,mailed_check,dsl,55.0,2010.55,0,0,0,0,1,0,0,0,0,0,0,1
0347-UBKUZ,2024-01-08,15,month_to_month,mailed_check,none,19.9,320.45,0,0,0,0,0,0,0,0,0,0,0,0
3590-TCXTB,2024-01-08,1,month_to_month,mailed_check,none,20.35,20.35,0,0,0,0,0,0,0,0,0,0,0,0
6855-VLGOS,2024-01-08,72,two_year,electronic_check,none,20.55,1432.55,0,0,0,0,0,0,0,0,1,1,0,0
2023-VQFDL,2024-01-08,18,month_to_month,electronic_check,none,19.0,348.8,0,0,0,0,0,0,0,0,0,0,0,0
0133-BMFZO,2024-01-08,2,month_to_month,electronic_check,fiber_optic,86.25,181.65,1,1,0,1,0,0,0,0,0,0,1,1
3057-VJJQE,2024-01-08,35,two_year,mailed_check,dsl,55.25,1924.1,1,0,0,0,0,0,1,0,0,0,0,0
9820-RMCQV,2024-01-08,11,month_to_month,credit_card,dsl,48.55,501.0,1,0,0,0,0,0,0,0,0,0,0,1
9355-NPPFS,2024-01-08,26,month_to_month,electronic_check,fiber_optic,78.8,2006.1,0,0,0,0,0,1,0,1,0,0,1,0
9819-FBNSV,2024-01-08,37,month_to_month,bank_transfer,fiber_optic,72.25,2575.45,0,0,0,0,0,0,0,1,1,0,1,0
0356-OBMAC,2024-01-08,56,two_year,bank_transfer,fiber_optic,99.9,5706.3,0,1,1,1,1,0,1,1,0,0,1,0
7306-YDSOI,2024-01-08,69,two_year,bank_transfer,dsl,59.75,4069.9,1,1,1,0,0,0,0,0,1,1,1,0
1052-QJIBV,2024-01-08,71,two_year,credit_card,none,19.9,1397.3,0,0,0,0,0,0,0,0,1,1,0,0
8480-PPONV,2024-01-08,62,two_year,bank_transfer,fiber_optic,115.55,7159.05,1,1,1,1,1,1,1,0,1,1,0,0
8582-KRHPJ,2024-01-08,50,month_to_month,mailed_check,dsl,35.0,1782.4,1,1,0,0,0,0,0,0,0,0,1,0
2272-JKMSI,2024-01-08,62,one_year,electronic_check,fiber_optic,110.8,6840.95,0,1,1,1,1,1,1,0,1,1,1,0
0931-MHTEM,2024-01-08,54,one_year,credit_card,fiber_optic,100.05,5299.65,1,1,0,0,1,1,0,0,0,0,1,0
4006-HKYHO,2024-01-08,63,two_year,bank_transfer,dsl,86.7,5309.5,1,1,1,1,1,1,0,0,0,0,1,0
0377-JBKKT,2024-01-08,22,month_to_month,mailed_check,dsl,57.95,1271.8,1,1,0,1,0,0,0,0,1,1,1,0
0839-QNXME,2024-01-08,30,two_year,credit_card,none,19.4,578.5,0,0,0,0,0,0,0,0,0,0,0,0
8996-ZROXE,2024-01-08,57,one_year,electronic_check,dsl,53.5,3035.8,0,0,1,1,0,0,0,1,0,0,1,0
2480-EJWYP,2024-01-08,58,one_year,bank_transfer,fiber_optic,97.8,5458.8,0,1,0,0,1,1,1,1,1,0,1,0
9591-YVTEB,2024-01-08,55,month_to_month,electronic_check,dsl,44.85,2479.05,1,1,0,0,1,0,0,1,0,0,1,0
0402-CQAJN,2024-01-08,37,month_to_month,bank_transfer,fiber_optic,101.9,3545.35,0,1,1,0,1,1,1,0,0,0,1,1
3620-MWJNE,2024-01-08,2,month_to_month,mailed_check,dsl,54.45,87.3,1,0,0,1,0,0,0,0,0,0,1,0
9681-KYGYB,2024-01-08,49,month_to_month,electronic_check,fiber_optic,88.2,4159.45,1,1,1,0,0,0,1,1,1,0,1,0
2956-GGUCQ,2024-01-08,24,month_to_month,electronic_check,fiber_optic,78.85,1772.25,1,0,0,0,0,0,1,1,1,0,1,1
6303-KFWSL,2024-01-08,29,one_year,electronic_check,dsl,55.25,1620.2,0,1,0,0,0,0,1,0,0,0,1,0
9448-REEVD,2024-01-08,1,month_to_month,credit_card,dsl,44.7,44.7,0,0,0,0,0,0,0,0,1,0,0,1
1841-YSJGV,2024-01-08,72,two_year,credit_card,fiber_optic,109.95,7852.4,1,1,0,1,1,1,1,0,1,0,1,0
2458-EOMRE,2024-01-08,11,month_to_month,bank_transfer,dsl,64.05,733.95,1,0,1,0,0,1,0,0,0,0,0,0
2575-GFSOE,2024-01-08,7,month_to_month,electronic_check,fiber_optic,69.0,506.9,0,0,0,0,0,0,0,0,1,1,1,1
8164-OCKUJ,2024-01-08,59,two_year,mailed_check,none,20.6,1286.0,0,0,0,0,0,0,0,0,1,1,0,0
3067-SVMTC,2024-01-08,68,one_year,bank_transfer,dsl,55.9,3848.8,1,0,0,1,0,0,0,0,1,0,0,0
3392-EHMNK,2024-01-08,67,two_year,credit_card,fiber_optic,94.1,6302.8,0,1,0,1,1,0,1,0,1,1,0,0
5561-NWEVX,2024-01-08,2,month_to_month,electronic_check,fiber_optic,79.2,172.85,0,0,1,0,0,0,1,1,1,0,0,1
5692-ICXLW,2024-01-08,31,month_to_month,electronic_check,fiber_optic,90.7,2845.15,0,1,0,0,1,0,1,1,0,0,1,0
6371-NZYEG,2024-01-08,16,two_year,mailed_check,dsl,64.25,1024.0,1,0,1,0,1,0,0,0,1,1,0,0
6086-ESGRL,2024-01-08,1,month_to_month,credit_card,fiber_optic,80.15,80.15,0,0,0,0,0,1,0,0,0,0,0,1
2719-BDAQO,2024-01-08,17,month_to_month,electronic_check,fiber_optic,93.85,1625.65,1,0,0,0,1,1,0,0,0,0,0,1
4115-NZRKS,2024-01-08,7,month_to_month,electronic_check,fiber_optic,89.15,574.35,0,0,0,0,1,1,0,1,0,0,1,0
6728-WYQBC,2024-01-08,1,month_to_month,bank_transfer,none,20.95,20.95,0,0,0,0,0,0,0,0,0,0,0,0
4439-YRNVD,2024-01-08,10,month_to_month,electronic_check,dsl,36.25,374.0,0,1,0,1,0,0,0,0,0,0,0,0
0139-IVFJG,2024-01-08,2,month_to_month,electronic_check,fiber_optic,90.35,190.5,1,1,0,0,1,0,0,0,1,0,0,0
9348-ROUAI,2024-01-08,59,two_year,credit_card,dsl,90.3,5194.05,1,1,1,1,1,1,1,0,1,1,0,0
1980-KXVPM,2024-01-08,3,month_to_month,credit_card,fiber_optic,75.05,256.25,0,0,0,0,0,0,1,1,0,0,1,1
9453-PATOS,2024-01-08,72,two_year,mailed_check,dsl,85.1,6155.4,1,1,1,1,1,1,0,0,1,0,0,0
7277-OZCGZ,2024-01-08,22,month_to_month,electronic_check,fiber_optic,89.05,1886.25,1,0,0,1,0,1,0,0,0,0,1,0
5701-ZIKJE,2024-01-08,13,month_to_month,mailed_check,dsl,50.55,610.75,0,0,0,1,0,0,0,0,0,0,1,0
8095-WANWK,2024-01-08,10,month_to_month,mailed_check,dsl,45.25,428.7,0,0,0,0,0,0,0,0,0,0,0,0
9885-MFVSU,2024-01-08,35,two_year,credit_card,dsl,46.35,1662.05,1,0,0,1,1,0,0,0,1,1,1,0
1545-JFUML,2024-01-08,71,two_year,electronic_check,fiber_optic,99.0,6994.6,1,1,1,0,1,0,1,0,1,0,1,0
0265-EDXBD,2024-01-08,32,month_to_month,electronic_check,fiber_optic,74.9,2303.35,0,0,0,0,0,0,1,1,1,0,1,1
3113-IWHLC,2024-01-08,5,month_to_month,mailed_check,dsl,55.8,274.35,1,0,1,0,0,0,0,0,0,0,1,0
5216-WASFJ,2024-01-08,31,month_to_month,electronic_check,fiber_optic,84.85,2633.4,0,0,0,0,0,1,1,1,1,0,1,0
3450-WXOAT,2024-01-08,46,month_to_month,credit_card,dsl,45.2,2065.15,0,0,0,0,0,0,0,0,0,0,1,0
4818-QIUFN,2024-01-08,20,month_to_month,electronic_check,fiber_optic,79.15,1520.9,1,0,0,0,0,0,1,1,0,0,1,1
9773-PEQBZ,2024-01-08,10,month_to_month,electronic_check,fiber_optic,79.85,797.25,0,1,0,0,0,0,1,0,0,0,0,0
4566-GOLUK,2024-01-08,47,month_to_month,bank_transfer,fiber_optic,107.35,5118.95,0,0,1,1,1,1,1,0,1,1,1,1
9921-QFQUL,2024-01-08,23,month_to_month,mailed_check,fiber_optic,90.15,2044.95,0,0,1,0,0,1,1,0,1,0,0,0
9919-KNPOO,2024-01-08,21,month_to_month,electronic_check,fiber_optic,94.3,1948.35,0,0,0,0,1,1,1,0,1,0,1,0
8405-IGQFX,2024-01-08,63,one_year,credit_card,fiber_optic,90.05,5817.0,0,0,1,1,1,0,0,0,0,0,1,0
7579-OOPEC,2024-01-08,2,month_to_month,credit_card,dsl,50.15,115.1,0,1,0,0,0,0,0,1,1,0,0,1
3363-EWLGO,2024-01-08,5,month_to_month,mailed_check,none,19.95,109.6,0,0,0,0,0,0,0,0,0,0,0,0
1251-STYSZ,2024-01-08,4,month_to_month,electronic_check,fiber_optic,80.25,303.7,1,0,0,0,0,0,1,1,0,0,1,0
4254-QPEDE,2024-01-08,52,two_year,credit_card,dsl,66.25,3330.1,1,1,1,1,1,1,0,0,1,0,0,0
0042-JVWOJ,2024-01-08,26,one_year,bank_transfer,none,19.6,471.85,0,0,0,0,0,0,0,0,0,0,1,0
2260-USTRB,2024-01-08,2,month_to_month,bank_transfer,fiber_optic,70.2,115.95,0,0,0,0,0,0,0,1,0,0,1,1
8974-OVACP,2024-01-08,1,month_to_month,mailed_check,none,20.15,20.15,0,0,0,0,0,0,0,0,0,0,0,0
7191-ADRGF,2024-01-08,44,two_year,bank_transfer,dsl,54.3,2390.45,0,1,1,0,1,1,0,0,1,0,0,0
0746-JTRFU,2024-01-08,2,month_to_month,electronic_check,dsl,25.05,56.35,0,0,0,0,0,0,0,0,0,0,1,1
2303-PJYHN,2024-01-08,2,month_to_month,bank_transfer,none,19.85,52.0,0,0,0,0,0,0,0,0,1,0,0,0
0114-PEGZZ,2024-01-08,33,month_to_month,electronic_check,fiber_optic,107.55,3645.5,0,1,1,0,1,1,1,0,0,0,0,0
2475-MROZF,2024-01-08,30,month_to_month,credit_card,fiber_optic,95.0,2852.4,1,1,1,1,0,0,1,0,0,0,1,0
3621-CEOVK,2024-01-08,14,month_to_month,electronic_check,fiber_optic,100.2,1369.8,0,1,0,0,1,1,1,1,1,0,1,1
7989-CHGTL,2024-01-08,1,month_to_month,mailed_check,none,19.6,19.6,0,0,0,0,0,0,0,0,0,0,1,1
3338-CVVEH,2024-01-08,12,month_to_month,electronic_check,fiber_optic,94.55,1173.55,0,0,0,0,1,1,1,0,0,0,0,0
9053-EJUNL,2024-01-08,41,month_to_month,electronic_check,fiber_optic,89.2,3645.75,0,1,0,0,1,0,1,0,0,0,1,0
9547-ITEFG,2024-01-08,9,month_to_month,credit_card,fiber_optic,102.6,897.75,0,1,1,0,1,1,1,0,1,1,1,0
4627-MIHJH,2024-01-08,69,two_year,credit_card,fiber_optic,110.25,7467.55,1,0,1,1,1,1,1,1,0,0,0,0
1285-OKIPP,2024-01-08,1,month_to_month,electronic_check,fiber_optic,79.9,79.9,0,0,0,0,0,1,0,0,0,0,0,1
4237-CLSMM,2024-01-08,2,month_to_month,mailed_check,none,20.0,38.0,0,0,0,0,0,0,0,0,1,0,0,0
9734-UYXQI,2024-01-08,2,month_to_month,electronic_check,dsl,49.4,106.55,0,0,0,0,0,0,1,0,0,0,1,1
1821-BUCWY,2024-01-08,30,two_year,mailed_check,dsl,55.65,1653.85,1,0,1,0,0,0,0,0,0,0,1,0
4075-JFPGR,2024-01-08,51,one_year,electronic_check,fiber_optic,93.5,4619.55,1,1,1,0,1,0,0,0,1,0,1,0
5671-UUNXD,2024-01-08,50,one_year,electronic_check,fiber_optic,100.65,5189.75,0,0,0,1,1,1,1,1,1,0,1,0
0971-QIFJK,2024-01-08,69,two_year,bank_transfer,none,24.25,1641.8,0,0,0,0,0,0,1,0,1,0,0,0
6297-NOOPG,2024-01-08,70,two_year,electronic_check,fiber_optic,110.5,7752.05,0,1,1,1,1,1,1,0,1,0,1,0
1702-CCFNJ,2024-01-08,52,month_to_month,bank_transfer,dsl,61.35,3169.55,0,1,0,1,0,0,1,0,1,0,0,0
0991-BRRFB,2024-01-08,18,month_to_month,electronic_check,dsl,49.4,874.8,1,0,0,0,0,0,0,0,0,0,0,1
5575-TPIZQ,2024-01-08,46,month_to_month,credit_card,fiber_optic,89.15,4245.55,1,0,0,0,1,0,1,0,0,0,1,0
2075-PUEPR,2024-01-08,55,two_year,bank_transfer,none,19.35,1153.25,0,0,0,0,0,0,0,0,1,1,0,0
0506-LVNGN,2024-01-08,5,month_to_month,credit_card,fiber_optic,75.55,349.65,0,0,1,0,0,0,0,1,0,0,1,1
4140-MUHUG,2024-01-08,3,month_to_month,electronic_check,fiber_optic,86.85,220.95,0,0,1,0,1,0,0,1,0,0,1,1
7968-QUXNS,2024-01-08,6,month_to_month,mailed_check,none,18.95,110.15,0,0,0,0,0,0,0,0,0,0,0,0
9530-GRMJG,2024-01-08,70,two_year,electronic_check,dsl,84.1,5979.7,0,1,1,1,1,1,1,0,1,1,1,0
2123-VSCOT,2024-01-08,59,two_year,bank_transfer,dsl,72.1,4194.85,0,0,1,1,1,0,1,0,1,1,1,0
9411-TPQQV,2024-01-08,40,one_year,bank_transfer,dsl,54.55,2236.2,1,0,0,1,1,1,0,0,0,0,1,0
3973-SKMLN,2024-01-08,71,two_year,credit_card,none,19.9,1355.1,0,0,0,0,0,0,0,0,0,0,1,0
9696-RMYBA,2024-01-08,5,month_to_month,mailed_check,fiber_optic,80.1,398.55,0,0,0,0,1,0,0,0,0,0,1,0
8734-DKSTZ,2024-01-08,10,month_to_month,electronic_check,fiber_optic,85.95,858.6,0,0,0,0,0,1,1,0,1,1,0,0
5336-UFNZP,2024-01-08,65,one_year,electronic_check,fiber_optic,107.45,7047.5,0,1,1,0,1,1,1,1,1,1,1,0
6180-YBIQI,2024-01-08,5,month_to_month,mailed_check,dsl,24.3,100.2,0,0,0,0,0,0,0,0,0,0,0,0
1406-PUQVY,2024-01-08,1,month_to_month,electronic_check,dsl,49.9,49.9,0,1,0,0,0,0,0,0,0,1,1,0
5016-LIPDW,2024-01-08,57,one_year,mailed_check,none,19.4,1061.6,0,0,0,0,0,0,0,0,1,1,0,0
6418-PIQSP,2024-01-08,62,two_year,mailed_check,dsl,81.0,4985.9,1,0,1,1,1,1,0,0,1,0,0,0
3280-MRDOF,2024-01-08,30,two_year,credit_card,dsl,69.1,2093.9,0,0,1,1,1,0,1,1,0,0,1,0
3016-KSVCP,2024-01-08,29,month_to_month,mailed_check,dsl,33.75,1009.25,0,0,0,0,1,0,0,0,1,0,0,0
2908-WGAXL,2024-01-08,56,two_year,credit_card,none,24.95,1468.9,0,0,0,0,0,0,1,0,1,1,1,0
6968-MHOMU,2024-01-08,58,one_year,credit_card,dsl,45.0,2689.35,0,0,0,0,1,1,0,0,1,0,1,0
2851-STERV,2024-01-08,35,one_year,electronic_check,dsl,73.0,2471.25,0,0,1,1,1,1,0,1,0,0,1,0
8466-PZBLH,2024-01-08,67,two_year,bank_transfer,fiber_optic,104.6,6885.75,1,0,0,1,1,1,1,0,1,1,0,0
2126-GSEGL,2024-01-08,70,two_year,bank_transfer,dsl,84.8,5917.55,0,1,1,1,1,1,1,0,1,0,1,0
7508-KBIMB,2024-01-08,24,one_year,credit_card,dsl,56.25,1454.25,1,0,1,0,0,0,0,0,1,1,1,0
5575-GNVDE,2024-01-08,34,one_year,mailed_check,dsl,56.95,1889.5,1,0,1,0,0,0,0,0,0,0,0,0
2674-MLXMN,2024-01-08,71,month_to_month,credit_card,fiber_optic,99.65,6951.15,0,1,0,0,1,1,1,1,0,0,1,0
6630-UJZMY,2024-01-08,4,month_to_month,electronic_check,fiber_optic,83.25,308.05,0,0,0,0,1,0,1,1,1,0,1,0
1871-MOWRM,2024-01-08,12,month_to_month,bank_transfer,fiber_optic,80.85,866.45,1,0,0,1,0,0,0,0,1,0,0,1
3426-NIYYL,2024-01-08,15,month_to_month,electronic_check,dsl,51.55,765.5,0,0,0,0,0,0,1,0,0,0,0,1
5512-IDZEI,2024-01-08,46,one_year,electronic_check,none,24.9,1174.8,0,0,0,0,0,0,1,0,1,1,0,0
2408-PSJVE,2024-01-08,44,month_to_month,mailed_check,dsl,61.9,2924.05,0,1,1,1,0,0,0,0,1,1,1,0
3352-ALMCK,2024-01-08,40,month_to_month,mailed_check,fiber_optic,102.65,4108.15,0,1,1,0,1,1,1,0,0,0,1,0
9221-OTIVJ,2024-01-08,14,month_to_month,electronic_check,fiber_optic,104.85,1531.4,0,1,1,0,1,1,1,1,0,0,1,1
0993-OSGPT,2024-01-08,68,one_year,bank_transfer,dsl,60.65,3975.9,0,1,1,1,0,0,0,1,1,0,1,0
6603-YRDCJ,2024-01-08,33,two_year,mailed_check,dsl,61.05,2018.4,1,1,0,1,0,0,0,0,1,0,1,0
4709-LKHYG,2024-01-08,29,one_year,electronic_check,none,20.0,540.05,0,0,0,0,0,0,0,0,1,1,0,0
3758-CKOQL,2024-01-08,59,one_year,credit_card,fiber_optic,107.0,6152.3,1,1,1,1,0,1,1,0,1,0,1,0
5201-FRKKS,2024-01-08,25,month_to_month,bank_transfer,fiber_optic,74.3,1952.25,1,0,0,0,0,0,0,0,0,0,0,0
5044-LRQAQ,2024-01-08,7,month_to_month,bank_transfer,fiber_optic,69.2,477.55,0,0,0,0,0,0,0,0,1,0,1,0
6557-BZXLQ,2024-01-08,16,month_to_month,electronic_check,fiber_optic,69.65,1043.3,0,0,0,0,0,0,0,1,0,0,0,0
8608-OZTLB,2024-01-08,38,one_year,electronic_check,dsl,74.05,2802.3,1,1,1,1,1,0,0,0,1,1,0,0
1436-ZMJAN,2024-01-08,10,month_to_month,credit_card,dsl,67.8,653.15,0,0,1,0,1,1,0,0,1,0,1,0
6345-FZOQH,2024-01-08,69,two_year,mailed_check,none,19.9,1363.45,0,0,0,0,0,0,0,0,1,0,0,0
6008-NAIXK,2024-01-08,54,one_year,electronic_check,dsl,55.45,2966.95,0,1,1,0,1,1,0,1,0,0,1,0
9677-AVKED,2024-01-08,53,one_year,electronic_check,dsl,84.6,4449.75,0,1,1,1,1,1,1,0,0,1,1,0
5515-IDEJJ,2024-01-08,1,month_to_month,mailed_check,none,19.9,19.9,0,0,0,0,0,0,0,0,1,1,0,1
8591-NXRCV,2024-01-08,41,month_to_month,bank_transfer,dsl,74.65,3090.65,1,0,1,1,0,1,1,0,0,0,1,0
7328-OWMOM,2024-01-08,31,one_year,credit_card,none,20.1,589.25,0,0,0,0,0,0,0,0,0,1,0,0
4716-HHKQH,2024-01-08,20,month_to_month,electronic_check,fiber_optic,107.05,2172.05,0,1,0,1,1,1,1,1,1,0,0,0
9862-KJTYK,2024-01-08,19,month_to_month,credit_card,dsl,25.35,566.1,0,0,0,0,0,0,0,0,0,1,1,0
5120-ZBLAI,2024-01-08,50,one_year,bank_transfer,dsl,75.7,3876.2,0,0,1,0,1,1,1,0,1,0,0,0
2595-KIWPV,2024-01-08,27,two_year,credit_card,none,19.7,509.3,0,0,0,0,0,0,0,0,0,1,0,0
1725-IQNIY,2024-01-08,54,two_year,bank_transfer,fiber_optic,109.75,6110.2,1,1,1,1,1,1,0,0,1,0,0,1
3951-NJCVI,2024-01-08,42,month_to_month,electronic_check,fiber_optic,95.05,3944.5,0,0,0,0,1,1,1,1,1,0,1,0
1423-BMPBQ,2024-01-08,1,month_to_month,mailed_check,none,19.0,19.0,0,0,0,0,0,0,0,0,1,1,1,0
9837-FWLCH,2024-01-08,12,month_to_month,electronic_check,none,19.2,239.0,0,0,0,0,0,0,0,0,1,1,1,0
3190-XFANI,2024-01-08,49,one_year,bank_transfer,fiber_optic,100.6,5069.65,0,0,0,1,1,1,1,0,0,1,1,1
8725-JEDFD,2024-01-08,27,month_to_month,mailed_check,fiber_optic,69.05,1793.25,0,0,0,0,0,0,0,0,0,0,1,0
0164-XAIRP,2024-01-08,24,two_year,bank_transfer,none,19.55,470.2,0,0,0,0,0,0,0,0,0,0,1,0
5174-ITUMV,2024-01-08,67,one_year,electronic_check,fiber_optic,105.4,6989.45,0,1,1,0,1,1,1,0,1,1,1,0
6519-CFDBX,2024-01-08,2,month_to_month,electronic_check,dsl,45.4,80.95,0,0,0,0,0,0,0,0,0,0,1,0
9637-CDTKZ,2024-01-08,72,two_year,credit_card,fiber_optic,114.1,8086.4,1,1,1,1,1,1,1,0,1,0,1,0
3692-JHONH,2024-01-08,52,one_year,electronic_check,fiber_optic,106.5,5621.85,0,1,1,0,1,1,1,1,1,0,1,0
6347-DCUIK,2024-01-08,10,month_to_month,mailed_check,fiber_optic,74.15,811.8,0,0,0,0,0,0,1,0,0,0,1,1
0336-PIKEI,2024-01-08,72,two_year,bank_transfer,dsl,74.4,5360.75,1,1,1,1,1,0,0,1,1,0,0,0
4013-UBXWQ,2024-01-08,7,month_to_month,electronic_check,dsl,74.65,521.1,0,0,0,1,1,1,1,0,0,0,1,1
8606-CIQUL,2024-01-08,72,two_year,credit_card,fiber_optic,115.75,8399.15,1,1,1,1,1,1,1,1,1,1,1,0
3404-JNXAX,2024-01-08,51,month_to_month,electronic_check,fiber_optic,80.75,4116.9,0,0,0,1,0,0,1,0,1,1,1,0
2665-NPTGL,2024-01-08,26,month_to_month,bank_transfer,fiber_optic,98.1,2510.7,0,0,1,0,1,1,1,1,1,0,1,0
9278-VZKCD,2024-01-08,52,month_to_month,electronic_check,fiber_optic,109.1,5647.95,1,1,1,0,1,1,1,1,1,0,1,0
9620-QJREV,2024-01-08,47,one_year,credit_card,none,20.55,1013.05,0,0,0,0,0,0,0,0,0,1,0,0
0827-ITJPH,2024-01-08,36,two_year,credit_card,none,18.55,689.0,0,0,0,0,0,0,0,0,0,0,1,0
0137-UDEUO,2024-01-08,3,month_to_month,mailed_check,none,19.85,63.75,0,0,0,0,0,0,0,0,0,0,0,1
3878-AVSOQ,2024-01-08,1,month_to_month,electronic_check,fiber_optic,71.25,71.25,0,0,0,0,0,0,0,1,0,0,1,0
1271-SJBGZ,2024-01-08,12,month_to_month,electronic_check,dsl,43.65,526.95,0,0,1,1,0,1,0,1,0,0,1,1
0619-OLYUR,2024-01-08,72,two_year,credit_card,fiber_optic,111.9,8071.05,1,0,1,1,1,1,1,0,1,0,1,0
7531-GQHME,2024-01-08,12,month_to_month,credit_card,none,20.05,265.45,0,0,0,0,0,0,0,0,0,0,0,0
5178-LMXOP,2024-01-08,1,month_to_month,electronic_check,fiber_optic,95.1,95.1,0,0,0,0,1,1,1,1,1,0,1,1
2364-UFROM,2024-01-08,30,one_year,electronic_check,dsl,70.4,2044.75,1,1,0,1,1,0,0,0,0,0,0,0
3570-YUEKJ,2024-01-08,42,month_to_month,electronic_check,dsl,49.55,2077.95,0,1,0,0,0,0,0,0,0,0,1,0
9048-JVYVF,2024-01-08,3,month_to_month,electronic_check,dsl,69.35,191.35,0,0,0,1,1,1,0,0,0,0,1,1
4154-AQUGT,2024-01-08,13,month_to_month,bank_transfer,fiber_optic,89.05,1169.35,0,1,0,1,0,1,0,1,1,0,1,1
2612-RANWT,2024-01-08,12,month_to_month,bank_transfer,fiber_optic,100.15,1164.3,0,0,1,0,1,1,1,0,0,0,1,1
3768-NLUBH,2024-01-08,57,month_to_month,electronic_check,fiber_optic,100.6,5746.15,0,0,1,0,1,1,1,1,1,0,0,1
9606-PBKBQ,2024-01-08,32,month_to_month,electronic_check,fiber_optic,85.0,2642.05,0,0,0,0,0,1,1,1,1,0,1,1
3442-ZHHCC,2024-01-08,68,one_year,credit_card,dsl,76.9,5023.0,1,1,1,0,0,1,1,0,0,0,1,0
5726-CVNYA,2024-01-08,8,two_year,mailed_check,none,19.85,146.6,0,0,0,0,0,0,0,0,1,1,1,0
7839-QRKXN,2024-01-08,1,month_to_month,mailed_check,none,20.2,20.2,0,0,0,0,0,0,0,0,0,0,1,1
5296-BFCYD,2024-01-08,46,two_year,mailed_check,none,20.1,936.85,0,0,0,0,0,0,0,0,1,1,1,0
1960-UYCNN,2024-01-08,10,month_to_month,electronic_check,fiber_optic,95.25,1021.55,0,1,1,0,0,1,1,0,0,0,1,0
0928-JMXNP,2024-01-08,4,month_to_month,electronic_check,dsl,29.9,118.25,0,0,1,0,0,0,0,1,1,0,1,0
6185-TASNN,2024-01-08,1,month_to_month,electronic_check,dsl,46.3,46.3,0,0,0,0,0,0,0,1,0,0,0,0
4750-ZRXIU,2024-01-08,4,month_to_month,electronic_check,fiber_optic,84.6,360.1,0,0,0,0,0,1,1,1,0,0,1,1
3274-NSDWE,2024-01-08,68,two_year,credit_card,none,19.6,1441.65,0,0,0,0,0,0,0,0,0,0,0,0
5887-IKKYO,2024-01-08,58,two_year,bank_transfer,fiber_optic,94.35,5563.65,0,0,1,1,0,1,1,0,1,1,0,0
3439-GVUSX,2024-01-08,1,month_to_month,mailed_check,dsl,24.4,24.4,0,0,0,0,0,0,0,0,0,0,0,0
8224-DWCKX,2024-01-08,12,month_to_month,credit_card,fiber_optic,73.3,828.05,0,0,0,0,0,0,1,1,0,0,1,0
0266-GMEAO,2024-01-08,72,two_year,credit_card,fiber_optic,114.3,8058.55,1,1,1,1,1,1,1,0,1,1,1,0
9681-OXGVC,2024-01-08,5,month_to_month,electronic_check,fiber_optic,100.5,514.0,0,0,1,0,1,1,1,0,0,0,1,1
2466-FCCPT,2024-01-08,20,one_year,bank_transfer,none,19.7,395.6,0,0,0,0,0,0,0,0,1,1,0,0
9046-JBFWA,2024-01-08,27,month_to_month,mailed_check,none,19.15,537.35,0,0,0,0,0,0,0,0,0,1,0,0
2455-USLMV,2024-01-08,31,month_to_month,credit_card,fiber_optic,84.75,2613.4,1,0,1,0,0,0,1,0,0,0,1,0
0326-VDYXE,2024-01-08,70,one_year,electronic_check,fiber_optic,97.65,6982.5,0,0,1,0,1,1,1,0,1,0,1,0
6332-FBZRI,2024-01-08,67,one_year,credit_card,dsl,69.35,4653.25,1,1,1,1,0,0,1,0,1,1,1,0
9631-XEYKE,2024-01-08,3,month_to_month,bank_transfer,dsl,50.4,137.25,0,0,0,0,0,0,1,0,0,0,0,0
4786-UKSNZ,2024-01-08,1,month_to_month,mailed_check,none,20.2,20.2,0,0,0,0,0,0,0,0,0,0,0,1
9931-DCEZH,2024-01-08,28,one_year,credit_card,dsl,54.4,1516.6,0,1,0,1,0,0,0,0,0,1,1,0
4962-CHQPW,2024-01-08,29,one_year,mailed_check,none,19.85,535.05,0,0,0,0,0,0,0,0,0,1,0,0
1602-IJQQE,2024-01-08,4,month_to_month,electronic_check,fiber_optic,75.35,338.1,0,0,0,0,0,0,1,0,0,0,0,1
4717-GHADL,2024-01-08,50,two_year,mailed_check,dsl,79.6,4024.2,0,1,0,1,1,1,1,0,0,0,1,0
2522-WLNSF,2024-01-08,34,one_year,bank_transfer,dsl,64.2,2106.3,0,0,1,1,1,0,0,1,1,0,0,0
9742-XOKTS,2024-01-08,67,one_year,electronic_check,fiber_optic,89.55,6038.55,1,1,0,1,0,0,1,0,1,1,0,0
9958-MEKUC,2024-01-08,72,two_year,credit_card,fiber_optic,103.95,7517.7,1,1,1,1,0,1,1,0,1,1,0,0
2265-CYWIV,2024-01-08,4,month_to_month,electronic_check,fiber_optic,99.6,347.65,1,0,0,0,1,1,1,1,1,0,1,1
2123-AGEEN,2024-01-08,7,month_to_month,electronic_check,fiber_optic,84.35,609.65,0,0,1,0,1,0,0,1,0,0,1,0
2750-BJLSB,2024-01-08,47,one_year,electronic_check,fiber_optic,103.7,4730.6,1,0,1,1,1,1,0,0,0,0,1,0
9496-IVVRP,2024-01-08,11,month_to_month,bank_transfer,dsl,51.0,581.7,1,0,0,0,0,0,0,0,1,1,0,0
9412-GHEEC,2024-01-08,40,month_to_month,bank_transfer,fiber_optic,104.8,4131.95,0,0,1,1,1,1,1,0,0,0,0,1
2474-BRUCM,2024-01-08,40,month_to_month,electronic_check,fiber_optic,101.85,4086.3,1,0,0,0,1,1,1,1,1,0,0,1
8510-BBWMU,2024-01-08,41,one_year,mailed_check,none,19.75,806.95,0,0,0,0,0,0,0,0,0,0,1,0
5899-OUVKV,2024-01-08,31,month_to_month,electronic_check,fiber_optic,94.5,2979.2,0,1,0,0,1,1,0,0,0,0,1,0
6134-KWTBV,2024-01-08,62,two_year,bank_transfer,none,23.4,1429.65,0,0,0,0,0,0,1,0,0,0,0,0
4488-KQFDT,2024-01-08,61,one_year,electronic_check,fiber_optic,103.95,6423.0,0,1,1,0,1,1,1,0,0,0,1,0
3884-UEBXB,2024-01-08,67,two_year,bank_transfer,dsl,36.15,2434.45,1,1,0,0,0,0,0,0,1,1,0,0
8735-SDUFN,2024-01-08,72,two_year,bank_transfer,none,24.3,1778.7,0,0,0,0,0,0,1,1,1,0,0,0
8046-DNVTL,2024-01-08,62,two_year,credit_card,dsl,38.6,2345.55,1,1,0,1,0,0,0,0,1,0,1,0
5276-KQWHG,2024-01-08,2,month_to_month,electronic_check,fiber_optic,69.6,131.65,0,0,0,0,0,0,0,1,0,0,1,1
5090-EMGTC,2024-01-08,59,two_year,mailed_check,fiber_optic,100.05,6034.85,0,1,0,1,1,1,0,0,1,0,1,0
5543-QDCRY,2024-01-08,4,month_to_month,electronic_check,dsl,56.4,234.85,0,0,0,0,1,0,0,0,0,0,1,0
5248-YGIJN,2024-01-08,72,two_year,credit_card,dsl,90.25,6369.45,1,1,1,1,1,1,1,0,1,0,1,0
8597-CTXVJ,2024-01-08,70,one_year,bank_transfer,dsl,64.95,4551.5,1,1,0,1,0,0,1,0,0,1,0,0
9668-PUGNU,2024-01-08,71,two_year,electronic_check,none,24.5,1816.2,0,0,0,0,0,0,1,0,1,0,1,0
2519-FAKOD,2024-01-08,38,month_to_month,bank_transfer,fiber_optic,99.25,3777.15,0,0,1,0,1,1,1,0,0,1,1,1
4325-NFSKC,2024-01-08,19,month_to_month,electronic_check,fiber_optic,90.6,1660.0,1,0,0,0,1,0,1,1,0,0,1,1
7379-POKDZ,2024-01-08,3,month_to_month,electronic_check,fiber_optic,70.3,208.85,0,0,0,0,0,0,0,0,1,0,1,1
1548-ARAGG,2024-01-08,4,month_to_month,mailed_check,dsl,58.5,224.85,0,1,0,1,0,0,1,0,1,1,1,0
5175-AOBHI,2024-01-08,4,month_to_month,mailed_check,dsl,46.0,193.6,0,0,0,0,0,0,0,0,0,0,1,1
9512-UIBFX,2024-01-08,18,month_to_month,mailed_check,fiber_optic,95.15,1779.95,0,0,1,0,1,1,0,0,1,1,0,1
5313-FPXWG,2024-01-08,51,one_year,bank_transfer,none,24.6,1266.4,0,0,0,0,0,0,1,0,0,0,1,0
5889-LFOLL,2024-01-08,13,month_to_month,electronic_check,fiber_optic,84.6,1115.2,0,0,0,0,0,1,1,0,0,0,1,1
2789-HQBOU,2024-01-08,3,month_to_month,electronic_check,fiber_optic,80.35,253.8,0,0,0,0,0,1,0,0,0,0,1,0
0875-CABNR,2024-01-08,10,month_to_month,credit_card,fiber_optic,84.6,865.55,0,0,1,0,0,1,0,1,0,0,1,1
0487-RPVUM,2024-01-08,61,month_to_month,bank_transfer,fiber_optic,99.4,5943.65,1,0,1,1,1,0,1,0,1,0,0,0
1680-VDCWW,2024-01-08,12,one_year,bank_transfer,none,19.8,202.25,0,0,0,0,0,0,0,0,1,0,0,0
4139-SUGLD,2024-01-08,31,month_to_month,bank_transfer,dsl,35.4,1077.5,1,0,0,1,0,0,0,0,1,1,0,1
4661-NJEUX,2024-01-08,1,month_to_month,mailed_check,none,20.05,20.05,0,0,0,0,0,0,0,0,0,0,1,0
4079-WWQQQ,2024-01-08,72,two_year,bank_transfer,dsl,65.55,4807.45,1,1,1,1,1,1,0,0,0,0,1,0
1236-WFCDV,2024-01-08,14,month_to_month,credit_card,fiber_optic,90.45,1266.1,0,0,0,0,1,1,0,1,0,0,0,1
6330-JKLPC,2024-01-08,11,month_to_month,bank_transfer,fiber_optic,80.5,896.9,0,1,0,0,0,0,1,0,1,0,1,1
1004-NOZNR,2024-01-08,56,one_year,credit_card,fiber_optic,94.8,5264.3,1,0,0,0,1,1,0,1,0,1,0,0
5650-YLIBA,2024-01-08,31,month_to_month,electronic_check,fiber_optic,81.15,2640.55,0,1,0,0,0,0,1,0,0,0,1,0
0690-SRQID,2024-01-08,4,month_to_month,mailed_check,none,19.65,67.55,0,0,0,0,0,0,0,0,0,0,1,0
3179-GBRWV,2024-01-08,21,month_to_month,bank_transfer,dsl,64.95,1339.8,1,1,0,0,0,1,0,1,1,0,1,0
8966-OIQHG,2024-01-08,22,one_year,bank_transfer,none,20.75,452.35,0,0,0,0,0,0,0,0,1,1,0,0
1084-UQCHV,2024-01-08,1,month_to_month,bank_transfer,fiber_optic,69.75,69.75,0,0,0,0,0,0,0,0,0,1,0,1
6507-ZJSUR,2024-01-08,23,month_to_month,electronic_check,fiber_optic,90.45,2117.25,0,0,0,0,1,1,0,1,1,0,1,0
6114-TCFID,2024-01-08,29,one_year,credit_card,dsl,39.5,1082.75,1,1,0,1,0,0,0,0,0,0,0,0
7025-WCBNE,2024-01-08,47,two_year,bank_transfer,dsl,59.6,2754.0,0,1,0,1,0,0,1,1,0,0,0,0
9052-VKDUW,2024-01-08,65,month_to_month,credit_card,fiber_optic,109.4,7227.45,1,1,1,0,1,1,1,1,1,0,1,0
5999-LCXAO,2024-01-08,1,month_to_month,mailed_check,dsl,29.9,29.9,1,0,0,0,0,0,0,0,0,0,0,0
0277-BKSQP,2024-01-08,8,month_to_month,electronic_check,dsl,54.4,475.1,0,0,0,0,1,0,0,0,1,1,1,0
5593-SUAOO,2024-01-08,24,one_year,bank_transfer,fiber_optic,83.15,2033.05,0,1,1,0,0,0,1,0,1,1,0,0
9965-YOKZB,2024-01-08,9,month_to_month,electronic_check,fiber_optic,83.85,790.15,0,0,0,0,0,1,1,1,0,0,1,1
9026-RNUJS,2024-01-08,5,month_to_month,electronic_check,dsl,50.35,237.25,0,0,1,0,0,0,0,1,0,0,0,1
8922-LIEGH,2024-01-08,25,month_to_month,electronic_check,fiber_optic,89.7,2187.55,0,1,0,0,0,1,1,1,0,0,1,1
6993-OHLXR,2024-01-08,2,month_to_month,electronic_check,fiber_optic,68.95,119.75,0,0,0,0,0,0,0,0,0,0,0,1
7762-ONLJY,2024-01-08,6,one_year,mailed_check,none,19.7,94.45,0,0,0,0,0,0,0,0,1,1,0,0
7216-KAOID,2024-01-08,41,one_year,bank_transfer,none,19.5,798.2,0,0,0,0,0,0,0,0,1,1,0,0
9873-MNDKV,2024-01-08,11,month_to_month,mailed_check,dsl,44.65,472.25,0,0,0,0,0,0,0,0,0,0,1,0
3565-UNOCC,2024-01-08,29,month_to_month,bank_transfer,fiber_optic,99.05,2952.85,0,0,1,0,1,1,1,1,1,0,1,1
7061-OVMIM,2024-01-08,30,one_year,bank_transfer,none,19.55,608.5,0,0,0,0,0,0,0,0,1,1,0,0
0675-NCDYU,2024-01-08,72,two_year,credit_card,fiber_optic,116.4,8543.25,1,1,1,1,1,1,1,0,1,1,1,0
5740-YHGTW,2024-01-08,70,month_to_month,credit_card,fiber_optic,97.55,6669.05,1,1,0,0,1,0,1,0,1,1,1,0
9881-VCZEP,2024-01-08,25,month_to_month,electronic_check,dsl,54.1,1373.0,0,1,0,0,0,0,1,0,1,0,0,0
8901-HJXTF,2024-01-08,12,month_to_month,mailed_check,dsl,29.2,309.1,0,1,0,0,0,0,0,0,1,1,0,1
1563-IWQEX,2024-01-08,12,month_to_month,mailed_check,none,19.7,220.35,0,0,0,0,0,0,0,0,0,0,0,0
2886-KEFUM,2024-01-08,63,one_year,electronic_check,fiber_optic,107.5,6873.75,0,1,1,0,1,1,1,0,1,0,1,1
6845-RGTYS,2024-01-08,47,month_to_month,electronic_check,fiber_optic,98.75,4533.7,1,1,1,0,1,0,1,0,1,0,1,1
0742-LAFQK,2024-01-08,72,two_year,electronic_check,fiber_optic,99.15,7422.1,1,1,1,0,0,1,1,0,1,0,1,0
5366-OBVMR,2024-01-08,18,month_to_month,mailed_check,dsl,50.3,908.75,0,0,0,1,0,0,0,0,1,0,1,0
0310-SUCIN,2024-01-08,71,one_year,bank_transfer,dsl,84.8,6046.1,1,1,1,1,1,1,0,0,1,0,1,0
9787-XVQIU,2024-01-08,1,month_to_month,electronic_check,fiber_optic,75.3,75.3,0,0,0,0,0,0,1,0,0,0,1,1
6752-APNJL,2024-01-08,42,month_to_month,mailed_check,dsl,54.5,2301.15,1,1,0,0,0,0,0,0,1,1,0,0
3427-GGZZI,2024-01-08,19,month_to_month,electronic_check,fiber_optic,89.1,1620.8,0,1,0,0,0,1,1,0,1,0,1,0
2984-TBYKU,2024-01-08,72,two_year,credit_card,fiber_optic,104.9,7732.65,1,1,1,1,0,1,1,0,1,1,1,0
2368-GAKKQ,2024-01-08,70,two_year,bank_transfer,fiber_optic,113.65,7939.25,1,1,1,1,1,1,1,0,0,0,1,0
4295-YURET,2024-01-08,56,two_year,credit_card,dsl,72.6,4084.35,1,0,0,1,1,1,0,1,1,1,1,0
8671-KKKOS,2024-01-08,46,month_to_month,electronic_check,dsl,45.55,2062.15,1,1,0,0,1,0,0,0,1,0,0,0
7017-VFULY,2024-01-08,2,month_to_month,bank_transfer,none,20.1,43.15,0,0,0,0,0,0,0,0,1,0,0,0
6519-ZHPXP,2024-01-08,72,two_year,bank_transfer,fiber_optic,108.3,7679.65,1,1,1,1,1,1,0,0,1,1,1,0
3865-ZYKAD,2024-01-08,69,month_to_month,credit_card,fiber_optic,84.9,5785.65,1,1,0,0,0,0,1,1,1,0,1,0
2654-VBVPB,2024-01-08,1,month_to_month,bank_transfer,none,19.9,19.9,0,0,0,0,0,0,0,0,0,0,0,0
6532-YLWSI,2024-01-08,53,one_year,bank_transfer,none,20.8,1021.8,0,0,0,0,0,0,0,0,1,0,0,1
4716-MRVEN,2024-01-08,29,one_year,mailed_check,none,20.0,599.3,0,0,0,0,0,0,0,0,0,0,0,0
4950-BDEUX,2024-01-08,35,month_to_month,electronic_check,dsl,49.2,1701.65,0,0,1,0,1,1,0,0,0,0,0,0
4123-DVHPH,2024-01-08,9,month_to_month,electronic_check,fiber_optic,88.05,801.3,1,0,0,0,0,1,1,0,1,0,1,0
1169-WCVAK,2024-01-08,19,month_to_month,credit_card,fiber_optic,88.8,1672.35,1,1,0,1,0,0,1,0,1,0,1,0
3642-GKTCT,2024-01-08,61,one_year,mailed_check,fiber_optic,115.1,6993.65,1,1,1,1,1,1,1,0,0,0,1,0
5515-RUGKN,2024-01-08,8,month_to_month,credit_card,dsl,54.75,438.05,0,0,0,0,0,1,0,0,0,0,1,0
6481-ESCNL,2024-01-08,29,month_to_month,bank_transfer,fiber_optic,100.55,2878.75,0,0,1,0,1,1,1,0,0,0,0,0
2419-FSORS,2024-01-08,72,two_year,electronic_check,fiber_optic,108.4,7719.5,0,1,1,1,1,1,1,0,1,0,1,0
0107-YHINA,2024-01-08,1,month_to_month,electronic_check,fiber_optic,99.75,99.75,0,0,1,0,1,1,1,0,0,1,1,1
8160-HOWOX,2024-01-08,7,month_to_month,electronic_check,dsl,66.85,458.1,0,0,0,0,1,1,0,0,0,0,1,0
3890-RTCMS,2024-01-08,16,month_to_month,mailed_check,dsl,49.45,799.0,0,0,0,1,0,0,0,0,0,0,1,0
3787-TRIAL,2024-01-08,21,month_to_month,electronic_check,dsl,26.05,565.75,0,0,0,0,0,0,0,0,1,1,1,0
2187-LZGPL,2024-01-08,7,month_to_month,credit_card,dsl,40.1,293.3,0,1,0,0,0,1,0,0,0,0,1,1
9134-CEQMF,2024-01-08,7,month_to_month,electronic_check,fiber_optic,89.5,676.7,0,0,0,0,1,1,0,1,1,0,1,1
4377-VDHYI,2024-01-08,32,one_year,electronic_check,fiber_optic,90.8,3023.85,1,1,0,0,0,1,0,0,1,1,1,0
9053-JZFKV,2024-01-08,67,two_year,credit_card,fiber_optic,116.2,7752.3,1,1,1,1,1,1,1,0,0,0,0,1
8849-PRIQJ,2024-01-08,67,one_year,electronic_check,fiber_optic,109.4,7281.6,1,0,1,1,1,1,1,0,1,1,1,0
7901-IIDQV,2024-01-08,24,one_year,bank_transfer,dsl,54.6,1242.25,0,0,0,1,0,0,1,0,0,0,0,0
8246-SHFGA,2024-01-08,17,month_to_month,credit_card,none,21.1,385.55,0,0,0,0,0,0,0,0,0,0,0,0
2843-CQMEG,2024-01-08,24,month_to_month,mailed_check,dsl,49.7,1218.25,0,1,0,0,0,0,0,0,0,0,1,0
6635-CPNUN,2024-01-08,28,month_to_month,credit_card,fiber_optic,96.6,2684.35,0,1,1,0,1,0,1,0,1,0,0,0
4083-BFNYK,2024-01-08,38,one_year,credit_card,fiber_optic,95.0,3591.25,1,1,0,0,0,1,1,1,1,0,0,0
2321-OMBXY,2024-01-08,38,one_year,credit_card,dsl,80.3,3058.65,1,1,0,1,1,1,0,0,1,1,0,1
7493-TPUWZ,2024-01-08,1,month_to_month,electronic_check,fiber_optic,79.15,79.15,0,1,0,0,0,0,1,0,0,0,1,1
8809-RIHDD,2024-01-08,72,two_year,electronic_check,fiber_optic,103.4,7372.65,0,1,1,0,1,1,1,0,1,1,1,1
0302-JOIVN,2024-01-08,8,month_to_month,electronic_check,fiber_optic,101.15,842.9,0,1,1,0,1,1,0,0,1,0,0,1
4462-CYWMH,2024-01-08,62,month_to_month,bank_transfer,fiber_optic,89.8,5629.55,0,1,0,0,0,1,1,1,1,0,1,0
7964-ZRKKG,2024-01-08,67,one_year,bank_transfer,fiber_optic,88.4,5798.3,0,1,0,0,1,0,1,0,1,0,1,0
4054-CUMIA,2024-01-08,18,month_to_month,mailed_check,none,20.25,401.95,0,0,0,0,0,0,0,0,1,1,1,0
5173-WXOQV,2024-01-08,2,month_to_month,mailed_check,dsl,64.2,143.65,0,1,0,1,0,1,0,0,1,0,1,0
5199-FPUSP,2024-01-08,33,one_year,credit_card,dsl,34.05,1113.95,1,0,0,1,0,0,0,0,0,1,0,0
9964-WBQDJ,2024-01-08,71,two_year,credit_card,none,24.4,1725.4,0,0,0,0,0,0,1,0,1,0,1,0
3530-CRZSB,2024-01-08,7,month_to_month,mailed_check,none,20.65,155.9,0,0,0,0,0,0,0,0,0,0,0,0
6047-YHPVI,2024-01-08,5,month_to_month,electronic_check,fiber_optic,69.7,316.9,0,0,0,0,0,0,0,0,0,0,1,1
2074-GUHPQ,2024-01-08,17,month_to_month,credit_card,fiber_optic,92.7,1556.85,0,1,1,1,0,0,1,0,0,1,1,0
5993-BQHEA,2024-01-08,12,one_year,credit_card,none,20.05,267.0,0,0,0,0,0,0,0,0,0,0,0,0
2144-BFDSO,2024-01-08,50,month_to_month,bank_transfer,fiber_optic,108.75,5431.9,1,1,1,0,1,1,1,1,1,0,0,0
5382-TEMLV,2024-01-08,45,month_to_month,bank_transfer,dsl,50.9,2298.55,1,0,0,0,0,0,0,0,0,0,1,0
2208-UGTGR,2024-01-08,56,month_to_month,electronic_check,fiber_optic,98.6,5581.05,0,1,0,0,1,1,1,0,0,0,0,0
0604-THJFP,2024-01-08,59,two_year,credit_card,dsl,75.95,4542.35,0,1,0,1,1,1,0,0,1,1,1,0
8603-IJWDN,2024-01-08,1,month_to_month,electronic_check,fiber_optic,86.6,86.6,0,0,0,0,0,1,1,0,0,0,1,1
6457-USBER,2024-01-08,1,month_to_month,electronic_check,fiber_optic,80.8,80.8,0,0,0,0,0,1,0,0,0,0,1,1
9350-VLHMB,2024-01-08,67,month_to_month,bank_transfer,fiber_optic,89.55,6373.1,0,1,0,0,0,1,1,0,1,1,1,0
7338-ERIVA,2024-01-08,39,one_year,bank_transfer,dsl,45.05,1790.6,1,0,0,1,1,0,0,0,0,1,0,0
8670-MEFCP,2024-01-08,36,two_year,credit_card,dsl,92.9,3379.25,1,1,1,1,1,1,1,0,1,1,1,0
3913-FCUUW,2024-01-08,72,two_year,bank_transfer,dsl,70.45,5165.7,1,1,1,1,0,0,1,0,1,1,1,0
2632-UCGVD,2024-01-08,66,month_to_month,credit_card,fiber_optic,100.05,6871.9,0,0,0,1,1,1,1,1,1,0,1,1
5624-RYAMH,2024-01-08,9,month_to_month,electronic_check,none,19.5,178.85,0,0,0,0,0,0,0,0,0,0,1,0
3118-UHVVQ,2024-01-08,68,two_year,credit_card,none,25.8,1911.5,0,0,0,0,0,0,1,0,1,0,0,0
6258-NGCNG,2024-01-08,7,month_to_month,mailed_check,none,23.5,173.0,0,0,0,0,0,0,1,0,0,0,0,0
3717-OFRTN,2024-01-08,1,month_to_month,bank_transfer,none,19.75,19.75,0,0,0,0,0,0,0,0,0,0,0,0
9462-MJUAW,2024-01-08,4,month_to_month,mailed_check,dsl,50.4,206.6,0,0,0,0,0,0,1,0,0,0,0,1
8149-AIQCG,2024-01-08,39,month_to_month,credit_card,fiber_optic,73.15,2730.85,0,0,0,0,0,0,1,0,0,0,1,0
2351-RRBUE,2024-01-08,7,one_year,mailed_check,none,20.65,134.05,0,0,0,0,0,0,0,0,1,1,0,0
3108-PCCGG,2024-01-08,72,two_year,credit_card,dsl,84.45,5899.85,1,1,1,0,1,1,1,1,1,0,0,0
4433-JCGCG,2024-01-08,46,month_to_month,electronic_check,fiber_optic,101.0,4680.05,0,0,1,0,1,1,1,1,1,0,1,1
1131-SUEKT,2024-01-08,61,one_year,bank_transfer,fiber_optic,98.45,6145.2,0,1,0,1,1,1,0,0,1,1,1,0
1964-SVLEA,2024-01-08,20,one_year,mailed_check,none,19.7,415.9,0,0,0,0,0,0,0,0,0,0,1,0
7486-KSRVI,2024-01-08,43,one_year,electronic_check,fiber_optic,100.0,4211.55,0,0,0,1,1,1,1,0,0,0,1,1
2236-HILPA,2024-01-08,62,two_year,credit_card,none,20.65,1218.45,0,0,0,0,0,0,0,0,1,1,0,0
2253-KPMNB,2024-01-08,69,two_year,bank_transfer,dsl,46.25,3121.4,1,1,1,1,0,0,0,0,1,1,0,0
3090-LETTY,2024-01-08,2,month_to_month,bank_transfer,dsl,60.95,134.6,1,1,0,0,0,0,1,0,0,1,0,0
6259-WJQLC,2024-01-08,32,month_to_month,credit_card,fiber_optic,81.1,2619.25,0,0,1,0,0,0,1,1,0,0,1,0
5923-GXUOC,2024-01-08,10,month_to_month,electronic_check,fiber_optic,104.4,1081.45,1,1,1,0,1,1,0,0,0,0,1,1
9938-TKDGL,2024-01-08,68,two_year,electronic_check,fiber_optic,99.55,6668.0,1,0,0,1,1,1,0,0,1,1,1,0
2157-MXBJS,2024-01-08,13,one_year,mailed_check,dsl,75.3,989.45,0,0,1,0,1,1,1,0,1,0,1,1
3668-QPYBK,2024-01-08,2,month_to_month,mailed_check,dsl,53.85,108.15,1,1,0,0,0,0,0,0,0,0,1,1
3521-HTQTV,2024-01-08,34,two_year,bank_transfer,none,26.1,980.35,0,0,0,0,0,0,1,0,0,0,0,0
7408-OFWXJ,2024-01-08,72,two_year,credit_card,dsl,89.8,6510.45,1,1,1,1,1,1,1,0,1,1,0,0
5074-FBGHB,2024-01-08,64,one_year,credit_card,fiber_optic,104.65,6889.8,0,0,1,1,1,1,1,0,0,0,1,0
7717-BICXI,2024-01-08,60,two_year,mailed_check,none,20.55,1205.05,0,0,0,0,0,0,0,0,1,1,0,0
5356-CSVSQ,2024-01-08,3,month_to_month,electronic_check,dsl,64.6,174.2,0,0,0,1,1,0,1,0,0,0,0,0
7321-VGNKU,2024-01-08,2,month_to_month,electronic_check,fiber_optic,70.35,120.25,0,0,0,0,0,0,0,0,1,0,1,0
7188-CBBBA,2024-01-08,65,one_year,electronic_check,fiber_optic,95.5,6153.85,0,1,1,0,1,0,1,0,0,0,1,0
5549-ZGHFB,2024-01-08,50,two_year,mailed_check,none,24.95,1261.45,0,0,0,0,0,0,1,0,1,1,0,0
5297-MDOIR,2024-01-08,63,one_year,credit_card,fiber_optic,81.15,5224.5,1,0,1,0,0,0,0,0,1,0,1,0
0924-BJCRC,2024-01-08,60,month_to_month,electronic_check,fiber_optic,89.45,5294.6,0,1,0,0,0,1,1,1,1,0,0,0
4950-HKQTE,2024-01-08,22,two_year,mailed_check,none,26.25,605.9,0,0,0,0,0,0,1,0,0,0,0,0
7495-OOKFY,2024-01-08,8,month_to_month,credit_card,fiber_optic,80.65,633.3,0,1,0,0,0,0,1,1,1,0,1,1
2474-LCNUE,2024-01-08,23,month_to_month,credit_card,dsl,73.65,1642.75,0,0,0,1,1,1,1,0,1,0,1,0
0004-TLHLJ,2024-01-08,4,month_to_month,electronic_check,fiber_optic,73.9,280.85,0,0,1,0,0,0,0,0,0,0,1,1
9137-NOQKA,2024-01-08,2,month_to_month,electronic_check,none,19.2,37.2,0,0,0,0,0,0,0,1,0,0,0,0
0519-DRGTI,2024-01-08,20,month_to_month,mailed_check,none,20.35,442.6,0,0,0,0,0,0,0,0,1,1,0,0
5709-LVOEQ,2024-01-08,0,two_year,mailed_check,dsl,80.85,0.0,1,1,1,0,1,1,0,0,1,1,0,0
7854-EKTJL,2024-01-08,2,month_to_month,electronic_check,none,19.6,35.85,0,0,0,0,0,0,0,0,0,1,1,1
4335-BSMJS,2024-01-08,62,two_year,credit_card,none,25.8,1563.95,0,0,0,0,0,0,1,0,0,0,1,0
5599-HVLTW,2024-01-08,14,month_to_month,bank_transfer,fiber_optic,80.35,1058.1,0,0,1,0,0,0,1,1,0,0,1,0
4299-OPXEJ,2024-01-08,56,two_year,bank_transfer,none,19.55,1080.55,0,0,0,0,0,0,0,0,0,0,1,0
8621-MNIHH,2024-01-08,34,month_to_month,electronic_check,fiber_optic,94.25,3217.55,0,1,1,0,0,1,1,1,1,0,1,1
7820-ZYGNY,2024-01-08,63,one_year,credit_card,fiber_optic,90.45,5825.5,0,1,0,0,0,1,1,0,0,0,0,0
5170-PTRKA,2024-01-08,49,one_year,credit_card,dsl,35.8,1782.0,1,0,0,1,0,0,0,0,1,1,1,0
0899-LIIBW,2024-01-08,34,month_to_month,electronic_check,fiber_optic,100.85,3527.3,0,0,1,0,1,1,1,0,1,0,0,0
3961-SXAXY,2024-01-08,1,month_to_month,bank_transfer,dsl,44.05,44.05,0,0,0,0,0,0,0,0,0,0,1,0
5727-MYATE,2024-01-08,72,two_year,credit_card,dsl,90.8,6397.6,1,1,1,1,1,1,1,0,1,1,1,0
9763-GRSKD,2024-01-08,13,month_to_month,mailed_check,dsl,49.95,587.45,1,0,0,0,0,0,0,0,1,1,1,0
1625-JAIIY,2024-01-08,68,one_year,electronic_check,fiber_optic,83.0,5685.8,0,0,0,0,1,0,1,0,1,1,1,1
4763-PGDPO,2024-01-08,4,month_to_month,electronic_check,fiber_optic,70.4,281.0,0,0,0,0,0,0,0,0,0,0,0,1
7382-DFJTU,2024-01-08,18,month_to_month,credit_card,dsl,55.2,1058.1,0,0,1,1,0,0,0,0,0,0,0,0
5883-GTGVD,2024-01-08,19,month_to_month,electronic_check,fiber_optic,99.95,1931.75,0,1,0,0,1,1,1,0,0,0,1,1
7957-RYHQD,2024-01-08,40,month_to_month,credit_card,fiber_optic,79.2,3233.85,1,1,0,0,0,0,0,1,0,0,1,1
3423-HHXAO,2024-01-08,14,one_year,mailed_check,none,19.5,272.0,0,0,0,0,0,0,0,0,1,1,1,0
0842-IWYCP,2024-01-08,46,month_to_month,bank_transfer,dsl,44.95,2168.9,0,0,0,0,0,0,0,0,0,0,0,0
2202-CUYXZ,2024-01-08,1,month_to_month,electronic_check,fiber_optic,84.85,84.85,0,0,1,0,1,0,0,0,0,0,1,1
5568-DMXZS,2024-01-08,8,month_to_month,electronic_check,dsl,65.45,554.45,0,1,0,1,1,0,0,0,0,0,1,0
4500-HKANN,2024-01-08,23,two_year,mailed_check,dsl,59.7,1414.2,0,1,0,1,0,0,1,0,1,1,0,0
4849-PYRLQ,2024-01-08,56,two_year,bank_transfer,dsl,73.25,4054.2,1,0,1,1,0,1,1,1,0,0,0,0
0225-ZORZP,2024-01-08,3,month_to_month,electronic_check,fiber_optic,84.3,235.05,0,1,0,0,0,1,0,0,0,0,0,0
9018-PCIOK,2024-01-08,55,two_year,mailed_check,dsl,64.75,3617.1,0,1,1,0,0,1,0,0,0,0,1,0
1456-TWCGB,2024-01-08,4,month_to_month,mailed_check,dsl,49.25,208.45,0,1,0,0,0,0,0,0,0,0,0,0
7781-HVGMK,2024-01-08,72,two_year,credit_card,dsl,65.2,4784.45,1,1,1,1,1,1,0,0,1,1,1,0
3525-DVKFN,2024-01-08,17,two_year,mailed_check,none,19.4,358.05,0,0,0,0,0,0,0,0,0,0,0,0
5716-EZXZN,2024-01-08,65,two_year,credit_card,fiber_optic,99.05,6416.7,1,1,0,1,1,0,1,0,1,1,1,0
8305-VHZBZ,2024-01-08,1,month_to_month,mailed_check,none,20.2,20.2,0,0,0,0,0,0,0,0,0,0,1,1
5343-SGUBI,2024-01-08,52,one_year,mailed_check,fiber_optic,80.2,4297.6,0,1,0,0,0,0,1,0,0,0,1,0
6479-OAUSD,2024-01-08,25,one_year,credit_card,none,19.9,510.8,0,0,0,0,0,0,0,0,0,0,0,0
5443-SCMKX,2024-01-08,58,one_year,electronic_check,fiber_optic,94.3,5610.15,0,1,1,0,0,1,1,0,1,0,1,0
4872-JCVCA,2024-01-08,71,two_year,bank_transfer,dsl,47.6,3377.8,1,1,1,1,0,0,0,0,1,0,1,0
8617-ENBDS,2024-01-08,3,month_to_month,credit_card,fiber_optic,73.6,232.5,0,0,1,0,0,0,0,0,0,0,1,0
0820-FNRNX,2024-01-08,17,month_to_month,mailed_check,dsl,66.7,1077.05,0,1,1,1,0,0,1,0,1,1,1,0
7465-ZZRVX,2024-01-08,1,month_to_month,electronic_check,fiber_optic,70.35,70.35,0,0,0,0,0,0,0,0,0,0,1,0
5453-AXEPF,2024-01-08,17,month_to_month,bank_transfer,fiber_optic,80.5,1336.9,0,1,0,0,0,0,1,0,1,0,1,0
9705-ZJBCG,2024-01-08,13,one_year,bank_transfer,dsl,54.15,701.05,1,0,0,1,0,0,0,0,1,1,0,0
2506-TNFCO,2024-01-08,1,month_to_month,electronic_check,fiber_optic,69.55,69.55,0,0,0,0,0,0,0,1,1,0,1,1
8680-CGLTP,2024-01-08,29,one_year,electronic_check,dsl,58.75,1696.2,1,1,0,1,0,0,0,0,0,0,1,0
5236-PERKL,2024-01-08,57,two_year,bank_transfer,fiber_optic,112.95,6465.0,1,1,1,0,1,1,1,0,0,0,1,1
6625-UTXEW,2024-01-08,12,month_to_month,electronic_check,dsl,51.25,612.1,0,1,0,0,0,0,0,0,1,0,1,0
7156-MHUGY,2024-01-08,13,month_to_month,electronic_check,fiber_optic,90.5,1201.15,0,0,0,0,1,1,0,1,0,0,1,1
3785-KTYSH,2024-01-08,53,two_year,mailed_check,none,24.6,1279.0,0,0,0,0,0,0,1,0,0,0,0,0
7633-MVPUY,2024-01-08,57,two_year,electronic_check,dsl,59.75,3450.15,1,1,0,1,0,0,0,0,1,0,1,0
7067-KSAZT,2024-01-08,65,one_year,electronic_check,fiber_optic,106.25,6979.8,0,1,1,0,1,1,1,1,1,0,1,1
5482-NUPNA,2024-01-08,4,month_to_month,mailed_check,dsl,60.4,272.15,1,1,0,1,0,0,0,0,0,0,1,1
4522-AKYLR,2024-01-08,13,month_to_month,electronic_check,dsl,54.8,731.3,0,1,1,0,0,0,0,1,0,0,1,0
2005-DWQZJ,2024-01-08,8,two_year,mailed_check,none,19.05,201.7,0,0,0,0,0,0,0,0,1,1,0,0
6377-WHAOX,2024-01-08,60,month_to_month,electronic_check,fiber_optic,106.15,6411.25,0,1,1,0,1,1,1,0,1,0,1,0
3753-TSEMP,2024-01-08,15,month_to_month,electronic_check,fiber_optic,88.15,1390.6,0,0,0,0,1,1,0,0,1,0,0,1
0488-GSLFR,2024-01-08,1,month_to_month,electronic_check,fiber_optic,69.5,69.5,0,0,0,0,0,0,0,0,0,0,1,1
4397-FRLTA,2024-01-08,4,month_to_month,mailed_check,none,20.15,84.5,0,0,0,0,0,0,0,0,0,0,0,0
3551-GAEGL,2024-01-08,34,one_year,bank_transfer,dsl,30.4,938.65,1,0,0,0,0,0,0,0,1,1,0,0
2903-YYTBW,2024-01-08,1,month_to_month,electronic_check,dsl,44.55,44.55,0,0,0,0,0,0,0,0,1,1,0,0
5981-ZVXOT,2024-01-08,35,one_year,electronic_check,fiber_optic,108.35,3726.15,1,1,1,0,1,1,1,1,0,0,1,0
8903-XEBGX,2024-01-08,2,month_to_month,electronic_check,dsl,55.3,108.65,0,0,0,0,0,1,0,0,0,1,1,0
6016-LVTJQ,2024-01-08,34,month_to_month,mailed_check,none,20.65,716.4,0,0,0,0,0,0,0,0,1,1,0,0
3721-CNZHX,2024-01-08,15,one_year,mailed_check,none,19.8,304.6,0,0,0,0,0,0,0,0,0,0,0,0
9351-LZYGF,2024-01-08,42,month_to_month,credit_card,dsl,66.4,2727.8,1,1,0,1,0,0,1,0,1,0,1,0
7706-YLMQA,2024-01-08,70,one_year,bank_transfer,none,19.7,1341.5,0,0,0,0,0,0,0,0,0,0,0,0
7129-AZJDE,2024-01-08,34,one_year,bank_transfer,fiber_optic,78.95,2647.2,0,0,0,0,0,1,0,0,1,1,1,0
3148-BLQJT,2024-01-08,1,month_to_month,mailed_check,none,20.1,20.1,0,0,0,0,0,0,0,0,0,0,0,1
1307-TVUFB,2024-01-08,42,month_to_month,bank_transfer,fiber_optic,79.35,3344.1,0,1,0,0,0,0,1,1,0,0,1,0
1098-TDVUQ,2024-01-08,1,month_to_month,bank_transfer,none,19.25,19.25,0,0,0,0,0,0,0,0,0,0,1,0
2550-AEVRU,2024-01-08,57,one_year,electronic_check,dsl,53.45,3053.0,1,1,0,0,0,0,0,0,1,1,0,0
8257-RZAHR,2024-01-08,14,month_to_month,bank_transfer,dsl,64.7,941.0,1,0,0,0,1,0,1,0,1,0,1,1
0463-ZSDNT,2024-01-08,10,month_to_month,bank_transfer,dsl,56.75,503.25,0,0,0,0,0,1,0,0,0,0,1,0
7184-LRUUR,2024-01-08,22,one_year,bank_transfer,dsl,65.25,1441.8,0,1,1,0,1,0,0,0,0,0,0,0
5577-OTWWW,2024-01-08,15,month_to_month,bank_transfer,none,19.75,297.3,0,0,0,0,0,0,0,0,0,0,0,1
7471-WNSUF,2024-01-08,60,one_year,bank_transfer,none,24.15,1505.9,0,0,0,0,0,0,1,0,1,0,0,0
6210-KBBPI,2024-01-08,9,month_to_month,credit_card,fiber_optic,99.45,919.4,0,1,0,0,1,1,1,1,0,0,1,1
8788-DOXSU,2024-01-08,59,one_year,bank_transfer,dsl,61.35,3645.5,0,0,1,0,0,1,0,0,0,0,1,0
5380-WJKOV,2024-01-08,34,month_to_month,electronic_check,fiber_optic,106.35,3549.25,0,1,1,0,1,1,1,0,0,0,1,1
3178-FESZO,2024-01-08,1,month_to_month,credit_card,fiber_optic,100.25,100.25,0,1,0,0,1,1,1,0,0,0,1,1
6821-JPCDC,2024-01-08,48,one_year,electronic_check,fiber_optic,97.05,4692.95,0,1,1,0,1,1,0,0,1,0,1,0
4674-HGNUA,2024-01-08,71,two_year,credit_card,dsl,89.9,6457.15,1,1,1,1,1,1,1,0,1,1,0,0
0774-RMNUW,2024-01-08,71,two_year,bank_transfer,dsl,59.7,4122.65,1,1,0,1,1,1,0,0,1,1,0,0
8775-CEBBJ,2024-01-08,9,month_to_month,bank_transfer,dsl,44.2,403.35,0,0,0,0,0,0,0,0,0,0,1,1
5018-HEKFO,2024-01-08,10,month_to_month,mailed_check,none,24.5,270.15,0,0,0,0,0,0,1,0,0,0,1,0
8454-AATJP,2024-01-08,72,two_year,credit_card,fiber_optic,115.05,8405.0,1,1,1,1,1,1,1,0,0,0,0,0
3082-VQXNH,2024-01-08,3,month_to_month,credit_card,dsl,29.8,94.4,0,1,0,0,0,0,0,0,1,0,0,0
3164-YAXFY,2024-01-08,57,month_to_month,electronic_check,dsl,53.75,3196.0,1,0,1,0,1,1,0,0,0,0,1,0
9853-JFZDU,2024-01-08,35,month_to_month,electronic_check,dsl,56.85,1861.1,0,1,0,1,0,0,0,0,1,0,0,0
7138-GIRSH,2024-01-08,50,two_year,bank_transfer,dsl,69.5,3418.2,0,0,1,1,0,1,1,0,0,0,0,0
2215-ZAFGX,2024-01-08,9,month_to_month,electronic_check,fiber_optic,85.5,791.7,0,0,0,0,1,0,1,0,0,0,1,0
8205-MQUGY,2024-01-08,12,month_to_month,electronic_check,dsl,49.2,571.15,1,0,0,0,0,0,0,0,1,1,1,0
0575-CUQOV,2024-01-08,60,one_year,electronic_check,fiber_optic,97.95,5867.0,0,1,1,0,1,1,0,1,1,0,1,0
1322-AGOQM,2024-01-08,46,month_to_month,bank_transfer,dsl,30.3,1380.1,0,1,0,0,0,0,0,0,0,0,0,1
4198-VFOEA,2024-01-08,12,one_year,mailed_check,dsl,33.6,435.45,1,0,0,1,0,0,0,0,0,0,1,0
2450-ZKEED,2024-01-08,11,one_year,bank_transfer,dsl,53.8,651.55,0,0,1,1,0,0,0,0,0,0,0,0
7074-STDCN,2024-01-08,39,month_to_month,electronic_check,dsl,40.6,1494.5,0,0,0,1,0,1,0,0,0,0,1,0
1842-EZJMK,2024-01-08,50,month_to_month,electronic_check,fiber_optic,103.7,5071.05,0,1,0,1,1,1,1,0,1,1,0,1
0168-XZKBB,2024-01-08,19,month_to_month,electronic_check,fiber_optic,86.85,1564.4,0,0,0,0,1,0,1,0,1,0,1,0
2664-XJZNO,2024-01-08,72,two_year,credit_card,fiber_optic,104.9,7559.55,1,0,1,1,1,1,0,0,1,1,1,0
3643-AHCFP,2024-01-08,7,month_to_month,bank_transfer,fiber_optic,95.6,644.35,0,0,0,0,1,1,1,1,1,0,1,1
9207-ZPANB,2024-01-08,37,one_year,electronic_check,dsl,67.45,2443.3,1,1,1,1,0,0,1,0,0,0,0,0
5322-ZSMZY,2024-01-08,31,two_year,mailed_check,none,25.75,755.6,0,0,0,0,0,0,1,0,1,1,0,0
3066-RRJIO,2024-01-08,1,month_to_month,mailed_check,fiber_optic,69.95,69.95,0,0,0,0,0,0,0,0,0,0,1,1
2469-DTSGX,2024-01-08,72,two_year,electronic_check,fiber_optic,111.65,7943.45,0,1,1,1,1,1,1,1,0,0,0,0
5061-PBXFW,2024-01-08,32,month_to_month,bank_transfer,dsl,61.4,1864.65,1,1,0,1,0,0,0,0,1,1,0,0
7128-GGCNO,2024-01-08,46,month_to_month,bank_transfer,fiber_optic,72.8,3249.4,0,0,0,0,0,0,1,0,0,0,0,0
3597-MVHJT,2024-01-08,27,month_to_month,bank_transfer,fiber_optic,95.6,2595.25,0,0,0,0,1,1,1,0,0,0,1,0
4302-ZYFEL,2024-01-08,69,one_year,credit_card,none,20.55,1403.1,0,0,0,0,0,0,0,0,1,1,1,0
1273-MTETI,2024-01-08,4,month_to_month,electronic_check,fiber_optic,88.85,372.45,0,0,1,0,0,1,1,1,0,0,1,1
6986-IXNDM,2024-01-08,14,month_to_month,electronic_check,fiber_optic,92.9,1337.45,0,0,0,0,1,1,0,0,0,0,1,0
2277-AXSDC,2024-01-08,32,one_year,bank_transfer,none,19.75,624.15,0,0,0,0,0,0,0,0,0,0,0,0
6729-FZWSY,2024-01-08,67,one_year,mailed_check,none,19.45,1195.95,0,0,0,0,0,0,0,0,0,0,1,0
1156-ZFYDO,2024-01-08,1,month_to_month,electronic_check,none,19.75,19.75,0,0,0,0,0,0,0,0,0,0,0,0
9386-LDCZR,2024-01-08,43,one_year,credit_card,fiber_optic,90.65,3882.3,1,1,1,1,0,0,0,0,0,0,1,0
3623-FQBOX,2024-01-08,21,month_to_month,mailed_check,none,19.95,416.4,0,0,0,0,0,0,0,0,0,0,1,0
5948-UJZLF,2024-01-08,2,month_to_month,mailed_check,dsl,49.25,97.0,0,1,0,0,0,0,0,0,0,0,0,0
9928-BZVLZ,2024-01-08,12,two_year,mailed_check,dsl,49.85,552.1,1,0,1,1,0,1,0,0,0,0,0,0
7746-AWNQW,2024-01-08,28,month_to_month,mailed_check,dsl,35.75,961.4,0,0,1,1,0,0,0,0,0,0,1,0
2107-FBPTK,2024-01-08,30,month_to_month,electronic_check,fiber_optic,104.1,3121.1,0,1,1,0,1,1,1,1,0,0,1,0
1965-DDBWU,2024-01-08,16,month_to_month,credit_card,fiber_optic,89.05,1448.6,0,0,0,1,0,1,1,0,0,0,1,1
6302-JGYRJ,2024-01-08,31,one_year,mailed_check,dsl,79.45,2587.7,0,1,0,1,1,1,1,0,0,1,1,1
6502-KUGLL,2024-01-08,14,month_to_month,bank_transfer,dsl,59.45,780.85,1,1,0,1,0,0,0,0,1,1,0,0
9866-OCCKE,2024-01-08,72,two_year,mailed_check,fiber_optic,109.75,8075.35,1,0,1,1,1,1,1,1,1,0,1,0
9173-IVZVP,2024-01-08,53,two_year,mailed_check,none,20.9,1146.05,0,0,0,0,0,0,0,0,1,1,0,0
3893-JRNFS,2024-01-08,68,month_to_month,bank_transfer,dsl,39.9,2796.35,0,0,1,0,0,1,0,0,0,0,1,0
4137-JOPHL,2024-01-08,50,two_year,bank_transfer,fiber_optic,89.7,4304.5,0,0,1,1,0,1,0,0,0,0,1,0
4323-OHFOW,2024-01-08,70,one_year,bank_transfer,fiber_optic,105.55,7195.35,0,1,0,1,1,1,1,1,1,0,1,0
1972-XMUWV,2024-01-08,65,two_year,credit_card,dsl,59.8,3808.2,0,0,0,1,1,0,0,0,1,0,1,0
1915-IOFGU,2024-01-08,1,month_to_month,electronic_check,fiber_optic,70.5,70.5,0,0,0,0,0,0,0,0,0,0,0,1
7982-VCELR,2024-01-08,36,month_to_month,credit_card,fiber_optic,94.8,3565.65,0,1,0,0,1,1,0,0,0,0,1,0
0699-NDKJM,2024-01-08,57,month_to_month,bank_transfer,dsl,58.75,3437.45,1,1,1,0,1,1,0,0,1,0,1,0
4633-MKHYU,2024-01-08,9,month_to_month,mailed_check,fiber_optic,88.4,788.6,0,0,0,0,1,1,0,0,0,0,1,0
9269-CQOOL,2024-01-08,3,month_to_month,credit_card,dsl,54.7,169.45,0,0,0,0,1,0,0,0,0,1,1,1
2995-YWTCD,2024-01-08,19,two_year,bank_transfer,none,24.9,467.7,0,0,0,0,0,0,1,0,1,1,1,0
5989-AXPUC,2024-01-08,68,two_year,mailed_check,fiber_optic,118.6,7990.05,1,1,1,1,1,1,1,0,1,0,0,0
1771-OADNZ,2024-01-08,29,month_to_month,electronic_check,fiber_optic,95.9,2745.2,0,1,1,0,0,1,1,1,1,0,1,1
2739-CACDQ,2024-01-08,17,month_to_month,credit_card,fiber_optic,82.65,1470.05,0,0,1,0,0,0,1,1,0,0,1,0
8029-XYPWT,2024-01-08,71,two_year,bank_transfer,fiber_optic,115.05,8016.6,1,1,1,1,1,1,1,1,1,0,1,0
3801-HMYNL,2024-01-08,1,month_to_month,mailed_check,fiber_optic,89.15,89.15,0,0,0,0,1,1,0,0,1,1,0,1
6898-RBTLU,2024-01-08,49,two_year,bank_transfer,dsl,79.3,3902.45,0,1,0,1,1,1,1,0,1,1,0,0
4822-NGOCH,2024-01-08,13,month_to_month,electronic_check,fiber_optic,84.45,1058.6,0,1,1,0,0,0,1,0,0,0,1,1
1116-DXXDF,2024-01-08,39,two_year,electronic_check,fiber_optic,100.45,3801.7,1,0,1,0,1,1,0,0,0,0,1,0
1306-RPWXZ,2024-01-08,49,two_year,credit_card,none,20.45,1024.65,0,0,0,0,0,0,0,0,0,1,0,0
5934-RMPOV,2024-01-08,22,month_to_month,electronic_check,fiber_optic,84.75,1816.75,0,0,0,0,0,1,1,0,0,1,1,0
6897-RWMUB,2024-01-08,61,two_year,bank_transfer,dsl,68.05,4158.25,1,1,1,1,0,0,0,0,1,1,1,0
7893-IXHRQ,2024-01-08,1,month_to_month,electronic_check,none,20.55,20.55,0,0,0,0,0,0,0,0,0,0,0,1
1875-QIVME,2024-01-08,2,month_to_month,electronic_check,fiber_optic,104.4,242.8,0,0,1,1,1,1,1,0,1,0,1,1
4291-YZODP,2024-01-08,7,one_year,mailed_check,none,20.05,96.8,0,0,0,0,0,0,0,0,0,1,0,0
1635-NZATJ,2024-01-08,71,two_year,credit_card,none,25.45,1789.65,0,0,0,0,0,0,1,1,1,0,0,0
9847-HNVGP,2024-01-08,17,one_year,mailed_check,none,19.95,310.6,0,0,0,0,0,0,0,0,0,0,0,0
3519-ZKXGG,2024-01-08,3,month_to_month,electronic_check,fiber_optic,75.85,256.6,0,0,0,0,0,0,1,0,1,0,1,1
8092-NLTGF,2024-01-08,72,two_year,bank_transfer,none,24.75,1777.6,0,0,0,0,0,0,1,0,0,0,0,0
1371-WEPDS,2024-01-08,40,one_year,electronic_check,dsl,55.8,2283.3,0,0,0,0,0,1,0,1,1,0,0,0
8317-BVKSO,2024-01-08,14,month_to_month,electronic_check,none,20.05,299.3,0,0,0,0,0,0,0,0,0,0,1,0
2692-AQCPF,2024-01-08,65,one_year,credit_card,fiber_optic,108.05,7118.9,0,1,1,1,1,1,1,0,1,0,1,0
0434-CSFON,2024-01-08,47,month_to_month,electronic_check,fiber_optic,100.5,4707.1,0,0,1,0,1,1,1,0,1,0,1,0
2120-SMPEX,2024-01-08,25,month_to_month,mailed_check,none,20.15,536.35,0,0,0,0,0,0,0,0,0,0,1,0
3295-YVUSR,2024-01-08,2,month_to_month,mailed_check,fiber_optic,72.6,154.3,0,0,0,0,0,0,1,1,0,0,1,0
4785-QRJHC,2024-01-08,46,one_year,bank_transfer,dsl,59.9,2816.65,0,1,1,1,1,1,0,1,1,0,1,1
5793-YOLJN,2024-01-08,55,two_year,mailed_check,none,21.0,1210.3,0,0,0,0,0,0,0,0,1,1,0,0
1656-DRSMG,2024-01-08,63,month_to_month,credit_card,fiber_optic,109.85,7002.95,0,1,1,1,1,1,1,0,0,0,1,0
9073-ZZIAY,2024-01-08,62,two_year,electronic_check,dsl,86.1,5215.25,1,1,1,1,1,1,0,0,1,1,0,0
0447-BEMNG,2024-01-08,48,month_to_month,bank_transfer,dsl,45.3,2145.0,1,0,1,0,0,1,0,0,1,0,1,1
0365-GXEZS,2024-01-08,18,month_to_month,electronic_check,fiber_optic,78.2,1468.75,0,0,1,1,0,0,0,0,1,0,0,0
6339-TBELP,2024-01-08,71,two_year,credit_card,fiber_optic,86.4,6172.0,0,0,1,1,0,0,1,0,0,0,1,0
9470-XCCEM,2024-01-08,35,month_to_month,bank_transfer,fiber_optic,89.65,3161.6,0,1,0,0,1,0,1,0,1,1,1,0
8224-IVVPA,2024-01-08,27,month_to_month,mailed_check,dsl,56.7,1652.95,1,1,0,0,0,0,0,0,0,0,1,0
1568-LJSZU,2024-01-08,68,two_year,credit_card,dsl,92.2,6392.85,1,1,1,1,1,1,1,0,1,1,1,0
9770-LXDBK,2024-01-08,3,month_to_month,mailed_check,none,20.4,63.15,0,0,0,0,0,0,0,0,0,0,0,0
5006-MXVRN,2024-01-08,39,two_year,credit_card,none,20.7,762.45,0,0,0,0,0,0,0,0,0,0,0,0
0440-UEDAI,2024-01-08,53,one_year,credit_card,fiber_optic,94.45,5042.75,0,1,1,1,0,1,0,0,0,0,1,0
0431-APWVY,2024-01-08,28,one_year,bank_transfer,fiber_optic,90.1,2598.95,0,0,0,0,1,1,0,0,1,1,1,1
5399-ZIMKF,2024-01-08,5,month_to_month,electronic_check,fiber_optic,74.65,383.65,0,1,0,0,0,0,0,0,0,0,1,0
2428-ZMCTB,2024-01-08,10,month_to_month,credit_card,none,19.75,208.25,0,0,0,0,0,0,0,0,0,0,0,0
0121-SNYRK,2024-01-08,50,one_year,mailed_check,dsl,35.4,1748.9,1,0,0,1,0,0,0,0,0,0,1,0
8456-QDAVC,2024-01-08,19,month_to_month,bank_transfer,fiber_optic,78.7,1495.1,0,0,0,0,1,0,0,0,0,0,1,0
4644-PIZRT,2024-01-08,17,one_year,bank_transfer,dsl,70.35,1201.65,1,0,1,0,1,0,1,0,1,1,1,0
4827-USJHP,2024-01-08,20,month_to_month,mailed_check,dsl,51.8,1023.85,0,1,0,0,0,0,0,0,0,0,1,0
6621-NRZAK,2024-01-08,63,two_year,credit_card,none,20.0,1209.25,0,0,0,0,0,0,0,0,1,1,0,0
0744-BIKKF,2024-01-08,72,two_year,bank_transfer,dsl,86.65,6224.8,1,1,1,1,1,1,1,0,0,0,0,0
1455-HFBXA,2024-01-08,52,two_year,credit_card,fiber_optic,91.6,4627.8,1,0,1,1,0,0,1,0,1,0,1,0
7328-ZJAJO,2024-01-08,59,two_year,credit_card,none,19.5,1222.65,0,0,0,0,0,0,0,0,1,1,0,0
6440-DKQGE,2024-01-08,30,one_year,credit_card,dsl,64.5,1929.95,0,1,1,0,1,0,0,0,0,1,0,0
3452-GWUIN,2024-01-08,19,month_to_month,electronic_check,fiber_optic,94.95,1760.25,0,0,0,0,1,1,1,1,1,0,1,0
9746-MDMBK,2024-01-08,47,one_year,bank_transfer,fiber_optic,113.45,5317.8,1,1,1,1,1,1,1,0,1,1,1,0
9388-ZEYVT,2024-01-08,43,one_year,electronic_check,dsl,44.15,1931.3,0,0,1,1,0,1,0,0,0,0,0,0
3474-BAFSJ,2024-01-08,57,two_year,bank_transfer,dsl,57.5,3265.95,0,1,1,1,1,1,0,0,1,0,1,0
9102-OXKFY,2024-01-08,59,two_year,credit_card,dsl,54.15,3116.15,0,0,1,0,0,0,1,0,0,0,0,0
7517-LDMPS,2024-01-08,12,month_to_month,electronic_check,fiber_optic,84.6,1017.35,0,1,0,0,0,1,0,0,0,0,1,0
6968-URWQU,2024-01-08,43,one_year,mailed_check,dsl,56.35,2391.15,0,0,0,0,1,0,0,0,1,0,1,0
8060-HIWJJ,2024-01-08,64,two_year,credit_card,dsl,86.55,5632.55,0,1,1,1,1,1,1,0,0,0,0,0
4020-KIUDI,2024-01-08,6,month_to_month,credit_card,none,19.85,138.85,0,0,0,0,0,0,0,0,1,1,0,0
1363-TXLSL,2024-01-08,1,month_to_month,electronic_check,fiber_optic,70.3,70.3,0,0,0,0,0,0,0,1,1,0,1,1
7527-QNRUS,2024-01-08,17,two_year,mailed_check,none,25.15,412.6,0,0,0,0,0,0,1,0,1,1,1,0
8651-ENBZX,2024-01-08,60,one_year,electronic_check,fiber_optic,106.0,6441.4,0,0,1,1,1,1,1,1,0,0,1,1
3892-NXAZG,2024-01-08,72,two_year,credit_card,fiber_optic,114.05,8289.2,1,1,1,1,1,1,1,0,1,1,1,0
8740-XLHDR,2024-01-08,5,month_to_month,mailed_check,dsl,43.25,219.0,1,1,1,1,0,0,0,0,0,0,1,1
1163-VIPRI,2024-01-08,65,two_year,electronic_check,fiber_optic,109.3,7337.55,1,0,1,1,1,1,1,0,1,1,0,0
6218-KNUBD,2024-01-08,6,month_to_month,electronic_check,dsl,59.45,357.6,0,1,0,0,1,0,0,0,0,0,0,0
8640-SDGKB,2024-01-08,4,month_to_month,electronic_check,dsl,74.4,299.7,0,0,1,1,1,1,0,0,0,0,1,1
2249-YPRNG,2024-01-08,20,month_to_month,bank_transfer,fiber_optic,105.85,2239.65,0,1,1,0,1,1,1,0,1,1,1,1
4785-FCIFB,2024-01-08,61,two_year,mailed_check,none,24.4,1417.9,0,0,0,0,0,0,1,0,1,0,0,0
3419-SNJJD,2024-01-08,65,month_to_month,bank_transfer,fiber_optic,105.25,6786.4,1,0,1,0,1,1,1,1,1,0,0,1
2121-JAFOM,2024-01-08,72,two_year,credit_card,fiber_optic,115.55,8312.4,1,1,1,1,1,1,1,0,1,0,1,0
3389-YGYAI,2024-01-08,8,month_to_month,electronic_check,fiber_optic,105.5,829.55,0,1,1,0,1,1,1,1,0,0,1,1
9033-EOXWV,2024-01-08,12,one_year,mailed_check,dsl,74.05,872.65,0,0,0,1,1,1,1,0,0,0,0,1
6179-GJPSO,2024-01-08,43,month_to_month,credit_card,fiber_optic,108.15,4600.7,1,1,0,1,1,1,0,1,0,0,1,1
9667-EQRXU,2024-01-08,30,month_to_month,electronic_check,dsl,40.3,1172.95,0,0,1,0,1,0,0,1,0,0,1,1
7824-PANSQ,2024-01-08,58,month_to_month,bank_transfer,fiber_optic,80.65,4807.35,0,0,0,1,0,0,1,0,0,0,0,0
2361-UPSND,2024-01-08,46,one_year,mailed_check,dsl,70.6,3231.05,1,1,0,1,0,1,0,0,1,0,0,0
9360-OMDZZ,2024-01-08,24,month_to_month,electronic_check,fiber_optic,94.1,2322.85,0,0,0,0,1,1,1,0,0,0,1,0
7614-QVWQL,2024-01-08,49,one_year,bank_transfer,dsl,51.8,2541.25,0,1,0,0,1,1,0,0,1,1,1,1
0644-OQMDK,2024-01-08,4,month_to_month,electronic_check,fiber_optic,70.65,293.85,0,0,0,0,0,0,0,1,0,0,1,0
8865-TNMNX,2024-01-08,10,one_year,mailed_check,dsl,49.55,475.7,0,1,0,0,0,0,0,0,1,1,0,0
1114-CENIM,2024-01-08,54,month_to_month,credit_card,dsl,55.0,3092.65,0,1,0,0,0,0,1,0,0,1,1,1
3933-DQPWX,2024-01-08,50,two_year,credit_card,dsl,39.7,1932.75,0,1,1,1,0,0,0,0,0,0,0,0
7716-YTYHG,2024-01-08,48,one_year,mailed_check,fiber_optic,82.05,4029.95,0,0,0,0,0,1,1,0,1,1,1,1
7927-AUXBZ,2024-01-08,30,month_to_month,electronic_check,fiber_optic,85.15,2555.9,0,0,0,1,1,0,0,0,0,0,0,1
5630-AHZIL,2024-01-08,3,month_to_month,bank_transfer,dsl,64.5,177.4,1,0,0,1,0,1,0,0,0,1,1,0
2320-JRSDE,2024-01-08,1,month_to_month,electronic_check,none,19.9,19.9,0,0,0,0,0,0,0,0,1,1,1,1
9013-AQORL,2024-01-08,48,month_to_month,credit_card,dsl,45.55,2108.35,0,1,1,0,0,1,0,0,0,1,0,0
3301-LSLWQ,2024-01-08,29,month_to_month,electronic_check,dsl,66.1,1912.15,1,0,0,0,0,1,1,0,0,0,1,0
6734-CKRSM,2024-01-08,3,month_to_month,mailed_check,none,20.0,63.6,0,0,0,0,0,0,0,0,0,0,0,0
7228-PAQPD,2024-01-08,14,one_year,credit_card,dsl,59.1,772.85,0,0,0,1,0,1,0,0,0,0,0,0
5628-RKIFK,2024-01-08,49,month_to_month,credit_card,fiber_optic,101.55,5070.4,1,0,0,0,1,1,1,1,0,0,0,0
5346-BZCHP,2024-01-08,69,two_year,mailed_check,none,19.4,1346.2,0,0,0,0,0,0,0,0,1,1,0,0
0739-UUAJR,2024-01-08,72,two_year,credit_card,dsl,53.8,3952.45,1,0,1,0,1,1,0,0,1,1,1,0
9795-SHUHB,2024-01-08,66,two_year,credit_card,dsl,58.2,3810.8,1,1,0,1,0,0,0,0,1,1,1,0
9391-LMANN,2024-01-08,53,one_year,electronic_check,fiber_optic,95.95,5036.9,1,1,1,0,0,1,0,0,0,1,0,0
8519-IMDHU,2024-01-08,15,month_to_month,bank_transfer,fiber_optic,85.6,1345.55,0,0,0,0,0,1,1,1,1,0,1,1
0621-JFHOL,2024-01-08,10,two_year,mailed_check,dsl,29.6,299.05,0,0,0,1,0,0,0,0,0,0,1,0
4011-ARPHK,2024-01-08,27,month_to_month,mailed_check,dsl,50.35,1411.35,1,0,0,0,0,0,0,0,0,0,0,0
6384-VMJHP,2024-01-08,72,two_year,credit_card,dsl,73.0,5265.2,1,1,1,1,0,1,0,0,0,0,1,0
4338-EYCER,2024-01-08,21,month_to_month,bank_transfer,dsl,54.6,1125.2,0,0,0,0,1,0,0,0,1,0,0,0
4074-SJFFA,2024-01-08,1,month_to_month,mailed_check,dsl,54.75,54.75,0,0,0,0,0,1,0,0,0,0,1,1
6504-VBLFL,2024-01-08,55,two_year,electronic_check,dsl,58.6,3068.6,1,1,1,0,0,0,0,0,1,0,0,0
3457-PQBYH,2024-01-08,58,two_year,credit_card,none,20.3,1160.75,0,0,0,0,0,0,0,0,1,1,0,0
4505-EXZHB,2024-01-08,6,month_to_month,electronic_check,fiber_optic,74.4,434.1,0,0,1,0,0,0,0,1,0,0,0,1
1429-UYJSV,2024-01-08,12,one_year,mailed_check,none,19.7,260.9,0,0,0,0,0,0,0,0,0,0,0,0
4654-GGUII,2024-01-08,18,one_year,mailed_check,dsl,40.2,711.95,1,1,0,1,0,0,0,0,0,0,1,0
4029-HPFVY,2024-01-08,3,month_to_month,mailed_check,fiber_optic,70.3,220.4,0,0,0,0,0,0,0,0,0,0,1,0
4547-FZJWE,2024-01-08,55,one_year,credit_card,dsl,59.45,3157.0,1,0,0,0,0,1,0,0,1,1,0,0
7341-LXCAF,2024-01-08,4,month_to_month,electronic_check,fiber_optic,74.65,301.4,0,0,0,0,0,0,1,0,1,0,1,1
2408-WITXK,2024-01-08,10,month_to_month,electronic_check,dsl,34.7,329.8,0,0,0,0,0,1,0,1,0,0,1,1
2988-GBIVW,2024-01-08,70,month_to_month,electronic_check,fiber_optic,90.85,6470.1,1,0,0,0,0,1,1,1,1,0,1,0
2589-AYCRP,2024-01-08,50,one_year,bank_transfer,none,19.75,989.05,0,0,0,0,0,0,0,0,0,0,0,0
7684-XSZIY,2024-01-08,72,two_year,bank_transfer,none,24.3,1643.25,0,0,0,0,0,0,1,0,1,1,0,0
7632-MNYOY,2024-01-08,66,one_year,credit_card,fiber_optic,110.9,7432.05,0,1,1,1,1,1,1,1,0,0,0,1
2720-WGKHP,2024-01-08,2,month_to_month,electronic_check,fiber_optic,94.0,181.7,0,0,0,0,1,1,1,1,0,0,1,1
1121-QSIVB,2024-01-08,44,one_year,mailed_check,dsl,77.55,3471.1,0,1,0,0,1,1,1,0,0,1,1,0
4597-ELFTS,2024-01-08,56,one_year,electronic_check,none,24.9,1334.0,0,0,0,0,0,0,1,0,0,0,0,1
5600-PDUJF,2024-01-08,6,month_to_month,credit_card,dsl,49.5,312.7,0,0,0,1,0,0,0,0,0,0,1,0
3452-FLHYD,2024-01-08,25,one_year,bank_transfer,none,20.95,495.15,0,0,0,0,0,0,0,0,1,0,1,0
7435-ZNUYY,2024-01-08,6,one_year,mailed_check,none,20.6,116.6,0,0,0,0,0,0,0,0,0,0,0,0
3926-CUQZX,2024-01-08,1,month_to_month,bank_transfer,dsl,45.1,45.1,0,0,0,0,0,0,0,0,0,0,1,1
9651-GTSAQ,2024-01-09,53,one_year,bank_transfer,fiber_optic,106.1,5769.75,1,1,1,0,1,1,0,0,1,0,1,1
1113-IUJYX,2024-01-09,14,one_year,mailed_check,fiber_optic,105.95,1348.9,1,1,0,1,1,1,0,0,1,0,0,1
3745-HRPHI,2024-01-09,66,two_year,bank_transfer,dsl,54.65,3632.0,0,0,1,1,1,1,0,0,1,1,0,0
8375-KVTHK,2024-01-09,68,one_year,electronic_check,fiber_optic,100.3,6754.35,0,1,0,1,1,1,0,0,1,0,1,0
9972-NKTFD,2024-01-09,28,month_to_month,bank_transfer,dsl,54.65,1517.5,0,1,0,1,0,0,0,0,0,0,0,0
4592-IWTJI,2024-01-09,3,month_to_month,credit_card,dsl,29.7,91.7,1,0,0,0,0,0,0,0,1,1,0,1
9058-MJLZC,2024-01-09,24,month_to_month,electronic_check,fiber_optic,94.6,2283.15,1,0,0,0,1,1,0,0,0,0,1,0
9026-LHEVG,2024-01-09,9,month_to_month,electronic_check,dsl,40.75,359.4,0,1,0,0,0,1,0,0,0,0,0,0
4623-ZKHLY,2024-01-09,22,month_to_month,bank_transfer,none,20.45,471.55,0,0,0,0,0,0,0,0,1,0,1,0
8677-HDZEE,2024-01-09,56,month_to_month,bank_transfer,fiber_optic,105.45,5916.95,0,1,0,1,1,1,1,0,0,0,1,0
3470-BTGQO,2024-01-09,21,month_to_month,mailed_check,dsl,45.65,985.05,0,0,0,0,0,0,0,0,0,1,0,0
3372-KWFBM,2024-01-09,16,month_to_month,electronic_check,fiber_optic,86.6,1281.0,0,0,0,0,1,0,1,1,0,0,1,1
6024-RUGGH,2024-01-09,72,two_year,bank_transfer,none,25.2,1798.9,0,0,0,0,0,0,1,0,1,1,1,0
8950-MTZNV,2024-01-09,1,month_to_month,mailed_check,dsl,44.95,44.95,0,0,0,0,0,0,0,0,0,0,1,0
6088-BXMRG,2024-01-09,32,month_to_month,electronic_check,fiber_optic,98.85,3089.6,0,1,0,0,1,1,1,0,1,1,1,0
6124-ACRHJ,2024-01-09,1,month_to_month,mailed_check,none,19.75,19.75,0,0,0,0,0,0,0,0,0,0,0,0
9467-ROOLM,2024-01-09,25,month_to_month,mailed_check,none,19.05,461.3,0,0,0,0,0,0,0,0,0,0,0,0
9798-DRYDS,2024-01-09,17,one_year,mailed_check,dsl,61.95,1070.7,0,0,1,1,0,0,1,0,1,1,1,0
2037-XJFUP,2024-01-09,33,one_year,electronic_check,fiber_optic,95.8,3036.75,0,0,1,0,1,1,0,0,1,0,1,1
3059-NGMXB,2024-01-09,14,month_to_month,mailed_check,dsl,69.2,944.65,1,1,0,0,0,1,1,0,1,1,0,0
6115-ZTBFQ,2024-01-09,72,two_year,bank_transfer,dsl,65.5,4919.7,1,1,1,1,1,1,0,0,1,0,0,0
7975-TZMLR,2024-01-09,47,one_year,electronic_check,fiber_optic,103.1,4889.3,0,1,1,0,1,1,1,0,0,0,1,0
2359-QWQUL,2024-01-09,39,one_year,credit_card,fiber_optic,104.7,4134.85,1,0,1,1,1,1,0,0,1,0,1,1
5955-EPOAZ,2024-01-09,6,month_to_month,mailed_check,none,20.95,109.5,0,0,0,0,0,0,0,0,0,0,1,0
2907-ILJBN,2024-01-09,11,one_year,mailed_check,none,20.6,233.9,0,0,0,0,0,0,0,0,1,1,0,0
4619-EVPHY,2024-01-09,20,one_year,bank_transfer,fiber_optic,91.0,1859.5,0,0,0,0,1,1,0,1,1,0,1,0
5339-TJFEK,2024-01-09,62,month_to_month,electronic_check,fiber_optic,105.5,6487.2,1,1,0,0,1,1,1,0,1,1,1,0
1334-FJSVR,2024-01-09,1,month_to_month,electronic_check,dsl,24.25,24.25,0,0,0,0,0,0,0,0,0,0,1,1
7758-UJWYS,2024-01-09,34,two_year,electronic_check,dsl,40.55,1325.85,0,0,0,1,1,0,0,0,1,1,1,0
1785-BPHTP,2024-01-09,28,month_to_month,electronic_check,fiber_optic,85.45,2289.9,0,0,1,0,1,0,0,0,1,1,0,0
3941-XTSKM,2024-01-09,42,one_year,credit_card,dsl,45.1,2049.05,0,1,1,0,0,1,0,0,1,1,1,0
9381-NDKME,2024-01-09,24,month_to_month,credit_card,dsl,40.65,933.3,0,0,1,0,0,1,0,1,1,0,1,1
2101-RANCD,2024-01-09,55,month_to_month,electronic_check,fiber_optic,73.1,4144.9,0,0,0,0,0,0,1,0,0,0,1,0
2362-IBOOY,2024-01-09,36,month_to_month,electronic_check,fiber_optic,84.75,3050.15,0,0,0,0,0,1,1,0,0,0,1,1
0733-VUNUW,2024-01-09,24,month_to_month,bank_transfer,dsl,55.65,1400.55,1,0,0,0,0,0,1,0,0,0,1,1
4923-ADWXJ,2024-01-09,25,month_to_month,bank_transfer,dsl,65.8,1679.65,0,1,0,1,0,1,0,0,0,0,1,0
1403-LKLIK,2024-01-09,33,one_year,mailed_check,none,20.1,579.4,0,0,0,0,0,0,0,0,1,1,0,0
9885-CSMWE,2024-01-09,1,month_to_month,electronic_check,fiber_optic,78.45,78.45,0,0,0,0,1,0,0,1,0,0,0,1
5804-LEPIM,2024-01-09,2,month_to_month,electronic_check,fiber_optic,70.35,139.05,0,0,0,0,0,0,0,1,0,0,1,1
7641-TQFHN,2024-01-09,39,two_year,mailed_check,fiber_optic,100.55,3895.35,0,0,0,1,1,1,1,0,0,1,0,0
4701-AHWMW,2024-01-09,55,month_to_month,bank_transfer,dsl,54.55,2978.3,0,0,1,1,1,1,0,0,1,0,1,1
2824-DXNKN,2024-01-09,72,two_year,bank_transfer,dsl,71.45,5025.85,1,0,1,0,1,0,1,0,1,1,1,0
3487-EARAT,2024-01-09,70,one_year,credit_card,dsl,74.1,5222.3,1,1,1,1,0,1,0,0,1,1,0,0
2141-RRYGO,2024-01-09,4,month_to_month,bank_transfer,dsl,68.65,261.25,0,1,0,0,1,1,0,0,0,0,1,1
3834-XUIFC,2024-01-09,7,month_to_month,mailed_check,fiber_optic,85.2,602.55,0,0,0,0,0,1,1,0,0,0,1,1
7647-GYYKX,2024-01-09,54,two_year,bank_transfer,none,20.35,1092.35,0,0,0,0,0,0,0,0,1,1,1,0
4077-CROMM,2024-01-09,31,month_to_month,electronic_check,fiber_optic,104.2,3243.45,0,0,1,1,1,1,1,0,1,1,1,1
4667-QONEA,2024-01-09,60,one_year,credit_card,dsl,74.85,4456.35,1,1,1,1,0,1,0,1,1,1,1,0
0374-AACSZ,2024-01-09,1,month_to_month,electronic_check,dsl,50.15,50.15,1,0,0,0,0,0,0,0,0,0,0,0
5397-TUPSH,2024-01-09,65,one_year,bank_transfer,fiber_optic,70.95,4555.2,0,0,0,0,0,0,0,1,1,0,1,0
5777-ZPQNC,2024-01-09,12,one_year,electronic_check,none,20.15,260.7,0,0,0,0,0,0,0,0,0,0,0,0
9242-TKFSV,2024-01-09,72,two_year,credit_card,dsl,65.1,4754.3,1,1,1,1,1,1,0,0,1,1,1,0
2320-YKQBO,2024-01-09,7,month_to_month,mailed_check,none,19.3,144.95,0,0,0,0,0,0,0,0,0,0,0,0
1394-SUIUH,2024-01-09,44,month_to_month,electronic_check,fiber_optic,85.15,3670.5,1,1,0,1,0,0,0,1,1,0,1,0
0187-QSXOE,2024-01-09,7,month_to_month,electronic_check,fiber_optic,89.0,605.45,0,0,0,0,1,1,0,1,1,0,1,0
9817-APLHW,2024-01-09,12,month_to_month,electronic_check,none,25.0,316.2,0,0,0,0,0,0,1,0,0,0,0,0
0440-EKDCF,2024-01-09,62,two_year,credit_card,dsl,60.15,3753.2,0,1,1,1,0,0,0,0,1,0,1,0
6231-WFGFH,2024-01-09,4,month_to_month,mailed_check,none,20.5,77.6,0,0,0,0,0,0,0,0,1,1,1,0
2041-JIJCI,2024-01-09,5,month_to_month,electronic_check,dsl,64.0,370.25,0,1,0,0,0,1,1,0,0,0,1,0
5159-YFPKQ,2024-01-09,2,month_to_month,electronic_check,fiber_optic,75.8,160.75,0,0,1,0,0,0,0,0,0,0,1,1
2446-PLQVO,2024-01-09,1,month_to_month,electronic_check,fiber_optic,70.3,70.3,0,0,0,0,0,0,0,0,0,0,1,1
7136-IHZJA,2024-01-09,40,month_to_month,mailed_check,dsl,71.35,2847.2,1,1,0,1,0,1,0,0,1,1,1,0
2049-BAFNW,2024-01-09,1,month_to_month,mailed_check,dsl,35.9,35.9,0,0,1,1,0,0,0,0,0,0,0,0
7319-ZNRTR,2024-01-09,25,one_year,electronic_check,none,19.6,411.15,0,0,0,0,0,0,0,0,1,1,0,0
2676-OXPPQ,2024-01-09,6,month_to_month,bank_transfer,dsl,55.7,335.65,1,1,0,0,0,0,0,0,0,0,1,0
8728-SKJLR,2024-01-09,41,month_to_month,electronic_check,fiber_optic,74.25,3089.1,0,0,0,1,0,0,0,0,0,0,1,0
8344-WFMFH,2024-01-09,9,month_to_month,electronic_check,dsl,50.1,484.05,0,1,0,0,0,0,0,0,0,1,1,0
4988-IQIGL,2024-01-09,1,month_to_month,electronic_check,fiber_optic,75.35,75.35,0,0,0,0,0,0,1,1,0,0,1,1
6202-DYYFX,2024-01-09,22,one_year,credit_card,fiber_optic,76.0,1783.6,0,0,0,0,0,0,1,0,0,0,1,0
1024-KPRBB,2024-01-09,38,one_year,mailed_check,fiber_optic,89.1,3342.0,0,0,0,0,1,1,0,0,0,0,1,0
3934-HXCFZ,2024-01-09,23,month_to_month,electronic_check,fiber_optic,99.25,2186.4,1,1,1,0,1,0,1,0,1,0,1,1
2661-GKBTK,2024-01-09,60,two_year,bank_transfer,dsl,76.95,4543.95,0,1,0,1,1,1,0,0,1,1,0,0
5499-ECUTN,2024-01-09,47,one_year,credit_card,dsl,66.05,3021.45,1,0,1,0,1,0,0,0,1,0,1,0
0244-LGNFY,2024-01-09,72,two_year,bank_transfer,dsl,92.65,6733.0,1,1,1,1,1,1,1,0,1,1,0,0
5804-HYIEZ,2024-01-09,70,month_to_month,electronic_check,fiber_optic,106.05,7554.05,1,1,0,0,1,1,1,0,1,1,1,0
9617-INGJY,2024-01-09,1,month_to_month,mailed_check,fiber_optic,70.6,70.6,0,0,0,0,0,0,0,0,0,0,1,0
4952-YSOGZ,2024-01-09,4,month_to_month,electronic_check,fiber_optic,85.95,381.3,0,0,0,0,0,1,1,0,1,1,1,1
8584-KMVXD,2024-01-09,8,month_to_month,electronic_check,fiber_optic,75.6,535.55,0,1,0,0,0,0,0,0,0,0,0,0
3726-TBHQT,2024-01-09,71,two_year,bank_transfer,fiber_optic,114.0,8175.9,1,1,1,1,1,1,1,0,1,1,1,0
4529-CKBCL,2024-01-09,2,month_to_month,electronic_check,fiber_optic,80.2,146.05,0,0,0,0,1,0,0,0,0,0,1,1
3280-NMUVX,2024-01-09,34,one_year,credit_card,none,19.6,678.8,0,0,0,0,0,0,0,0,1,1,0,0
0585-EGDDA,2024-01-09,40,month_to_month,electronic_check,fiber_optic,80.0,3168.75,0,1,1,0,0,0,0,0,1,0,1,0
2243-FNMMI,2024-01-09,20,month_to_month,mailed_check,none,19.4,415.4,0,0,0,0,0,0,0,0,0,0,0,0
1818-ESQMW,2024-01-09,27,month_to_month,electronic_check,fiber_optic,89.2,2383.6,0,0,1,1,0,1,0,0,0,0,1,0
6874-SGLHU,2024-01-09,30,one_year,bank_transfer,fiber_optic,97.0,3021.3,0,1,0,0,1,1,0,0,0,0,1,0
8990-ZXLSU,2024-01-09,9,month_to_month,electronic_check,fiber_optic,69.05,651.5,0,0,0,0,0,0,0,0,0,0,0,0
7398-SKNQZ,2024-01-09,3,month_to_month,electronic_check,fiber_optic,94.9,273.2,0,0,0,0,1,1,1,0,1,0,0,0
3823-KYNQY,2024-01-09,12,one_year,credit_card,none,24.95,280.4,0,0,0,0,0,0,1,0,0,0,0,0
6885-PKOAM,2024-01-09,71,two_year,credit_card,dsl,85.75,6223.8,1,1,1,1,1,1,1,0,1,0,0,0
3812-LRZIR,2024-01-09,27,two_year,electronic_check,none,24.5,761.95,0,0,0,0,0,0,1,0,1,1,0,0
9362-MWODR,2024-01-09,40,month_to_month,credit_card,dsl,64.1,2460.35,1,0,0,1,1,0,0,0,0,1,1,0
0946-FKYTX,2024-01-09,52,one_year,mailed_check,dsl,30.1,1623.4,0,1,0,0,0,0,0,0,0,0,0,0
8174-TBVCF,2024-01-09,70,two_year,credit_card,dsl,94.8,6859.05,1,1,1,1,1,1,1,0,1,0,1,0
0734-OXWBT,2024-01-09,3,month_to_month,mailed_check,dsl,70.7,225.65,0,0,0,1,1,1,0,0,0,1,0,0
3682-YEUWS,2024-01-09,10,month_to_month,mailed_check,none,24.4,253.9,0,0,0,0,0,0,1,0,1,1,1,0
4541-RMRLG,2024-01-09,7,month_to_month,electronic_check,none,19.25,112.3,0,0,0,0,0,0,0,0,0,0,0,1
0898-XCGTF,2024-01-09,61,one_year,bank_transfer,fiber_optic,96.5,5673.7,0,0,0,0,1,1,1,0,1,0,1,0
5309-TAIKL,2024-01-09,7,month_to_month,bank_transfer,dsl,62.8,418.3,0,0,1,1,0,1,0,0,0,0,0,0
4815-YOSUK,2024-01-09,72,one_year,credit_card,fiber_optic,104.9,7537.5,1,1,1,1,0,1,1,0,1,1,1,0
5996-DAOQL,2024-01-09,1,month_to_month,mailed_check,none,20.45,20.45,0,0,0,0,0,0,0,0,0,0,1,0
1582-RAFML,2024-01-09,1,month_to_month,mailed_check,dsl,60.1,60.1,0,1,0,1,0,0,1,0,0,0,0,1
8258-GSTJK,2024-01-09,3,month_to_month,electronic_check,fiber_optic,77.0,237.75,0,0,0,0,0,0,1,1,0,0,1,1
0071-NDAFP,2024-01-09,25,two_year,credit_card,none,25.5,630.6,0,0,0,0,0,0,1,0,1,1,0,0
0032-PGELS,2024-01-09,1,month_to_month,bank_transfer,dsl,30.5,30.5,1,0,0,0,0,0,0,0,1,1,0,1
6574-MCOEH,2024-01-09,33,one_year,electronic_check,dsl,79.15,2531.4,0,0,1,1,1,1,1,0,1,1,1,0
1730-ZMAME,2024-01-09,32,month_to_month,electronic_check,fiber_optic,79.5,2665.0,0,0,0,0,0,1,0,1,0,0,1,0
2207-RYYRL,2024-01-09,52,two_year,mailed_check,none,24.55,1331.05,0,0,0,0,0,0,1,0,1,1,0,0
5569-OUICF,2024-01-09,28,month_to_month,credit_card,fiber_optic,101.3,2812.2,0,0,0,1,1,1,1,1,1,0,1,1
4514-GFCFI,2024-01-09,16,month_to_month,electronic_check,fiber_optic,84.75,1350.15,0,0,0,0,1,0,1,1,0,0,1,1
9138-EFSMO,2024-01-09,26,one_year,bank_transfer,fiber_optic,78.95,2034.25,0,0,0,0,0,1,0,0,1,1,0,0
8740-CRYFY,2024-01-09,1,month_to_month,electronic_check,fiber_optic,78.95,78.95,0,0,0,0,1,0,0,0,0,0,1,1
4057-FKCZK,2024-01-09,58,two_year,bank_transfer,fiber_optic,82.5,4828.05,0,0,0,0,1,0,1,0,1,1,0,0
5647-FXOTP,2024-01-09,60,month_to_month,electronic_check,fiber_optic,105.9,6401.25,0,1,1,0,1,1,1,1,1,0,1,0
5222-IMUKT,2024-01-09,32,month_to_month,electronic_check,fiber_optic,91.05,2871.5,0,0,0,0,1,1,0,0,0,0,0,0
1237-WIYYZ,2024-01-09,18,month_to_month,mailed_check,none,19.55,389.25,0,0,0,0,0,0,0,0,0,0,1,0
0295-PPHDO,2024-01-09,1,month_to_month,electronic_check,fiber_optic,95.45,95.45,0,0,0,0,1,1,1,0,0,0,1,1
9758-MFWGD,2024-01-09,48,one_year,bank_transfer,dsl,29.9,1388.75,0,1,0,0,0,0,0,1,1,1,0,0
8623-TMRBY,2024-01-09,51,month_to_month,electronic_check,fiber_optic,84.2,4146.05,0,1,1,0,0,0,1,1,1,1,1,1
6034-ZRYCV,2024-01-09,72,two_year,electronic_check,dsl,54.2,3937.45,0,1,1,0,1,1,0,0,1,0,1,1
7703-ZEKEF,2024-01-09,23,month_to_month,electronic_check,fiber_optic,81.0,1917.1,0,0,1,0,0,0,1,0,0,0,1,1
4143-OOBWZ,2024-01-09,5,month_to_month,electronic_check,fiber_optic,81.3,416.3,0,1,0,0,0,0,1,0,1,0,1,1
4895-TMWIR,2024-01-09,11,month_to_month,mailed_check,none,19.95,214.75,0,0,0,0,0,0,0,1,1,0,0,1
5385-SUIRI,2024-01-09,52,month_to_month,electronic_check,fiber_optic,104.2,5568.35,1,0,1,0,1,1,1,1,1,0,1,1
3926-YZVVX,2024-01-09,41,one_year,bank_transfer,dsl,50.05,2029.05,0,0,0,1,0,0,0,0,0,0,0,0
0621-HJWXJ,2024-01-09,63,month_to_month,bank_transfer,fiber_optic,81.55,5029.05,0,1,0,0,0,0,1,0,1,0,1,0
1548-FEHVL,2024-01-09,61,month_to_month,electronic_check,fiber_optic,106.2,6375.2,1,1,0,0,1,1,1,0,1,0,1,0
5429-LWCMV,2024-01-09,12,month_to_month,electronic_check,fiber_optic,89.15,1057.55,0,1,0,0,0,1,1,0,0,0,1,0
5797-APWZC,2024-01-09,1,month_to_month,electronic_check,fiber_optic,90.6,90.6,0,0,0,0,1,1,0,0,0,0,0,1
4558-CGYCZ,2024-01-09,4,month_to_month,mailed_check,none,19.75,78.3,0,0,0,0,0,0,0,0,0,0,0,0
8544-GOQSH,2024-01-09,14,month_to_month,credit_card,fiber_optic,80.05,1112.3,0,1,0,1,0,0,0,0,0,0,1,0
4656-CAURT,2024-01-09,69,two_year,bank_transfer,none,23.95,1713.1,0,0,0,0,0,0,1,0,0,0,0,0
6738-ISCBM,2024-01-09,44,one_year,electronic_check,dsl,54.0,2440.25,1,0,1,0,1,1,0,0,0,0,1,0
8510-AWCXC,2024-01-09,13,month_to_month,electronic_check,fiber_optic,100.8,1308.1,1,0,0,0,1,1,1,1,0,0,1,1
8118-TJAFG,2024-01-09,9,month_to_month,electronic_check,fiber_optic,101.5,906.85,0,1,0,1,1,1,0,0,1,1,1,0
4018-KJYUY,2024-01-09,22,month_to_month,credit_card,none,20.15,432.5,0,0,0,0,0,0,0,0,0,1,0,0
4255-DDUOU,2024-01-09,1,month_to_month,mailed_check,none,20.5,20.5,0,0,0,0,0,0,0,0,1,1,1,1
6702-OHFWR,2024-01-09,1,month_to_month,electronic_check,dsl,43.3,43.3,0,1,1,0,0,1,0,1,0,0,1,1
2530-ENDWQ,2024-01-09,71,two_year,bank_transfer,fiber_optic,93.7,6585.35,0,0,0,0,1,1,1,0,1,0,1,1
8148-NLEGT,2024-01-09,42,two_year,electronic_check,none,22.95,1014.25,0,0,0,0,0,0,1,0,1,1,0,0
1761-AEZZR,2024-01-09,1,month_to_month,electronic_check,fiber_optic,79.55,79.55,0,0,0,0,1,0,0,0,0,0,1,1
6358-LYNGM,2024-01-09,1,month_to_month,electronic_check,fiber_optic,74.9,74.9,0,0,0,0,0,0,1,0,0,0,1,1
9490-DFPMD,2024-01-09,42,month_to_month,electronic_check,fiber_optic,84.65,3541.35,0,0,0,0,1,0,1,1,0,0,1,1
3272-VUHPV,2024-01-09,8,month_to_month,bank_transfer,dsl,56.3,401.5,0,1,0,1,0,0,0,0,1,1,0,0
3756-VNWDH,2024-01-09,65,one_year,electronic_check,fiber_optic,100.75,6674.65,1,0,0,0,1,1,1,1,1,0,1,0
1840-BIUOG,2024-01-09,20,one_year,electronic_check,dsl,68.7,1416.2,0,1,0,1,1,0,1,0,0,0,1,0
2004-OCQXK,2024-01-09,1,month_to_month,electronic_check,fiber_optic,81.95,81.95,0,0,0,0,0,1,0,0,0,0,1,1
8401-EMUWF,2024-01-09,42,month_to_month,bank_transfer,dsl,69.4,3058.3,1,1,0,0,1,0,1,0,1,1,1,0
6546-OPBBH,2024-01-09,51,one_year,mailed_check,none,23.95,1216.35,0,0,0,0,0,0,1,0,1,1,1,0
7868-BGSZA,2024-01-09,43,one_year,electronic_check,dsl,80.2,3581.6,1,0,1,0,1,1,1,0,1,0,1,0
1370-GGAWX,2024-01-09,46,one_year,electronic_check,fiber_optic,94.15,4408.45,0,1,1,0,0,1,1,0,0,0,1,0
7109-CQYUZ,2024-01-09,52,two_year,mailed_check,dsl,89.25,4652.4,1,1,1,1,1,1,1,0,0,0,1,0
4318-RAJVY,2024-01-09,10,one_year,mailed_check,none,19.8,198.25,0,0,0,0,0,0,0,0,0,0,1,0
2378-HTWFW,2024-01-09,35,month_to_month,credit_card,fiber_optic,91.0,3180.5,1,0,0,0,0,1,1,1,0,0,0,0
7113-HIPFI,2024-01-09,66,two_year,mailed_check,dsl,65.85,4097.05,1,1,1,1,0,0,0,0,1,1,0,0
5473-KHBPS,2024-01-09,52,one_year,credit_card,fiber_optic,95.7,4976.15,0,1,1,0,1,0,1,0,1,1,1,0
2001-MCUUW,2024-01-09,46,two_year,electronic_check,fiber_optic,108.65,4903.2,0,1,1,1,1,1,1,0,0,0,0,0
0263-FJTQO,2024-01-09,50,two_year,credit_card,dsl,70.5,3486.65,1,0,0,1,1,0,1,0,1,1,1,0
0871-URUWO,2024-01-09,13,month_to_month,credit_card,fiber_optic,102.25,1359.0,0,0,1,0,1,1,1,0,1,0,1,1
4412-YLTKF,2024-01-09,27,month_to_month,electronic_check,fiber_optic,78.05,2135.5,0,0,1,0,0,0,1,1,0,0,1,1
7392-YYPYJ,2024-01-09,22,month_to_month,electronic_check,fiber_optic,100.65,2415.95,0,1,0,0,1,1,1,0,0,0,1,0
9435-JMLSX,2024-01-09,71,two_year,bank_transfer,dsl,86.1,6045.9,1,1,1,1,1,1,0,0,1,0,1,0
7109-MFBYV,2024-01-09,26,month_to_month,electronic_check,dsl,45.45,1233.15,0,0,0,0,0,0,0,0,0,0,0,0
1608-GMEWB,2024-01-09,45,month_to_month,bank_transfer,fiber_optic,93.9,4200.25,0,0,0,0,1,1,1,1,0,0,1,0
4311-QTTAI,2024-01-09,16,one_year,credit_card,none,19.35,295.55,0,0,0,0,0,0,0,0,0,0,0,0
1169-SAOCL,2024-01-09,49,one_year,bank_transfer,fiber_optic,106.65,5168.1,0,1,0,1,1,1,1,0,0,0,1,0
9146-JRIOX,2024-01-09,14,month_to_month,mailed_check,none,25.55,372.45,0,0,0,0,0,0,1,0,1,1,0,0
4690-LLKUA,2024-01-09,17,month_to_month,electronic_check,dsl,45.05,770.6,0,0,0,0,0,0,0,1,0,0,1,1
8165-ZJRNM,2024-01-09,72,two_year,bank_transfer,none,23.75,1679.25,0,0,0,0,0,0,1,0,1,1,0,0
6322-PJJDJ,2024-01-09,49,two_year,electronic_check,fiber_optic,94.8,4690.65,0,1,0,0,1,1,0,0,1,0,1,0
0052-YNYOT,2024-01-09,67,one_year,electronic_check,none,20.55,1343.4,0,0,0,0,0,0,0,0,0,0,0,0
3689-MOZGR,2024-01-09,29,month_to_month,electronic_check,dsl,31.2,926.2,0,0,0,1,0,0,0,0,0,0,1,0
3644-QXEHN,2024-01-09,13,month_to_month,electronic_check,fiber_optic,97.0,1334.45,0,0,1,0,1,1,0,0,1,1,0,0
9802-CAQUT,2024-01-09,72,two_year,credit_card,fiber_optic,109.55,7887.25,1,1,1,0,1,1,1,0,1,1,0,0
0104-PPXDV,2024-01-09,58,one_year,credit_card,dsl,50.3,2878.55,0,0,1,0,0,0,0,0,1,0,0,0
9548-ZMVTX,2024-01-09,72,two_year,bank_transfer,fiber_optic,90.45,6565.85,0,1,1,1,0,0,1,0,1,1,0,0
0021-IKXGC,2024-01-09,1,month_to_month,electronic_check,fiber_optic,72.1,72.1,0,0,0,0,0,0,1,1,0,0,1,0
4785-NKHCX,2024-01-09,5,month_to_month,bank_transfer,none,20.05,94.15,0,0,0,0,0,0,0,1,0,0,0,0
9695-IDRZR,2024-01-09,34,two_year,credit_card,fiber_optic,116.15,3946.9,1,1,1,1,1,1,1,0,0,1,1,0
3810-DVDQQ,2024-01-09,72,two_year,bank_transfer,fiber_optic,117.6,8308.9,1,1,1,1,1,1,1,0,1,1,1,0
7921-LMDFQ,2024-01-09,51,one_year,bank_transfer,fiber_optic,94.0,4905.75,0,0,1,0,1,1,0,1,0,0,1,0
8976-OQHGT,2024-01-09,4,month_to_month,mailed_check,dsl,56.5,235.1,0,1,0,1,0,0,0,0,1,1,0,1
0697-ZMSWS,2024-01-09,4,month_to_month,electronic_check,fiber_optic,85.65,338.9,0,0,0,0,0,1,1,0,0,0,1,1
9189-JWSHV,2024-01-09,24,month_to_month,electronic_check,fiber_optic,93.55,2264.05,0,0,0,0,1,1,1,1,1,0,1,1
4023-RTIQM,2024-01-09,31,one_year,credit_card,dsl,50.4,1580.1,1,1,1,0,0,1,0,1,1,0,1,0
4349-GFQHK,2024-01-09,1,month_to_month,electronic_check,dsl,54.35,54.35,0,0,1,0,0,0,1,0,0,0,0,1
8080-DDEMJ,2024-01-09,1,month_to_month,electronic_check,dsl,45.1,45.1,0,0,0,0,0,0,0,1,0,0,0,1
9871-ELEYA,2024-01-09,34,two_year,credit_card,dsl,67.65,2339.3,1,0,1,1,1,0,0,0,0,1,0,0
8685-WHQPW,2024-01-09,22,month_to_month,bank_transfer,fiber_optic,74.4,1692.6,0,0,0,0,0,0,1,1,0,0,1,1
1855-CFULU,2024-01-09,4,month_to_month,mailed_check,none,20.05,91.45,0,0,0,0,0,0,0,1,0,0,0,0
9848-JQJTX,2024-01-09,72,two_year,bank_transfer,fiber_optic,100.9,7459.05,0,1,1,0,1,1,1,0,0,0,1,0
5345-BMKWB,2024-01-09,8,month_to_month,mailed_check,none,20.25,158.35,0,0,0,0,0,0,0,0,1,0,0,0
9136-ALYBR,2024-01-09,1,month_to_month,mailed_check,dsl,24.45,24.45,0,0,0,0,0,0,0,0,0,0,1,1
0495-RVCBF,2024-01-09,1,month_to_month,electronic_check,fiber_optic,79.7,79.7,0,0,0,0,0,1,0,0,0,0,1,1
2712-SYWAY,2024-01-09,1,month_to_month,electronic_check,none,25.7,25.7,0,0,0,0,0,0,1,0,0,0,1,0
9846-GKXAS,2024-01-09,9,month_to_month,bank_transfer,fiber_optic,90.8,809.75,0,0,0,0,1,1,0,0,0,0,1,1
1932-UEDCX,2024-01-09,33,month_to_month,bank_transfer,fiber_optic,100.6,3270.25,0,1,0,0,1,1,1,1,1,0,1,0
3567-PQTSO,2024-01-09,53,one_year,electronic_check,fiber_optic,105.25,5576.3,0,1,1,0,1,1,1,0,1,1,1,0
4685-ERGHK,2024-01-09,57,one_year,electronic_check,fiber_optic,86.9,4939.25,0,0,0,0,1,0,1,0,0,0,1,0
0233-FTHAV,2024-01-09,60,one_year,bank_transfer,fiber_optic,79.2,4765.0,0,0,1,0,0,0,1,0,0,0,1,0
6166-YIPFO,2024-01-09,72,two_year,electronic_check,dsl,64.7,4746.05,1,1,1,1,1,1,0,0,1,0,1,0
0674-DGMAQ,2024-01-09,32,month_to_month,electronic_check,fiber_optic,93.5,2970.8,0,1,1,0,0,1,1,1,1,0,1,0
7064-FRRSW,2024-01-09,48,one_year,electronic_check,fiber_optic,99.0,4744.35,0,1,0,0,1,1,1,1,0,0,1,0
1431-CYWMH,2024-01-09,22,month_to_month,bank_transfer,none,19.05,454.05,0,0,0,0,0,0,0,0,1,1,0,0
6723-CEGQI,2024-01-09,65,two_year,mailed_check,dsl,45.25,2933.95,0,1,0,1,1,0,0,0,0,1,0,0
9359-JANWS,2024-01-09,65,two_year,credit_card,dsl,58.9,3857.1,1,0,1,1,0,0,0,0,1,0,0,0
8562-GHPPI,2024-01-09,1,month_to_month,credit_card,none,19.8,19.8,0,0,0,0,0,0,0,0,0,0,0,0
1013-QCWAM,2024-01-09,66,month_to_month,electronic_check,fiber_optic,100.8,6690.75,0,1,0,0,1,1,1,1,1,0,1,0
4043-MKDTV,2024-01-09,71,two_year,electronic_check,fiber_optic,105.25,7291.75,0,1,1,1,1,1,0,0,1,0,1,0
3211-ILJTT,2024-01-09,17,month_to_month,bank_transfer,fiber_optic,70.4,1214.05,0,0,0,0,0,0,0,0,1,0,1,1
4208-UFFGW,2024-01-09,2,month_to_month,mailed_check,dsl,44.95,85.15,0,0,0,0,0,0,0,1,0,0,0,1
1810-BOHSY,2024-01-09,51,one_year,credit_card,fiber_optic,96.4,4911.05,1,1,0,0,0,1,1,0,1,0,1,0
1047-NNCBF,2024-01-09,20,month_to_month,credit_card,fiber_optic,70.55,1493.55,0,0,0,0,0,0,0,0,0,0,0,0
5945-AZYHT,2024-01-09,71,one_year,electronic_check,fiber_optic,109.6,7854.15,1,1,1,0,1,1,1,0,1,0,1,0
2659-VXMWZ,2024-01-09,67,one_year,electronic_check,fiber_optic,111.3,7482.1,1,1,1,0,1,1,1,0,1,1,1,1
5564-NEMQO,2024-01-09,1,month_to_month,bank_transfer,fiber_optic,75.3,75.3,0,0,1,0,0,0,0,1,0,0,1,1
4301-VVZKA,2024-01-09,16,month_to_month,electronic_check,fiber_optic,75.4,1189.4,0,0,0,0,0,0,1,0,1,0,1,0
9220-ZNKJI,2024-01-09,55,two_year,credit_card,fiber_optic,88.8,4805.3,0,0,1,1,1,0,0,1,1,0,0,0
4431-EDMIQ,2024-01-09,7,month_to_month,electronic_check,dsl,75.7,554.05,1,1,1,1,1,0,0,0,1,1,1,0
8100-HZZLJ,2024-01-09,43,month_to_month,electronic_check,dsl,63.95,2737.05,1,1,0,0,0,1,0,0,0,1,1,0
4351-QLCSU,2024-01-09,1,month_to_month,credit_card,dsl,55.0,55.0,0,0,0,0,1,0,0,0,0,0,1,1
4815-GBTCD,2024-01-09,4,month_to_month,electronic_check,dsl,25.15,99.95,0,0,0,0,0,0,0,0,1,0,1,0
5135-GRQJV,2024-01-09,72,two_year,mailed_check,fiber_optic,114.5,8331.95,1,1,1,1,1,1,1,1,1,0,1,0
8133-ANHHJ,2024-01-09,49,one_year,bank_transfer,fiber_optic,103.0,5166.2,1,1,1,1,0,1,1,1,0,0,0,0
3927-NLNRY,2024-01-09,53,one_year,bank_transfer,fiber_optic,94.25,4867.95,0,1,0,0,1,1,0,0,1,0,1,1
4611-ANLQC,2024-01-09,60,one_year,electronic_check,dsl,50.05,2911.5,1,1,1,0,0,1,0,0,1,0,0,0
1265-XTECC,2024-01-09,68,one_year,credit_card,fiber_optic,96.55,6581.9,1,1,0,0,0,1,1,1,1,0,1,1
3259-KNMRR,2024-01-09,57,two_year,bank_transfer,dsl,79.75,4438.2,0,1,1,0,1,1,1,1,0,0,1,0
5445-UTODQ,2024-01-09,7,month_to_month,electronic_check,fiber_optic,81.1,576.65,0,0,0,0,1,0,0,0,1,0,1,1
6569-KTMDU,2024-01-09,1,month_to_month,mailed_check,none,19.1,19.1,0,0,0,0,0,0,0,0,0,0,0,0
2969-WGHQO,2024-01-09,7,one_year,electronic_check,dsl,69.45,477.05,1,1,1,0,1,0,0,0,1,1,0,0
2560-WBWXF,2024-01-09,68,two_year,bank_transfer,none,24.15,1498.85,0,0,0,0,0,0,1,0,0,0,1,0
6849-OYAMU,2024-01-09,19,one_year,bank_transfer,fiber_optic,100.0,1888.65,0,1,0,1,1,1,0,0,1,1,0,1
3420-YJLQT,2024-01-09,2,month_to_month,electronic_check,fiber_optic,79.55,151.75,0,1,0,0,0,0,1,0,0,0,0,0
0266-CLZKZ,2024-01-09,67,two_year,bank_transfer,fiber_optic,105.65,6717.9,0,0,1,1,1,1,1,0,1,1,1,0
5196-WPYOW,2024-01-09,67,one_year,mailed_check,dsl,60.05,3994.05,1,1,0,1,0,0,0,0,1,1,0,0
9609-BENEA,2024-01-09,35,one_year,electronic_check,dsl,69.0,2441.7,0,1,0,1,1,0,1,0,1,0,1,0
6465-GSRCL,2024-01-09,67,one_year,bank_transfer,fiber_optic,106.6,7244.7,0,1,0,1,1,1,1,0,0,1,1,0
7321-PKUYW,2024-01-09,11,month_to_month,electronic_check,fiber_optic,90.15,987.95,0,0,0,1,1,0,1,0,0,0,0,1
7622-FWGEW,2024-01-09,56,two_year,bank_transfer,dsl,85.65,4824.45,1,1,1,1,1,1,0,1,1,0,1,0
5133-VRSAB,2024-01-09,8,month_to_month,mailed_check,dsl,29.35,216.45,1,0,0,0,0,0,0,0,0,0,0,0
4883-KCPZJ,2024-01-09,22,two_year,credit_card,none,25.25,555.4,0,0,0,0,0,0,1,0,1,1,0,0
5003-XZWWO,2024-01-09,71,two_year,credit_card,dsl,84.2,5956.85,0,1,1,1,1,1,1,0,1,0,0,0
8741-LQOBK,2024-01-09,46,month_to_month,bank_transfer,dsl,35.05,1620.25,1,1,0,0,0,0,0,0,1,1,0,0
6408-OTUBZ,2024-01-09,66,one_year,bank_transfer,fiber_optic,104.55,6779.05,1,1,1,1,1,0,1,0,0,0,1,0
0430-IHCDJ,2024-01-09,15,month_to_month,electronic_check,dsl,49.0,749.25,0,0,0,0,0,0,1,0,0,0,1,0
7011-CVEUC,2024-01-09,25,month_to_month,credit_card,fiber_optic,95.7,2338.35,0,0,0,1,1,1,0,0,1,0,1,0
5871-DGTXZ,2024-01-09,32,one_year,mailed_check,none,19.8,607.7,0,0,0,0,0,0,0,0,0,0,0,0
1907-YLNYW,2024-01-09,8,month_to_month,electronic_check,dsl,66.7,579.0,1,0,1,0,0,1,0,0,0,0,1,0
9575-IWCAZ,2024-01-09,6,one_year,mailed_check,none,25.1,171.0,0,0,0,0,0,0,1,0,1,0,0,0
2637-FKFSY,2024-01-09,3,month_to_month,mailed_check,dsl,46.1,130.15,0,0,0,0,0,0,0,0,1,0,1,0
1357-MVDOZ,2024-01-09,11,month_to_month,bank_transfer,dsl,59.65,683.25,0,0,1,0,1,0,0,0,1,1,1,0
1379-FRVEB,2024-01-09,15,month_to_month,electronic_check,fiber_optic,91.0,1430.05,0,1,0,0,1,0,1,0,0,1,1,0
0634-SZPQA,2024-01-09,23,month_to_month,bank_transfer,fiber_optic,90.05,2169.8,1,0,0,0,1,0,1,0,0,0,1,1
9214-EKVXR,2024-01-09,1,month_to_month,mailed_check,dsl,44.0,44.0,0,0,0,0,0,0,0,0,0,0,1,0
6967-PEJLL,2024-01-09,37,one_year,electronic_check,dsl,40.2,1525.35,1,0,1,1,0,0,0,0,1,1,1,0
5457-COLHT,2024-01-09,69,two_year,bank_transfer,dsl,80.65,5542.55,1,1,0,1,1,1,0,0,1,1,0,0
8766-PAFNE,2024-01-09,71,two_year,credit_card,dsl,79.1,5564.85,0,1,1,1,1,1,0,0,1,0,1,0
5590-ZSKRV,2024-01-09,8,month_to_month,mailed_check,dsl,54.65,482.25,1,1,0,0,0,0,0,0,1,1,0,0
6505-OZNPG,2024-01-09,6,two_year,mailed_check,dsl,63.4,348.8,1,1,1,1,1,1,0,0,0,0,1,0
5641-DMBFJ,2024-01-09,58,two_year,electronic_check,dsl,84.3,4916.4,1,0,1,1,1,1,1,0,1,0,1,0
9831-BPFRI,2024-01-09,39,one_year,electronic_check,fiber_optic,89.55,3474.45,0,1,1,1,0,0,1,0,1,1,1,1
2322-VCZHZ,2024-01-09,23,month_to_month,electronic_check,fiber_optic,90.0,2024.1,1,1,0,0,0,1,0,1,1,0,1,0
1764-VUUMT,2024-01-09,66,two_year,credit_card,none,19.95,1269.1,0,0,0,0,0,0,0,0,0,1,0,0
6418-HNFED,2024-01-09,51,two_year,credit_card,dsl,83.25,4089.45,1,1,1,1,1,1,0,0,1,0,1,0
6437-UKHMV,2024-01-09,7,month_to_month,electronic_check,fiber_optic,79.7,586.05,0,0,0,0,1,0,0,0,0,0,1,1
1272-ILHFG,2024-01-09,15,one_year,mailed_check,none,19.65,332.65,0,0,0,0,0,0,0,0,1,1,0,0
1591-NFNLQ,2024-01-09,51,month_to_month,credit_card,fiber_optic,80.0,4242.35,0,0,1,0,0,0,1,0,0,0,0,1
7234-KMNRQ,2024-01-09,4,month_to_month,mailed_check,none,19.0,73.45,0,0,0,0,0,0,0,0,0,0,0,0
1310-QRITU,2024-01-09,18,month_to_month,electronic_check,dsl,50.3,913.3,0,0,0,0,0,0,1,0,0,0,1,0
8178-EYZUO,2024-01-09,46,month_to_month,electronic_check,fiber_optic,93.7,4154.8,1,1,0,0,0,1,1,0,0,0,1,1
1400-MMYXY,2024-01-09,3,month_to_month,electronic_check,fiber_optic,105.9,334.65,0,1,1,0,1,1,1,1,1,0,1,1
9953-ZMKSM,2024-01-09,63,two_year,mailed_check,none,25.25,1559.3,0,0,0,0,0,0,1,0,0,0,0,0
1527-SXDPN,2024-01-09,52,two_year,bank_transfer,fiber_optic,96.25,4990.25,0,0,1,1,0,1,1,0,1,1,1,1
1703-MGIAB,2024-01-09,17,month_to_month,mailed_check,dsl,69.0,1108.0,0,0,1,1,1,0,1,0,0,0,1,0
7156-MXBJE,2024-01-09,43,one_year,credit_card,dsl,85.1,3662.25,0,1,1,1,1,1,1,0,0,0,0,0
8232-UTFOZ,2024-01-09,69,two_year,credit_card,none,19.95,1399.35,0,0,0,0,0,0,0,0,0,0,0,0
3486-HOOGQ,2024-01-09,70,two_year,bank_transfer,dsl,79.7,5743.3,1,1,1,1,1,0,1,0,1,1,0,0
7356-AYNJP,2024-01-09,4,one_year,electronic_check,none,23.9,97.5,0,0,0,0,0,0,1,0,0,0,0,0
6685-XSHHU,2024-01-09,60,two_year,bank_transfer,none,20.95,1270.55,0,0,0,0,0,0,0,0,1,1,1,0
5590-YRFJT,2024-01-09,20,month_to_month,electronic_check,dsl,24.45,482.8,0,0,0,0,0,0,0,0,1,0,1,1
6265-SXWBU,2024-01-09,69,one_year,credit_card,fiber_optic,95.75,6511.25,0,1,1,0,1,0,1,0,1,1,0,0
6891-JPYFF,2024-01-09,48,month_to_month,credit_card,fiber_optic,105.25,4997.5,1,1,0,0,1,1,1,0,1,1,1,0
6656-JWRQX,2024-01-09,1,month_to_month,mailed_check,dsl,30.55,30.55,0,0,0,1,0,0,0,0,0,0,0,0
7743-EXURX,2024-01-09,8,month_to_month,electronic_check,dsl,51.05,415.05,0,0,1,0,0,0,0,0,1,1,1,1
6127-IYJOZ,2024-01-09,1,month_to_month,mailed_check,dsl,45.85,45.85,0,0,0,0,0,0,0,1,0,0,1,0
2576-HXMPA,2024-01-09,1,month_to_month,credit_card,none,19.55,19.55,0,0,0,0,0,0,0,0,0,0,0,0
8022-BECSI,2024-01-09,22,one_year,mailed_check,none,19.6,422.5,0,0,0,0,0,0,0,0,0,0,0,0
0786-VSSUD,2024-01-09,16,month_to_month,mailed_check,dsl,39.0,679.85,0,1,0,0,1,0,0,1,0,0,1,1
9924-JPRMC,2024-01-09,72,two_year,electronic_check,fiber_optic,118.2,8547.15,1,1,1,1,1,1,1,0,0,0,1,0
9314-QDMDW,2024-01-09,11,one_year,electronic_check,dsl,61.25,729.95,0,1,0,0,1,0,0,0,0,0,1,0
5339-PXDVH,2024-01-09,4,month_to_month,electronic_check,fiber_optic,90.65,367.95,1,0,0,0,1,0,1,0,0,0,0,0
2017-CCBLH,2024-01-09,8,two_year,mailed_check,none,20.0,141.6,0,0,0,0,0,0,0,0,0,0,0,0
5020-ZSTTY,2024-01-09,54,one_year,bank_transfer,dsl,82.45,4350.1,1,1,0,1,1,1,1,1,0,0,0,1
5930-GBIWP,2024-01-09,69,two_year,credit_card,dsl,81.5,5553.25,1,1,1,1,0,1,1,0,0,0,1,0
6961-VCPMC,2024-01-09,46,month_to_month,electronic_check,fiber_optic,80.4,3605.2,0,0,0,0,0,1,0,1,1,0,1,1
0254-WWRKD,2024-01-09,67,one_year,credit_card,dsl,50.55,3431.75,0,1,0,0,0,0,0,0,1,1,0,0
5248-KWLAR,2024-01-09,71,two_year,electronic_check,dsl,90.35,6325.25,1,1,1,1,1,1,1,0,1,1,0,0
1302-UHBDD,2024-01-09,20,month_to_month,electronic_check,fiber_optic,89.95,1648.45,0,0,0,0,1,1,0,1,0,0,0,0
9158-VCTQB,2024-01-09,41,month_to_month,bank_transfer,fiber_optic,113.6,4594.95,1,1,1,1,1,1,1,0,1,0,1,1
7273-TEFQD,2024-01-09,3,month_to_month,electronic_check,dsl,41.15,132.2,0,0,1,0,0,1,0,1,0,0,1,1
6537-OTKMY,2024-01-09,15,one_year,electronic_check,dsl,50.75,688.2,0,0,1,0,1,1,0,0,0,0,0,0
6298-QDFNH,2024-01-09,22,month_to_month,electronic_check,fiber_optic,79.35,1730.35,0,1,0,0,0,0,1,0,0,0,1,1
8854-CCVSQ,2024-01-09,18,month_to_month,electronic_check,fiber_optic,80.65,1451.9,0,1,0,0,0,0,1,0,0,0,1,1
9734-YWGEX,2024-01-09,9,month_to_month,credit_card,fiber_optic,98.3,923.5,0,0,1,0,1,1,1,0,0,0,0,1
9040-KZVWO,2024-01-09,26,one_year,bank_transfer,fiber_optic,75.5,2018.1,0,1,0,0,0,0,0,0,0,0,0,0
0308-GIQJT,2024-01-09,71,one_year,bank_transfer,fiber_optic,105.75,7382.85,0,1,0,1,1,1,1,1,0,0,0,0
0307-BCOPK,2024-01-09,16,one_year,mailed_check,none,19.05,326.65,0,0,0,0,0,0,0,0,0,0,0,0
3219-JQRSL,2024-01-09,72,two_year,credit_card,dsl,89.1,6352.4,1,1,1,1,1,1,1,1,1,0,0,0
1839-UMACK,2024-01-09,42,one_year,electronic_check,none,25.05,949.85,0,0,0,0,0,0,1,0,0,0,0,0
5014-WUQMG,2024-01-09,47,one_year,electronic_check,fiber_optic,96.1,4391.45,1,1,1,0,0,1,0,0,1,1,1,0
0420-TXVSG,2024-01-09,66,two_year,credit_card,dsl,66.1,4428.45,1,1,1,0,0,0,1,0,1,0,1,0
6633-MPWBS,2024-01-09,5,month_to_month,electronic_check,dsl,49.2,216.9,0,0,0,1,0,0,0,0,0,0,1,1
8650-RHRKE,2024-01-09,4,month_to_month,electronic_check,dsl,29.65,118.5,0,0,1,0,0,0,0,0,0,0,1,1
4530-NDRKU,2024-01-09,42,one_year,electronic_check,none,19.05,761.85,0,0,0,0,0,0,0,0,1,1,1,0
9955-QOPOY,2024-01-09,69,one_year,credit_card,dsl,60.8,4263.4,0,1,1,1,1,1,0,0,1,0,1,0
3680-CTHUH,2024-01-09,60,one_year,credit_card,fiber_optic,116.6,7049.5,1,1,1,1,1,1,1,0,0,0,1,0
5961-VUSRV,2024-01-09,12,one_year,bank_transfer,none,19.35,219.35,0,0,0,0,0,0,0,0,0,0,1,0
1589-AGTLK,2024-01-09,3,month_to_month,electronic_check,dsl,45.35,141.5,0,0,0,0,0,0,0,0,0,0,1,1
7055-VKGDA,2024-01-09,54,one_year,credit_card,fiber_optic,105.4,5643.4,1,1,0,1,1,1,0,0,0,0,1,1
1641-BYBTK,2024-01-09,6,month_to_month,mailed_check,none,20.2,98.35,0,0,0,0,0,0,0,0,0,1,1,0
5919-VCZYM,2024-01-09,2,month_to_month,mailed_check,none,20.05,42.7,0,0,0,0,0,0,0,0,0,0,0,0
0716-BQNDX,2024-01-09,57,two_year,electronic_check,fiber_optic,93.75,5625.55,1,0,0,1,0,1,1,1,0,0,0,0
8838-GPHZP,2024-01-09,63,two_year,mailed_check,none,20.6,1298.7,0,0,0,0,0,0,0,0,0,0,1,0
5274-XHAKY,2024-01-09,41,month_to_month,bank_transfer,fiber_optic,94.3,3893.6,1,1,0,0,1,0,1,0,1,1,1,0
8929-KSWIH,2024-01-09,25,two_year,bank_transfer,fiber_optic,99.3,2513.5,0,0,1,1,1,1,0,0,0,0,0,0
6916-HIJSE,2024-01-09,65,two_year,bank_transfer,dsl,84.85,5459.2,1,1,1,1,1,1,0,0,0,0,1,0
2228-BZDEE,2024-01-09,54,two_year,mailed_check,none,20.1,1079.45,0,0,0,0,0,0,0,0,0,0,0,0
1346-PJWTK,2024-01-09,61,month_to_month,credit_card,fiber_optic,94.15,5731.85,0,1,1,1,0,1,0,0,1,0,0,0
1561-BWHIN,2024-01-09,19,one_year,mailed_check,none,19.8,344.5,0,0,0,0,0,0,0,0,1,1,0,0
2882-DDZPG,2024-01-09,12,month_to_month,bank_transfer,none,19.45,227.45,0,0,0,0,0,0,0,0,0,0,0,0
9648-BCHKM,2024-01-09,18,two_year,credit_card,none,24.65,471.35,0,0,0,0,0,0,1,0,1,1,1,0
1930-QPBVZ,2024-01-09,68,two_year,bank_transfer,fiber_optic,95.1,6683.4,1,1,0,1,0,1,0,0,1,1,0,0
5299-RULOA,2024-01-09,10,month_to_month,electronic_check,fiber_optic,100.25,1064.65,1,0,0,0,1,1,1,0,1,1,1,1
1626-ERCMM,2024-01-09,20,month_to_month,electronic_check,fiber_optic,94.55,1899.65,0,0,0,0,1,1,1,1,1,0,1,1
8019-ENHXU,2024-01-09,42,month_to_month,electronic_check,fiber_optic,99.45,4138.05,0,1,1,1,0,1,1,0,1,0,1,1
7795-CFOCW,2024-01-09,45,one_year,bank_transfer,dsl,42.3,1840.75,1,0,1,1,0,0,0,0,0,0,0,0
0906-QVPMS,2024-01-09,72,two_year,bank_transfer,fiber_optic,115.15,8349.45,1,1,1,1,1,1,1,0,1,0,0,0
4118-CEVPF,2024-01-09,35,one_year,bank_transfer,fiber_optic,110.8,3836.3,1,1,1,1,1,1,1,1,0,0,1,0
5968-XQIVE,2024-01-09,72,one_year,electronic_check,fiber_optic,89.7,6588.95,0,1,0,0,1,0,1,0,1,1,1,0
9305-CDSKC,2024-01-09,8,month_to_month,electronic_check,fiber_optic,99.65,820.5,0,0,1,0,1,1,1,0,0,0,1,1
3521-SYVOR,2024-01-09,37,month_to_month,electronic_check,dsl,64.75,2345.2,0,0,0,0,1,1,0,0,0,0,1,1
5149-TGWDZ,2024-01-09,21,one_year,mailed_check,fiber_optic,104.55,2239.4,0,1,1,1,1,1,0,0,0,0,1,0
1265-BCFEO,2024-01-09,71,two_year,bank_transfer,dsl,80.45,5662.25,0,0,1,1,1,1,1,0,1,0,1,0
6873-UDNLD,2024-01-09,40,month_to_month,electronic_check,dsl,67.45,2731.0,1,0,1,0,0,1,0,0,0,0,0,0
7143-BQIBA,2024-01-09,10,month_to_month,bank_transfer,dsl,62.25,612.95,1,0,0,1,1,0,0,0,0,0,0,0
4526-ZJJTM,2024-01-09,25,month_to_month,bank_transfer,fiber_optic,88.4,2191.15,0,1,1,0,0,1,0,1,1,0,0,0
7576-ASEJU,2024-01-09,41,one_year,credit_card,dsl,74.7,3187.65,1,0,0,1,1,1,0,0,1,1,1,0
9190-MFJLN,2024-01-09,19,month_to_month,credit_card,fiber_optic,95.9,1777.9,0,0,1,0,1,1,0,1,0,0,1,1
6242-MBHPK,2024-01-09,23,month_to_month,electronic_check,fiber_optic,95.1,2326.05,1,0,0,0,1,1,0,1,1,0,1,0
1400-WIVLL,2024-01-09,57,two_year,electronic_check,fiber_optic,107.95,5969.85,0,0,1,1,1,1,1,0,1,0,0,0
3489-HHPFY,2024-01-09,2,month_to_month,electronic_check,fiber_optic,84.05,134.05,0,0,0,0,1,0,1,0,1,0,1,0
7560-QJAVJ,2024-01-09,70,two_year,bank_transfer,dsl,79.6,5589.45,1,0,1,1,1,1,0,0,0,0,0,0
3722-WPXTK,2024-01-09,1,month_to_month,electronic_check,fiber_optic,88.35,88.35,0,0,0,0,1,1,0,0,0,0,1,1
0748-RDGGM,2024-01-09,70,one_year,bank_transfer,fiber_optic,109.5,7534.65,1,1,1,1,1,1,0,0,1,0,1,1
6719-FGEDO,2024-01-09,72,two_year,bank_transfer,fiber_optic,97.0,7104.2,1,1,1,1,0,0,1,0,1,0,1,0
5130-IEKQT,2024-01-09,25,month_to_month,mailed_check,fiber_optic,105.95,2655.25,0,1,1,0,1,1,1,1,0,0,0,1
4391-RESHN,2024-01-09,23,month_to_month,mailed_check,fiber_optic,104.05,2470.1,0,0,1,1,1,1,1,0,0,0,1,1
7941-RCJOW,2024-01-09,65,two_year,credit_card,none,19.55,1218.65,0,0,0,0,0,0,0,0,0,0,1,0
1760-CAZHT,2024-01-09,25,month_to_month,mailed_check,none,20.8,460.2,0,0,0,0,0,0,0,0,0,1,0,0
2774-LVQUS,2024-01-09,15,month_to_month,electronic_check,fiber_optic,83.05,1258.3,0,0,1,1,0,0,1,1,1,0,1,1
6128-AQBMT,2024-01-09,41,month_to_month,electronic_check,dsl,53.95,2215.4,0,1,1,0,1,1,0,1,1,0,1,0
0674-EYYZV,2024-01-09,1,month_to_month,electronic_check,dsl,54.65,54.65,0,0,0,0,1,0,0,0,0,0,1,0
1661-CZBAU,2024-01-09,48,one_year,bank_transfer,dsl,70.95,3629.2,1,0,0,1,0,1,1,0,0,0,1,0
5949-EBSQK,2024-01-09,4,month_to_month,credit_card,dsl,61.45,229.55,0,0,0,1,0,1,0,0,1,1,0,1
8573-JGCZW,2024-01-09,17,one_year,bank_transfer,none,19.65,351.55,0,0,0,0,0,0,0,0,0,0,1,0
6661-HBGWL,2024-01-09,42,month_to_month,bank_transfer,fiber_optic,104.75,4323.45,0,1,1,0,1,1,1,1,0,0,1,1
7989-AWGEH,2024-01-09,49,month_to_month,electronic_check,dsl,39.2,1838.15,1,0,0,0,0,1,0,0,1,1,1,0
4703-MQYKT,2024-01-09,21,two_year,mailed_check,none,19.6,390.4,0,0,0,0,0,0,0,0,0,0,0,0
6993-YCOBK,2024-01-09,60,two_year,electronic_check,fiber_optic,110.6,6586.85,1,0,1,1,1,1,1,0,1,1,1,0
5356-KZCKT,2024-01-09,58,two_year,credit_card,none,24.45,1513.6,0,0,0,0,0,0,1,0,0,0,1,0
5124-EOGYE,2024-01-09,31,two_year,mailed_check,none,20.45,638.55,0,0,0,0,0,0,0,0,0,0,0,0
4455-BFSPD,2024-01-09,61,one_year,bank_transfer,fiber_optic,101.15,6383.9,0,0,0,1,1,1,1,0,1,0,0,0
4423-JWZJN,2024-01-09,64,one_year,credit_card,fiber_optic,90.25,5629.15,0,0,1,0,0,1,1,0,1,1,0,0
4891-NLUBA,2024-01-09,61,two_year,bank_transfer,dsl,61.45,3751.15,0,1,1,1,1,1,0,0,1,1,1,0
3200-MNQTF,2024-01-09,67,two_year,credit_card,dsl,70.9,4677.1,1,1,1,1,0,0,1,0,1,0,0,0
1073-XXCZD,2024-01-09,55,two_year,bank_transfer,none,25.7,1443.65,0,0,0,0,0,0,1,0,1,0,0,0
3556-BVQGL,2024-01-09,20,one_year,mailed_check,none,20.0,416.45,0,0,0,0,0,0,0,0,1,0,1,0
6416-YJTTB,2024-01-09,11,month_to_month,bank_transfer,fiber_optic,79.5,795.65,1,0,1,0,0,0,0,0,0,0,1,0
0017-IUDMW,2024-01-09,72,two_year,credit_card,fiber_optic,116.8,8456.75,1,1,1,1,1,1,1,0,1,1,1,0
9297-FVVDH,2024-01-09,57,two_year,electronic_check,dsl,84.5,4845.4,1,0,1,1,1,1,1,0,1,1,1,0
1282-IHQAC,2024-01-09,70,one_year,credit_card,dsl,44.05,3011.65,0,1,1,0,1,0,0,1,0,0,1,0
1936-UAFEH,2024-01-09,68,two_year,credit_card,fiber_optic,110.25,7279.35,1,1,0,1,1,1,1,0,0,0,0,0
8937-RDTHP,2024-01-09,1,month_to_month,mailed_check,fiber_optic,84.6,84.6,1,0,0,0,0,1,0,0,0,0,1,1
8627-ZYGSZ,2024-01-09,47,one_year,electronic_check,fiber_optic,78.9,3650.35,0,1,0,0,0,0,1,0,1,0,1,0
7459-RRWQZ,2024-01-09,15,month_to_month,bank_transfer,dsl,64.65,994.55,1,0,0,0,0,1,1,0,0,0,1,1
1085-LDWAM,2024-01-09,69,one_year,credit_card,none,20.35,1442.65,0,0,0,0,0,0,0,0,1,1,1,0
3656-TKRVZ,2024-01-09,3,month_to_month,electronic_check,dsl,55.35,165.2,1,1,0,0,0,0,0,0,0,0,0,1
4760-XOHVN,2024-01-09,1,month_to_month,mailed_check,none,19.45,19.45,0,0,0,0,0,0,0,0,1,1,0,1
4622-YNKIJ,2024-01-09,33,two_year,electronic_check,fiber_optic,88.95,3027.65,1,0,0,1,1,0,0,0,0,0,1,0
1172-VIYBP,2024-01-09,53,two_year,bank_transfer,dsl,69.7,3686.05,1,1,0,0,0,1,1,0,1,1,0,0
6729-GDNGC,2024-01-09,20,month_to_month,bank_transfer,fiber_optic,80.7,1614.2,0,0,0,0,1,0,0,1,0,0,0,0
9497-QCMMS,2024-01-09,1,month_to_month,electronic_check,fiber_optic,93.55,93.55,0,0,0,0,1,1,1,1,0,0,1,1
3587-PMCOY,2024-01-09,10,one_year,electronic_check,fiber_optic,98.9,1064.95,1,0,1,0,1,1,0,0,0,0,1,0
3043-SUDUA,2024-01-09,32,month_to_month,bank_transfer,none,19.9,601.55,0,0,0,0,0,0,0,0,0,0,0,0
7901-TBKJX,2024-01-09,56,month_to_month,electronic_check,fiber_optic,101.05,5594.0,0,0,1,0,1,1,1,1,0,0,1,0
0825-CPPQH,2024-01-09,71,two_year,credit_card,none,19.1,1372.45,0,0,0,0,0,0,0,0,1,0,0,0
2398-YPMUR,2024-01-09,13,month_to_month,electronic_check,fiber_optic,70.15,916.75,0,0,0,0,0,0,0,1,1,0,1,1
8006-PYCSW,2024-01-09,2,month_to_month,mailed_check,none,20.1,39.8,0,0,0,0,0,0,0,0,0,0,0,0
3853-LYGAM,2024-01-09,17,month_to_month,bank_transfer,fiber_optic,95.65,1640.0,0,0,1,1,0,1,1,0,0,0,1,0
5493-SDRDQ,2024-01-09,2,month_to_month,mailed_check,dsl,55.1,113.35,1,0,1,0,0,0,0,0,0,0,1,1
1335-HQMKX,2024-01-09,72,one_year,electronic_check,fiber_optic,101.35,7323.15,0,1,1,0,1,1,1,0,1,0,1,0
2812-ENYMO,2024-01-09,26,one_year,credit_card,dsl,54.55,1362.85,1,0,0,1,1,1,0,0,0,0,0,0
0568-ONFPC,2024-01-09,5,month_to_month,bank_transfer,none,25.9,135.0,0,0,0,0,0,0,1,0,1,1,1,1
6023-YEBUP,2024-01-09,3,month_to_month,electronic_check,fiber_optic,100.95,329.95,0,0,1,0,1,1,1,0,0,0,1,1
6103-BOCOU,2024-01-09,26,month_to_month,electronic_check,fiber_optic,80.7,2193.0,0,0,1,0,0,0,1,0,0,0,1,0
2581-VKIRT,2024-01-09,59,one_year,mailed_check,dsl,65.5,3801.3,1,1,0,1,0,0,1,0,1,1,0,0
4353-HYOJD,2024-01-09,27,month_to_month,mailed_check,dsl,49.85,1336.15,0,1,0,0,0,0,0,0,1,1,0,0
4188-FRABG,2024-01-09,57,month_to_month,electronic_check,fiber_optic,103.05,5925.75,1,1,1,1,1,0,1,0,1,0,1,0
4855-SNKMY,2024-01-09,1,month_to_month,electronic_check,dsl,44.1,44.1,0,0,0,0,0,0,0,0,0,0,1,1
5995-WWKKG,2024-01-09,37,one_year,electronic_check,none,19.8,695.05,0,0,0,0,0,0,0,0,0,0,1,0
0311-QYWSS,2024-01-09,6,month_to_month,electronic_check,dsl,49.45,314.6,1,0,0,0,0,0,0,0,0,0,1,0
3583-KRKMD,2024-01-09,18,month_to_month,bank_transfer,fiber_optic,75.9,1373.05,0,0,0,1,0,0,0,0,0,0,1,0
5828-AVIPD,2024-01-09,19,one_year,electronic_check,fiber_optic,100.95,1875.55,0,0,0,1,1,1,1,0,1,1,1,1
8311-UEUAB,2024-01-09,67,two_year,electronic_check,dsl,75.5,5229.45,1,0,0,0,1,1,1,0,1,1,1,0
8910-LEDAG,2024-01-09,34,month_to_month,credit_card,fiber_optic,71.55,2427.35,0,0,0,0,0,0,0,1,1,0,0,0
7639-SUPCW,2024-01-09,22,month_to_month,credit_card,dsl,48.8,1054.6,1,0,0,0,0,0,0,0,0,0,1,1
0750-EBAIU,2024-01-09,52,one_year,electronic_check,fiber_optic,91.25,4738.3,1,0,1,0,1,0,0,0,0,0,0,0
9200-NLNPD,2024-01-09,56,one_year,bank_transfer,dsl,54.05,2959.8,0,0,1,1,1,1,0,0,1,0,1,0
1658-BYGOY,2024-01-09,18,month_to_month,electronic_check,fiber_optic,95.45,1752.55,0,0,0,0,1,1,1,1,0,0,1,1
4913-EHYUI,2024-01-09,56,one_year,bank_transfer,fiber_optic,104.55,5794.65,1,0,1,0,1,1,1,1,1,1,1,1
8266-VBFQL,2024-01-09,4,month_to_month,electronic_check,fiber_optic,90.4,356.65,0,0,1,1,0,1,0,0,0,0,1,0
1229-RCALF,2024-01-09,64,one_year,electronic_check,fiber_optic,115.0,7396.15,1,1,1,1,1,1,1,0,1,0,1,0
6754-LZUKA,2024-01-09,61,two_year,bank_transfer,dsl,80.9,4932.5,0,1,1,0,1,1,1,0,1,0,0,0
7005-CYUIL,2024-01-09,71,two_year,electronic_check,fiber_optic,99.4,7168.25,1,1,1,1,1,0,0,1,1,0,1,0
5832-XKAES,2024-01-09,2,month_to_month,credit_card,fiber_optic,69.8,134.7,0,0,0,0,0,0,0,0,0,0,1,1
8979-CAMGB,2024-01-09,64,one_year,electronic_check,fiber_optic,102.1,6688.1,0,0,1,1,1,1,1,1,0,0,0,0
1216-BGTSP,2024-01-09,45,month_to_month,credit_card,fiber_optic,108.45,4964.7,1,0,1,1,1,1,1,0,0,0,1,0
9229-RQABD,2024-01-09,18,one_year,mailed_check,none,23.75,424.5,0,0,0,0,0,0,1,0,0,0,0,0
3727-OVPRY,2024-01-09,66,one_year,credit_card,none,25.7,1714.55,0,0,0,0,0,0,1,0,1,1,1,0
3891-NLXJB,2024-01-09,37,two_year,mailed_check,dsl,40.55,1390.85,1,1,0,1,0,0,0,0,0,0,1,0
8219-VYBVI,2024-01-09,39,two_year,mailed_check,none,25.0,1004.35,0,0,0,0,0,0,1,0,0,1,0,0
4822-YCXMX,2024-01-09,25,month_to_month,electronic_check,fiber_optic,84.8,2043.45,0,0,0,0,0,1,1,0,0,0,1,1
0428-IKYCP,2024-01-09,22,month_to_month,bank_transfer,fiber_optic,87.0,1850.65,0,0,1,0,1,0,0,0,1,0,1,0
3146-JTQHR,2024-01-09,10,one_year,bank_transfer,none,19.6,189.45,0,0,0,0,0,0,0,0,1,0,0,0
7813-TKCVO,2024-01-09,20,one_year,mailed_check,none,20.35,393.15,0,0,0,0,0,0,0,0,1,0,0,0
1465-LNTLJ,2024-01-09,8,month_to_month,credit_card,dsl,64.4,581.7,0,0,1,1,0,1,0,1,1,0,1,0
3126-WQMGH,2024-01-09,49,month_to_month,credit_card,dsl,52.15,2583.75,0,0,0,0,0,0,1,0,1,0,1,0
8777-MBMTS,2024-01-09,65,two_year,credit_card,fiber_optic,105.85,6725.5,0,1,1,1,1,1,0,1,1,0,1,0
4706-DGAHW,2024-01-09,1,month_to_month,electronic_check,dsl,45.2,45.2,0,0,0,0,0,0,0,1,0,0,0,0
4192-GORJT,2024-01-09,5,month_to_month,electronic_check,fiber_optic,94.45,498.1,0,0,1,0,1,1,0,0,1,0,1,1
2057-BOYKM,2024-01-09,72,two_year,bank_transfer,fiber_optic,96.6,6827.5,1,1,1,1,0,0,1,1,1,0,1,0
7566-DSRLQ,2024-01-09,72,two_year,electronic_check,fiber_optic,110.15,7998.8,0,1,1,1,1,1,1,0,1,0,1,0
5447-WZAFP,2024-01-09,53,one_year,mailed_check,fiber_optic,100.3,5200.8,0,1,1,0,1,1,0,0,0,0,1,0
1228-ZLNBX,2024-01-09,21,month_to_month,mailed_check,fiber_optic,75.3,1570.7,0,0,0,0,0,0,1,0,0,0,0,0
9844-FELAJ,2024-01-09,70,one_year,electronic_check,fiber_optic,107.9,7475.85,0,1,1,1,1,1,1,1,1,1,1,0
5136-KCKGI,2024-01-09,33,one_year,mailed_check,fiber_optic,103.7,3467.0,1,0,1,0,1,1,1,0,1,1,1,1
6825-UYPFK,2024-01-09,23,month_to_month,bank_transfer,fiber_optic,75.6,1758.6,0,0,0,0,0,0,1,0,0,0,0,1
1716-LSAMB,2024-01-09,45,two_year,bank_transfer,dsl,54.65,2553.7,1,0,0,1,0,0,0,0,1,1,0,0
8008-OTEZX,2024-01-09,35,one_year,mailed_check,none,19.65,708.8,0,0,0,0,0,0,0,0,1,1,0,0
4488-PSYCG,2024-01-09,16,month_to_month,bank_transfer,none,20.25,327.45,0,0,0,0,0,0,0,0,0,0,0,1
5855-EIBDE,2024-01-09,49,two_year,credit_card,fiber_optic,106.65,5174.35,1,1,1,1,0,1,1,0,1,0,0,0
4667-OHGKG,2024-01-09,1,month_to_month,mailed_check,none,19.3,19.3,0,0,0,0,0,0,0,0,0,0,1,1
0909-SELIE,2024-01-09,61,two_year,bank_transfer,dsl,80.8,4860.85,1,1,1,1,0,1,1,0,1,0,1,0
8395-ETZKQ,2024-01-09,68,one_year,bank_transfer,none,19.5,1193.55,0,0,0,0,0,0,0,1,1,1,0,0
2465-BLLEU,2024-01-09,1,month_to_month,mailed_check,none,19.75,19.75,0,0,0,0,0,0,0,0,0,0,1,0
5110-CHOPY,2024-01-09,60,two_year,electronic_check,dsl,53.6,3237.05,1,0,1,0,1,1,0,0,0,0,0,0
3088-FVYWK,2024-01-09,53,two_year,credit_card,none,25.55,1336.1,0,0,0,0,0,0,1,0,1,1,0,0
2357-COQEK,2024-01-09,28,month_to_month,electronic_check,fiber_optic,103.3,2890.65,0,0,1,1,1,1,1,1,0,0,1,1
7538-GWHML,2024-01-09,2,month_to_month,electronic_check,fiber_optic,69.65,145.15,0,0,0,0,0,0,0,0,0,0,0,1
9605-WGJVW,2024-01-09,1,month_to_month,electronic_check,fiber_optic,70.2,70.2,0,0,0,0,0,0,0,1,0,0,1,0
4547-LYTDD,2024-01-09,16,month_to_month,electronic_check,fiber_optic,72.65,1194.3,0,0,0,0,0,0,1,0,0,0,0,1
0464-WJTKO,2024-01-09,72,two_year,bank_transfer,none,20.1,1460.85,0,0,0,0,0,0,0,0,1,1,0,0
0314-TKOSI,2024-01-09,6,month_to_month,mailed_check,dsl,55.15,322.9,1,1,0,0,0,0,0,0,0,0,0,0
2081-VEYEH,2024-01-09,3,month_to_month,electronic_check,fiber_optic,107.95,318.6,0,1,1,1,1,1,0,0,0,0,1,0
5131-PONJI,2024-01-09,49,month_to_month,credit_card,fiber_optic,90.4,4494.65,0,1,1,0,1,0,0,0,1,1,1,0
8280-MQRQN,2024-01-09,1,month_to_month,mailed_check,dsl,50.45,50.45,0,0,1,0,0,0,0,0,0,0,1,1
2267-FPIMA,2024-01-09,50,month_to_month,credit_card,fiber_optic,94.4,4914.9,1,1,0,0,0,1,1,0,1,0,1,0
0282-NVSJS,2024-01-09,12,month_to_month,mailed_check,dsl,29.3,355.9,0,0,0,1,0,0,0,1,1,1,1,0
5389-FFVKB,2024-01-09,32,month_to_month,credit_card,fiber_optic,80.3,2483.05,0,0,0,0,0,1,0,1,1,0,1,1
9625-QNLUX,2024-01-09,68,two_year,credit_card,fiber_optic,103.25,7074.4,1,1,1,0,1,1,0,0,1,1,1,0
4013-GUXND,2024-01-09,1,month_to_month,mailed_check,none,20.8,20.8,0,0,0,0,0,0,0,0,0,0,0,0
2361-FJWNO,2024-01-09,40,one_year,credit_card,dsl,36.0,1382.9,0,1,0,1,0,0,0,0,0,0,0,0
5404-GGUKR,2024-01-09,5,month_to_month,electronic_check,dsl,51.35,262.3,0,1,0,0,0,0,0,0,0,0,1,0
9065-ZCPQX,2024-01-09,72,two_year,bank_transfer,dsl,78.85,5763.15,1,1,1,1,0,1,1,0,1,0,0,0
5597-GLBUC,2024-01-09,1,month_to_month,electronic_check,fiber_optic,85.45,85.45,0,0,1,0,1,0,0,0,0,0,1,1
8819-ZBYNA,2024-01-09,58,two_year,credit_card,fiber_optic,109.1,6393.65,1,1,0,1,1,1,1,0,1,0,1,0
1131-ALZWV,2024-01-09,24,one_year,bank_transfer,none,24.6,605.25,0,0,0,0,0,0,1,0,0,0,0,0
0013-EXCHZ,2024-01-09,3,month_to_month,mailed_check,fiber_optic,83.9,267.4,0,0,0,1,1,0,0,1,1,0,1,1
0962-CQPWQ,2024-01-09,62,two_year,bank_transfer,none,20.3,1296.15,0,0,0,0,0,0,0,0,1,1,0,0
7030-FZTFM,2024-01-09,72,two_year,credit_card,fiber_optic,110.9,7922.75,0,1,1,1,1,1,1,0,1,1,0,0
3923-CSIHK,2024-01-09,50,month_to_month,electronic_check,fiber_optic,71.05,3444.85,0,0,0,0,0,0,0,1,1,0,1,1
9800-OUIGR,2024-01-09,66,two_year,credit_card,none,20.0,1374.2,0,0,0,0,0,0,0,0,1,1,0,0
6080-TCMYC,2024-01-09,40,month_to_month,electronic_check,fiber_optic,81.2,3292.3,0,0,1,0,0,0,1,0,1,1,1,0
0635-WKOLD,2024-01-09,40,one_year,credit_card,dsl,70.75,2921.75,0,1,0,1,1,0,1,0,1,0,0,0
5696-CEIQJ,2024-01-09,67,two_year,bank_transfer,fiber_optic,103.15,6895.5,0,1,1,1,1,1,0,0,1,1,0,0
4840-ORQXB,2024-01-09,56,month_to_month,electronic_check,fiber_optic,104.75,5841.35,0,1,1,0,1,1,1,1,0,0,0,0
3774-VBNXY,2024-01-09,64,two_year,mailed_check,none,20.2,1277.75,0,0,0,0,0,0,0,0,1,1,0,0
8875-AKBYH,2024-01-09,20,month_to_month,electronic_check,fiber_optic,84.35,1745.2,0,0,0,0,1,0,1,1,0,0,1,0
7375-WMVMT,2024-01-09,71,two_year,credit_card,fiber_optic,95.5,6707.15,0,1,1,1,0,1,0,1,1,0,1,0
1163-ONYEY,2024-01-09,41,month_to_month,credit_card,dsl,74.55,3023.55,1,1,1,0,1,0,1,0,1,1,1,0
1814-WFGVS,2024-01-09,72,two_year,mailed_check,dsl,48.9,3527.0,1,0,1,1,1,0,0,0,1,1,0,0
1337-BOZWO,2024-01-09,18,one_year,credit_card,dsl,46.4,812.4,0,1,1,0,1,0,0,0,1,1,0,0
9470-YFUYI,2024-01-09,71,one_year,bank_transfer,dsl,71.0,5012.1,1,1,0,1,1,0,0,1,1,0,1,0
6374-AFWOX,2024-01-09,46,two_year,mailed_check,dsl,65.65,3047.15,1,1,1,1,0,0,0,0,1,0,0,0
3190-ITQXP,2024-01-09,46,two_year,bank_transfer,none,20.25,890.35,0,0,0,0,0,0,0,0,1,1,0,0
6195-MELTI,2024-01-09,57,one_year,mailed_check,dsl,54.65,3134.7,0,1,0,1,0,0,0,0,0,0,1,0
2200-DSAAL,2024-01-09,68,two_year,electronic_check,dsl,80.65,5330.2,0,1,1,0,1,1,1,0,0,0,1,0
7537-RBWEA,2024-01-09,1,month_to_month,mailed_check,dsl,25.15,25.15,0,0,0,0,0,0,0,0,0,0,1,0
1087-GRUYI,2024-01-09,38,two_year,bank_transfer,none,20.4,743.5,0,0,0,0,0,0,0,0,1,0,0,0
9029-FEGVJ,2024-01-09,32,month_to_month,mailed_check,fiber_optic,79.3,2570.0,0,0,1,0,0,0,1,1,1,0,0,0
9588-OZDMQ,2024-01-09,2,month_to_month,electronic_check,dsl,45.0,89.75,0,0,0,0,0,0,0,0,1,0,1,0
9272-LSVYH,2024-01-09,10,month_to_month,mailed_check,fiber_optic,70.15,735.5,0,0,0,0,0,0,0,0,0,0,0,0
3910-MRQOY,2024-01-09,72,two_year,bank_transfer,none,19.4,1496.45,0,0,0,0,0,0,0,0,1,0,0,0
4616-ULAOA,2024-01-09,65,two_year,credit_card,fiber_optic,110.8,7245.9,0,1,1,1,1,1,1,0,1,1,1,0
5628-FCGYG,2024-01-09,21,month_to_month,electronic_check,fiber_optic,84.1,1737.45,0,0,0,0,0,1,1,0,0,0,1,0
1945-XISKS,2024-01-09,67,two_year,mailed_check,none,19.65,1335.2,0,0,0,0,0,0,0,0,1,0,0,0
4123-FCVCB,2024-01-09,12,one_year,mailed_check,dsl,75.85,854.45,0,0,0,1,1,1,1,0,0,0,1,0
6402-ZFPPI,2024-01-09,25,month_to_month,mailed_check,fiber_optic,102.8,2660.2,1,1,0,0,1,1,1,1,0,0,1,1
1200-TUZHR,2024-01-09,8,month_to_month,electronic_check,fiber_optic,85.2,695.75,0,0,0,0,0,1,1,1,0,0,0,0
7617-EYGLW,2024-01-09,1,month_to_month,electronic_check,none,19.45,19.45,0,0,0,0,0,0,0,0,0,0,0,0
4293-ETKAP,2024-01-09,65,two_year,bank_transfer,dsl,79.4,5071.9,0,1,0,1,1,1,1,0,1,1,1,0
7580-UGXNC,2024-01-09,2,month_to_month,mailed_check,dsl,54.85,104.2,1,1,0,0,0,0,0,1,0,0,0,1
7599-NTMDP,2024-01-09,62,two_year,bank_transfer,dsl,48.7,3008.55,1,1,0,1,1,0,0,0,1,1,0,0
0362-ZBZWJ,2024-01-09,36,month_to_month,electronic_check,fiber_optic,84.9,3067.2,0,0,0,0,0,1,1,0,0,0,1,1
7190-XHTWJ,2024-01-09,38,one_year,mailed_check,none,19.3,755.5,0,0,0,0,0,0,0,0,0,0,0,0
3950-VPYJB,2024-01-09,57,one_year,mailed_check,dsl,59.6,3509.4,1,1,0,1,0,0,0,0,1,1,0,0
8512-WIWYV,2024-01-09,32,one_year,credit_card,none,20.35,707.5,0,0,0,0,0,0,0,0,0,0,0,0
8782-LKFPK,2024-01-09,44,month_to_month,mailed_check,fiber_optic,90.4,4063.0,0,0,1,0,0,1,1,0,0,0,1,0
1251-KRREG,2024-01-09,2,month_to_month,mailed_check,dsl,54.4,114.1,0,1,0,0,0,0,1,0,0,0,1,1
4361-BKAXE,2024-01-09,41,month_to_month,bank_transfer,fiber_optic,114.5,4527.45,1,1,1,1,1,1,1,0,0,0,1,1
4373-MAVJG,2024-01-09,14,month_to_month,bank_transfer,fiber_optic,90.9,1259.0,0,1,0,0,0,1,1,0,1,1,1,1
5018-GWURO,2024-01-09,56,month_to_month,bank_transfer,fiber_optic,85.6,4902.8,0,0,0,0,1,0,1,0,1,0,1,0
8972-HJWNV,2024-01-09,7,month_to_month,electronic_check,fiber_optic,84.55,646.85,0,0,0,0,0,1,1,1,1,0,1,1
7706-DZNKK,2024-01-09,11,month_to_month,credit_card,none,20.45,237.3,0,0,0,0,0,0,0,0,0,0,1,0
5039-LZRQT,2024-01-09,13,one_year,mailed_check,none,20.2,273.25,0,0,0,0,0,0,0,0,0,0,0,0
5360-LJCNJ,2024-01-09,71,two_year,bank_transfer,fiber_optic,105.15,7555.0,0,1,1,0,1,1,1,0,1,0,1,0
9092-GDZKO,2024-01-09,22,month_to_month,credit_card,none,24.85,493.4,0,0,0,0,0,0,1,0,0,0,1,0
0959-WHOKV,2024-01-09,42,one_year,electronic_check,fiber_optic,99.0,4298.45,1,1,1,0,0,1,1,0,0,0,1,0
5312-TSZVC,2024-01-09,15,one_year,mailed_check,none,19.65,270.6,0,0,0,0,0,0,0,0,0,1,0,0
1063-DHQJF,2024-01-09,69,two_year,mailed_check,fiber_optic,92.15,6480.9,0,1,0,1,1,0,0,0,1,1,1,0
5934-TSSAU,2024-01-09,23,month_to_month,credit_card,fiber_optic,75.3,1702.9,0,0,1,0,0,0,0,0,1,1,1,0
8496-EJAUI,2024-01-09,19,month_to_month,credit_card,fiber_optic,73.85,1424.5,0,1,0,0,0,0,0,0,0,0,1,1
5135-RDDQL,2024-01-09,63,two_year,bank_transfer,dsl,50.65,3221.25,1,0,0,0,0,0,0,0,1,1,1,0
2256-YLYLP,2024-01-09,68,two_year,bank_transfer,dsl,72.95,4953.25,0,0,1,1,1,1,0,0,1,1,1,0
0318-QUUOB,2024-01-09,1,month_to_month,electronic_check,fiber_optic,80.55,80.55,0,0,0,0,1,0,0,0,1,0,1,1
5087-SUURX,2024-01-09,18,month_to_month,electronic_check,dsl,39.05,669.85,0,0,1,0,1,0,0,0,1,0,1,1
0114-IGABW,2024-01-09,71,two_year,bank_transfer,dsl,58.25,4145.9,0,1,1,1,1,1,0,0,1,0,0,0
5003-OKNNK,2024-01-09,15,one_year,credit_card,none,20.35,335.95,0,0,0,0,0,0,0,0,1,1,0,0
5647-URDKA,2024-01-09,8,two_year,mailed_check,none,19.7,130.25,0,0,0,0,0,0,0,0,1,1,0,0
9961-JBNMK,2024-01-09,21,month_to_month,bank_transfer,fiber_optic,96.8,2030.3,0,0,1,0,1,1,0,1,0,0,1,1
3462-BJQQA,2024-01-09,6,month_to_month,electronic_check,fiber_optic,89.75,552.65,0,1,0,0,1,0,1,0,0,0,1,0
9309-BZGNT,2024-01-09,69,one_year,credit_card,dsl,29.8,2134.3,0,0,1,0,0,0,0,1,1,0,1,0
1209-VFFOC,2024-01-09,68,two_year,mailed_check,dsl,56.4,3948.45,1,1,1,1,0,1,0,0,1,1,1,0
7814-LEEVE,2024-01-09,1,month_to_month,bank_transfer,none,20.3,20.3,0,0,0,0,0,0,0,0,1,0,1,0
4636-TVXVG,2024-01-09,62,one_year,bank_transfer,none,19.95,1244.8,0,0,0,0,0,0,0,0,1,1,0,0
4000-VGMQP,2024-01-09,38,one_year,credit_card,dsl,78.95,2862.55,0,1,1,0,1,1,1,0,1,1,0,0
2952-QAYZF,2024-01-09,5,month_to_month,electronic_check,fiber_optic,85.3,424.15,0,1,1,0,0,0,1,0,0,0,1,1
5567-WSELE,2024-01-09,3,month_to_month,electronic_check,fiber_optic,94.6,279.55,0,0,0,0,1,1,1,1,1,0,1,1
9659-QEQSY,2024-01-09,45,month_to_month,electronic_check,fiber_optic,115.65,5125.5,1,1,1,1,1,1,1,0,0,0,1,0
5624-BQSSA,2024-01-09,1,month_to_month,mailed_check,none,20.95,20.95,0,0,0,0,0,0,0,0,0,0,0,1
7020-OZKXZ,2024-01-09,9,month_to_month,credit_card,fiber_optic,75.5,637.4,0,0,1,0,0,0,0,1,0,0,0,0
0599-XNYDO,2024-01-09,20,month_to_month,bank_transfer,fiber_optic,69.8,1540.35,0,0,0,0,0,0,0,0,1,0,1,0
6987-XQSJT,2024-01-09,54,month_to_month,electronic_check,fiber_optic,79.5,4370.25,0,1,0,0,0,0,1,1,0,0,1,1
5495-GPSRW,2024-01-09,20,two_year,mailed_check,none,19.7,419.4,0,0,0,0,0,0,0,0,0,0,1,0
6583-SZVGP,2024-01-09,48,two_year,bank_transfer,fiber_optic,108.1,5067.45,0,1,1,0,1,1,1,0,0,0,1,0
8904-OPDCK,2024-01-09,54,month_to_month,bank_transfer,dsl,24.95,1364.75,0,0,0,0,0,0,0,1,1,0,1,0
0248-IPDFW,2024-01-09,1,month_to_month,electronic_check,dsl,50.1,50.1,0,0,0,0,0,0,1,0,0,0,1,0
1478-VPOAD,2024-01-09,1,month_to_month,electronic_check,dsl,43.8,43.8,0,0,0,0,0,0,0,0,0,0,0,0
7601-WFVZV,2024-01-09,1,month_to_month,mailed_check,none,19.55,19.55,0,0,0,0,0,0,0,0,0,0,0,0
8859-YSTWS,2024-01-09,48,one_year,bank_transfer,none,19.95,1004.5,0,0,0,0,0,0,0,0,0,0,0,0
1622-HSHSF,2024-01-09,1,month_to_month,mailed_check,none,19.55,19.55,0,0,0,0,0,0,0,0,0,0,1,0
9938-ZREHM,2024-01-09,37,one_year,mailed_check,dsl,72.1,2658.4,0,1,0,1,0,1,1,0,1,0,0,0
9441-QHEVC,2024-01-09,1,month_to_month,mailed_check,none,19.1,19.1,0,0,0,0,0,0,0,0,0,0,0,0
8874-EJNSR,2024-01-09,39,two_year,mailed_check,none,25.2,987.95,0,0,0,0,0,0,1,0,1,1,0,0
3446-QDSZF,2024-01-09,4,month_to_month,credit_card,dsl,55.5,227.35,0,0,0,0,1,0,0,0,0,0,0,0
8277-RVRSV,2024-01-09,33,one_year,credit_card,none,24.15,800.3,0,0,0,0,0,0,1,0,1,1,0,0
6082-GLJIX,2024-01-09,18,month_to_month,mailed_check,none,19.25,331.35,0,0,0,0,0,0,0,0,0,0,0,0
0742-MOABM,2024-01-09,4,month_to_month,mailed_check,dsl,50.05,179.35,0,0,0,1,0,0,0,0,1,0,0,1
6922-NCEDI,2024-01-09,56,one_year,mailed_check,none,21.2,1238.65,0,0,0,0,0,0,0,0,0,1,1,0
3884-HCSWG,2024-01-09,17,month_to_month,electronic_check,fiber_optic,70.0,1144.5,0,0,0,0,0,0,0,0,0,0,1,1
6893-ODYYE,2024-01-09,50,one_year,credit_card,fiber_optic,90.1,4549.45,1,1,1,1,0,0,0,0,0,0,1,0
0794-YVSGE,2024-01-09,72,two_year,bank_transfer,none,20.3,1401.15,0,0,0,0,0,0,0,0,1,1,0,0
9494-MRNYX,2024-01-09,10,month_to_month,electronic_check,fiber_optic,75.05,786.3,0,0,0,0,0,0,1,0,0,0,0,0
7267-FRMJW,2024-01-09,25,two_year,mailed_check,none,20.1,486.05,0,0,0,0,0,0,0,0,1,1,0,0
1987-AUELQ,2024-01-09,71,two_year,credit_card,none,25.05,1873.7,0,0,0,0,0,0,1,0,1,0,0,0
6286-ZHAOK,2024-01-09,20,month_to_month,bank_transfer,none,25.55,507.4,0,0,0,0,0,0,1,0,1,1,1,0
7508-MYBOG,2024-01-09,14,month_to_month,electronic_check,fiber_optic,86.1,1235.55,0,0,0,0,1,0,1,0,1,0,1,1
6388-TABGU,2024-01-09,62,one_year,bank_transfer,dsl,56.15,3487.95,1,1,0,0,0,0,0,0,0,1,0,0
0420-BWTPW,2024-01-09,8,month_to_month,mailed_check,dsl,25.5,215.2,0,0,0,0,0,0,0,0,0,1,0,1
8058-DMYRU,2024-01-09,54,month_to_month,electronic_check,fiber_optic,90.05,4931.8,0,1,0,0,0,1,1,1,0,0,1,0
5734-EJKXG,2024-01-09,61,one_year,electronic_check,fiber_optic,118.6,7365.7,1,1,1,1,1,1,1,0,0,0,1,0
4111-BNXIF,2024-01-09,67,two_year,electronic_check,dsl,59.55,4103.9,0,1,1,1,1,1,0,0,1,1,1,0
8050-DVOJX,2024-01-09,49,two_year,credit_card,dsl,81.35,4060.9,1,1,1,1,0,1,1,1,0,0,0,0
7975-JMZNT,2024-01-09,66,two_year,bank_transfer,dsl,91.7,6075.9,1,1,1,1,1,1,1,0,1,0,0,0
3384-CTMSF,2024-01-09,47,month_to_month,electronic_check,fiber_optic,104.1,5135.15,0,1,1,0,1,1,1,0,1,0,1,0
2782-JEEBU,2024-01-09,21,month_to_month,mailed_check,dsl,36.0,780.15,0,1,0,1,0,0,0,0,0,0,1,0
5649-RXQTV,2024-01-09,51,month_to_month,electronic_check,fiber_optic,99.0,5038.15,0,1,1,0,1,1,0,0,0,0,1,0
4824-GUCBY,2024-01-09,22,month_to_month,electronic_check,fiber_optic,81.7,1820.9,1,1,0,0,0,0,0,1,0,0,0,0
6394-HHHZM,2024-01-09,3,month_to_month,mailed_check,none,20.7,57.5,0,0,0,0,0,0,0,0,0,0,0,0
9405-GPBBG,2024-01-09,64,two_year,credit_card,fiber_optic,110.5,7069.25,0,1,1,1,1,1,1,0,0,0,1,0
3896-RCYYE,2024-01-09,67,month_to_month,credit_card,dsl,53.4,3579.15,0,0,1,1,1,1,0,0,0,0,1,0
8774-GSBUN,2024-01-09,72,two_year,mailed_check,none,25.4,1797.1,0,0,0,0,0,0,1,0,1,0,0,0
5338-YHWYT,2024-01-09,37,two_year,credit_card,dsl,61.45,2302.35,1,1,0,1,0,0,0,0,0,1,0,0
4750-UKWJK,2024-01-09,37,one_year,mailed_check,none,19.6,727.8,0,0,0,0,0,0,0,1,1,0,0,0
1866-RZZQS,2024-01-09,41,month_to_month,electronic_check,fiber_optic,98.4,4187.75,0,0,1,0,1,1,1,1,0,0,1,1
2360-RDGRO,2024-01-09,65,month_to_month,electronic_check,fiber_optic,104.25,6812.95,1,0,1,0,1,1,1,0,1,0,1,0
3079-BCHLN,2024-01-09,47,one_year,bank_transfer,none,19.9,942.95,0,0,0,0,0,0,0,0,1,0,0,0
3943-KDREE,2024-01-09,26,month_to_month,bank_transfer,fiber_optic,74.95,1834.95,0,0,0,0,0,0,1,0,0,0,1,1
2691-NZETQ,2024-01-09,9,month_to_month,electronic_check,fiber_optic,85.35,758.6,0,0,0,0,1,0,1,0,0,0,1,1
5394-MEITZ,2024-01-09,60,two_year,bank_transfer,dsl,80.6,4946.7,0,1,1,1,1,1,0,0,1,1,1,0
4826-XTSOH,2024-01-09,1,month_to_month,electronic_check,fiber_optic,86.05,86.05,0,0,0,0,1,0,1,1,1,0,1,1
3249-VHRIP,2024-01-09,62,two_year,credit_card,dsl,43.6,2748.7,0,1,1,0,0,1,0,0,0,0,1,0
2079-FBMZK,2024-01-09,6,month_to_month,mailed_check,fiber_optic,69.25,418.4,0,0,0,0,0,0,0,0,0,0,1,1
9770-KXGQU,2024-01-09,53,one_year,mailed_check,fiber_optic,98.6,5311.85,1,1,1,0,1,0,1,0,0,0,0,0
3522-CDKHF,2024-01-09,32,month_to_month,bank_transfer,fiber_optic,75.5,2324.7,1,0,0,0,0,0,0,0,1,0,1,0
8199-ZLLSA,2024-01-09,67,one_year,bank_transfer,fiber_optic,118.35,7804.15,1,1,1,1,1,1,1,0,0,0,1,1
7083-YNSKY,2024-01-09,15,month_to_month,credit_card,none,25.4,399.6,0,0,0,0,0,0,1,0,0,0,1,1
5533-RJFTJ,2024-01-09,49,month_to_month,bank_transfer,dsl,30.2,1453.1,0,0,1,0,0,0,0,0,0,0,1,0
6214-EDAKZ,2024-01-09,22,month_to_month,electronic_check,dsl,55.15,1206.05,0,1,0,1,0,0,0,0,1,1,0,1
8984-EYLLL,2024-01-09,64,two_year,electronic_check,fiber_optic,105.25,6823.4,0,1,0,1,1,1,1,0,1,0,1,0
3744-ZRRDZ,2024-01-09,21,month_to_month,electronic_check,fiber_optic,82.35,1852.85,0,1,0,0,0,0,1,0,0,0,1,1
2454-RPBRZ,2024-01-09,12,month_to_month,electronic_check,fiber_optic,98.1,1060.2,0,1,1,0,1,0,1,1,1,0,1,1
4760-THGOT,2024-01-09,43,month_to_month,electronic_check,fiber_optic,94.1,4107.3,1,1,0,0,0,1,1,0,1,0,1,0
7073-QETQY,2024-01-09,66,one_year,electronic_check,none,20.35,1359.5,0,0,0,0,0,0,0,0,1,1,1,0
5980-NOPLP,2024-01-09,44,month_to_month,electronic_check,fiber_optic,96.1,4364.1,0,0,0,0,1,1,1,0,1,0,1,1
4933-IKULF,2024-01-09,17,one_year,mailed_check,none,20.65,330.6,0,0,0,0,0,0,0,1,0,0,0,0
4749-VFKVB,2024-01-09,1,month_to_month,mailed_check,dsl,50.1,50.1,0,0,0,0,0,0,1,0,0,0,1,1
8276-MQBYC,2024-01-09,51,month_to_month,electronic_check,fiber_optic,97.8,4913.3,0,0,1,0,1,1,1,1,0,0,1,1
4083-EUGRJ,2024-01-09,9,month_to_month,mailed_check,none,20.25,178.5,0,0,0,0,0,0,0,0,0,0,0,1
9518-RWHZL,2024-01-09,64,one_year,credit_card,fiber_optic,100.05,6254.2,0,0,1,0,1,1,1,0,0,0,1,1
9552-TGUZV,2024-01-09,8,month_to_month,mailed_check,fiber_optic,75.0,658.1,1,0,0,0,0,0,0,0,1,0,1,0
8647-SDTWQ,2024-01-09,57,month_to_month,electronic_check,fiber_optic,74.3,4018.35,0,0,0,0,0,0,1,0,1,1,1,0
4560-WQAQW,2024-01-09,59,one_year,bank_transfer,dsl,68.7,4070.95,1,0,0,1,0,1,1,0,0,0,0,0
4942-VZZOM,2024-01-09,64,one_year,credit_card,dsl,66.15,4392.5,1,0,0,0,1,0,1,0,1,0,1,0
9629-NHXFW,2024-01-09,1,month_to_month,mailed_check,none,19.4,19.4,0,0,0,0,0,0,0,0,1,1,1,0
2226-ICFDO,2024-01-09,72,two_year,credit_card,dsl,85.9,6110.75,1,0,1,1,1,1,1,0,1,1,1,0
2867-UIMSS,2024-01-09,1,month_to_month,electronic_check,fiber_optic,80.5,80.5,0,0,0,0,0,1,0,0,0,0,0,1
6814-ZPWFQ,2024-01-09,51,one_year,bank_transfer,none,25.0,1260.7,0,0,0,0,0,0,1,1,0,0,0,0
4471-KXAUH,2024-01-09,42,month_to_month,electronic_check,fiber_optic,84.3,3588.4,0,0,1,1,0,0,1,0,1,0,1,1
3090-QFUVD,2024-01-09,1,month_to_month,credit_card,none,20.3,20.3,0,0,0,0,0,0,0,0,0,0,0,0
6766-HFKLA,2024-01-09,56,two_year,bank_transfer,fiber_optic,103.2,5744.35,0,0,1,1,1,1,1,0,1,0,0,0
7048-GXDAY,2024-01-09,39,month_to_month,electronic_check,fiber_optic,106.4,4040.65,1,1,0,0,1,1,1,0,0,0,1,0
9495-REDIY,2024-01-09,25,one_year,credit_card,dsl,40.65,970.55,1,0,0,0,1,0,0,0,0,1,1,0
7471-MQPOS,2024-01-09,71,one_year,bank_transfer,dsl,72.9,5139.65,0,1,1,1,0,1,1,1,1,1,1,0
5651-CPDND,2024-01-09,10,month_to_month,mailed_check,dsl,46.0,492.1,0,0,0,0,0,0,0,0,0,0,0,0
7586-ZATGZ,2024-01-09,40,month_to_month,electronic_check,fiber_optic,84.9,3369.05,0,0,0,0,1,0,1,0,0,0,1,0
5220-AGAAX,2024-01-09,68,two_year,bank_transfer,none,24.0,1664.3,0,0,0,0,0,0,1,0,1,1,1,0
6248-BSHKG,2024-01-09,61,one_year,mailed_check,none,20.4,1226.45,0,0,0,0,0,0,0,0,1,1,0,0
2885-HIJDH,2024-01-09,69,two_year,bank_transfer,dsl,86.9,6194.1,1,0,1,1,1,1,1,0,1,1,0,0
6635-MYYYZ,2024-01-09,30,one_year,bank_transfer,dsl,85.35,2530.4,1,1,1,1,1,1,0,0,0,0,0,1
3669-OYSJI,2024-01-09,1,month_to_month,credit_card,dsl,46.2,46.2,0,0,0,0,0,0,0,0,0,0,0,1
9617-UDPEU,2024-01-09,22,one_year,mailed_check,none,19.25,412.55,0,0,0,0,0,0,0,0,0,0,1,0
8465-SBRXP,2024-01-09,38,two_year,bank_transfer,fiber_optic,94.9,3616.25,0,0,1,1,1,0,1,0,1,1,1,0
0925-VYDLG,2024-01-09,3,month_to_month,electronic_check,fiber_optic,75.25,242.0,0,0,0,0,0,0,1,0,0,0,0,1
3091-FYHKI,2024-01-09,1,month_to_month,electronic_check,dsl,35.45,35.45,0,0,0,0,0,1,0,0,0,0,1,1
7025-IWFHT,2024-01-09,41,one_year,electronic_check,fiber_optic,89.55,3729.75,0,1,0,1,1,0,0,0,0,0,1,0
1848-LBZHY,2024-01-09,7,month_to_month,bank_transfer,dsl,50.3,355.1,1,0,0,0,0,0,0,0,1,0,1,0
0862-PRCBS,2024-01-09,68,two_year,credit_card,fiber_optic,103.75,7039.45,0,1,0,1,1,1,1,0,1,1,1,0
0295-QVKPB,2024-01-09,5,month_to_month,credit_card,dsl,63.95,318.1,0,0,1,1,1,0,0,0,0,0,1,0
3058-HJCUY,2024-01-09,41,one_year,electronic_check,fiber_optic,102.6,4213.35,0,0,1,1,1,1,1,0,1,1,1,1
7107-UBYKY,2024-01-09,35,month_to_month,electronic_check,none,25.75,882.55,0,0,0,0,0,0,1,0,1,1,1,0
9866-QEVEE,2024-01-09,19,month_to_month,bank_transfer,fiber_optic,86.0,1532.45,0,0,0,0,0,1,1,0,0,0,1,1
5736-YEJAX,2024-01-09,69,two_year,credit_card,dsl,79.45,5502.55,1,1,1,1,1,0,1,0,0,1,1,0
1506-YJTYT,2024-01-09,45,two_year,credit_card,dsl,73.85,3371.0,1,1,0,1,1,0,1,0,1,1,0,0
9993-LHIEB,2024-01-09,67,two_year,mailed_check,dsl,67.85,4627.65,1,0,1,1,0,1,0,0,1,1,0,0
9500-IWPXQ,2024-01-09,61,one_year,electronic_check,dsl,79.4,4820.55,1,1,1,1,0,1,1,0,1,1,1,0
3737-XBQDD,2024-01-09,24,month_to_month,bank_transfer,fiber_optic,84.85,2048.8,0,1,1,0,0,0,1,0,0,0,1,0
4704-ERYFC,2024-01-09,22,month_to_month,electronic_check,fiber_optic,69.25,1554.0,0,0,0,0,0,0,0,0,1,0,1,1
7997-EASSD,2024-01-09,63,one_year,credit_card,fiber_optic,81.2,4965.1,0,0,0,1,0,0,1,0,1,0,1,0
5378-IKEEG,2024-01-09,1,month_to_month,electronic_check,dsl,35.75,35.75,0,0,0,0,1,0,0,0,0,0,1,1
8313-NDOIA,2024-01-09,24,month_to_month,electronic_check,fiber_optic,104.15,2494.65,0,1,1,0,1,1,1,0,0,0,1,0
2237-ZFSMY,2024-01-09,39,one_year,electronic_check,fiber_optic,95.55,3692.85,1,0,1,1,1,0,0,0,0,0,1,1
4184-VODJZ,2024-01-09,63,one_year,electronic_check,fiber_optic,91.35,5764.7,0,1,0,0,0,1,1,0,1,1,1,0
2103-ZRXFN,2024-01-09,1,month_to_month,mailed_check,dsl,50.75,50.75,0,0,0,0,0,0,1,0,0,0,0,0
4310-KEDTB,2024-01-09,26,month_to_month,mailed_check,dsl,29.8,786.5,0,0,1,0,0,0,0,0,0,1,1,0
8190-ZTQFB,2024-01-09,41,one_year,electronic_check,dsl,51.35,2075.1,0,0,1,0,1,1,0,0,0,0,1,0
3125-RAHBV,2024-01-09,22,one_year,credit_card,none,20.3,467.15,0,0,0,0,0,0,0,0,0,0,0,0
5198-HQAEN,2024-01-09,35,one_year,electronic_check,fiber_optic,89.7,3165.6,0,1,0,1,1,0,0,0,1,1,1,0
0969-RGKCU,2024-01-09,37,one_year,credit_card,none,19.8,677.05,0,0,0,0,0,0,0,0,1,1,0,0
3005-TYFRD,2024-01-09,55,month_to_month,credit_card,fiber_optic,103.65,5676.65,0,1,1,0,1,1,1,0,1,0,1,0
3038-PQIUY,2024-01-09,38,month_to_month,bank_transfer,dsl,66.15,2522.4,1,1,1,0,0,0,1,0,0,0,1,0
7078-NVFAM,2024-01-09,32,month_to_month,electronic_check,dsl,35.15,1051.05,1,1,0,0,0,0,0,0,1,1,1,0
5433-KYGHE,2024-01-09,14,month_to_month,mailed_check,fiber_optic,86.0,1164.05,1,0,0,1,0,0,1,0,0,1,1,0
7572-KPVKK,2024-01-09,62,two_year,electronic_check,fiber_optic,104.05,6590.5,0,0,1,1,1,1,1,0,0,1,1,0
8337-MSSXB,2024-01-09,14,month_to_month,electronic_check,fiber_optic,86.3,1180.95,0,1,0,0,0,1,0,0,0,0,1,1
2082-OJVTK,2024-01-09,29,month_to_month,electronic_check,fiber_optic,89.2,2698.35,0,0,1,0,0,1,1,0,1,1,1,1
4402-FTBXC,2024-01-09,54,month_to_month,mailed_check,fiber_optic,89.8,4667.0,1,0,1,0,1,0,0,0,0,0,0,0
5149-QYTTU,2024-01-09,71,one_year,credit_card,fiber_optic,95.15,6770.85,1,1,1,1,0,0,1,0,1,1,1,0
2558-BUOZZ,2024-01-09,47,one_year,bank_transfer,fiber_optic,94.8,4535.85,1,1,0,0,1,0,1,0,0,0,0,0
5649-ANRML,2024-01-09,2,month_to_month,credit_card,fiber_optic,95.1,180.25,0,1,1,1,0,1,0,1,0,0,1,1
2959-EEXWB,2024-01-09,45,month_to_month,bank_transfer,dsl,50.9,2333.85,1,0,0,0,1,1,0,0,1,1,1,0
6870-ZWMNX,2024-01-09,70,two_year,credit_card,dsl,76.1,5264.25,0,1,1,1,1,0,1,0,1,0,0,0
0031-PVLZI,2024-01-09,4,month_to_month,mailed_check,none,20.35,76.35,0,0,0,0,0,0,0,0,1,1,0,1
1431-AIDJQ,2024-01-09,33,two_year,credit_card,dsl,82.1,2603.1,0,1,1,1,1,1,0,0,1,1,0,0
4332-MUOEZ,2024-01-09,20,one_year,credit_card,fiber_optic,94.3,1818.3,1,0,1,1,0,1,0,1,1,1,0,0
5451-MHQOF,2024-01-09,56,one_year,mailed_check,none,24.45,1431.65,0,0,0,0,0,0,1,0,1,1,1,0
7783-YKGDV,2024-01-09,12,month_to_month,bank_transfer,fiber_optic,99.7,1238.45,1,1,1,0,0,1,1,0,0,0,1,1
0927-CNGRH,2024-01-09,1,month_to_month,mailed_check,none,19.55,19.55,0,0,0,0,0,0,0,0,0,1,0,0
4510-PYUSH,2024-01-09,38,month_to_month,credit_card,dsl,57.15,2250.65,1,1,0,0,0,0,0,1,0,0,1,1
9089-UOWJG,2024-01-09,12,month_to_month,credit_card,dsl,58.35,740.55,0,0,1,0,1,0,0,0,1,1,1,0
1493-AMTIE,2024-01-09,1,month_to_month,bank_transfer,none,20.2,20.2,0,0,0,0,0,0,0,0,0,0,1,1
6823-SIDFQ,2024-01-09,28,one_year,credit_card,none,18.25,534.7,0,0,0,0,0,0,0,0,0,0,0,0
1247-QBVSH,2024-01-09,43,month_to_month,mailed_check,dsl,50.2,2169.4,0,1,0,0,0,0,0,0,1,1,0,0
6804-GDMOI,2024-01-09,61,two_year,electronic_check,fiber_optic,106.6,6428.4,0,0,1,1,1,1,1,0,0,0,1,1
5402-HTOTQ,2024-01-09,16,month_to_month,electronic_check,dsl,55.3,875.35,0,1,0,0,0,0,1,0,0,0,0,0
6379-RXJRQ,2024-01-09,10,month_to_month,electronic_check,fiber_optic,70.1,659.65,0,0,0,0,0,0,0,0,1,0,1,1
2796-UUZZO,2024-01-09,63,month_to_month,credit_card,fiber_optic,80.3,4896.35,0,1,1,0,0,0,0,0,1,1,1,0
0784-GTUUK,2024-01-09,62,one_year,credit_card,none,23.75,1446.8,0,0,0,0,0,0,1,0,1,0,1,0
9674-EHPPG,2024-01-09,46,two_year,credit_card,dsl,40.4,1842.7,1,0,1,1,0,0,0,0,1,0,0,0
2239-CFOUJ,2024-01-09,1,one_year,mailed_check,none,20.4,20.4,0,0,0,0,0,0,0,0,1,1,0,0
3173-NVMPX,2024-01-09,9,month_to_month,mailed_check,dsl,55.3,501.2,0,1,0,0,0,0,1,0,1,1,1,0
0754-UKWQP,2024-01-09,2,month_to_month,electronic_check,fiber_optic,95.85,197.7,0,0,1,0,1,1,0,0,0,0,1,1
8221-HVAYI,2024-01-09,35,two_year,credit_card,dsl,69.15,2490.15,1,1,1,1,0,0,1,0,1,1,1,0
8645-KOMJQ,2024-01-09,69,two_year,bank_transfer,dsl,81.95,5601.4,0,1,1,1,1,1,1,0,1,1,1,0
2242-MFOTG,2024-01-10,33,one_year,bank_transfer,fiber_optic,80.1,2603.3,1,0,0,0,0,0,1,0,0,0,0,0
9798-OPFEM,2024-01-10,46,two_year,electronic_check,none,21.1,937.1,0,0,0,0,0,0,0,0,0,0,1,0
2636-ALXXZ,2024-01-10,1,month_to_month,electronic_check,fiber_optic,69.6,69.6,0,0,0,0,0,0,0,1,0,0,1,1
5043-TRZWM,2024-01-10,1,month_to_month,electronic_check,fiber_optic,75.55,75.55,0,0,1,0,0,0,0,0,0,0,0,0
2050-ONYDQ,2024-01-10,65,two_year,credit_card,none,26.0,1654.85,0,0,0,0,0,0,1,0,1,1,0,0
0851-DFJKB,2024-01-10,15,month_to_month,electronic_check,dsl,58.95,955.15,1,0,1,1,0,0,0,0,0,0,0,0
8993-IZEUX,2024-01-10,7,month_to_month,bank_transfer,fiber_optic,69.15,488.65,0,0,0,0,0,0,0,0,0,0,0,0
4013-TLDHQ,2024-01-10,19,month_to_month,electronic_check,fiber_optic,78.25,1490.95,0,1,1,0,0,0,0,0,0,0,1,1
1216-JWVUX,2024-01-10,25,month_to_month,electronic_check,fiber_optic,75.5,1901.05,0,1,0,0,0,0,0,0,1,1,1,0
9767-FFLEM,2024-01-10,38,month_to_month,credit_card,fiber_optic,69.5,2625.25,0,0,0,0,0,0,0,0,0,0,1,0
0621-CXBKL,2024-01-10,53,two_year,mailed_check,none,18.7,1005.7,0,0,0,0,0,0,0,0,0,0,0,0
1963-SVUCV,2024-01-10,1,month_to_month,electronic_check,dsl,45.3,45.3,0,0,0,0,0,0,0,0,0,0,0,1
1086-LXKFY,2024-01-10,1,month_to_month,mailed_check,fiber_optic,69.1,69.1,0,0,0,0,0,0,0,0,1,1,1,1
5266-PFRQK,2024-01-10,52,one_year,credit_card,none,20.85,1071.6,0,0,0,0,0,0,0,0,1,1,1,0
9027-TMATR,2024-01-10,43,two_year,electronic_check,dsl,78.8,3460.3,1,0,1,1,1,1,0,0,1,0,1,0
0696-UKTOX,2024-01-10,23,month_to_month,electronic_check,dsl,54.15,1312.45,0,1,0,1,0,0,0,0,0,1,0,0
2737-YNGYW,2024-01-10,2,month_to_month,electronic_check,fiber_optic,80.55,184.1,0,0,0,0,0,1,0,0,0,0,0,1
1730-VFMWO,2024-01-10,34,month_to_month,bank_transfer,dsl,50.2,1815.3,0,0,0,1,0,0,0,0,1,0,0,0
7593-JNWRU,2024-01-10,6,month_to_month,bank_transfer,dsl,44.6,260.8,0,0,0,0,0,0,0,0,1,1,1,1
4189-NAKJS,2024-01-10,26,one_year,credit_card,dsl,51.55,1295.4,0,0,0,0,0,0,1,0,0,0,1,0
6817-WTYHE,2024-01-10,2,month_to_month,bank_transfer,dsl,44.9,111.05,0,0,0,0,0,0,0,0,0,0,0,0
6319-QSUSR,2024-01-10,11,month_to_month,credit_card,none,19.7,216.2,0,0,0,0,0,0,0,0,0,1,0,0
1660-HSOOQ,2024-01-10,1,month_to_month,mailed_check,dsl,49.65,49.65,0,0,1,0,0,0,0,0,0,0,1,1
5294-IMHHT,2024-01-10,53,one_year,bank_transfer,fiber_optic,97.75,5043.2,0,1,0,1,0,1,1,0,1,0,0,0
7853-WNZSY,2024-01-10,1,month_to_month,credit_card,none,19.75,19.75,0,0,0,0,0,0,0,0,0,0,1,0
7901-HXJVA,2024-01-10,14,month_to_month,electronic_check,fiber_optic,76.45,1117.55,0,0,1,0,0,0,0,0,0,0,0,0
8595-SIZNC,2024-01-10,22,one_year,bank_transfer,none,25.6,548.8,0,0,0,0,0,0,1,1,1,0,0,0
2636-SJDOU,2024-01-10,64,one_year,credit_card,fiber_optic,84.3,5289.05,1,1,0,0,0,0,1,0,0,0,1,0
5130-YPIRV,2024-01-10,62,two_year,credit_card,dsl,72.0,4284.2,1,1,1,0,1,0,0,0,1,0,1,0
7541-YLXCL,2024-01-10,36,one_year,mailed_check,dsl,65.4,2498.4,0,1,0,1,0,1,0,0,0,0,1,1
2612-RRIDN,2024-01-10,4,month_to_month,electronic_check,fiber_optic,81.0,340.85,0,0,0,0,1,0,0,0,0,0,1,1
7037-MTYVW,2024-01-10,38,two_year,bank_transfer,dsl,85.4,3297.0,1,0,1,1,1,1,1,0,1,1,1,0
9944-AEXBM,2024-01-10,32,month_to_month,bank_transfer,fiber_optic,85.65,2664.3,0,0,0,0,0,1,1,0,0,0,1,0
6701-DHKWQ,2024-01-10,61,two_year,credit_card,dsl,51.35,3244.4,0,1,1,1,1,0,0,0,1,1,0,0
9067-YGSCA,2024-01-10,70,one_year,credit_card,none,26.05,1856.4,0,0,0,0,0,0,1,0,0,0,0,0
2675-OTVVJ,2024-01-10,31,month_to_month,electronic_check,fiber_optic,89.45,2807.65,1,0,0,0,1,0,1,1,1,0,0,0
9025-ZRPVR,2024-01-10,9,month_to_month,mailed_check,none,18.95,185.6,0,0,0,0,0,0,0,0,0,0,1,1
2977-CEBSX,2024-01-10,66,two_year,credit_card,dsl,90.05,5965.95,1,1,1,1,1,1,1,0,0,0,1,0
4936-YPJNK,2024-01-10,10,month_to_month,mailed_check,none,19.9,199.45,0,0,0,0,0,0,0,0,0,0,1,0
8845-LWKGE,2024-01-10,30,one_year,electronic_check,dsl,64.5,1985.15,0,0,1,1,1,0,0,0,1,1,1,0
8212-DJRCH,2024-01-10,5,month_to_month,mailed_check,fiber_optic,90.35,434.5,1,0,1,0,0,1,0,0,1,1,1,0
3120-FAZKD,2024-01-10,54,two_year,bank_transfer,none,24.05,1230.9,0,0,0,0,0,0,1,0,1,1,1,0
7721-JXEAW,2024-01-10,59,month_to_month,bank_transfer,dsl,41.05,2452.7,0,1,0,0,0,1,0,0,1,0,1,1
3472-QPRCH,2024-01-10,40,two_year,credit_card,none,25.25,1006.9,0,0,0,0,0,0,1,0,1,1,0,0
6733-LRIZX,2024-01-10,35,two_year,electronic_check,fiber_optic,108.95,4025.5,1,0,1,1,1,1,1,0,0,0,1,0
0719-SYFRB,2024-01-10,12,month_to_month,mailed_check,dsl,61.65,713.75,1,0,1,1,0,0,1,0,0,0,1,1
7547-EKNFS,2024-01-10,42,month_to_month,bank_transfer,fiber_optic,95.25,3959.35,0,1,1,0,1,0,1,0,1,0,1,1
9861-PDSZP,2024-01-10,72,two_year,credit_card,fiber_optic,108.05,7806.6,0,1,1,1,1,1,1,0,0,0,1,0
2162-FRZAA,2024-01-10,63,two_year,bank_transfer,dsl,39.35,2395.05,0,1,1,1,0,0,0,0,1,1,0,0
5144-PQCDZ,2024-01-10,4,month_to_month,mailed_check,none,19.95,59.25,0,0,0,0,0,0,0,0,0,0,1,0
2197-OMWGI,2024-01-10,68,two_year,electronic_check,dsl,53.0,3656.25,0,1,1,0,1,1,0,1,1,1,1,0
0484-FFVBJ,2024-01-10,32,one_year,bank_transfer,dsl,64.85,2010.95,0,0,0,0,1,1,0,0,0,0,1,0
7693-LCKZL,2024-01-10,5,month_to_month,electronic_check,fiber_optic,80.15,385.0,0,1,0,0,0,0,1,0,1,1,1,1
2266-SJNAT,2024-01-10,72,one_year,credit_card,fiber_optic,109.15,7789.6,0,1,1,1,1,1,1,0,1,0,0,0
9444-JTXHZ,2024-01-10,1,month_to_month,electronic_check,fiber_optic,76.2,76.2,0,0,1,0,0,0,0,0,1,0,0,1
4201-JMNGR,2024-01-10,1,month_to_month,electronic_check,dsl,55.8,55.8,1,0,1,0,0,0,0,1,0,0,1,1
3508-VLHCZ,2024-01-10,71,two_year,credit_card,dsl,90.55,6239.05,1,1,1,1,1,1,1,0,1,1,1,0
0206-OYVOC,2024-01-10,46,two_year,mailed_check,none,19.25,864.2,0,0,0,0,0,0,0,0,1,1,1,0
6834-NXDCA,2024-01-10,13,month_to_month,electronic_check,dsl,23.9,300.8,0,0,0,0,0,0,0,0,0,0,1,1
2669-QVCRG,2024-01-10,41,month_to_month,credit_card,fiber_optic,81.3,3190.65,1,0,0,0,0,0,1,0,0,0,1,0
4079-VTGLK,2024-01-10,30,two_year,electronic_check,dsl,74.85,2181.75,0,0,1,0,1,1,1,1,1,0,0,0
9728-FTTVZ,2024-01-10,1,month_to_month,electronic_check,fiber_optic,69.2,69.2,0,0,0,0,0,0,0,0,0,0,1,1
8050-WYBND,2024-01-10,22,one_year,credit_card,dsl,49.45,1031.4,0,0,1,0,1,1,0,0,0,1,1,0
2812-SFXMJ,2024-01-10,1,month_to_month,mailed_check,none,20.05,20.05,0,0,0,0,0,0,0,0,0,1,0,0
5606-AMZBO,2024-01-10,10,month_to_month,credit_card,fiber_optic,78.15,765.15,1,0,0,0,0,0,1,0,1,0,1,0
4081-DYXAV,2024-01-10,19,one_year,credit_card,dsl,44.85,893.55,0,0,0,0,1,1,0,0,0,0,1,1
6584-VQMYT,2024-01-10,27,one_year,mailed_check,dsl,56.2,1567.55,1,1,0,0,0,0,0,0,0,1,0,0
7798-JVXYM,2024-01-10,14,month_to_month,electronic_check,dsl,69.65,921.4,0,0,0,1,1,1,0,0,0,0,1,0
7663-CUXZB,2024-01-10,59,two_year,electronic_check,fiber_optic,113.75,6561.25,1,1,1,1,1,1,1,0,1,0,0,0
8433-WXGNA,2024-01-10,2,month_to_month,electronic_check,fiber_optic,75.7,189.2,1,0,0,0,0,0,0,0,0,0,1,1
6828-HMKWP,2024-01-10,12,two_year,bank_transfer,none,21.05,262.05,0,0,0,0,0,0,0,0,1,1,0,0
2831-EBWRN,2024-01-10,4,month_to_month,electronic_check,dsl,45.9,199.75,0,0,0,0,0,0,0,0,0,0,1,0
3729-OWRVL,2024-01-10,65,two_year,electronic_check,fiber_optic,110.35,7246.15,1,0,1,1,1,1,1,1,0,0,1,0
6645-MXQJT,2024-01-10,2,month_to_month,electronic_check,fiber_optic,97.1,184.15,1,0,0,0,1,1,0,0,1,1,0,0
2172-EJXVF,2024-01-10,71,one_year,electronic_check,fiber_optic,105.9,7521.95,0,1,1,0,1,1,1,1,0,0,1,0
2684-EIWEO,2024-01-10,30,month_to_month,credit_card,fiber_optic,91.7,2758.15,1,1,1,0,0,0,1,1,0,0,0,1
5233-AOZUF,2024-01-10,29,month_to_month,electronic_check,fiber_optic,74.95,2149.05,0,0,0,0,0,0,1,0,1,0,1,0
4236-XPXAV,2024-01-10,5,month_to_month,mailed_check,fiber_optic,99.15,465.05,0,1,0,1,1,1,0,0,1,1,1,1
6198-RTPMF,2024-01-10,17,month_to_month,electronic_check,fiber_optic,92.6,1579.7,0,0,0,0,1,1,1,0,1,0,0,0
3580-GICBM,2024-01-10,61,two_year,mailed_check,none,24.2,1445.2,0,0,0,0,0,0,1,0,1,1,1,0
2311-QYMUQ,2024-01-10,16,month_to_month,credit_card,fiber_optic,89.45,1430.25,0,1,1,0,1,0,0,0,1,1,1,1
8902-ZEOVF,2024-01-10,47,one_year,mailed_check,none,20.05,951.55,0,0,0,0,0,0,0,0,1,1,0,0
9592-ERDKV,2024-01-10,37,one_year,mailed_check,dsl,79.25,2911.8,1,0,1,0,1,1,1,0,1,0,0,0
6464-KEXXH,2024-01-10,8,month_to_month,credit_card,dsl,25.25,186.3,0,0,0,0,0,0,0,0,0,0,1,0
5256-SKJGO,2024-01-10,64,two_year,electronic_check,dsl,54.6,3423.5,0,1,0,1,1,1,0,0,1,1,1,0
5249-QYHEX,2024-01-10,40,two_year,mailed_check,none,24.8,1024.7,0,0,0,0,0,0,1,0,1,1,1,0
1784-BXEFA,2024-01-10,10,month_to_month,mailed_check,none,20.55,187.35,0,0,0,0,0,0,0,0,0,0,1,0
1262-OPMFY,2024-01-10,9,month_to_month,bank_transfer,fiber_optic,75.75,655.9,0,0,1,0,0,0,0,0,1,0,1,1
9972-VAFJJ,2024-01-10,53,one_year,electronic_check,fiber_optic,94.0,4871.45,0,1,1,1,1,0,0,1,1,0,1,0
8620-RJPZN,2024-01-10,1,month_to_month,electronic_check,none,20.7,20.7,0,0,0,0,0,0,0,0,0,0,0,0
9522-ZSINC,2024-01-10,13,one_year,electronic_check,none,19.95,253.8,0,0,0,0,0,0,0,0,0,0,1,0
2188-SXWVT,2024-01-10,34,one_year,mailed_check,dsl,55.0,1885.15,1,1,0,0,0,0,0,0,0,0,0,0
3486-KHMLI,2024-01-10,21,month_to_month,mailed_check,none,24.7,467.15,0,0,0,0,0,0,1,0,0,1,0,0
3115-CZMZD,2024-01-10,0,two_year,mailed_check,none,20.25,0.0,0,0,0,0,0,0,0,0,0,1,0,0
7175-NTIXE,2024-01-10,25,month_to_month,credit_card,dsl,76.15,1992.95,1,0,0,1,1,1,0,0,0,0,1,0
2920-RNCEZ,2024-01-10,1,month_to_month,credit_card,fiber_optic,69.95,69.95,0,0,0,0,0,0,0,0,1,1,1,0
2516-VQRRV,2024-01-10,2,month_to_month,mailed_check,fiber_optic,75.45,158.4,0,0,0,0,0,0,1,1,0,0,1,1
2888-ADFAO,2024-01-10,47,two_year,bank_transfer,none,21.3,1041.8,0,0,0,0,0,0,0,0,1,1,1,0
2190-PHBHR,2024-01-10,72,two_year,credit_card,fiber_optic,94.45,6921.7,1,1,0,0,0,1,1,0,1,0,1,0
1254-IZEYF,2024-01-10,31,month_to_month,electronic_check,fiber_optic,99.95,3186.65,0,1,0,0,1,1,1,1,0,0,1,1
2520-SGTTA,2024-01-10,0,two_year,mailed_check,none,20.0,0.0,0,0,0,0,0,0,0,0,1,1,0,0
9646-NMHXE,2024-01-10,47,two_year,mailed_check,none,19.65,973.1,0,0,0,0,0,0,0,0,1,0,0,0
8749-TZYEC,2024-01-10,72,two_year,credit_card,none,24.8,1874.3,0,0,0,0,0,0,1,0,1,0,0,0
9708-KFDBY,2024-01-10,1,month_to_month,credit_card,none,20.55,20.55,0,0,0,0,0,0,0,0,0,0,0,0
0778-NELLA,2024-01-10,9,month_to_month,credit_card,dsl,34.7,296.1,0,0,0,0,1,0,0,0,0,0,1,1
8676-OOQEJ,2024-01-10,4,month_to_month,electronic_check,dsl,30.5,118.4,0,0,0,1,0,0,0,0,0,0,0,0
1580-BMCMR,2024-01-10,19,month_to_month,electronic_check,fiber_optic,87.3,1637.3,1,0,0,0,0,1,0,1,0,0,1,0
7730-IUTDZ,2024-01-10,43,month_to_month,electronic_check,fiber_optic,75.2,3198.6,1,0,0,0,0,0,0,0,0,0,1,1
2351-BKRZW,2024-01-10,43,two_year,bank_transfer,dsl,75.2,3254.35,1,0,1,0,1,1,0,0,1,1,0,0
3255-GRXMG,2024-01-10,18,month_to_month,credit_card,dsl,45.65,747.2,0,0,0,0,0,0,0,0,0,1,1,0
0420-HLGXF,2024-01-10,39,month_to_month,electronic_check,fiber_optic,99.75,4036.0,0,0,1,0,1,1,1,1,0,0,1,0
3292-PBZEJ,2024-01-10,11,month_to_month,electronic_check,fiber_optic,111.4,1183.05,0,1,1,1,1,1,1,1,0,0,1,0
7854-FOKSF,2024-01-10,1,month_to_month,electronic_check,dsl,35.9,35.9,0,0,0,0,0,1,0,0,0,0,0,1
4806-HIPDW,2024-01-10,1,month_to_month,electronic_check,fiber_optic,68.95,68.95,0,0,0,0,0,0,0,0,1,0,1,1
7233-IOQNP,2024-01-10,43,month_to_month,bank_transfer,dsl,34.0,1505.35,1,0,0,1,0,0,0,0,1,0,0,0
8332-OSJDW,2024-01-10,12,one_year,mailed_check,none,26.4,314.95,0,0,0,0,0,0,1,0,1,1,0,0
2252-NKNSI,2024-01-10,52,two_year,mailed_check,dsl,85.15,4461.85,1,1,0,1,1,1,1,0,0,1,1,0
8200-LGKSR,2024-01-10,71,two_year,electronic_check,dsl,83.2,6126.1,1,0,1,1,1,1,1,0,1,0,0,0
6308-CQRBU,2024-01-10,71,two_year,electronic_check,fiber_optic,109.25,7707.7,0,1,1,1,1,1,1,0,1,0,0,0
0730-KOAVE,2024-01-10,30,month_to_month,credit_card,fiber_optic,94.3,2679.7,1,1,0,0,0,1,1,0,0,0,1,0
1897-RCFUM,2024-01-10,39,one_year,mailed_check,none,24.2,914.6,0,0,0,0,0,0,1,0,1,1,1,0
0807-ZABDG,2024-01-10,3,month_to_month,mailed_check,dsl,55.1,154.65,1,0,0,1,0,0,0,0,0,1,1,1
8909-BOLNL,2024-01-10,3,one_year,mailed_check,none,21.2,52.05,0,0,0,0,0,0,0,0,0,0,0,0
4322-RCYMT,2024-01-10,68,one_year,bank_transfer,dsl,75.8,5293.95,0,1,1,1,0,1,1,0,1,1,1,1
5465-BUBFA,2024-01-10,41,two_year,bank_transfer,none,19.3,772.4,0,0,0,0,0,0,0,0,1,1,0,0
6979-ZNSFF,2024-01-10,8,month_to_month,electronic_check,fiber_optic,87.05,762.1,0,0,0,0,1,0,1,0,0,0,1,1
0626-QXNGV,2024-01-10,72,two_year,credit_card,none,24.15,1776.45,0,0,0,0,0,0,1,0,1,0,1,0
1184-PJVDB,2024-01-10,10,month_to_month,electronic_check,fiber_optic,79.95,857.2,0,0,0,0,1,0,0,0,1,0,1,1
3863-IUBJR,2024-01-10,12,one_year,credit_card,dsl,53.65,696.35,0,0,0,0,0,1,0,0,1,1,0,1
0536-ACXIP,2024-01-10,72,two_year,electronic_check,fiber_optic,109.55,8165.1,1,1,1,0,1,1,1,0,1,0,1,0
4248-QPAVC,2024-01-10,17,month_to_month,bank_transfer,fiber_optic,85.35,1463.45,1,0,1,0,0,0,1,1,1,0,1,1
1032-MAELW,2024-01-10,68,one_year,electronic_check,dsl,78.45,5333.35,1,1,1,1,0,1,1,0,1,1,1,0
6771-XWBDM,2024-01-10,57,month_to_month,credit_card,fiber_optic,104.5,5921.35,0,1,1,0,1,1,1,0,1,0,1,1
9710-ZUSHQ,2024-01-10,37,month_to_month,bank_transfer,fiber_optic,106.75,4056.75,1,1,0,0,1,1,1,1,0,0,1,1
6876-ADESB,2024-01-10,1,month_to_month,electronic_check,dsl,48.95,48.95,0,0,1,0,0,0,0,0,0,1,0,1
6777-TGHTM,2024-01-10,53,one_year,credit_card,fiber_optic,106.95,5785.5,1,0,1,0,1,1,1,0,0,0,1,1
3229-USWAR,2024-01-10,34,one_year,bank_transfer,dsl,79.95,2727.3,1,0,1,1,1,1,0,0,0,0,1,0
8624-GIOUT,2024-01-10,49,month_to_month,credit_card,dsl,59.75,2934.3,1,1,0,0,0,0,1,0,0,0,1,1
6695-AMZUF,2024-01-10,70,two_year,credit_card,dsl,86.45,5950.2,1,1,1,1,1,1,0,0,1,0,0,0
2451-YMUXS,2024-01-10,67,two_year,bank_transfer,dsl,64.55,4250.1,1,1,0,1,0,0,1,1,0,0,1,0
6407-GSJNL,2024-01-10,51,two_year,bank_transfer,none,24.95,1288.0,0,0,0,0,0,0,1,0,0,0,0,0
2988-PLAHS,2024-01-10,3,one_year,electronic_check,dsl,69.95,220.45,0,0,1,0,1,1,0,0,0,0,1,0
5032-MIYKT,2024-01-10,1,month_to_month,mailed_check,fiber_optic,70.7,70.7,0,0,0,0,0,0,0,0,0,0,1,0
1088-AUUZZ,2024-01-10,56,two_year,credit_card,dsl,75.85,4261.2,1,1,0,1,0,1,1,0,1,1,1,0
1583-IHQZE,2024-01-10,12,month_to_month,mailed_check,fiber_optic,112.95,1384.75,0,1,1,1,1,1,1,0,0,0,1,1
7587-AOVVU,2024-01-10,27,month_to_month,electronic_check,fiber_optic,100.75,2793.55,1,1,0,1,1,0,1,0,1,1,0,0
1448-CYWKC,2024-01-10,58,one_year,credit_card,fiber_optic,105.2,6225.4,0,1,1,0,1,1,1,0,1,1,1,0
5850-BDWCY,2024-01-10,6,month_to_month,mailed_check,none,20.2,123.65,0,0,0,0,0,0,0,0,0,0,0,0
7503-EPSZW,2024-01-10,64,two_year,mailed_check,none,24.05,1559.15,0,0,0,0,0,0,1,0,1,1,1,0
4828-FAZPK,2024-01-10,16,month_to_month,credit_card,fiber_optic,79.95,1267.95,0,1,0,0,0,0,1,0,1,1,1,0
3410-MHHUM,2024-01-10,44,one_year,electronic_check,fiber_optic,94.4,4295.35,0,1,1,0,0,1,1,0,1,1,0,0
6648-INWPS,2024-01-10,16,month_to_month,electronic_check,none,20.15,341.35,0,0,0,0,0,0,0,0,1,1,0,0
1328-EUZHC,2024-01-10,18,two_year,mailed_check,none,20.1,370.5,0,0,0,0,0,0,0,0,1,0,0,0
2122-SZZZD,2024-01-10,44,one_year,credit_card,none,19.5,835.5,0,0,0,0,0,0,0,0,0,0,0,0
1028-FFNJK,2024-01-10,30,month_to_month,electronic_check,fiber_optic,101.5,2917.65,0,0,0,1,1,1,1,1,1,0,1,0
4747-LCAQL,2024-01-10,25,month_to_month,mailed_check,dsl,79.0,1902.0,1,1,0,1,1,1,0,0,0,0,1,0
3677-TNKIO,2024-01-10,14,month_to_month,credit_card,fiber_optic,71.0,914.0,0,0,0,0,0,0,0,0,0,0,1,1
2235-ZGKPT,2024-01-10,4,month_to_month,mailed_check,dsl,50.85,239.55,0,0,0,0,0,0,1,0,1,1,0,1
0815-MFZGM,2024-01-10,42,two_year,credit_card,fiber_optic,99.0,4135.0,0,0,1,1,1,1,0,0,1,0,1,0
5774-XZTQC,2024-01-10,7,month_to_month,mailed_check,none,20.45,150.75,0,0,0,0,0,0,0,0,1,1,0,0
2916-BQZLN,2024-01-10,19,month_to_month,electronic_check,fiber_optic,84.75,1651.95,1,0,1,0,0,0,1,0,0,0,1,0
0999-QXNSA,2024-01-10,7,month_to_month,mailed_check,dsl,45.75,344.2,0,0,0,0,0,0,0,1,0,1,1,0
7919-ZODZZ,2024-01-10,10,one_year,mailed_check,dsl,65.9,660.05,0,1,1,0,0,1,0,0,1,1,1,0
8903-WMRNW,2024-01-10,15,month_to_month,electronic_check,fiber_optic,101.75,1669.4,1,0,1,0,1,1,0,0,1,0,0,0
2027-FECZV,2024-01-10,12,month_to_month,electronic_check,fiber_optic,106.7,1253.9,0,1,1,0,1,1,1,0,0,0,1,1
1218-VKFPE,2024-01-10,12,month_to_month,mailed_check,none,19.0,233.55,0,0,0,0,0,0,0,0,1,1,0,1
6979-TNDEU,2024-01-10,8,month_to_month,mailed_check,none,19.2,156.85,0,0,0,0,0,0,0,0,0,0,0,0
4182-BGSIQ,2024-01-10,10,month_to_month,bank_transfer,none,19.8,196.75,0,0,0,0,0,0,0,0,1,1,1,0
0531-ZZJWQ,2024-01-10,55,month_to_month,electronic_check,fiber_optic,74.0,4052.4,0,0,0,0,0,0,1,1,1,0,1,0
9110-HSGTV,2024-01-10,69,two_year,credit_card,dsl,82.45,5555.3,1,0,1,1,1,1,0,0,0,0,1,0
4616-EWBNJ,2024-01-10,16,one_year,bank_transfer,none,20.1,318.6,0,0,0,0,0,0,0,0,0,0,0,0
7740-KKCXF,2024-01-10,51,month_to_month,credit_card,dsl,30.05,1529.45,0,1,0,0,0,0,0,0,1,0,1,0
2400-XIWIO,2024-01-10,71,two_year,electronic_check,dsl,90.1,6310.9,1,1,1,1,1,1,1,0,1,0,0,0
9378-FXTIZ,2024-01-10,54,one_year,credit_card,dsl,70.15,3715.65,0,0,0,0,1,1,1,0,1,0,1,1
3716-UVSPD,2024-01-10,1,month_to_month,electronic_check,dsl,49.3,49.3,0,0,0,1,0,0,0,0,0,0,1,0
6261-LHRTG,2024-01-10,26,month_to_month,credit_card,dsl,54.75,1406.9,0,1,1,0,0,0,0,0,0,0,1,0
7845-URHJN,2024-01-10,8,month_to_month,bank_transfer,none,20.15,156.25,0,0,0,0,0,0,0,0,1,0,0,1
6838-HVLXG,2024-01-10,12,month_to_month,mailed_check,none,20.3,246.7,0,0,0,0,0,0,0,0,0,0,0,0
5956-VKDTT,2024-01-10,5,month_to_month,electronic_check,fiber_optic,74.35,334.8,0,0,0,0,0,0,1,1,1,0,1,1
6522-OIQSX,2024-01-10,69,two_year,credit_card,dsl,54.95,3772.5,0,1,1,0,1,1,0,0,1,1,1,0
1751-NCDLI,2024-01-10,46,month_to_month,electronic_check,fiber_optic,98.85,4564.9,0,0,1,0,1,1,1,1,1,0,1,0
4829-AUOAX,2024-01-10,46,month_to_month,bank_transfer,fiber_optic,96.05,4399.5,0,0,0,0,1,1,1,0,0,0,0,1
7426-RHZGU,2024-01-10,9,month_to_month,bank_transfer,fiber_optic,95.9,827.45,0,0,0,1,1,1,0,0,0,0,1,0
7409-JURKQ,2024-01-10,53,one_year,bank_transfer,fiber_optic,111.8,5809.75,0,1,1,1,1,1,1,0,1,0,1,0
8807-ARQET,2024-01-10,41,month_to_month,electronic_check,dsl,40.35,1677.85,0,1,0,0,0,1,0,0,0,0,1,0
3097-FQTVJ,2024-01-10,41,two_year,mailed_check,none,20.0,810.3,0,0,0,0,0,0,0,0,0,0,0,0
8756-RDDLT,2024-01-10,68,month_to_month,electronic_check,dsl,44.95,3085.35,0,1,0,1,0,1,0,0,0,0,0,0
9560-BBZXK,2024-01-10,36,two_year,bank_transfer,dsl,31.05,1126.35,1,0,0,0,0,0,0,0,0,0,0,0
4381-MHQDC,2024-01-10,47,two_year,mailed_check,dsl,65.0,2879.9,1,0,1,1,0,0,1,0,0,0,1,0
5295-PCJOO,2024-01-10,4,month_to_month,electronic_check,dsl,49.4,184.4,1,0,0,0,0,0,0,0,0,1,1,1
6013-BHCAW,2024-01-10,61,two_year,bank_transfer,dsl,81.0,4976.15,0,0,1,1,1,1,1,0,1,1,1,0
3672-YITQD,2024-01-10,36,month_to_month,electronic_check,fiber_optic,84.1,3021.6,0,0,0,0,0,1,1,1,1,0,1,1
9753-OYLBX,2024-01-10,1,month_to_month,mailed_check,none,20.5,20.5,0,0,0,0,0,0,0,0,0,0,0,0
1965-AKTSX,2024-01-10,14,month_to_month,electronic_check,fiber_optic,78.95,1101.85,0,1,0,0,0,0,1,1,0,0,1,1
9101-BWFSS,2024-01-10,50,one_year,electronic_check,fiber_optic,108.55,5610.7,1,1,0,1,1,1,1,0,1,0,0,1
9445-ZUEQE,2024-01-10,27,month_to_month,credit_card,fiber_optic,85.2,2151.6,0,1,0,1,0,0,1,0,1,1,1,0
1682-VCOIO,2024-01-10,23,one_year,mailed_check,none,20.45,481.1,0,0,0,0,0,0,0,0,0,0,0,0
8676-TRMJS,2024-01-10,3,month_to_month,mailed_check,fiber_optic,75.0,209.1,0,0,0,0,0,0,1,0,0,0,0,1
4480-MBMLB,2024-01-10,36,one_year,bank_transfer,fiber_optic,104.8,3886.45,0,1,1,0,1,1,1,0,0,0,1,0
8155-IBNHG,2024-01-10,24,month_to_month,credit_card,fiber_optic,75.4,1747.85,0,0,0,0,0,0,1,0,1,0,1,1
7207-RMRDB,2024-01-10,65,month_to_month,electronic_check,fiber_optic,105.5,6985.65,0,1,1,0,1,1,1,0,1,1,1,1
3606-SBKRY,2024-01-10,31,one_year,electronic_check,dsl,50.05,1523.4,0,0,1,0,1,1,0,0,0,0,1,0
6741-QRLUP,2024-01-10,63,two_year,credit_card,dsl,80.3,4995.35,1,1,1,1,0,1,1,0,0,0,1,0
2969-VAPYH,2024-01-10,67,one_year,credit_card,dsl,60.5,3870.0,1,1,0,1,0,0,0,0,0,0,0,0
8361-LBRDI,2024-01-10,58,two_year,credit_card,none,24.35,1423.85,0,0,0,0,0,0,1,0,0,0,0,0
0207-MDKNV,2024-01-10,15,month_to_month,electronic_check,fiber_optic,105.1,1582.75,1,0,1,1,1,1,0,0,0,0,0,1
1384-RCUXW,2024-01-10,16,month_to_month,mailed_check,fiber_optic,80.55,1248.9,0,1,0,0,0,0,1,0,0,0,1,0
2082-CEFLT,2024-01-10,1,month_to_month,electronic_check,dsl,45.6,45.6,0,0,0,0,0,0,0,0,0,0,1,1
6854-EXGSF,2024-01-10,8,month_to_month,bank_transfer,dsl,65.5,573.15,1,1,1,0,0,0,1,0,0,0,1,0
9237-HQITU,2024-01-10,2,month_to_month,electronic_check,fiber_optic,70.7,151.65,0,0,0,0,0,0,0,0,0,0,1,1
5117-ZSMHQ,2024-01-10,71,two_year,bank_transfer,dsl,89.9,6342.7,1,1,1,1,1,1,1,0,1,1,0,0
5619-XZZKR,2024-01-10,4,one_year,mailed_check,none,19.95,68.2,0,0,0,0,0,0,0,0,0,0,0,0
3889-VWBID,2024-01-10,68,two_year,bank_transfer,dsl,82.85,5776.45,1,1,0,1,1,1,0,0,1,1,0,0
6728-CZFEI,2024-01-10,15,one_year,mailed_check,dsl,56.15,931.9,0,0,0,0,1,0,0,0,0,0,0,0
5639-NTUPK,2024-01-10,13,month_to_month,credit_card,dsl,52.1,670.65,1,0,0,0,0,0,0,0,0,1,1,0
1552-TKMXS,2024-01-10,42,month_to_month,credit_card,none,20.35,869.9,0,0,0,0,0,0,0,0,1,0,0,0
2480-SQIOB,2024-01-10,4,month_to_month,electronic_check,dsl,44.8,169.65,0,0,0,0,0,0,0,0,1,1,0,0
0237-YFUTL,2024-01-10,50,month_to_month,bank_transfer,fiber_optic,109.65,5405.8,1,1,0,1,1,1,1,0,1,0,1,0
9842-EFSYY,2024-01-10,4,month_to_month,mailed_check,dsl,57.2,223.75,1,1,1,0,1,1,0,0,0,1,1,0
7501-VTYLJ,2024-01-10,2,month_to_month,mailed_check,dsl,51.55,106.2,0,1,0,0,0,0,0,0,0,1,0,0
0386-CWRGM,2024-01-10,46,two_year,mailed_check,none,19.4,967.85,0,0,0,0,0,0,0,0,1,1,0,0
3685-YLCMQ,2024-01-10,58,one_year,electronic_check,fiber_optic,104.65,6219.6,0,0,1,1,1,1,1,0,0,0,1,1
2233-TXSIU,2024-01-10,17,one_year,credit_card,dsl,44.45,792.15,1,0,1,0,1,0,0,0,1,1,0,0
7977-HXJKU,2024-01-10,21,two_year,mailed_check,none,19.6,397.0,0,0,0,0,0,0,0,0,0,1,0,0
7851-WZEKY,2024-01-10,2,month_to_month,electronic_check,fiber_optic,95.15,196.9,0,0,0,0,1,1,1,0,0,0,1,1
2378-YIZKA,2024-01-10,68,two_year,credit_card,dsl,85.0,5607.75,1,1,1,1,1,1,0,0,1,1,1,0
6030-REHUX,2024-01-10,28,month_to_month,electronic_check,fiber_optic,110.85,3204.4,0,1,1,1,1,1,1,1,1,0,1,0
2129-ALKBS,2024-01-10,40,month_to_month,electronic_check,none,26.2,1077.5,0,0,0,0,0,0,1,0,1,1,1,0
2926-JEJJC,2024-01-10,8,one_year,bank_transfer,none,20.2,140.95,0,0,0,0,0,0,0,0,0,0,1,0
9821-POOTN,2024-01-10,35,month_to_month,electronic_check,fiber_optic,75.2,2576.2,0,0,0,0,0,0,1,0,1,0,1,1
7905-TVXTA,2024-01-10,5,month_to_month,electronic_check,dsl,64.35,352.65,1,0,0,1,1,0,0,0,0,0,1,0
3190-FZATL,2024-01-10,14,month_to_month,mailed_check,none,19.95,268.4,0,0,0,0,0,0,0,0,0,1,0,0
9375-MHRRS,2024-01-10,6,month_to_month,mailed_check,dsl,50.05,288.35,0,0,0,1,0,0,0,0,0,0,0,0
6625-IUTTT,2024-01-10,67,two_year,bank_transfer,dsl,65.55,4361.55,1,0,1,0,0,1,0,0,0,0,0,0
2055-BFOCC,2024-01-10,63,one_year,bank_transfer,dsl,84.0,5329.55,1,1,1,1,1,1,0,1,1,0,1,0
8382-SHQEH,2024-01-10,8,month_to_month,electronic_check,fiber_optic,84.9,764.95,0,0,0,0,0,1,1,0,1,0,1,1
7129-ACFOG,2024-01-10,5,month_to_month,electronic_check,dsl,53.8,283.95,1,0,0,0,0,0,1,0,0,0,1,0
3727-RJMEO,2024-01-10,6,month_to_month,electronic_check,fiber_optic,82.85,460.25,0,0,0,0,1,0,1,0,1,0,1,1
5002-GCQFH,2024-01-10,49,month_to_month,bank_transfer,fiber_optic,93.85,4733.1,1,1,0,0,1,0,1,0,1,0,1,0
1697-LYYYX,2024-01-10,61,one_year,credit_card,none,19.1,1143.8,0,0,0,0,0,0,0,0,1,1,0,0
4702-IOQDC,2024-01-10,1,month_to_month,electronic_check,fiber_optic,70.1,70.1,0,0,0,0,0,0,0,0,0,0,1,1
8439-LTUGF,2024-01-10,10,month_to_month,credit_card,none,20.0,198.6,0,0,0,0,0,0,0,0,0,0,1,0
6650-BWFRT,2024-01-10,72,two_year,credit_card,fiber_optic,117.15,8529.5,1,1,1,1,1,1,1,0,1,0,1,0
7247-XOZPB,2024-01-10,53,one_year,bank_transfer,dsl,77.4,4155.95,1,0,1,1,1,0,1,0,1,0,0,0
5895-QSXOD,2024-01-10,9,month_to_month,mailed_check,fiber_optic,70.05,657.5,0,0,0,0,0,0,0,0,0,0,0,0
2876-VBBBL,2024-01-10,1,month_to_month,mailed_check,none,20.25,20.25,0,0,0,0,0,0,0,0,0,0,1,1
3345-JHUEO,2024-01-10,4,month_to_month,electronic_check,none,20.2,55.7,0,0,0,0,0,0,0,0,0,0,1,0
8963-MQVYN,2024-01-10,22,month_to_month,electronic_check,none,20.55,469.85,0,0,0,0,0,0,0,0,0,1,1,0
8397-MVTAZ,2024-01-10,34,month_to_month,electronic_check,fiber_optic,100.05,3480.0,0,0,1,0,1,1,1,0,1,0,1,1
8481-YYXWG,2024-01-10,5,month_to_month,electronic_check,fiber_optic,89.35,461.7,0,1,0,1,0,1,0,0,0,0,1,1
4140-WJAWW,2024-01-10,5,month_to_month,credit_card,none,19.85,108.05,0,0,0,0,0,0,0,0,0,0,0,1
8958-JPTRR,2024-01-10,56,one_year,electronic_check,none,24.3,1261.7,0,0,0,0,0,0,1,0,1,0,0,0
5271-DBYSJ,2024-01-10,11,month_to_month,credit_card,fiber_optic,79.15,827.7,0,0,0,0,0,1,0,1,0,0,1,0
5844-QVTAT,2024-01-10,33,one_year,mailed_check,dsl,58.45,1955.4,1,1,1,0,0,0,0,0,1,1,1,0
3259-QMXUN,2024-01-10,58,two_year,electronic_check,dsl,86.1,4890.5,1,1,1,0,1,1,1,0,1,0,1,0
8695-ARGXZ,2024-01-10,34,month_to_month,electronic_check,fiber_optic,75.55,2425.4,0,0,0,0,0,0,1,1,1,0,1,0
5982-XMDEX,2024-01-10,65,two_year,bank_transfer,none,26.5,1698.55,0,0,0,0,0,0,1,0,0,0,0,0
3754-DXMRT,2024-01-10,2,month_to_month,electronic_check,dsl,44.15,92.65,0,0,0,0,0,0,0,1,0,0,1,1
7395-IGJOS,2024-01-10,17,month_to_month,bank_transfer,fiber_optic,81.5,1329.2,0,0,0,0,0,1,0,1,1,0,0,1
5125-CNDSP,2024-01-10,63,one_year,bank_transfer,dsl,40.6,2588.95,1,1,0,1,0,0,0,0,0,1,1,0
7980-MHFLQ,2024-01-10,72,two_year,mailed_check,none,24.9,1859.2,0,0,0,0,0,0,1,0,1,1,0,0
5977-CKHON,2024-01-10,43,month_to_month,bank_transfer,fiber_optic,92.55,4039.0,0,0,1,0,0,1,1,0,1,1,1,0
8670-ERCJH,2024-01-10,72,two_year,bank_transfer,fiber_optic,113.4,8164.1,1,1,1,1,1,1,1,0,0,0,0,0
3077-RSNTJ,2024-01-10,6,month_to_month,mailed_check,none,19.7,113.5,0,0,0,0,0,0,0,0,1,1,0,0
8896-BQTTI,2024-01-10,1,month_to_month,mailed_check,none,25.0,25.0,0,0,0,0,0,0,1,0,0,0,1,0
6839-ITVZJ,2024-01-10,26,month_to_month,electronic_check,dsl,60.05,1616.15,0,1,0,1,0,0,1,0,1,1,1,1
7765-LWVVH,2024-01-10,72,two_year,electronic_check,fiber_optic,95.1,6843.15,1,1,0,0,1,0,1,0,1,1,1,0
6664-FPDAC,2024-01-10,56,one_year,electronic_check,fiber_optic,111.95,6418.9,0,1,1,1,1,1,1,1,0,0,1,1
4211-MMAZN,2024-01-10,1,month_to_month,mailed_check,none,20.25,20.25,0,0,0,0,0,0,0,0,0,0,0,1
0365-BZUWY,2024-01-10,17,month_to_month,electronic_check,fiber_optic,102.55,1742.5,0,1,1,0,1,1,1,0,1,0,1,0
3518-PZXZQ,2024-01-10,1,month_to_month,mailed_check,dsl,55.3,55.3,0,0,0,0,1,0,0,0,1,0,1,0
3638-VBZTA,2024-01-10,68,two_year,bank_transfer,dsl,86.5,5882.75,1,1,0,1,1,1,1,0,0,1,1,0
2481-SBOYW,2024-01-10,61,two_year,credit_card,none,25.0,1498.35,0,0,0,0,0,0,1,0,0,1,1,0
0308-IVGOK,2024-01-10,11,one_year,credit_card,dsl,40.4,422.6,0,1,1,1,0,0,0,0,0,0,1,0
7876-BEUTG,2024-01-10,15,month_to_month,mailed_check,dsl,48.8,720.1,0,0,0,0,0,0,1,0,0,0,1,0
1663-MHLHE,2024-01-10,1,month_to_month,mailed_check,none,19.2,19.2,0,0,0,0,0,0,0,0,0,0,0,0
5153-RTHKF,2024-01-10,34,month_to_month,electronic_check,fiber_optic,85.35,2896.6,0,0,0,0,1,0,1,0,0,0,0,0
6734-PSBAW,2024-01-10,72,two_year,bank_transfer,none,23.55,1723.95,0,0,0,0,0,0,1,0,1,0,1,0
9052-DHNKM,2024-01-10,26,one_year,electronic_check,dsl,61.55,1581.95,1,1,0,0,0,0,1,0,0,0,0,0
9494-BDNNC,2024-01-10,66,one_year,electronic_check,fiber_optic,95.3,6273.4,0,1,1,0,0,1,1,0,1,0,0,0
1471-GIQKQ,2024-01-10,1,month_to_month,electronic_check,dsl,49.95,49.95,0,1,0,0,0,0,0,0,0,0,0,0
9795-NREXC,2024-01-10,64,two_year,credit_card,dsl,85.0,5484.4,1,0,1,1,1,1,1,0,1,0,1,0
3043-TYBNO,2024-01-10,3,month_to_month,mailed_check,dsl,60.65,196.9,0,0,0,1,0,1,0,0,0,0,0,0
3318-ISQFQ,2024-01-10,20,month_to_month,bank_transfer,none,19.5,413.0,0,0,0,0,0,0,0,0,0,0,1,0
4800-CZMPC,2024-01-10,48,one_year,credit_card,fiber_optic,103.25,5037.55,1,1,0,0,1,1,1,0,1,1,1,1
7100-FQPRV,2024-01-10,43,one_year,credit_card,dsl,71.9,3173.35,1,0,0,1,0,1,1,0,1,1,1,0
3082-WQRVY,2024-01-10,14,one_year,mailed_check,none,19.65,228.65,0,0,0,0,0,0,0,1,1,0,0,0
1399-OUPJN,2024-01-10,57,two_year,bank_transfer,none,19.75,1272.05,0,0,0,0,0,0,0,0,1,1,0,0
8338-QIUNR,2024-01-10,72,two_year,credit_card,dsl,66.5,4811.6,1,0,1,1,0,0,1,0,1,1,1,0
2509-TFPJU,2024-01-10,72,two_year,credit_card,none,25.75,1864.2,0,0,0,0,0,0,1,0,1,0,0,0
6516-NKQBO,2024-01-10,38,two_year,credit_card,dsl,81.0,3084.9,1,0,1,1,1,1,0,0,1,1,0,0
1226-UDFZR,2024-01-10,2,month_to_month,mailed_check,dsl,49.6,114.7,0,1,0,0,0,0,0,0,0,0,1,1
8098-LLAZX,2024-01-10,4,month_to_month,electronic_check,fiber_optic,95.45,396.1,0,0,0,0,1,1,1,1,0,0,1,1
8663-UPDGF,2024-01-10,26,month_to_month,bank_transfer,dsl,69.5,1800.05,1,1,0,0,1,0,1,0,0,0,1,0
9572-WUKSB,2024-01-10,3,month_to_month,electronic_check,dsl,29.9,92.25,0,0,0,1,0,0,0,0,1,0,1,0
6100-FJZDG,2024-01-10,26,one_year,bank_transfer,none,20.05,505.9,0,0,0,0,0,0,0,0,1,1,1,0
3635-JBPSG,2024-01-10,15,two_year,mailed_check,dsl,38.8,603.0,0,1,0,0,0,1,0,0,0,0,1,0
1956-YIFGE,2024-01-10,22,one_year,mailed_check,fiber_optic,100.05,2090.25,0,1,1,0,1,1,0,0,1,1,1,0
7996-BPXHY,2024-01-10,13,two_year,bank_transfer,none,25.0,332.5,0,0,0,0,0,0,1,0,1,1,1,0
2235-DWLJU,2024-01-10,6,month_to_month,electronic_check,dsl,44.4,263.05,0,0,0,0,1,1,0,1,0,0,1,0
8883-GRDWQ,2024-01-10,20,one_year,mailed_check,dsl,54.0,1055.9,1,0,0,1,0,0,0,1,0,0,0,0
0784-ZQJZX,2024-01-10,72,two_year,credit_card,none,19.9,1529.65,0,0,0,0,0,0,0,0,0,1,0,0
0380-NEAVX,2024-01-10,34,one_year,electronic_check,fiber_optic,99.85,3343.15,0,1,1,0,1,1,0,1,0,0,1,0
5552-ZNFSJ,2024-01-10,1,month_to_month,electronic_check,dsl,45.3,45.3,0,0,0,0,0,0,0,0,0,0,0,1
8191-XWSZG,2024-01-10,52,one_year,mailed_check,none,20.65,1022.95,0,0,0,0,0,0,0,0,0,0,0,0
3148-AOIQT,2024-01-10,69,two_year,credit_card,none,24.95,1718.35,0,0,0,0,0,0,1,0,1,0,1,0
9710-NJERN,2024-01-10,39,two_year,mailed_check,none,20.15,826.0,0,0,0,0,0,0,0,0,0,0,0,0
5458-CQJTA,2024-01-10,65,two_year,bank_transfer,dsl,74.8,4820.15,1,0,0,1,1,1,0,0,1,1,1,1
2072-ZVJJX,2024-01-10,68,two_year,bank_transfer,none,25.25,1728.2,0,0,0,0,0,0,1,0,1,0,0,0
3196-NVXLZ,2024-01-10,25,month_to_month,mailed_check,fiber_optic,84.6,2088.05,0,0,0,0,1,0,1,0,0,0,1,0
7005-CCBKV,2024-01-10,6,month_to_month,electronic_check,fiber_optic,84.4,556.35,0,1,0,0,0,1,0,0,0,0,1,1
7359-SSBJK,2024-01-10,64,two_year,credit_card,dsl,70.2,4481.0,1,1,0,1,1,0,0,1,0,0,1,1
3799-ISUZQ,2024-01-10,7,month_to_month,bank_transfer,fiber_optic,69.95,529.5,0,0,0,0,0,0,0,0,1,1,1,1
5651-YLPRD,2024-01-10,32,month_to_month,electronic_check,fiber_optic,86.1,2723.75,0,1,0,0,1,0,0,0,1,1,1,0
6000-UKLWI,2024-01-10,41,two_year,mailed_check,none,20.15,802.35,0,0,0,0,0,0,0,0,0,0,0,0
4432-ADRLB,2024-01-10,2,month_to_month,mailed_check,dsl,44.65,74.9,0,0,0,0,0,0,0,0,0,0,0,1
6778-JFCMK,2024-01-10,24,one_year,mailed_check,dsl,50.6,1288.75,1,0,0,0,1,1,0,0,0,0,1,0
2220-IAHLS,2024-01-10,1,month_to_month,credit_card,none,19.4,19.4,0,0,0,0,0,0,0,0,0,0,0,0
7029-IJEJK,2024-01-10,54,one_year,bank_transfer,dsl,44.1,2369.7,1,0,0,1,0,1,0,0,0,0,0,0
8033-ATFAS,2024-01-10,39,month_to_month,mailed_check,dsl,59.85,2341.5,0,0,1,0,1,0,0,0,1,1,1,0
9921-ZVRHG,2024-01-10,14,month_to_month,electronic_check,fiber_optic,80.45,1072.0,0,0,1,0,0,0,1,0,0,0,1,1
3701-SFMUH,2024-01-10,7,month_to_month,credit_card,dsl,69.7,516.15,1,0,0,0,1,1,0,0,1,1,0,0
0428-AXXLJ,2024-01-10,25,one_year,bank_transfer,none,19.5,516.3,0,0,0,0,0,0,0,0,0,0,1,0
0943-ZQPXH,2024-01-10,44,month_to_month,bank_transfer,fiber_optic,92.95,4122.9,0,0,1,0,1,1,0,0,1,1,1,0
4937-QPZPO,2024-01-10,61,one_year,electronic_check,fiber_optic,99.9,6241.35,0,0,1,0,1,1,1,0,1,1,1,0
7359-WWYJV,2024-01-10,72,two_year,credit_card,fiber_optic,114.45,8375.05,1,1,1,1,1,1,1,0,1,0,0,0
3524-WQDSG,2024-01-10,43,month_to_month,bank_transfer,fiber_optic,99.3,4209.95,0,0,1,0,1,1,1,0,1,1,1,0
2000-MPKCA,2024-01-10,58,one_year,electronic_check,fiber_optic,107.75,6332.75,1,1,1,0,1,1,1,0,0,0,1,0
1866-DIOQZ,2024-01-10,71,one_year,bank_transfer,dsl,66.8,4689.15,1,1,1,1,1,1,0,0,1,0,0,0
5382-SOYZL,2024-01-10,22,month_to_month,electronic_check,fiber_optic,95.1,2162.6,0,0,0,0,1,1,1,0,0,0,1,0
0666-UXTJO,2024-01-10,34,month_to_month,credit_card,fiber_optic,85.2,2874.45,0,0,1,0,1,0,0,1,1,0,1,0
7693-QPEFS,2024-01-10,52,month_to_month,bank_transfer,fiber_optic,72.95,3829.75,0,0,0,0,0,0,1,1,0,0,1,0
6211-WHMYA,2024-01-10,64,month_to_month,electronic_check,dsl,43.85,2751.0,0,1,0,1,1,0,0,1,0,0,1,0
0723-FDLAY,2024-01-10,44,one_year,bank_transfer,dsl,85.25,3704.15,0,1,1,1,1,1,1,0,0,0,1,0
3640-JQGJG,2024-01-10,13,month_to_month,bank_transfer,dsl,44.8,559.2,0,0,0,0,0,0,0,0,1,1,0,0
7979-CORPM,2024-01-10,24,month_to_month,credit_card,fiber_optic,90.55,2282.55,0,1,0,0,1,0,1,0,0,0,1,1
4393-GEADV,2024-01-10,70,two_year,credit_card,fiber_optic,114.75,7842.3,1,1,1,1,1,1,1,0,1,1,0,0
6586-MYGKD,2024-01-10,70,two_year,credit_card,dsl,76.95,5289.8,1,0,0,1,1,1,1,0,1,0,1,0
6230-BSUXY,2024-01-10,1,month_to_month,electronic_check,fiber_optic,85.0,85.0,0,0,1,0,0,1,0,1,0,0,1,1
0640-YJTPY,2024-01-10,72,two_year,bank_transfer,none,21.0,1493.75,0,0,0,0,0,0,0,0,1,1,0,0
7625-XCQRH,2024-01-10,11,month_to_month,electronic_check,fiber_optic,76.5,837.95,0,0,0,0,0,0,1,0,0,0,1,1
1699-HPSBG,2024-01-10,12,one_year,electronic_check,dsl,59.8,727.8,0,0,0,1,1,0,0,0,0,0,1,1
1291-CUOCY,2024-01-10,72,two_year,credit_card,fiber_optic,110.6,7962.2,0,1,1,1,1,1,1,0,1,0,1,0
7234-FECYN,2024-01-10,8,month_to_month,electronic_check,fiber_optic,101.35,780.5,0,0,1,0,1,1,1,1,0,0,0,1
6719-OXYBR,2024-01-10,15,month_to_month,electronic_check,fiber_optic,85.3,1219.85,0,0,1,0,1,0,0,0,0,0,0,0
8992-VONJD,2024-01-10,13,month_to_month,electronic_check,dsl,56.0,764.55,1,1,0,0,0,0,0,0,0,1,1,0
9140-CZQZZ,2024-01-10,68,two_year,bank_transfer,dsl,79.6,5515.8,1,1,0,1,1,1,0,0,1,0,1,0
7129-CAKJW,2024-01-10,17,month_to_month,bank_transfer,fiber_optic,80.05,1345.65,0,0,1,0,0,0,1,0,0,0,0,0
3261-CQXOL,2024-01-10,71,two_year,bank_transfer,none,25.45,1813.35,0,0,0,0,0,0,1,0,1,1,0,0
3453-RTHJQ,2024-01-10,6,month_to_month,electronic_check,fiber_optic,69.1,435.0,0,0,0,0,0,0,0,0,0,0,1,0
8173-RXAYP,2024-01-10,24,two_year,mailed_check,none,19.7,452.55,0,0,0,0,0,0,0,0,1,1,0,0
2672-HUYVI,2024-01-10,6,month_to_month,electronic_check,fiber_optic,91.1,455.3,0,0,0,0,1,1,0,0,0,0,1,1
4742-TXUEX,2024-01-10,47,two_year,bank_transfer,none,19.3,890.5,0,0,0,0,0,0,0,0,1,1,0,0
4749-OJKQU,2024-01-10,4,month_to_month,electronic_check,fiber_optic,75.65,302.35,0,0,0,0,0,0,1,0,0,0,1,0
7852-LECYP,2024-01-10,13,month_to_month,credit_card,fiber_optic,93.8,1261.0,1,1,0,0,0,1,1,1,1,0,0,0
2325-NBPZG,2024-01-10,3,month_to_month,electronic_check,fiber_optic,74.55,233.65,1,0,0,0,0,0,0,0,0,0,1,0
6898-MDLZW,2024-01-10,12,month_to_month,mailed_check,dsl,53.75,648.65,0,1,0,1,0,0,0,0,0,0,1,0
7049-GKVZY,2024-01-10,17,one_year,credit_card,dsl,79.85,1387.35,1,1,0,1,1,1,0,0,0,0,0,0
6296-DDOOR,2024-01-10,19,one_year,electronic_check,dsl,58.2,1045.25,0,1,0,0,1,0,0,0,0,0,0,0
3212-KXOCR,2024-01-10,52,two_year,bank_transfer,none,21.0,1107.2,0,0,0,0,0,0,0,0,0,0,0,0
6897-UUBNU,2024-01-10,29,month_to_month,mailed_check,fiber_optic,89.65,2623.65,0,1,0,1,1,0,0,0,0,0,0,0
4061-UKJWL,2024-01-10,3,month_to_month,mailed_check,dsl,45.45,141.7,0,0,0,0,0,0,0,0,0,0,0,0
7890-VYYWG,2024-01-10,3,month_to_month,mailed_check,dsl,36.45,93.7,0,0,0,0,1,0,0,1,1,0,1,1
3282-ZISZV,2024-01-10,32,one_year,credit_card,dsl,83.7,2633.3,0,1,1,1,1,1,1,0,0,1,0,0
5275-SQEIZ,2024-01-10,1,month_to_month,mailed_check,fiber_optic,80.85,80.85,0,0,0,0,0,1,0,0,0,0,1,1
4088-YLDSU,2024-01-10,55,one_year,electronic_check,fiber_optic,104.15,5743.05,0,0,1,1,1,1,1,0,1,0,1,1
3211-AAPKX,2024-01-10,20,month_to_month,mailed_check,fiber_optic,98.55,2031.95,0,0,0,1,1,1,1,0,0,0,1,0
4632-PAOYU,2024-01-10,22,one_year,mailed_check,none,19.95,433.5,0,0,0,0,0,0,0,0,1,1,0,0
7426-WEIJX,2024-01-10,60,month_to_month,electronic_check,fiber_optic,80.95,4859.1,1,0,0,0,0,0,1,1,1,1,1,0
0504-HHAPI,2024-01-10,27,month_to_month,credit_card,fiber_optic,88.3,2467.75,0,0,1,0,0,1,1,1,0,0,0,1
4274-OWWYO,2024-01-10,1,month_to_month,electronic_check,fiber_optic,74.35,74.35,0,1,0,0,0,0,0,0,0,0,1,1
1731-TVIUK,2024-01-10,4,month_to_month,electronic_check,fiber_optic,93.5,362.2,0,1,0,1,0,1,1,0,0,0,1,1
8593-WHYHV,2024-01-10,3,month_to_month,electronic_check,fiber_optic,85.3,264.8,0,0,0,0,0,1,1,0,0,0,1,1
7636-OWBPG,2024-01-10,12,month_to_month,credit_card,dsl,29.35,381.2,0,1,0,0,0,0,0,1,0,0,1,0
1585-MQSSU,2024-01-10,17,month_to_month,mailed_check,dsl,51.5,900.5,0,0,0,1,0,0,0,0,0,0,0,1
7033-CLAMM,2024-01-10,48,two_year,bank_transfer,none,20.2,1027.25,0,0,0,0,0,0,0,0,1,1,0,0
6178-KFNHS,2024-01-10,12,month_to_month,electronic_check,fiber_optic,78.3,909.25,1,0,0,0,0,0,1,0,0,1,1,1
8292-ITGYJ,2024-01-10,45,two_year,bank_transfer,none,24.65,1138.8,0,0,0,0,0,0,1,0,1,1,1,0
9537-VHDTA,2024-01-10,1,month_to_month,mailed_check,dsl,51.2,51.2,1,0,0,0,0,0,0,0,0,1,0,0
9225-BZLNZ,2024-01-10,72,two_year,electronic_check,dsl,85.25,6083.1,1,1,1,0,1,1,1,0,1,0,1,0
7272-QDCKA,2024-01-10,28,one_year,electronic_check,fiber_optic,100.2,2688.45,0,1,0,0,1,1,1,0,0,0,0,0
4138-NAXED,2024-01-10,51,month_to_month,bank_transfer,fiber_optic,81.0,4085.75,0,1,0,0,0,0,1,0,0,0,0,0
1453-RZFON,2024-01-10,1,month_to_month,mailed_check,dsl,49.9,49.9,1,0,0,0,0,0,0,0,0,1,0,0
8792-AOROI,2024-01-10,8,two_year,mailed_check,dsl,65.5,564.35,1,0,0,1,0,1,0,0,1,0,0,0
5056-FIMPT,2024-01-10,43,one_year,credit_card,fiber_optic,106.0,4532.3,1,1,0,1,1,1,0,0,0,1,1,0
5572-ZDXHY,2024-01-10,22,month_to_month,mailed_check,fiber_optic,84.3,1855.65,0,1,0,0,0,1,0,0,0,0,1,1
7010-ZMVBF,2024-01-10,18,month_to_month,mailed_check,none,20.45,357.0,0,0,0,0,0,0,0,0,1,1,0,0
7994-XIRTR,2024-01-10,54,one_year,bank_transfer,dsl,65.25,3529.95,0,0,1,1,0,1,0,1,0,0,0,0
5228-EXCET,2024-01-10,13,month_to_month,electronic_check,fiber_optic,80.85,1008.7,0,0,0,0,0,1,0,0,0,0,1,1
1170-SASML,2024-01-10,69,month_to_month,bank_transfer,fiber_optic,85.4,5869.4,0,1,1,0,0,0,1,0,1,0,1,0
8165-CBKXO,2024-01-10,66,two_year,credit_card,dsl,56.75,3708.4,0,1,1,0,1,1,0,0,1,1,1,0
9451-WLYRI,2024-01-10,53,one_year,credit_card,none,19.05,990.45,0,0,0,0,0,0,0,0,1,0,0,0
9039-ZVJDC,2024-01-10,3,month_to_month,mailed_check,none,19.1,53.05,0,0,0,0,0,0,0,0,0,0,1,0
5148-HKFIR,2024-01-10,20,two_year,mailed_check,none,19.7,406.95,0,0,0,0,0,0,0,0,0,0,0,0
9318-NKNFC,2024-01-10,1,month_to_month,mailed_check,none,18.85,18.85,0,0,0,0,0,0,0,0,0,0,1,1
7931-PXHFC,2024-01-10,38,one_year,mailed_check,dsl,62.3,2354.8,0,0,1,1,0,1,0,0,0,0,1,1
6131-JLWZM,2024-01-10,13,month_to_month,mailed_check,none,20.3,275.4,0,0,0,0,0,0,0,0,0,0,1,0
7529-ZDFXI,2024-01-10,57,month_to_month,electronic_check,fiber_optic,89.85,4925.35,0,1,0,0,0,1,1,1,1,0,1,0
7167-PCEYD,2024-01-10,67,two_year,mailed_check,none,19.8,1311.3,0,0,0,0,0,0,0,0,0,0,1,0
4680-KUTAJ,2024-01-10,11,month_to_month,electronic_check,dsl,55.6,580.8,1,0,0,0,0,0,1,1,0,0,1,0
1629-DQQVB,2024-01-10,14,month_to_month,bank_transfer,dsl,50.1,709.5,1,0,0,0,0,0,0,0,0,0,0,0
7964-VEXDG,2024-01-10,21,month_to_month,electronic_check,fiber_optic,80.35,1747.2,1,0,0,0,0,0,1,0,0,1,0,0
6615-ZGEDR,2024-01-10,1,month_to_month,mailed_check,none,19.7,19.7,0,0,0,0,0,0,0,0,0,0,0,1
4458-KVRBJ,2024-01-10,59,two_year,mailed_check,none,25.0,1510.5,0,0,0,0,0,0,1,0,0,0,0,0
9600-NAXZN,2024-01-10,43,month_to_month,electronic_check,fiber_optic,101.4,4528.0,0,1,0,0,1,1,1,0,0,0,1,1
7492-TAFJD,2024-01-10,7,two_year,mailed_check,dsl,38.55,280.0,1,1,1,0,0,0,0,0,1,1,0,0
3050-RLLXC,2024-01-10,56,two_year,credit_card,dsl,81.25,4620.4,1,1,1,1,1,0,1,0,1,1,0,0
0550-DCXLH,2024-01-10,13,month_to_month,mailed_check,dsl,73.35,931.55,0,1,0,1,1,1,0,0,0,0,0,0
5156-UMKOW,2024-01-10,3,month_to_month,mailed_check,dsl,29.65,90.05,0,1,0,0,0,0,0,0,0,1,0,0
4526-RMTLL,2024-01-10,8,two_year,credit_card,dsl,76.15,645.8,1,1,0,1,0,1,1,0,1,1,1,0
9985-MWVIX,2024-01-10,1,month_to_month,mailed_check,fiber_optic,70.15,70.15,0,0,0,0,0,0,0,0,0,0,1,1
5882-CMAZQ,2024-01-10,5,month_to_month,electronic_check,dsl,34.25,163.55,0,1,0,1,0,0,0,0,1,1,0,0
4830-FAXFM,2024-01-10,19,month_to_month,credit_card,none,24.1,439.2,0,0,0,0,0,0,1,0,0,1,1,0
4472-LVYGI,2024-01-10,0,two_year,bank_transfer,dsl,52.55,0.0,1,0,1,1,1,0,0,0,1,1,1,0
3173-WSSUE,2024-01-10,71,two_year,credit_card,none,19.7,1415.85,0,0,0,0,0,0,0,0,1,1,0,0
7511-YMXVQ,2024-01-10,9,month_to_month,electronic_check,dsl,45.4,418.8,0,0,0,0,1,1,0,0,0,0,1,1
9747-DDZOS,2024-01-10,1,month_to_month,bank_transfer,fiber_optic,73.5,73.5,0,0,1,0,0,0,0,0,0,0,0,1
3896-ZVNET,2024-01-10,24,two_year,mailed_check,none,24.7,571.75,0,0,0,0,0,0,1,0,1,1,0,0
6837-BJYDQ,2024-01-10,3,one_year,mailed_check,none,19.6,61.35,0,0,0,0,0,0,0,0,0,0,0,0
9801-GDWGV,2024-01-10,39,month_to_month,electronic_check,fiber_optic,103.45,3994.45,0,1,1,0,1,1,1,0,0,0,1,1
7710-JSYOA,2024-01-10,69,two_year,bank_transfer,fiber_optic,93.3,6398.05,0,1,0,1,0,1,1,0,1,1,1,0
5478-JJVZK,2024-01-10,33,month_to_month,mailed_check,dsl,60.9,2033.85,1,1,0,0,0,0,1,0,0,0,1,0
9828-QHFBK,2024-01-10,24,month_to_month,electronic_check,dsl,51.15,1275.7,1,0,0,0,0,0,0,0,0,0,1,0
4079-ULGFR,2024-01-10,16,month_to_month,mailed_check,none,20.0,275.7,0,0,0,0,0,0,0,0,0,0,0,0
5804-JMYIO,2024-01-10,39,two_year,mailed_check,none,19.75,757.95,0,0,0,0,0,0,0,0,1,1,0,0
2085-JVGAD,2024-01-10,37,month_to_month,bank_transfer,none,20.35,697.65,0,0,0,0,0,0,0,0,1,0,0,0
5377-NDTOU,2024-01-10,71,two_year,mailed_check,dsl,91.05,6293.75,1,1,1,1,1,1,1,0,1,1,0,0
7016-NVRIC,2024-01-10,29,one_year,bank_transfer,fiber_optic,90.1,2656.7,1,0,1,0,0,1,0,1,1,0,0,0
1642-HMARX,2024-01-10,68,two_year,electronic_check,dsl,91.7,6424.7,1,1,1,1,1,1,1,0,1,0,1,0
5811-IWXYM,2024-01-10,52,one_year,bank_transfer,fiber_optic,101.25,5301.1,0,0,1,0,1,1,1,0,1,1,0,0
0411-EZJZE,2024-01-10,3,month_to_month,electronic_check,dsl,60.25,170.5,0,0,0,0,1,0,1,0,0,0,1,0
6772-KSATR,2024-01-10,1,month_to_month,electronic_check,fiber_optic,81.7,81.7,1,0,0,0,0,0,1,0,0,0,1,1
8207-DMRVL,2024-01-10,72,two_year,bank_transfer,fiber_optic,114.55,8306.05,1,1,1,1,1,1,1,0,1,1,0,0
3223-WZWJM,2024-01-10,26,month_to_month,electronic_check,fiber_optic,83.95,2254.2,0,0,0,0,0,1,1,0,0,0,1,1
6357-JJPQT,2024-01-10,3,month_to_month,electronic_check,fiber_optic,80.5,232.35,0,0,0,0,1,0,0,0,0,0,1,0
2792-VPPET,2024-01-10,3,month_to_month,electronic_check,none,20.5,76.95,0,0,0,0,0,0,0,0,0,0,1,0
6168-YBYNP,2024-01-10,59,month_to_month,electronic_check,fiber_optic,111.35,6519.75,0,1,1,1,1,1,1,0,0,0,1,0
8059-UDZFY,2024-01-10,33,month_to_month,bank_transfer,fiber_optic,105.35,3465.05,0,1,1,0,1,1,1,1,0,1,1,0
0869-PAPRP,2024-01-10,26,month_to_month,credit_card,fiber_optic,85.7,2067.0,0,0,1,0,1,0,0,1,1,0,1,0
1482-OXZSY,2024-01-10,30,month_to_month,bank_transfer,fiber_optic,100.4,2936.25,1,0,0,0,1,1,1,0,0,0,1,0
5175-WLYXL,2024-01-10,22,month_to_month,mailed_check,fiber_optic,78.85,1600.25,0,1,0,0,0,0,1,0,0,0,1,0
9489-JMTTN,2024-01-10,72,two_year,credit_card,dsl,89.75,6595.9,1,1,1,1,1,1,1,0,1,1,0,0
9027-YFHQJ,2024-01-10,7,month_to_month,bank_transfer,none,25.05,152.95,0,0,0,0,0,0,1,0,0,0,1,0
4827-LTQRJ,2024-01-10,66,one_year,credit_card,fiber_optic,110.6,7210.85,1,1,0,1,1,1,1,1,1,1,1,0
3363-DTIVD,2024-01-10,71,two_year,electronic_check,fiber_optic,105.55,7405.5,1,0,1,0,1,1,1,0,1,1,0,0
3199-XGZCY,2024-01-10,8,month_to_month,electronic_check,fiber_optic,75.25,576.7,0,0,0,0,0,0,1,0,0,0,1,0
4298-OYIFC,2024-01-10,15,month_to_month,electronic_check,fiber_optic,103.45,1539.8,0,0,1,1,1,1,1,0,1,0,1,0
6994-FGRHH,2024-01-10,70,one_year,electronic_check,fiber_optic,106.15,7475.1,0,1,1,1,1,1,0,0,1,1,1,0
2404-JIBFC,2024-01-10,55,two_year,bank_transfer,dsl,85.1,4657.95,1,0,1,1,1,1,1,0,1,1,1,0
1015-OWJKI,2024-01-10,1,month_to_month,mailed_check,none,19.05,19.05,0,0,0,0,0,0,0,0,0,0,0,0
7233-DRTRF,2024-01-10,63,month_to_month,electronic_check,fiber_optic,102.4,6444.05,0,1,1,0,1,1,1,0,1,0,1,0
4860-YZGZM,2024-01-10,10,month_to_month,electronic_check,none,20.0,185.4,0,0,0,0,0,0,0,0,0,0,0,0
4854-CIDCF,2024-01-10,3,month_to_month,electronic_check,fiber_optic,73.85,196.4,0,0,1,0,0,0,0,1,0,0,0,0
9507-HSMMZ,2024-01-10,54,two_year,mailed_check,none,20.0,1149.65,0,0,0,0,0,0,0,0,0,0,0,0
5115-GZDEL,2024-01-10,72,two_year,credit_card,dsl,67.2,4671.7,1,1,1,1,1,1,0,0,0,1,0,0
5539-HIVAK,2024-01-10,28,month_to_month,mailed_check,none,25.7,734.6,0,0,0,0,0,0,1,1,1,0,0,0
3982-DQLUS,2024-01-10,65,month_to_month,electronic_check,fiber_optic,85.75,5688.45,1,1,0,0,0,0,1,1,1,1,1,0
4957-SREEC,2024-01-10,70,two_year,credit_card,none,20.35,1458.1,0,0,0,0,0,0,0,0,1,1,0,0
2338-BQEZT,2024-01-10,55,month_to_month,credit_card,dsl,50.55,2832.75,1,0,0,0,0,0,0,0,0,0,1,0
7695-PKLCZ,2024-01-10,68,two_year,credit_card,none,20.5,1424.9,0,0,0,0,0,0,0,0,0,0,0,0
4475-NVTLU,2024-01-10,45,two_year,electronic_check,none,19.2,903.7,0,0,0,0,0,0,0,0,1,1,0,0
8778-LMWTJ,2024-01-10,9,month_to_month,electronic_check,fiber_optic,74.85,708.2,1,0,0,0,0,0,0,0,0,0,1,0
9298-WGMRW,2024-01-10,72,two_year,bank_transfer,fiber_optic,115.5,8312.75,1,1,1,1,1,1,1,0,1,0,1,0
9974-JFBHQ,2024-01-10,64,month_to_month,credit_card,fiber_optic,99.15,6171.2,0,1,0,1,1,1,0,0,0,1,1,0
7101-HRBLJ,2024-01-10,72,two_year,bank_transfer,dsl,83.7,6096.9,1,1,1,1,1,1,0,0,1,1,1,0
9978-HYCIN,2024-01-10,47,one_year,bank_transfer,fiber_optic,84.95,4018.05,0,1,0,0,1,0,0,1,1,1,1,0
4745-LSPLO,2024-01-10,1,month_to_month,mailed_check,none,20.5,20.5,0,0,0,0,0,0,0,0,0,0,0,1
1038-RQOST,2024-01-10,19,month_to_month,mailed_check,none,20.6,414.95,0,0,0,0,0,0,0,0,1,1,0,0
3144-AUDBS,2024-01-10,6,month_to_month,electronic_check,dsl,49.15,270.8,0,0,0,1,0,0,0,0,1,0,1,1
1371-OJCEK,2024-01-10,48,one_year,bank_transfer,none,24.35,1133.7,0,0,0,0,0,0,1,0,0,0,0,0
8566-YPRGL,2024-01-10,1,month_to_month,mailed_check,none,19.5,19.5,0,0,0,0,0,0,0,0,0,0,1,0
7860-UXCRM,2024-01-10,63,two_year,credit_card,dsl,74.5,4674.55,1,1,1,1,1,0,0,0,1,1,0,0
7993-PYKOF,2024-01-10,8,month_to_month,electronic_check,fiber_optic,75.0,632.95,1,0,0,0,0,0,0,0,1,0,0,1
6616-AALSR,2024-01-10,65,two_year,credit_card,fiber_optic,104.3,6725.3,1,0,1,0,1,1,1,0,1,1,1,0
4955-VCWBI,2024-01-10,43,one_year,mailed_check,none,20.0,817.95,0,0,0,0,0,0,0,0,1,1,0,0
9555-SAHUZ,2024-01-10,38,month_to_month,electronic_check,dsl,54.5,2076.05,1,1,0,0,0,0,0,0,1,1,0,0
1612-EOHDH,2024-01-10,1,month_to_month,electronic_check,dsl,45.15,45.15,0,0,0,0,0,0,0,0,0,0,0,1
1755-RMCXH,2024-01-10,2,month_to_month,mailed_check,none,20.3,40.25,0,0,0,0,0,0,0,0,1,1,0,0
2959-MJHIC,2024-01-10,4,month_to_month,electronic_check,fiber_optic,80.35,307.4,0,0,0,0,1,0,0,0,1,0,1,1
0136-IFMYD,2024-01-10,69,two_year,electronic_check,fiber_optic,109.95,7634.25,0,1,1,1,1,1,1,1,1,0,1,0
9398-MMQTO,2024-01-10,3,month_to_month,credit_card,fiber_optic,74.45,221.1,0,1,0,0,0,0,0,0,0,0,0,0
8707-HOEDG,2024-01-10,70,two_year,electronic_check,fiber_optic,110.2,7689.8,0,1,1,1,1,1,1,0,1,1,1,0
2391-SOORI,2024-01-10,4,month_to_month,electronic_check,dsl,49.35,219.65,1,0,0,0,0,0,0,0,0,1,0,1
7047-FWEYA,2024-01-10,46,one_year,electronic_check,fiber_optic,103.15,4594.65,0,1,0,1,1,1,1,0,1,0,1,0
7615-ESMYF,2024-01-10,2,month_to_month,electronic_check,dsl,44.6,97.1,0,0,0,0,1,1,0,0,1,0,0,1
9565-FLVCG,2024-01-10,65,two_year,mailed_check,dsl,69.55,4459.15,1,1,0,0,0,1,1,0,1,1,1,0
0480-BIXDE,2024-01-10,19,month_to_month,electronic_check,fiber_optic,96.8,1743.05,0,0,1,0,1,1,0,0,1,0,1,0
8992-OBVDG,2024-01-10,21,month_to_month,mailed_check,dsl,61.65,1393.6,0,0,1,0,0,1,0,0,0,0,0,0
6339-RZCBJ,2024-01-10,48,two_year,credit_card,dsl,78.9,3771.5,0,1,1,1,1,1,0,0,0,0,0,0
1792-UXAFY,2024-01-10,17,month_to_month,electronic_check,fiber_optic,89.15,1496.9,0,1,1,0,1,0,0,1,0,0,1,1
6139-ZZRBQ,2024-01-10,64,two_year,bank_transfer,none,20.05,1198.05,0,0,0,0,0,0,0,1,0,0,1,0
9644-KVCNC,2024-01-10,66,one_year,bank_transfer,fiber_optic,92.15,6056.9,0,0,1,0,1,0,1,0,0,0,1,0
1492-KGETH,2024-01-10,70,one_year,bank_transfer,dsl,78.35,5445.95,1,1,1,1,0,1,1,0,1,1,0,0
3347-YJZZE,2024-01-10,29,month_to_month,credit_card,dsl,80.1,2211.8,0,1,1,0,1,1,1,0,1,1,0,0
6260-ONULR,2024-01-10,1,month_to_month,mailed_check,dsl,62.8,62.8,0,0,0,0,1,1,0,0,0,0,1,0
5093-FEGLU,2024-01-10,47,two_year,bank_transfer,none,19.65,921.55,0,0,0,0,0,0,0,0,1,0,0,0
6892-BOGQE,2024-01-10,71,two_year,bank_transfer,none,20.9,1493.2,0,0,0,0,0,0,0,0,1,0,1,0
4878-BUNFV,2024-01-10,42,two_year,mailed_check,none,20.7,828.85,0,0,0,0,0,0,0,0,1,1,0,0
6120-RJKLU,2024-01-10,62,two_year,credit_card,dsl,79.95,4819.75,1,0,1,1,1,1,0,1,1,0,1,0
0019-GFNTW,2024-01-10,56,two_year,bank_transfer,dsl,45.05,2560.1,1,1,1,1,0,0,0,0,0,0,0,0
0201-OAMXR,2024-01-10,70,one_year,credit_card,fiber_optic,115.55,8127.6,1,1,1,1,1,1,1,0,0,0,0,1
2208-NKVVH,2024-01-10,43,two_year,mailed_check,none,24.25,1077.95,0,0,0,0,0,0,1,0,1,1,0,0
6345-ULYRW,2024-01-10,44,one_year,mailed_check,fiber_optic,88.4,3912.9,0,1,0,0,0,1,1,1,1,0,0,1
2212-LYASK,2024-01-10,27,one_year,credit_card,dsl,45.85,1246.4,0,1,1,0,0,1,0,0,1,1,1,0
7774-OJSXI,2024-01-10,31,one_year,electronic_check,fiber_optic,103.45,3066.45,0,1,1,0,1,1,1,0,0,0,1,1
5063-IUOKK,2024-01-10,13,two_year,mailed_check,none,19.75,265.75,0,0,0,0,0,0,0,0,0,0,0,0
9172-JITSM,2024-01-10,26,month_to_month,electronic_check,fiber_optic,90.8,2361.8,0,0,0,0,1,1,0,0,1,1,1,1
9764-REAFF,2024-01-10,59,two_year,bank_transfer,none,18.4,1057.85,0,0,0,0,0,0,0,0,1,0,0,0
5364-XYIRR,2024-01-10,51,month_to_month,electronic_check,fiber_optic,94.65,4812.75,0,0,0,0,1,1,1,0,1,0,1,1
7503-ZGUZJ,2024-01-10,1,month_to_month,mailed_check,fiber_optic,84.65,84.65,0,0,0,0,1,0,1,0,0,0,1,1
6394-MFYNG,2024-01-10,48,month_to_month,bank_transfer,fiber_optic,107.4,5121.3,0,1,1,0,1,1,1,0,0,0,1,1
6439-PKTRR,2024-01-10,70,two_year,electronic_check,dsl,80.7,5617.95,1,1,1,1,1,0,1,0,1,1,0,0
3243-ZHOHY,2024-01-10,16,one_year,mailed_check,none,20.1,296.15,0,0,0,0,0,0,0,0,0,0,0,0
4199-QHJNM,2024-01-10,67,two_year,bank_transfer,fiber_optic,102.9,6989.7,0,1,0,1,1,1,1,1,1,0,0,0
7622-NXQZR,2024-01-10,28,month_to_month,credit_card,dsl,30.1,810.85,0,0,0,1,0,0,0,0,0,0,1,0
8404-GFGCZ,2024-01-10,4,month_to_month,electronic_check,dsl,65.6,250.1,0,0,1,0,1,0,1,0,1,0,0,0
3976-HXHCE,2024-01-10,72,two_year,bank_transfer,none,19.3,1414.8,0,0,0,0,0,0,0,0,0,0,0,0
7089-XXAYG,2024-01-10,25,one_year,credit_card,dsl,38.1,970.4,0,0,1,0,1,0,0,0,1,0,1,0
5327-CNLUQ,2024-01-10,48,two_year,bank_transfer,fiber_optic,96.9,4473.45,1,1,1,0,1,0,1,0,1,0,1,0
8107-RZLNV,2024-01-10,72,two_year,bank_transfer,fiber_optic,106.3,7565.35,0,1,1,0,1,1,1,0,1,0,1,0
1143-NMNQJ,2024-01-10,2,month_to_month,electronic_check,fiber_optic,85.7,169.8,0,0,0,0,0,1,1,0,0,0,1,1
0880-FVFWF,2024-01-10,56,month_to_month,electronic_check,fiber_optic,86.4,4922.4,1,1,0,0,0,0,1,0,0,0,1,0
9500-WBGRP,2024-01-10,69,two_year,mailed_check,none,19.1,1268.85,0,0,0,0,0,0,0,0,0,0,1,0
3030-YZADT,2024-01-10,9,month_to_month,mailed_check,dsl,44.95,431.0,0,0,0,0,0,0,0,0,0,0,0,1
2402-TAIRZ,2024-01-10,37,one_year,electronic_check,fiber_optic,80.05,3019.1,0,1,1,0,0,0,0,0,0,0,0,0
9060-HJJRW,2024-01-10,51,one_year,credit_card,dsl,56.4,2928.5,0,1,1,0,1,1,0,0,0,0,1,0
0394-YONDK,2024-01-10,70,two_year,credit_card,none,25.15,1790.15,0,0,0,0,0,0,1,0,1,1,0,0
2832-KJCRD,2024-01-10,38,month_to_month,electronic_check,fiber_optic,103.65,3988.5,0,0,1,1,1,1,1,0,0,0,1,0
0376-YMCJC,2024-01-10,23,month_to_month,electronic_check,fiber_optic,90.6,1943.2,0,0,0,1,1,0,1,0,0,0,1,1
1269-FOYWN,2024-01-10,44,one_year,bank_transfer,none,20.0,860.85,0,0,0,0,0,0,0,0,1,1,0,0
3717-FDJFU,2024-01-10,5,two_year,mailed_check,none,20.45,106.9,0,0,0,0,0,0,0,0,0,1,0,0
1060-ENTOF,2024-01-10,67,one_year,credit_card,fiber_optic,105.4,7035.6,1,1,1,1,0,1,1,1,1,0,1,0
1293-BSEUN,2024-01-10,72,two_year,mailed_check,none,20.7,1482.3,0,0,0,0,0,0,0,0,1,1,1,0
9979-RGMZT,2024-01-10,7,one_year,mailed_check,fiber_optic,94.05,633.45,0,1,0,0,1,1,0,0,0,0,1,0
6950-TWMYB,2024-01-10,54,two_year,bank_transfer,fiber_optic,79.95,4362.05,0,1,0,1,0,0,0,0,1,1,1,0
0440-MOGPM,2024-01-10,41,one_year,electronic_check,dsl,80.55,3263.9,0,1,1,0,1,1,1,0,0,0,1,0
2027-WKXMW,2024-01-10,63,month_to_month,electronic_check,fiber_optic,108.75,6871.7,0,1,1,1,1,1,1,0,1,0,1,0
4759-TRPLW,2024-01-10,1,month_to_month,electronic_check,fiber_optic,70.4,70.4,0,0,0,0,0,0,0,0,0,0,0,1
6103-LIANB,2024-01-10,59,two_year,credit_card,fiber_optic,99.5,5861.75,0,0,1,0,1,1,1,0,1,1,1,0
5013-SBUIH,2024-01-10,50,two_year,electronic_check,fiber_optic,109.65,5551.15,1,1,0,1,1,1,1,0,0,0,1,1
9944-HKVVB,2024-01-10,3,month_to_month,electronic_check,fiber_optic,95.1,307.4,0,1,0,0,1,1,0,0,0,0,1,1
2277-BKJKN,2024-01-10,71,two_year,electronic_check,fiber_optic,99.2,7213.75,0,1,1,0,1,1,0,1,1,0,1,0
0780-XNZFN,2024-01-10,57,two_year,bank_transfer,none,20.65,1125.6,0,0,0,0,0,0,0,0,0,0,0,0
8010-EZLOU,2024-01-10,15,month_to_month,electronic_check,fiber_optic,80.2,1217.25,0,1,0,0,0,0,1,1,0,0,1,1
6348-SNFUS,2024-01-10,72,two_year,credit_card,dsl,55.45,4179.2,1,1,1,1,0,1,0,0,1,1,1,0
3714-JTVOV,2024-01-10,42,month_to_month,credit_card,fiber_optic,74.15,3229.4,1,0,0,0,0,0,0,1,1,0,1,1
1937-OTUKY,2024-01-10,72,two_year,bank_transfer,fiber_optic,98.2,7015.9,1,0,1,1,1,0,1,0,1,0,1,0
8606-OEGQZ,2024-01-10,18,two_year,credit_card,none,25.3,454.65,0,0,0,0,0,0,1,0,0,1,0,0
3957-HHLMR,2024-01-10,70,one_year,bank_transfer,dsl,65.2,4543.15,1,0,0,0,0,1,1,0,1,1,0,0
8436-BJUMM,2024-01-10,26,month_to_month,electronic_check,fiber_optic,83.75,2070.6,0,0,0,0,1,0,1,0,1,1,1,1
1080-BWSYE,2024-01-10,64,two_year,credit_card,none,25.65,1740.8,0,0,0,0,0,0,1,1,1,0,0,0
2397-BRLOM,2024-01-10,8,month_to_month,credit_card,fiber_optic,80.45,583.45,0,0,0,0,1,0,0,1,1,1,1,1
5271-YNWVR,2024-01-10,68,two_year,electronic_check,fiber_optic,113.15,7856.0,1,1,1,1,1,1,1,0,1,1,1,1
1754-GKYPY,2024-01-10,22,month_to_month,bank_transfer,fiber_optic,89.75,1938.9,0,0,0,0,1,1,0,1,1,0,1,0
3262-EIDHV,2024-01-10,72,two_year,credit_card,dsl,84.7,5893.9,1,0,1,1,1,1,1,0,1,1,0,0
3070-FNFZQ,2024-01-10,23,two_year,bank_transfer,none,20.4,478.75,0,0,0,0,0,0,0,0,1,1,0,0
2770-NSVDG,2024-01-10,24,month_to_month,electronic_check,dsl,29.1,688.0,0,0,1,0,0,0,0,0,1,0,0,0
8063-RJYNF,2024-01-10,16,month_to_month,electronic_check,fiber_optic,94.25,1483.25,1,0,0,0,1,1,0,0,0,0,1,1
1110-KYLGQ,2024-01-10,63,month_to_month,credit_card,fiber_optic,108.25,6780.1,1,1,1,0,1,1,1,0,0,0,0,0
8265-HKSOW,2024-01-10,72,two_year,credit_card,fiber_optic,107.45,7658.3,1,1,1,1,0,1,1,0,1,1,0,0
3138-BKYAV,2024-01-10,6,month_to_month,electronic_check,fiber_optic,85.35,489.45,0,1,0,0,1,0,0,0,0,0,1,1
9391-YZEJW,2024-01-10,62,one_year,bank_transfer,fiber_optic,94.0,5757.2,0,0,0,0,1,1,1,0,0,0,1,0
1991-VOPLL,2024-01-10,9,month_to_month,mailed_check,none,19.05,157.65,0,0,0,0,0,0,0,0,0,0,0,0
5406-KGRMX,2024-01-10,71,two_year,electronic_check,none,24.55,1719.15,0,0,0,0,0,0,1,0,0,0,0,0
4929-ROART,2024-01-10,18,month_to_month,mailed_check,dsl,56.25,969.85,1,0,0,0,0,0,1,0,0,0,0,0
6860-YRJZP,2024-01-10,9,month_to_month,electronic_check,fiber_optic,74.05,678.45,0,0,0,0,0,0,1,1,0,0,1,0
2302-ANTDP,2024-01-10,48,month_to_month,electronic_check,fiber_optic,117.45,5438.9,1,1,1,1,1,1,1,1,1,0,0,1
2729-VNVAP,2024-01-10,33,two_year,credit_card,none,19.8,641.35,0,0,0,0,0,0,0,0,1,1,0,0
9323-HGFWY,2024-01-10,27,one_year,credit_card,fiber_optic,101.9,2681.15,1,0,0,1,1,1,0,0,1,0,1,0
7208-PSIHR,2024-01-10,70,two_year,bank_transfer,fiber_optic,104.3,7188.5,0,0,1,1,1,1,1,0,1,0,1,0
5505-OVWQW,2024-01-10,17,one_year,mailed_check,none,20.15,353.65,0,0,0,0,0,0,0,0,0,0,0,0
3413-CSSTH,2024-01-10,41,month_to_month,bank_transfer,dsl,55.7,2237.55,0,0,1,0,0,0,1,0,0,0,1,0
0015-UOCOJ,2024-01-10,7,month_to_month,electronic_check,dsl,48.2,340.35,1,0,0,0,0,0,0,1,0,0,1,0
5998-VVEJY,2024-01-10,26,month_to_month,electronic_check,fiber_optic,80.5,2088.8,0,0,0,1,0,0,1,0,0,0,1,1
2709-UQGNP,2024-01-10,10,month_to_month,mailed_check,dsl,51.65,524.5,1,0,0,0,0,0,0,0,0,0,1,0
1139-WUOAH,2024-01-10,57,two_year,credit_card,dsl,53.35,3090.05,0,0,1,1,1,1,0,0,0,0,0,0
8221-EQDGL,2024-01-10,35,month_to_month,mailed_check,dsl,61.0,2130.45,1,1,1,0,0,0,0,0,1,0,0,0
3956-MGXOG,2024-01-10,28,month_to_month,electronic_check,fiber_optic,80.6,2244.95,0,0,0,0,0,1,0,0,0,0,1,0
1162-ECVII,2024-01-10,72,two_year,bank_transfer,fiber_optic,109.75,7932.5,0,1,1,1,1,1,1,1,1,0,1,0
9774-NRNAU,2024-01-10,27,month_to_month,bank_transfer,dsl,84.8,2309.55,0,1,1,1,1,1,1,1,1,0,1,0
7558-IMLMT,2024-01-10,67,two_year,mailed_check,none,20.8,1411.9,0,0,0,0,0,0,0,0,1,1,1,0
9932-WBWIK,2024-01-10,11,month_to_month,mailed_check,none,20.35,215.25,0,0,0,0,0,0,0,0,0,0,0,0
8634-CILSZ,2024-01-10,69,one_year,bank_transfer,fiber_optic,104.7,7220.35,0,1,0,1,1,1,1,0,0,0,1,1
4472-VESGY,2024-01-10,52,month_to_month,bank_transfer,fiber_optic,98.15,4993.4,1,1,1,0,0,1,1,0,1,1,0,0
0254-KCJGT,2024-01-10,52,one_year,credit_card,dsl,81.4,4354.45,1,1,1,1,0,1,1,0,1,0,1,0
3778-FOAQW,2024-01-10,24,one_year,mailed_check,none,20.15,456.85,0,0,0,0,0,0,0,0,1,0,0,0
3239-TPHPZ,2024-01-10,12,two_year,electronic_check,none,20.05,264.55,0,0,0,0,0,0,0,0,1,0,1,0
6142-VSJQO,2024-01-10,1,month_to_month,bank_transfer,dsl,44.35,44.35,0,0,0,0,0,0,0,0,1,1,1,1
2266-FUBDZ,2024-01-10,15,two_year,mailed_check,none,19.35,278.85,0,0,0,0,0,0,0,0,1,1,0,0
5698-BQJOH,2024-01-10,9,month_to_month,electronic_check,fiber_optic,94.4,857.25,0,0,0,0,1,1,1,0,0,0,0,1
4521-YEEHE,2024-01-10,18,month_to_month,electronic_check,fiber_optic,88.85,1594.75,0,0,0,1,1,0,1,0,1,0,1,0
7996-MHXLW,2024-01-10,66,two_year,credit_card,none,25.15,1683.6,0,0,0,0,0,0,1,0,0,0,1,0
2725-IWWBA,2024-01-10,46,one_year,mailed_check,dsl,56.9,2560.1,1,0,1,1,0,0,0,0,1,1,0,0
0388-EOPEX,2024-01-10,2,month_to_month,electronic_check,fiber_optic,74.4,139.4,1,0,0,0,0,0,0,0,1,0,1,1
5686-CMAWK,2024-01-10,17,one_year,electronic_check,fiber_optic,86.75,1410.25,0,0,1,1,0,0,1,0,0,0,0,0
1929-ZCBHE,2024-01-10,47,one_year,electronic_check,dsl,40.3,1794.8,1,0,1,1,0,0,0,0,1,1,0,0
8041-TMEID,2024-01-10,63,two_year,credit_card,fiber_optic,108.5,6991.9,1,1,1,0,1,1,1,1,1,0,0,0
8073-IJDCM,2024-01-10,1,month_to_month,mailed_check,none,20.3,20.3,0,0,0,0,0,0,0,0,0,0,1,1
9769-TSBZE,2024-01-10,70,two_year,electronic_check,dsl,66.0,4891.5,1,1,0,1,0,0,1,0,0,1,0,0
9184-GALIL,2024-01-10,38,month_to_month,mailed_check,none,20.45,781.25,0,0,0,0,0,0,0,0,1,1,0,0
4121-AGSIN,2024-01-10,58,one_year,credit_card,none,24.5,1497.9,0,0,0,0,0,0,1,0,1,1,1,0
7945-HLKEA,2024-01-10,60,one_year,electronic_check,dsl,64.75,4039.5,1,0,1,1,0,0,1,0,0,0,0,0
2088-IEBAU,2024-01-10,68,two_year,electronic_check,dsl,88.15,6148.45,1,1,1,1,1,1,1,0,0,0,1,0
0657-DOGUM,2024-01-10,48,one_year,bank_transfer,dsl,60.6,2985.25,1,0,0,1,0,0,1,0,1,0,1,0
9137-UIYPG,2024-01-10,35,month_to_month,electronic_check,fiber_optic,106.9,3756.45,1,0,1,1,1,1,0,0,1,1,1,0
7649-SIJJF,2024-01-10,71,two_year,mailed_check,dsl,80.1,5585.4,1,1,1,1,0,1,1,0,1,0,1,0
5095-ETBRJ,2024-01-10,55,two_year,mailed_check,dsl,56.8,3112.05,1,1,0,1,0,0,0,0,1,0,0,0
2800-QQUSO,2024-01-10,42,month_to_month,electronic_check,fiber_optic,100.3,4222.95,0,0,0,1,1,1,1,0,0,0,1,0
5827-MWCZK,2024-01-10,56,month_to_month,credit_card,fiber_optic,96.95,5432.2,0,1,0,1,1,0,1,0,1,1,1,0
0384-LPITE,2024-01-10,40,one_year,credit_card,dsl,62.05,2511.55,1,1,1,0,1,1,0,0,0,0,0,0
8565-WUXZU,2024-01-10,72,two_year,credit_card,fiber_optic,84.8,6141.65,1,1,0,1,0,0,0,1,1,0,1,0
7739-LAXOG,2024-01-10,32,month_to_month,bank_transfer,fiber_optic,91.05,2954.5,0,0,1,0,0,1,1,0,1,1,1,1
3842-IYKUE,2024-01-10,35,month_to_month,credit_card,fiber_optic,85.3,2917.5,0,1,0,1,0,0,1,0,0,0,0,1
0348-SDKOL,2024-01-10,58,month_to_month,credit_card,fiber_optic,102.1,5885.4,0,0,1,1,1,1,1,0,1,0,1,1
2192-OZITF,2024-01-10,45,two_year,mailed_check,dsl,73.55,3349.1,1,0,0,1,0,1,1,0,0,0,0,0
0867-MKZVY,2024-01-10,20,month_to_month,electronic_check,fiber_optic,82.4,1592.35,1,0,0,0,0,0,1,0,1,0,0,1
4983-CCWMC,2024-01-10,3,month_to_month,mailed_check,fiber_optic,69.6,207.4,0,0,0,0,0,0,0,0,0,0,1,0
6369-MCAKO,2024-01-10,68,two_year,bank_transfer,dsl,89.05,6185.8,1,1,1,1,1,1,1,0,1,1,1,0
1518-VOWAV,2024-01-10,9,month_to_month,electronic_check,dsl,74.65,703.55,1,1,0,0,1,1,0,0,0,0,1,1
4948-WBBKL,2024-01-10,36,month_to_month,bank_transfer,fiber_optic,74.9,2659.45,0,0,0,0,0,0,1,1,0,0,1,0
7041-TXQJH,2024-01-10,37,month_to_month,credit_card,dsl,40.2,1478.85,0,0,1,0,0,1,0,0,0,0,1,0
0812-WUPTB,2024-01-10,1,month_to_month,mailed_check,fiber_optic,70.85,70.85,0,0,0,0,0,0,0,1,1,0,0,1
5376-PCKNB,2024-01-10,72,one_year,credit_card,fiber_optic,104.45,7459.0,0,1,1,0,1,1,1,0,1,1,1,0
0137-OCGAB,2024-01-10,1,month_to_month,mailed_check,fiber_optic,80.2,80.2,0,1,0,0,0,0,1,0,0,0,1,1
8400-WZICQ,2024-01-10,55,month_to_month,electronic_check,dsl,55.7,3131.8,1,1,0,0,0,0,0,0,1,1,0,0
3422-WJOYD,2024-01-10,28,one_year,mailed_check,dsl,54.35,1426.45,1,0,0,1,0,0,0,0,1,0,0,0
5762-TJXGK,2024-01-10,52,two_year,bank_transfer,dsl,58.75,3038.55,1,1,1,0,1,1,0,0,0,0,1,0
8720-RQSBJ,2024-01-10,1,month_to_month,electronic_check,dsl,44.0,44.0,0,0,0,0,0,0,0,1,0,0,0,0
4522-XRWWI,2024-01-10,42,one_year,credit_card,dsl,80.45,3375.9,1,0,0,1,1,1,1,0,1,0,0,0
0701-RFGFI,2024-01-10,49,month_to_month,bank_transfer,fiber_optic,95.4,4613.95,0,0,0,0,1,1,1,0,1,1,1,0
9909-DFRJA,2024-01-10,26,one_year,bank_transfer,fiber_optic,95.85,2475.35,1,0,1,1,0,1,0,0,0,0,1,0
3451-VAWLI,2024-01-10,35,two_year,credit_card,none,19.7,730.4,0,0,0,0,0,0,0,0,1,1,0,0
3413-BMNZE,2024-01-10,1,month_to_month,bank_transfer,dsl,45.25,45.25,0,0,0,0,0,0,0,1,0,0,0,0
3657-COGMW,2024-01-10,52,month_to_month,credit_card,fiber_optic,108.1,5839.3,1,1,1,0,1,1,1,1,0,0,0,0
8823-RLPWL,2024-01-10,72,two_year,credit_card,fiber_optic,110.65,8065.65,1,1,1,0,1,1,1,0,1,0,1,0
8868-GAGIO,2024-01-10,45,month_to_month,mailed_check,fiber_optic,84.55,3713.95,1,0,1,0,0,0,1,0,1,0,1,0
9851-QXEEQ,2024-01-10,41,month_to_month,electronic_check,fiber_optic,104.7,4346.4,0,1,1,0,1,1,1,0,0,0,1,1
7609-YBPXG,2024-01-10,54,two_year,bank_transfer,dsl,87.1,4735.2,1,0,1,1,1,1,1,0,0,0,0,0
5180-UCIIQ,2024-01-10,22,month_to_month,mailed_check,dsl,40.05,880.2,1,0,0,0,0,1,0,1,1,1,0,1
3084-DOWLE,2024-01-10,72,two_year,bank_transfer,dsl,92.0,6474.4,1,1,1,1,1,1,1,0,1,0,0,0
8198-RKSZG,2024-01-10,14,month_to_month,credit_card,dsl,80.45,1137.05,0,1,0,1,1,1,1,0,1,1,0,0
8857-CUPFQ,2024-01-10,63,two_year,mailed_check,none,19.25,1237.65,0,0,0,0,0,0,0,0,1,0,0,0
3546-GHEAE,2024-01-10,7,two_year,mailed_check,none,19.45,165.35,0,0,0,0,0,0,0,0,0,0,0,0
6614-FHDBO,2024-01-10,72,two_year,bank_transfer,fiber_optic,109.2,7878.3,0,1,1,1,1,1,1,0,0,0,0,0
4958-GZWIY,2024-01-10,7,month_to_month,electronic_check,dsl,48.7,340.25,0,0,1,0,0,0,0,0,1,1,0,1
4373-VVHQL,2024-01-10,1,month_to_month,electronic_check,dsl,44.75,44.75,0,0,0,0,0,0,0,0,0,0,1,0
5839-SUYVZ,2024-01-10,16,month_to_month,credit_card,fiber_optic,74.55,1170.5,0,0,0,1,0,0,0,0,0,0,1,0
9481-SFCQY,2024-01-10,14,month_to_month,credit_card,dsl,59.8,824.85,0,0,1,0,1,0,0,0,0,1,1,0
5376-DEQCP,2024-01-10,1,month_to_month,electronic_check,fiber_optic,70.6,70.6,0,0,0,0,0,0,0,0,0,0,1,1
5872-OEQNH,2024-01-10,60,one_year,electronic_check,dsl,44.45,2773.9,1,0,1,0,0,1,0,0,0,0,1,0
7409-KIUTL,2024-01-10,1,month_to_month,electronic_check,fiber_optic,71.0,71.0,0,0,0,0,0,0,0,1,0,1,1,1
7779-ORAEL,2024-01-10,45,two_year,credit_card,dsl,75.15,3480.35,1,0,1,1,0,1,1,1,1,0,0,0
0887-HJGAR,2024-01-10,1,month_to_month,mailed_check,dsl,45.7,45.7,0,0,0,0,0,0,0,0,0,0,1,1
3886-CERTZ,2024-01-10,72,one_year,electronic_check,fiber_optic,109.25,8109.8,0,1,1,1,1,1,1,0,1,0,1,1
0895-LNKRC,2024-01-10,6,one_year,mailed_check,none,19.45,113.5,0,0,0,0,0,0,0,0,1,1,0,0
5501-TVMGM,2024-01-10,1,month_to_month,electronic_check,dsl,55.25,55.25,0,0,0,0,0,1,0,0,0,0,1,0
8096-LOIST,2024-01-10,19,month_to_month,electronic_check,dsl,56.2,1093.4,0,0,0,0,0,1,0,0,0,0,1,0
1904-WAJAA,2024-01-10,24,two_year,electronic_check,dsl,64.35,1558.65,1,1,1,0,0,0,1,0,1,1,0,0
2612-PHGOX,2024-01-10,64,two_year,bank_transfer,dsl,76.1,4818.8,0,1,1,1,1,0,1,0,1,0,1,0
8563-OYMQY,2024-01-10,17,month_to_month,credit_card,fiber_optic,90.95,1612.2,0,1,1,0,0,1,0,0,0,0,1,0
8455-HIRAQ,2024-01-10,8,month_to_month,mailed_check,dsl,44.45,369.3,0,0,0,0,0,0,0,0,0,0,0,0
0516-QREYC,2024-01-10,24,month_to_month,mailed_check,none,20.3,459.95,0,0,0,0,0,0,0,1,0,0,1,0
2371-JUNGC,2024-01-10,11,month_to_month,mailed_check,none,20.25,208.0,0,0,0,0,0,0,0,0,0,0,0,0
8017-UVSZU,2024-01-10,40,month_to_month,credit_card,dsl,56.6,2379.1,0,1,0,0,0,0,1,0,1,0,0,0
8966-KZXXA,2024-01-10,36,two_year,credit_card,none,25.1,930.95,0,0,0,0,0,0,1,0,1,1,0,0
2834-JRTUA,2024-01-10,71,two_year,electronic_check,fiber_optic,108.05,7532.15,1,0,1,1,1,1,1,0,0,0,1,1
8295-FHIVV,2024-01-10,7,month_to_month,mailed_check,none,19.4,168.65,0,0,0,0,0,0,0,0,0,0,1,0
8543-MSDMF,2024-01-10,3,month_to_month,electronic_check,dsl,77.4,206.15,1,0,1,0,1,1,0,0,0,0,1,0
5380-XPJNZ,2024-01-10,38,one_year,mailed_check,none,20.05,678.2,0,0,0,0,0,0,0,0,0,0,0,0
4367-NUYAO,2024-01-10,0,two_year,mailed_check,none,25.75,0.0,0,0,0,0,0,0,1,0,1,1,0,0
9399-APLBT,2024-01-10,1,month_to_month,electronic_check,fiber_optic,74.7,74.7,0,1,0,0,0,0,0,0,1,1,1,1
2115-BFTIW,2024-01-10,25,month_to_month,mailed_check,fiber_optic,70.95,1767.35,0,0,0,0,0,0,0,0,0,0,0,1
0902-XKXPN,2024-01-10,69,two_year,bank_transfer,none,20.2,1376.5,0,0,0,0,0,0,0,0,1,1,0,0
2974-GGUXS,2024-01-10,36,month_to_month,credit_card,fiber_optic,91.95,3301.05,0,1,0,0,1,0,1,1,1,0,1,0
6211-WWLTF,2024-01-10,63,two_year,credit_card,fiber_optic,99.7,6330.4,1,0,1,0,1,1,0,0,1,0,0,0
7526-BEZQB,2024-01-10,12,month_to_month,electronic_check,fiber_optic,96.05,1148.1,0,0,0,0,1,1,1,0,0,0,1,1
4804-NCPET,2024-01-10,19,two_year,mailed_check,none,20.2,387.4,0,0,0,0,0,0,0,0,1,1,0,0
4660-IRIBM,2024-01-10,18,month_to_month,mailed_check,fiber_optic,87.9,1500.5,1,0,1,0,1,0,0,0,1,1,1,0
1422-DGUBX,2024-01-10,32,one_year,electronic_check,fiber_optic,79.25,2619.15,0,0,0,1,0,0,1,0,1,0,1,0
0899-WZRSD,2024-01-10,56,month_to_month,mailed_check,fiber_optic,105.35,5794.45,1,0,0,1,1,1,1,0,0,0,1,0
8053-WWDRO,2024-01-10,6,month_to_month,bank_transfer,none,19.5,146.3,0,0,0,0,0,0,0,0,1,0,0,1
8314-DPQHL,2024-01-10,9,one_year,mailed_check,dsl,50.8,463.6,1,0,1,1,0,1,0,0,0,0,0,0
3648-GZPHF,2024-01-10,32,one_year,mailed_check,dsl,36.25,1151.05,0,0,1,1,0,0,0,0,1,1,1,0
6847-KJLTS,2024-01-10,58,month_to_month,bank_transfer,fiber_optic,100.4,5749.8,0,0,0,1,1,1,1,1,1,0,1,0
7318-EIVKO,2024-01-10,8,month_to_month,electronic_check,dsl,59.25,436.6,0,0,0,0,1,0,1,0,0,0,1,0
3137-NYQQI,2024-01-10,17,one_year,mailed_check,dsl,64.8,1175.6,1,1,0,0,0,1,0,0,1,0,0,0
9365-SRSZE,2024-01-10,27,month_to_month,electronic_check,fiber_optic,70.55,1943.9,0,0,0,0,0,0,0,1,1,0,1,0
2876-GZYZC,2024-01-10,13,month_to_month,electronic_check,fiber_optic,85.95,1215.65,0,0,0,0,0,1,1,0,0,0,1,0
1936-CZAKF,2024-01-10,49,two_year,credit_card,dsl,49.65,2409.9,0,1,0,0,1,1,0,0,1,0,0,0
8908-SLFCJ,2024-01-10,21,two_year,credit_card,none,20.85,435.25,0,0,0,0,0,0,0,0,0,0,1,0
3739-YBWAB,2024-01-10,36,one_year,mailed_check,dsl,35.35,1317.95,1,0,1,0,0,0,0,0,1,0,0,0
3296-SILRA,2024-01-10,1,month_to_month,mailed_check,fiber_optic,76.4,76.4,0,1,0,0,0,0,0,1,1,0,1,1
8215-NGSPE,2024-01-10,42,two_year,mailed_check,none,20.0,833.55,0,0,0,0,0,0,0,0,1,1,0,0
8652-YHIYU,2024-01-10,16,one_year,credit_card,fiber_optic,79.5,1264.2,0,0,0,1,0,0,1,0,0,1,1,0
6386-SZZKH,2024-01-10,49,two_year,bank_transfer,fiber_optic,107.95,5293.2,0,1,1,1,1,1,1,0,1,1,1,1
9076-AXYIK,2024-01-10,64,two_year,electronic_check,fiber_optic,102.1,6538.45,0,0,1,1,1,1,1,1,1,0,0,0
3278-FSIXX,2024-01-10,2,month_to_month,mailed_check,dsl,45.25,74.2,0,0,0,0,0,0,0,0,0,0,1,0
6408-WHTEF,2024-01-10,72,two_year,mailed_check,dsl,89.4,6376.55,1,1,1,1,1,1,1,0,1,1,1,0
6032-IGALN,2024-01-10,1,month_to_month,mailed_check,dsl,25.1,25.1,0,0,0,0,0,0,0,0,0,0,1,1
0684-AOSIH,2024-01-10,1,month_to_month,electronic_check,fiber_optic,95.0,95.0,1,0,0,0,1,1,0,0,1,0,1,1
5982-PSMKW,2024-01-10,23,two_year,credit_card,dsl,91.1,2198.3,1,1,1,1,1,1,1,0,1,1,1,0
8044-BGWPI,2024-01-10,12,month_to_month,electronic_check,none,21.15,306.05,0,0,0,0,0,0,0,0,1,1,1,0
7450-NWRTR,2024-01-10,12,month_to_month,electronic_check,fiber_optic,99.45,1200.15,0,0,1,0,1,1,1,1,0,0,1,1
4795-UXVCJ,2024-01-10,26,one_year,credit_card,none,19.8,457.3,0,0,0,0,0,0,0,0,0,0,0,0
