vehicle_id,vehicle_model,engine_temp,speed,latitude,longitude,battery_efficiency,miles
EV-072,Kona Electric,34.6,11.2,13.07217,80.30575,3.86,2537.2
EV-078,Nexon EV,30.5,13.2,13.07675,80.28382,3.75,11186
EV-087,Model Y,32.2,46.9,13.07709,80.16566,3.24,12351.1
EV-062,Model 3,40.4,52.5,13.15312,80.3528,3.52,12838.9
EV-040,Kona Electric,31.9,31.5,13.09846,80.36474,3.72,1604.3
EV-085,Ioniq 5,30.5,0,13.10082,80.18742,3.52,8368.5
EV-080,Model 3,36.8,58.5,13.19684,80.29709,3.91,12132.2
EV-082,Model 3,44.8,54.9,13.23283,80.24968,3.75,1927.6
EV-053,Kona Electric,35.7,60.8,12.98422,80.36589,3.93,1497.3
EV-024,Model Y,40.6,0,12.95639,80.26407,3.61,12255
EV-026,Nexon EV,35.8,0,13.05475,80.26624,4.25,11952.1
EV-089,XUV400,45,32.8,13.14535,80.41637,4.06,6733.2
EV-060,Model Y,35.3,0,13.11278,80.16787,3.78,1650.1
EV-041,Ioniq 5,34.4,29.4,13.16703,80.29054,4.64,7744.3
EV-029,Ioniq 5,32.4,41.2,13.05131,80.27779,4.05,5925.1
EV-015,Model Y,32.3,17.6,12.92616,80.22241,3.79,7780.6
EV-045,MG ZS EV,39.4,0,12.97336,80.43389,4.11,6601.2
EV-065,Model 3,34.8,25.3,13.12788,80.29762,3.62,8529.9
EV-089,XUV400,35.3,0,13.16764,80.32444,3.93,10908.3
EV-071,Model Y,33,0,12.93016,80.33587,4.81,11624
EV-009,Model 3,37.1,32.3,13.19555,80.24503,3.29,9736.5
EV-088,Ioniq 5,34.8,11.7,13.11987,80.37004,3.79,2988.1
EV-001,Kona Electric,41.1,54.9,13.07707,80.35394,3.74,5959.9
EV-008,Kona Electric,33,42.5,13.03255,80.26093,3.85,1073
EV-088,Ioniq 5,34.9,35.3,13.20999,80.34576,3.8,6777.8
EV-063,Model 3,36.8,27.4,13.15446,80.36989,4.68,14555.2
EV-011,Kona Electric,38.1,44.2,13.12197,80.33431,3.78,9627.8
EV-081,Model Y,31.1,11.5,13.02419,80.20388,4.16,2323.4
EV-008,Kona Electric,37.5,28.9,13.21183,80.26331,3.75,4032.3
EV-035,MG ZS EV,36.1,66,13.08513,80.30873,3.74,973.3
EV-035,MG ZS EV,25.9,0,13.10662,80.29087,4.37,2740.3
EV-033,Nexon EV,35.2,14,13.08854,80.21109,3.97,7320.2
EV-005,MG ZS EV,30,32.9,13.02146,80.24777,3.77,5176.1
EV-041,Ioniq 5,35.7,19.6,13.10828,80.29885,3.95,3063.4
EV-028,Model 3,26.2,33.2,13.13846,80.14996,4.21,2203.2
EV-007,XUV400,35.6,60.5,13.04737,80.27225,4.04,9842.8
EV-073,Model Y,30.4,0,13.10143,80.32643,4.1,8373.7
EV-072,Kona Electric,27.2,26.6,13.08738,80.29334,3.97,12640.4
EV-012,MG ZS EV,35,40.3,13.15591,80.2021,4.51,2752.9
EV-034,MG ZS EV,41.7,31.8,13.05878,80.21618,3.75,12720.5
EV-033,Nexon EV,25.6,0,13.10083,80.38966,3.84,8670.8
EV-048,Model Y,37.4,59,13.11767,80.19569,4.44,3997
EV-023,Model 3,44,29.1,13.05697,80.36555,3.96,4106.9
EV-062,Model 3,33.5,56.6,13.01667,80.22099,4.03,5858.8
EV-088,Ioniq 5,44.7,48,13.02969,80.36111,3.59,6904.6
EV-037,Model 3,34.9,35.8,13.11544,80.31399,4.4,1242.2
EV-099,Kona Electric,36.6,34,13.06387,80.24286,3.54,12630.8
EV-044,Ioniq 5,44,46.4,13.06281,80.12938,3.48,1827.5
EV-086,Model 3,29.6,0,13.13103,80.30259,4.36,7254.5
EV-091,Model 3,43,65.5,13.16426,80.28523,3.45,5747.6
EV-035,MG ZS EV,39.6,26.3,13.17804,80.30381,3.9,7686.7
EV-065,Model 3,31.9,26.3,13.0337,80.31385,4.17,13312.8
EV-099,Kona Electric,31,23.2,13.15652,80.16557,3.88,14836.4
EV-047,Kona Electric,37.4,54.4,13.2495,80.30216,3.39,309
EV-078,Nexon EV,38.9,66,13.09279,80.3301,3.35,5901.6
EV-003,XUV400,30.8,35.3,13.07684,80.32916,3.61,12265.1
EV-001,Kona Electric,28.8,0,13.06016,80.17046,4.46,4902.4
EV-005,MG ZS EV,22.2,63.1,12.9976,80.36304,4.12,9737.3
EV-090,Kona Electric,33.6,26.8,13.15008,80.305,3.66,14883.9
EV-014,XUV400,36.5,0,13.07719,80.31514,4.17,9703.3
EV-027,Model Y,27.7,33.9,13.07072,80.19904,3.89,1672.3
EV-009,Model 3,31.7,16.7,13.13769,80.33127,4.58,12644.8
EV-079,Model Y,51.4,59.7,13.14506,80.13279,4.56,14500
EV-015,Model Y,34.7,23.5,13.03463,80.20284,4.29,10689.1
EV-090,Kona Electric,39.3,4.4,13.03654,80.37203,3.79,6288.9
EV-042,Ioniq 5,28,9.1,13.03299,80.32739,3.54,14226.3
EV-077,Ioniq 5,40.2,49.7,13.25178,80.29402,4,14528.7
EV-051,XUV400,29.6,29.2,13.20087,80.3462,3.94,14027.1
EV-063,Model 3,36.2,18.4,13.13926,80.35176,3.42,6180.2
EV-096,Ioniq 5,38.5,19.1,13.05267,80.33133,4.03,11846.7
EV-052,MG ZS EV,42.4,61.1,13.06215,80.25331,4.52,9814.4
EV-096,Ioniq 5,32.6,19.4,13.11177,80.20046,4.32,2699.7
EV-004,Kona Electric,33.4,0,13.25943,80.21763,3.54,8035
EV-094,Model 3,38,38.3,13.10581,80.38355,3.99,11216.6
EV-023,Model 3,39.7,36.7,13.12341,80.16866,4.15,13439.2
EV-015,Model Y,31.4,0,12.87878,80.30997,4.2,12939.7
EV-043,Kona Electric,43.3,55.2,13.10331,80.31009,3.14,2324.1
EV-029,Ioniq 5,43.1,32.5,12.97119,80.38814,3.95,7323.1
EV-036,Kona Electric,37.6,59.9,13.04374,80.30986,3.81,7176.6
EV-013,MG ZS EV,34.9,22.5,13.08645,80.23684,3.93,13481.6
EV-032,Nexon EV,34.9,61.9,13.05853,80.2381,2.89,34
EV-071,Model Y,33.7,0,13.03182,80.27024,3.94,11082
EV-059,Nexon EV,37.9,35.1,13.03254,80.36131,4.31,9281.5
EV-086,Model 3,38,47.4,13.06582,80.33522,3.72,13824
EV-028,Model 3,39.4,56.2,13.06232,80.18384,3.59,6856.5
EV-066,XUV400,44.8,26.4,13.08432,80.29299,4.56,9866.8
EV-042,Ioniq 5,21.6,33.5,13.07834,80.33672,3.92,14591.3
EV-045,MG ZS EV,35.7,51.4,13.18501,80.25173,3.92,11159.8
EV-062,Model 3,32.6,19,12.91873,80.0979,3.25,1015.4
EV-057,Model 3,46,56.4,13.1023,80.25498,3.34,2517.2
EV-006,XUV400,42.1,64.5,13.08838,80.15189,4.49,12322.7
EV-028,Model 3,34.5,0,13.07196,80.13922,4.66,5025.3
EV-028,Model 3,38.3,0,13.02624,80.35591,4.19,10590.2
EV-044,Ioniq 5,32.7,13,13.07072,80.47238,3.09,10498.9
EV-084,Ioniq 5,37,14.8,12.95202,80.37984,3.47,14905.5
EV-030,XUV400,31.7,19.8,13.09924,80.06185,3.46,7050.7
EV-062,Model 3,33,52.3,13.11374,80.25686,3.31,11068.8
EV-075,Kona Electric,41.9,7.3,13.02637,80.22352,3.85,736
EV-092,Model 3,41.9,67,13.23796,80.15303,3.87,6941.6
EV-089,XUV400,38.1,23.7,13.07306,80.30789,3.75,2804.3
EV-062,Model 3,29.3,22.2,13.08623,80.25592,3.88,12609.4
EV-097,Model Y,34.6,0,13.18956,80.17757,3.88,12599.4
EV-001,Kona Electric,45.8,41.2,13.25407,80.10619,4.35,3549.3
EV-027,Model Y,34.5,32.2,12.99283,80.22199,4.36,4777.7
EV-062,Model 3,28.1,19.6,13.03653,80.27133,4.06,10538.7
EV-077,Ioniq 5,39.7,56.3,13.07449,80.26123,4.29,11075.3
EV-003,XUV400,29.8,24.6,13.02327,80.35572,3.85,9866.2
EV-070,Kona Electric,28.9,39.5,13.15039,80.29774,4.7,14950.4
EV-072,Kona Electric,31.1,23.3,13.01446,80.24313,3.76,13030.9
EV-027,Model Y,29.5,0,13.18403,80.20532,3.21,6258.8
EV-009,Model 3,28.3,10.6,13.13259,80.12903,3.49,4908
EV-062,Model 3,39.4,6.2,13.17582,80.1834,3.46,8954.8
EV-037,Model 3,46.2,39.8,13.01482,80.37937,3.69,12265.5
EV-097,Model Y,35.1,0,13.05202,80.33987,4.45,7132.8
EV-051,XUV400,36,17.1,13.15454,80.2938,3.82,11066.7
EV-044,Ioniq 5,38.5,60.4,13.14003,80.23117,3.15,292.3
EV-024,Model Y,30.6,25.7,13.05975,80.36998,3.42,13888
EV-079,Model Y,42.5,20.8,13.07114,80.18981,3.98,11608.7
EV-059,Nexon EV,34.4,22.4,13.04795,80.19073,4.61,5915.9
EV-032,Nexon EV,34.6,40.8,13.06898,80.26322,4.09,5763.3
EV-096,Ioniq 5,42.3,43.4,13.00547,80.09605,4.38,1547.8
EV-088,Ioniq 5,34.2,21.1,12.99204,80.18754,4.16,12243.2
EV-052,MG ZS EV,41,34.1,13.16313,80.2518,3.39,11530.6
EV-062,Model 3,31.4,12.2,13.06627,80.2338,4.24,9455.6
EV-058,Model Y,41.7,38.2,13.17481,80.19164,3.54,1526.3
EV-052,MG ZS EV,41,33.9,13.13038,80.43353,3.83,3938.8
EV-012,MG ZS EV,42,27.7,13.10766,80.37976,3.71,6886.4
EV-039,Model Y,34.6,51,13.02588,80.40787,3.84,3993.2
EV-002,Model Y,32.9,10.9,12.98584,80.26278,3.9,6512.4
EV-003,XUV400,45.6,32.1,13.04615,80.23161,3.84,3393.2
EV-056,Kona Electric,36.2,45,13.20525,80.39883,3.89,5247.3
EV-081,Model Y,36.1,0,13.15382,80.27752,4.11,9786.2
EV-059,Nexon EV,46.6,26.5,13.03867,80.18586,3.87,13386
EV-002,Model Y,27.6,40.4,13.04706,80.19142,3.93,5778.5
EV-002,Model Y,37.6,58.7,13.00837,80.24475,4.52,10380.2
EV-092,Model 3,36,33.6,12.95893,80.26894,4.42,2026.2
EV-054,XUV400,28.7,47.7,13.09083,80.27722,3.75,8114.6
EV-087,Model Y,35.7,49.8,13.22071,80.25601,3.95,13826
EV-096,Ioniq 5,33,49,13.22171,80.45787,3.93,423.9
EV-097,Model Y,36.3,0,13.13133,80.16245,4.03,4017
EV-001,Kona Electric,29.4,50.7,13.03449,80.32452,3.88,1991.7
EV-019,Model 3,44.2,23.3,12.96674,80.2325,4.03,7999.2
EV-002,Model Y,41.2,48.1,13.16646,80.2676,3.84,10196.2
EV-053,Kona Electric,28.2,12.6,13.11848,80.34594,3.75,871.4
EV-044,Ioniq 5,37.1,0,13.0574,80.12808,3.84,1058.9
EV-090,Kona Electric,41.8,56.4,13.04404,80.19503,3.08,13045.1
EV-032,Nexon EV,34.6,23.2,13.13073,80.26001,4.28,6846.2
EV-070,Kona Electric,34.6,51.5,13.01657,80.3888,4.06,6947
EV-032,Nexon EV,41.4,55.7,13.10184,80.38838,4.59,14169
EV-068,Model Y,33.8,9.8,12.98511,80.37288,3.52,4806.5
EV-055,Nexon EV,28.6,0,13.26098,80.09523,3.84,13455.9
EV-075,Kona Electric,28.6,27.6,13.02774,80.18672,4.47,14613.9
EV-056,Kona Electric,27.7,0,13.13457,80.19001,4.14,3629.2
EV-017,Ioniq 5,29.5,0,12.98686,80.26628,4.65,7713
EV-038,Model Y,44,51.7,13.06964,80.12246,4.46,8017.7
EV-024,Model Y,39.6,27.4,13.15347,80.35853,3.03,12993.2
EV-069,Model Y,33.2,29,13.17078,80.11115,4.1,4562.1
EV-098,Ioniq 5,37.6,64,13.14376,80.3533,3.72,11971.6
EV-070,Kona Electric,40.1,26,13.07164,80.34037,3.99,14565.3
EV-086,Model 3,37.6,35.7,13.02942,80.18315,3.83,12605.8
EV-011,Kona Electric,39.6,52.4,12.99649,80.37166,4.48,13637.6
EV-016,MG ZS EV,28.5,0,13.203,80.24404,3.99,10626.8
EV-097,Model Y,37.7,52.8,13.09097,80.22328,2.59,13559.8
EV-073,Model Y,38.5,54.3,13.10576,80.23698,3.64,2476.9
EV-059,Nexon EV,38.9,61.2,13.17593,80.24385,4.5,10686.9
EV-070,Kona Electric,39.4,31.3,13.12964,80.25121,3.55,10979.5
EV-080,Model 3,39,26.4,13.07251,80.25302,4.49,6590.5
EV-093,Model Y,28.9,12.7,13.14225,80.19947,4.42,1200.7
EV-003,XUV400,36.7,59.9,13.0329,80.21804,3.6,9338.5
EV-020,Model Y,34.3,48.1,12.95861,80.22497,4.01,783
EV-059,Nexon EV,40.8,15.8,13.19565,80.40452,3.97,5739.1
EV-036,Kona Electric,44.9,13.6,13.03956,80.22501,3.79,5908.1
EV-019,Model 3,29.7,0,13.05836,80.21987,3.73,14983.8
EV-090,Kona Electric,31.2,0,13.06541,80.39201,4.57,4500.5
EV-067,Model 3,42.7,54.3,13.03452,80.24494,3.74,12307.7
EV-019,Model 3,32.9,37.1,13.17081,80.19948,3.69,802.3
EV-020,Model Y,42,47.3,13.11266,80.18214,4.17,7948.8
EV-096,Ioniq 5,40.1,68.4,13.0584,80.15709,3.7,8052.7
EV-071,Model Y,27.4,34.1,12.98065,80.31399,3.4,9433.1
EV-052,MG ZS EV,26.7,10.4,13.107,80.12635,3.74,12151
EV-033,Nexon EV,32.9,21.2,12.88665,80.37841,3.32,11430
EV-040,Kona Electric,39.9,14.6,13.10132,80.26339,5.02,11416.3
EV-039,Model Y,34.8,60.3,13.19015,80.23573,3.55,6487.2
EV-082,Model 3,35,47.1,13.08786,80.25243,3.69,10913.4
EV-001,Kona Electric,38.1,42,13.17921,80.30774,3.8,7372.3
EV-011,Kona Electric,26.3,21.7,12.98437,80.23311,3.7,1008.9
EV-092,Model 3,33.5,0,13.24578,80.25536,3.93,13353.3
EV-057,Model 3,32,64.4,13.17048,80.35495,4.11,13353
EV-089,XUV400,34.8,0,13.12078,80.29845,4.04,4846.6
EV-050,MG ZS EV,30.7,23.1,13.03483,80.1707,3.44,13709
EV-023,Model 3,27.3,0,13.02154,80.21408,3.54,11371
EV-031,Model Y,36.8,29,13.07703,80.12819,4.07,6015
EV-094,Model 3,39.5,29.4,13.17892,80.31992,3.67,4975.9
EV-042,Ioniq 5,35.1,9.9,12.97746,80.32846,3.92,14627.3
EV-099,Kona Electric,38.8,47.8,13.08353,80.19595,5,10690.8
EV-007,XUV400,33.1,0,13.14144,80.45509,3.6,5685.3
EV-016,MG ZS EV,33.9,0,13.15705,80.46573,3.42,9631.5
EV-090,Kona Electric,37.2,25.1,13.1412,80.27252,3.7,8575
EV-060,Model Y,36.1,50.5,12.96929,80.20691,3.17,7870.5
EV-002,Model Y,40.3,42,13.17324,80.2926,4.51,9672.3
EV-001,Kona Electric,29.5,12.7,13.08808,80.20502,3.54,8066.7
EV-048,Model Y,37.5,0,12.99585,80.3467,3.61,9823.6
EV-012,MG ZS EV,41.6,47.7,13.08077,80.28401,3.41,13614
EV-069,Model Y,46.3,27.9,12.92601,80.28976,3.3,14899
EV-037,Model 3,40.6,50,13.12896,80.41143,3.88,10640.8
EV-032,Nexon EV,41.3,40,13.07248,80.22118,3.7,13917.7
EV-009,Model 3,29.5,44.3,12.98109,80.22438,3.28,12876.9
EV-099,Kona Electric,42.3,46.4,13.05949,80.33937,3.82,4429.1
EV-019,Model 3,37.9,0,13.0261,80.23694,4.15,13994
EV-048,Model Y,46.7,59.5,13.03121,80.39901,3.51,1066.8
EV-080,Model 3,34.1,12.5,12.90182,80.35074,4.24,4952.2
EV-003,XUV400,36.1,48.1,12.94893,80.24099,4.62,9601
EV-020,Model Y,26.6,0,13.06432,80.12577,4.33,7906.1
EV-024,Model Y,28.1,8.8,13.05056,80.15452,4.09,8138.5
EV-054,XUV400,34,17.6,13.16062,80.23216,4.32,11924.4
EV-033,Nexon EV,25.5,18.6,13.03216,80.30308,4.89,2924.6
EV-024,Model Y,31,23.7,13.04054,80.35888,3.42,14731.2
EV-075,Kona Electric,35,21.3,13.04428,80.25332,4.25,6564.7
EV-072,Kona Electric,32.3,0,13.06694,80.19959,3.6,14247.9
EV-036,Kona Electric,28.4,10.6,13.09002,80.25944,4.1,5749.8
EV-038,Model Y,31.9,50.8,13.05019,80.27233,3.35,9028.8
EV-084,Ioniq 5,31.3,39.5,13.1284,80.3751,4.3,6757.4
EV-099,Kona Electric,30.9,0,13.26672,80.37065,4.11,10140.6
EV-089,XUV400,47.2,38.3,13.01666,80.19055,4.57,2758.5
EV-099,Kona Electric,37.3,0,13.11405,80.30703,3.89,6012.4
EV-025,XUV400,40.1,58.6,13.08506,80.20239,3.61,1030.4
EV-093,Model Y,34.8,0,13.16646,80.20465,3.88,8973.5
EV-018,XUV400,44.3,60.3,13.09894,80.35379,4.68,14440.4
EV-082,Model 3,44,71.5,13.02458,80.25476,3.72,693.4
EV-066,XUV400,37.6,59.6,12.9895,80.32189,4.25,9896.2
EV-054,XUV400,31.5,31.4,13.13154,80.31348,4.29,11627.6
EV-035,MG ZS EV,36.5,42.5,12.996,80.26434,4.35,3200.6
EV-080,Model 3,42.6,46.1,13.1774,80.29734,3.39,4099.7
EV-061,Ioniq 5,33.6,24.7,13.12696,80.28701,3.78,3027.7
EV-041,Ioniq 5,28.5,16.9,13.08964,80.17866,3.75,4464.7
EV-100,Kona Electric,25.2,15,12.97772,80.30969,4.02,1655.7
EV-033,Nexon EV,33.3,16.2,13.13673,80.21422,3.96,5558.4
EV-068,Model Y,28.2,10.8,13.21204,80.18517,3.36,5537.1
EV-033,Nexon EV,31.9,17.1,13.04869,80.33907,4.02,12110
EV-014,XUV400,42.7,28.4,13.02335,80.22339,3.2,12015.4
EV-021,Ioniq 5,31.7,0,13.07534,80.35956,4.31,11951.9
EV-048,Model Y,28.2,0,13.12006,80.35857,4.04,8507.7
EV-020,Model Y,38.7,43,13.0402,80.23256,4.5,4891.6
EV-008,Kona Electric,41.6,0,13.15464,80.35617,4.09,6167.4
EV-007,XUV400,35.4,33,13.23556,80.23955,3.82,4769.6
EV-067,Model 3,24,31.4,13.10912,80.26523,3.37,8731
EV-017,Ioniq 5,40.3,42,13.0567,80.3102,3.84,14070
EV-033,Nexon EV,33.7,0,13.1179,80.43385,3.68,4271
EV-048,Model Y,35.6,26.2,13.17688,80.34597,4.15,6885.5
EV-076,MG ZS EV,37.4,54.5,13.09547,80.26608,3.64,9828.5
EV-059,Nexon EV,31.3,27.9,13.12151,80.27896,4.24,12671.2
EV-086,Model 3,39.6,0,13.13908,80.14405,4.54,3803.7
EV-022,Ioniq 5,29.1,52.1,13.01266,80.35108,3.29,4207.9
EV-030,XUV400,38.7,68.3,13.11943,80.34249,3.53,13278.1
EV-038,Model Y,33.4,25.5,12.97534,80.29338,3.98,1208.5
EV-051,XUV400,39.4,26.5,13.03003,80.32812,4.13,9083.7
EV-054,XUV400,43,40,13.17435,80.10868,4.27,12907.5
EV-008,Kona Electric,33.7,23.9,13.15238,80.18416,4.64,13826.5
EV-027,Model Y,37.3,36.5,13.06109,80.41482,3.56,195.2
EV-027,Model Y,40.5,59.4,13.21916,80.25008,3.08,5548.1
EV-098,Ioniq 5,37.7,3.4,12.97788,80.33129,4.08,3862.7
EV-021,Ioniq 5,39.6,20.5,13.06629,80.21097,4.18,8522.6
EV-030,XUV400,34.4,42.3,13.10471,80.23533,4.29,9494.8
EV-097,Model Y,40.6,53.8,12.85804,80.41907,3.52,14996.6
EV-028,Model 3,37.3,28.2,13.07009,80.2581,3.37,7693.9
EV-064,Nexon EV,36.4,41.2,12.99274,80.31258,4.49,8274.2
EV-097,Model Y,36.7,23.5,12.99456,80.28114,4.2,6217.6
EV-069,Model Y,36.1,32.9,13.06092,80.29041,3.85,2219.4
EV-061,Ioniq 5,36.3,29.1,12.93665,80.28768,3.14,4553.4
EV-048,Model Y,32.4,60,13.01806,80.11249,3.43,3708.5
EV-019,Model 3,30.9,28.8,12.93852,80.30887,4.28,12019.3
EV-004,Kona Electric,36.1,0,13.0926,80.22769,4.17,8189.5
EV-035,MG ZS EV,32,50.6,13.09105,80.41307,3.34,4446.4
EV-064,Nexon EV,34.4,0,13.05482,80.20889,4.25,7338.9
EV-049,Nexon EV,37.8,51.4,13.16242,80.23297,3.84,3286.9
EV-017,Ioniq 5,37.2,0,13.05901,80.46639,4.51,2781
EV-044,Ioniq 5,37.2,16.5,13.08085,80.32857,3.72,12899.8
EV-092,Model 3,29.7,0,13.01022,80.19203,3.75,14172.4
EV-030,XUV400,35.9,41.9,12.89844,80.28481,4.05,1204.8
EV-093,Model Y,26.6,37.4,13.07107,80.17307,3.83,11474.4
EV-046,Model Y,31.3,0,13.06062,80.29131,3.65,6802.4
EV-006,XUV400,28.7,25.1,13.21949,80.20635,4.74,5837.6
EV-099,Kona Electric,35.3,36.9,13.1361,80.41989,4.57,10342.7
EV-037,Model 3,33.7,40.7,13.04965,80.30437,3.62,3997.5
EV-024,Model Y,34.3,55.4,13.09403,80.3129,3.88,313.6
EV-093,Model Y,39.4,11.9,13.15526,80.34668,3.39,3214
EV-046,Model Y,32,53.4,13.12404,80.35563,4.51,2778
EV-053,Kona Electric,29.4,18.3,13.21621,80.21557,4.3,515.6
EV-095,Model 3,29.1,5.2,13.01955,80.2783,4.4,4823.1
EV-099,Kona Electric,29.6,0,13.1607,80.23506,3.9,7120.4
EV-060,Model Y,30,20,13.04887,80.43823,4.47,11038.8
EV-097,Model Y,36.7,54.4,13.09819,80.08788,4.28,4888.3
EV-063,Model 3,39.5,49.9,13.03809,80.22469,3.84,2922.1
EV-085,Ioniq 5,37.4,17.3,13.07134,80.2643,3.54,3463.1
EV-032,Nexon EV,36.6,12.2,13.09962,80.28165,4.17,13368.2
EV-087,Model Y,25.7,27,13.13016,80.28002,3.95,3074.8
EV-033,Nexon EV,42.3,70,13.08761,80.26701,4.24,13189.2
EV-067,Model 3,38.7,37.8,12.88381,80.25771,4.02,6709.2
EV-018,XUV400,32.5,31.5,13.07654,80.29,4.04,14016.3
EV-025,XUV400,47.6,60.4,13.20033,80.30762,3.98,6124.3
EV-095,Model 3,37.4,0,13.07591,80.41396,4,2669.4
EV-054,XUV400,31.1,0,13.20258,80.41325,4.28,8237.7
EV-058,Model Y,31.9,23.7,13.07308,80.29478,3.78,8817.7
EV-067,Model 3,45.1,40.6,12.95694,80.23107,3.55,9534.2
EV-046,Model Y,34.5,21.3,13.04806,80.23667,3.63,6175.4
EV-024,Model Y,34.3,15.3,13.03803,80.16557,3.87,733.8
EV-032,Nexon EV,35.5,26.5,13.06434,80.34696,4.05,9402.7
EV-047,Kona Electric,48,37.3,12.98787,80.26712,4.15,13995.8
EV-086,Model 3,36.3,44.7,13.08199,80.30568,4.18,14363.6
EV-023,Model 3,35,25.6,13.05644,80.2974,4,8955.3
EV-066,XUV400,28.8,8.3,13.18573,80.21489,3.57,303.2
EV-027,Model Y,33.1,25.6,12.98588,80.20501,4.28,1595
EV-002,Model Y,30,25.9,13.10235,80.23447,3.4,12510.7
EV-090,Kona Electric,31.8,31.8,13.11558,80.30956,3.53,12447
EV-017,Ioniq 5,29.5,54.8,13.1447,80.26424,3.82,14190.5
EV-033,Nexon EV,36.4,0,13.05361,80.12948,4.32,8458.8
EV-009,Model 3,39.4,55.5,13.10036,80.18877,4.04,12957.9
EV-043,Kona Electric,39.2,49.9,13.11096,80.24931,3.86,12374.2
EV-048,Model Y,34.4,21.9,12.95083,80.26827,4.18,8843.4
EV-039,Model Y,36,30.1,13.05648,80.31194,3.57,11755.6
EV-093,Model Y,40.7,4.9,13.08009,80.27384,3.78,1890
EV-042,Ioniq 5,30.8,21.8,13.08947,80.24168,3.78,9589.8
EV-026,Nexon EV,37.2,31.9,13.08849,80.23893,3.61,14302
EV-099,Kona Electric,33.4,0,13.1177,80.28682,3.86,2433.6
EV-050,MG ZS EV,42.7,41.4,13.23771,80.30414,3.92,11161.9
EV-025,XUV400,40.4,51.8,13.03507,80.24432,3.68,4815.2
EV-024,Model Y,38.9,36.9,13.11319,80.18448,3.9,12257.5
EV-013,MG ZS EV,33.9,68.5,13.1868,80.26281,2.38,10459.7
EV-060,Model Y,30.5,21.1,12.93881,80.21871,4.15,13893
EV-007,XUV400,32.2,50.5,13.10415,80.29371,3.73,10680.5
EV-057,Model 3,22.4,23.2,12.94827,80.38916,3.84,6157.6
EV-036,Kona Electric,34,0,13.25755,80.16257,3.44,168.3
EV-045,MG ZS EV,33.6,24.2,13.12446,80.36276,4.62,11894.8
EV-020,Model Y,34,0,13.11367,80.30822,4.64,6129.9
EV-065,Model 3,36.5,35.9,12.93283,80.35893,3.33,10061.2
EV-008,Kona Electric,39.1,48.8,13.04234,80.23584,3.83,1580.5
EV-016,MG ZS EV,43.5,40.4,13.04272,80.15502,4.37,13365.1
EV-014,XUV400,34.1,17,13.22402,80.28508,3.86,6537.7
EV-076,MG ZS EV,40.7,44.9,13.14104,80.38267,3.76,13795.8
EV-087,Model Y,37.6,59.2,12.95047,80.18586,3.45,10606.7
EV-015,Model Y,40.6,37.3,13.12026,80.19788,4.13,1826.3
EV-092,Model 3,29,26.8,12.96247,80.31768,5.05,8690.1
EV-098,Ioniq 5,26.3,29.4,12.95235,80.22972,4.33,13649.5
EV-066,XUV400,47.9,44.5,13.11897,80.40399,3.51,12000.6
EV-032,Nexon EV,49,65,13.14228,80.32287,3.29,6272.6
EV-087,Model Y,28.9,55.2,13.1194,80.21316,3.69,14326.2
EV-063,Model 3,38,51.6,13.23307,80.22553,3.53,4032.3
EV-086,Model 3,40.4,63.8,13.1122,80.22869,3.21,5629.7
EV-051,XUV400,35.6,0,13.09631,80.26727,4.3,11247
EV-025,XUV400,48.1,61.6,12.98542,80.29506,3.42,3497.4
EV-058,Model Y,33.7,58.3,13.15131,80.28921,3.88,7733
EV-063,Model 3,27,0,12.95058,80.18072,4.71,10933.2
EV-062,Model 3,38.3,52.4,13.24433,80.34285,3.64,9661.3
EV-022,Ioniq 5,30.1,24.2,13.15236,80.24749,4.11,2334.8
EV-058,Model Y,21.3,23.5,13.30588,80.1965,3.59,9446.8
EV-058,Model Y,37.2,52.5,13.11385,80.23366,4.02,8592.8
EV-086,Model 3,38.6,19,13.15631,80.35184,4.52,8369.9
EV-049,Nexon EV,31.9,0,13.06053,80.28593,4.5,12391.6
EV-052,MG ZS EV,38.4,27.7,13.07924,80.2929,4.02,2762.5
EV-042,Ioniq 5,36.6,18.5,12.99858,80.1771,3.79,11274.7
EV-070,Kona Electric,33.6,56.4,12.96688,80.28128,3.87,11415.1
EV-015,Model Y,32.8,4,13.09786,80.3505,4.02,10841.1
EV-054,XUV400,26.7,19,13.07877,80.12646,4.18,7592
EV-060,Model Y,37.1,63.8,12.99662,80.23958,3.37,5936.1
EV-097,Model Y,34.2,16,13.0108,80.32055,3.84,5923.2
EV-008,Kona Electric,35.7,30.9,13.0853,80.28336,3.91,11008.5
EV-053,Kona Electric,27.6,16.8,12.99525,80.1892,4.27,7471
EV-060,Model Y,33.9,61.2,13.11123,80.30256,4,5079.8
EV-005,MG ZS EV,36.1,22,12.99773,80.17731,3.83,9383.9
EV-068,Model Y,38.7,21.6,13.10317,80.2013,3.54,12556
EV-006,XUV400,31,0,12.99064,80.2097,4.15,927.3
EV-096,Ioniq 5,30.7,0,12.99098,80.39417,4.29,14582.2
EV-094,Model 3,39.7,25.5,12.89372,80.13712,3.95,1454.3
EV-047,Kona Electric,29.5,11.6,13.06988,80.14303,3.71,7678.5
EV-099,Kona Electric,44.8,34.7,13.19903,80.29337,3.81,8405.3
EV-055,Nexon EV,33.1,65.4,13.19449,80.27908,4.25,2077.5
EV-040,Kona Electric,39.8,21.4,13.10863,80.23311,4.09,13734.3
EV-052,MG ZS EV,41.8,59.2,12.92262,80.27181,4.12,7074.6
EV-016,MG ZS EV,51.4,61.2,13.15021,80.18554,3.26,2151.1
EV-013,MG ZS EV,32.9,54.3,13.10075,80.27807,4.3,10675.6
EV-030,XUV400,22,13.9,13.05018,80.28747,4.36,9952.7
EV-019,Model 3,43.2,40.9,13.17929,80.36788,3.96,14443.2
EV-017,Ioniq 5,27.2,21.1,13.13194,80.42328,4.24,6625.5
EV-063,Model 3,35.1,0,13.23962,80.24929,4.52,4020.6
EV-019,Model 3,40.2,18.9,12.97025,80.16883,3.56,904.6
EV-092,Model 3,42.1,68.1,12.97651,80.3015,3.33,10998.2
EV-058,Model Y,40.3,59.9,12.98998,80.26,3.91,9261.1
EV-055,Nexon EV,37.3,27.6,13.0599,80.25645,4.01,14589.3
EV-090,Kona Electric,38,15.3,13.20975,80.14181,4.16,10683.9
EV-090,Kona Electric,42.3,61.4,13.03281,80.27859,3.95,13997.8
EV-062,Model 3,25.9,0,13.03452,80.30453,4.2,14873.7
EV-023,Model 3,46.5,45,13.11608,80.35017,3.88,6429.3
EV-009,Model 3,39.7,62,13.15015,80.23026,3.59,2258.7
EV-012,MG ZS EV,38.2,30,12.90376,80.20467,4.62,2941.8
EV-001,Kona Electric,35.6,0,13.16588,80.22962,4.03,4779
EV-058,Model Y,41.6,32.2,13.03028,80.34539,4.54,7635.9
EV-001,Kona Electric,43.5,52.4,13.07451,80.38159,4.42,1840.7
EV-034,MG ZS EV,35.3,21.6,13.19616,80.36038,3.69,4529.3
EV-096,Ioniq 5,34.9,21.5,13.06538,80.32252,4.29,4620.4
EV-048,Model Y,36.4,19.3,12.96015,80.26813,3.57,66.3
EV-089,XUV400,40.1,21.5,12.96479,80.2806,4.65,5315.8
EV-001,Kona Electric,29,21.4,13.08037,80.29226,4.08,1746.7
EV-016,MG ZS EV,41.6,53,13.05595,80.25053,3.9,6448.5
EV-061,Ioniq 5,27.6,0,13.08746,80.34183,3.65,2952.1
EV-064,Nexon EV,47.6,52.8,13.0506,80.13848,3.56,12332.6
EV-063,Model 3,33.8,0,13.18201,80.15328,4.09,1212.5
EV-069,Model Y,33.2,27.4,13.08468,80.13834,4.04,12985.6
EV-022,Ioniq 5,34.1,0,12.94166,80.20652,3.85,8710
EV-093,Model Y,35.1,25.8,13.14802,80.3784,4.35,6882.3
EV-067,Model 3,34.4,26.7,13.2352,80.17558,4,8248.4
EV-076,MG ZS EV,27.8,40.2,13.09509,80.17853,3.6,5644.8
EV-026,Nexon EV,30,25.8,13.1013,80.20467,4.29,1918.5
EV-016,MG ZS EV,36.7,45,13.02031,80.3593,3.54,11489.4
EV-051,XUV400,23.6,0,13.0633,80.38552,3.23,13919
EV-086,Model 3,36,57.8,13.12293,80.3519,3.78,14251.3
EV-057,Model 3,35.7,51.4,13.17324,80.35686,3.46,10062.3
EV-029,Ioniq 5,32.7,38.5,13.11838,80.40285,4.07,6158.2
EV-078,Nexon EV,38.8,24.2,13.22814,80.12698,4.33,7178
EV-092,Model 3,27.7,1.1,13.09058,80.17271,4.39,9856.2
EV-069,Model Y,32.4,0,12.99296,80.21464,4.2,12347
EV-047,Kona Electric,33.2,25,12.99526,80.279,3.47,5621.6
EV-094,Model 3,37.8,53,13.18145,80.27874,3.55,13752.1
EV-062,Model 3,45,41.1,13.16327,80.27999,4,4867.5
EV-069,Model Y,32.9,0,12.95113,80.33744,4.01,7965.2
EV-076,MG ZS EV,39.6,47.8,13.06594,80.11727,3.57,14420.6
EV-016,MG ZS EV,30.8,21.7,13.06884,80.25947,3.82,14073.3
EV-090,Kona Electric,42.9,65.1,13.02258,80.29195,3.92,10437.7
EV-090,Kona Electric,38.4,28.9,12.96987,80.24466,4.2,4871.8
EV-048,Model Y,37.2,23.3,13.02081,80.28583,3.88,3289.4
EV-085,Ioniq 5,26,0,13.00643,80.35248,4.41,1206.7
EV-039,Model Y,31.2,17.4,12.97178,80.27568,3.47,10631.3
EV-100,Kona Electric,46.1,57.8,13.14903,80.44172,4.06,7554.2
EV-033,Nexon EV,31.5,24.7,13.10534,80.34677,4.27,8586.5
EV-094,Model 3,45.7,48.9,13.04557,80.29199,4.21,7088.5
EV-023,Model 3,31.4,17.8,12.91705,80.311,4.12,7246.8
EV-010,MG ZS EV,32.7,0,13.05877,80.33017,3.74,8571.2
EV-069,Model Y,31.1,0,13.12438,80.40553,4.24,13714.4
EV-100,Kona Electric,29.8,16.9,13.02382,80.36464,3.83,445.3
EV-034,MG ZS EV,33.5,47.1,12.9907,80.31184,4.04,12025.5
EV-052,MG ZS EV,32.6,34.3,13.07286,80.21241,3.71,5860.8
EV-095,Model 3,36.7,33,13.10951,80.30389,3.86,11175.1
EV-010,MG ZS EV,40.6,34.4,12.92271,80.31701,3.94,14228.2
EV-019,Model 3,32.4,0,13.19102,80.33293,4.16,4597.8
EV-058,Model Y,34.8,25,12.98277,80.21199,4.23,1347.9
EV-096,Ioniq 5,38.1,0,13.04888,80.32975,4.68,3488.3
EV-001,Kona Electric,38.6,53.1,13.1772,80.33474,3.9,3335.3
EV-069,Model Y,32,22.8,13.09273,80.17391,3.62,11129
EV-004,Kona Electric,31.2,35.2,13.17039,80.17459,4.32,932.6
EV-016,MG ZS EV,39.2,6.8,13.20699,80.36014,4.14,768.7
EV-024,Model Y,32.7,19.9,12.96593,80.20229,3.92,10405.7
EV-080,Model 3,34.9,47.9,13.15486,80.39372,3.78,8353
EV-002,Model Y,33.3,38.6,13.18874,80.24838,3.75,6269.4
EV-092,Model 3,38.1,0,13.05264,80.30149,3.74,8632.6
EV-032,Nexon EV,31.6,20.2,13.059,80.2976,3.51,11030
EV-091,Model 3,38,8.6,12.92966,80.21354,4.39,1556.6
EV-084,Ioniq 5,30.8,0,13.14519,80.38194,4.17,8301.5
EV-024,Model Y,32.8,56.8,12.87991,80.24846,3.8,12367.1
EV-012,MG ZS EV,36.6,52,13.1602,80.2754,3.61,5439.6
EV-050,MG ZS EV,37.9,50.5,12.96929,80.11213,4.32,11446.5
EV-035,MG ZS EV,33.6,18.4,13.19396,80.16379,3.43,12682.1
EV-033,Nexon EV,33.5,18,13.1144,80.36087,3.95,12314.8
EV-033,Nexon EV,34.2,32.1,13.16342,80.27026,4.39,9757.1
EV-061,Ioniq 5,31.3,27.2,13.01768,80.22385,3.2,10761.6
EV-051,XUV400,38.5,53.4,12.97602,80.22514,3.9,11816.2
EV-043,Kona Electric,36.4,14,12.94161,80.31459,3.74,11007
EV-012,MG ZS EV,31.1,53.6,13.17,80.37153,3.88,6777.9
EV-067,Model 3,45.3,57.1,13.13574,80.22576,3.6,2391
EV-065,Model 3,20,28,13.13857,80.35837,4.24,4649.4
EV-033,Nexon EV,35.6,26.6,13.10602,80.25789,4.49,3112.7
EV-040,Kona Electric,36.2,15.8,13.12621,80.31075,5.01,5424.9
EV-074,XUV400,29.1,1,13.05937,80.1287,3.95,7342.5
EV-043,Kona Electric,29.7,69.4,13.11232,80.14241,3.81,14385.9
EV-044,Ioniq 5,32.9,11.9,13.01415,80.33631,4.14,14392.1
EV-029,Ioniq 5,33.5,5.4,13.05528,80.2927,4.17,11545
EV-013,MG ZS EV,29.4,26.3,13.32617,80.30299,4.59,14702.2
EV-012,MG ZS EV,32.8,41.3,13.08581,80.1844,3.73,14970.2
EV-095,Model 3,38.8,17,12.92497,80.23692,3.86,13279.4
EV-046,Model Y,39.7,59.4,13.05001,80.13692,3.64,1197.2
EV-002,Model Y,29.6,42.7,12.9981,80.2029,3.61,6393.5
EV-035,MG ZS EV,41.2,58.1,13.09544,80.26887,3.74,8014.1
EV-087,Model Y,33.5,51.5,13.01155,80.29693,4.13,1865.6
EV-081,Model Y,31.1,24.5,13.06575,80.21367,4.33,12130.4
EV-090,Kona Electric,33.8,6.9,13.02351,80.31487,3.93,2234.5
EV-008,Kona Electric,38.7,51.4,13.09847,80.26764,4.33,5753
EV-093,Model Y,32.4,20.5,13.03251,80.25263,3.17,1038.3
EV-026,Nexon EV,36.2,56.2,13.11125,80.27739,4.71,7871.3
EV-074,XUV400,30.7,0,13.23859,80.43867,4.23,8957.6
EV-090,Kona Electric,36.6,70.5,12.99035,80.25782,3.32,11029
EV-034,MG ZS EV,42.2,40,13.14061,80.34688,4.18,5095.2
EV-007,XUV400,30.4,51.7,12.88647,80.3144,3.8,8860
EV-068,Model Y,30.8,0,13.06408,80.25085,3.16,11013.5
EV-058,Model Y,25.5,6.7,13.10101,80.14668,4.02,11431.7
EV-075,Kona Electric,39.1,20,13.02286,80.22052,4.36,4528.1
EV-029,Ioniq 5,32.8,16.4,12.93971,80.27681,4.39,1020.2
EV-036,Kona Electric,27.9,10.1,13.07966,80.26232,4.1,569.1
EV-089,XUV400,35.4,0,13.20527,80.37443,4.38,11522.1
EV-021,Ioniq 5,28,62.3,13.07098,80.21202,3.83,5784.7
EV-036,Kona Electric,36.7,27.6,13.12739,80.25896,4.09,2013.5
EV-010,MG ZS EV,37.8,0,13.17285,80.31361,3.72,2771.4
EV-073,Model Y,36.9,33,13.28042,80.24845,3.86,11493.4
EV-024,Model Y,31.8,19.7,12.99852,80.34859,3.9,8985.5
EV-064,Nexon EV,25.8,0,13.00677,80.18369,4.11,7523.5
EV-099,Kona Electric,43.9,54.4,13.05932,80.14912,4.13,9347
EV-049,Nexon EV,44.8,67.8,13.13193,80.24779,3.3,2066.8
EV-099,Kona Electric,31.8,25,12.89704,80.26502,3.44,4789
EV-036,Kona Electric,28.9,0,13.135,80.28815,4.58,5614.1
EV-082,Model 3,45.3,61.5,13.09456,80.28178,3.28,4720.9
EV-096,Ioniq 5,36.9,18.8,13.03998,80.23803,4.2,12966.9
EV-024,Model Y,26.9,32.2,13.11674,80.15006,4.1,8723.4
EV-023,Model 3,33.4,19.5,13.15387,80.2612,3.86,10941.2
EV-062,Model 3,31.6,6,13.16494,80.18756,4.24,3554.4
EV-096,Ioniq 5,36.2,24.9,13.08388,80.27634,3.52,3964.8
EV-037,Model 3,34.5,20.3,13.10878,80.18206,4.65,3383.9
EV-012,MG ZS EV,30.5,8.8,13.10577,80.30104,5.05,10321.3
EV-055,Nexon EV,39.7,56.5,13.1812,80.40413,4.26,5238.9
EV-013,MG ZS EV,31.7,16.1,13.1132,80.21262,3.68,6079.2
EV-023,Model 3,58.6,79.7,13.13432,80.16949,2.17,10638.3
EV-089,XUV400,37.8,43.3,13.15411,80.36226,4.19,14577.1
EV-099,Kona Electric,33.5,12.9,13.23939,80.41206,3.48,2432.3
EV-030,XUV400,45.3,33.7,13.03583,80.17105,3.83,944.8
EV-017,Ioniq 5,28,23.7,13.21276,80.26338,4.61,2926.7
EV-062,Model 3,35.5,33.5,13.28039,80.30964,4.65,11025.7
EV-084,Ioniq 5,34.2,58,13.04094,80.24988,4.43,2923.4
EV-089,XUV400,37.5,19.2,13.06536,80.13057,4.04,8767.4
EV-086,Model 3,34.8,44,13.04842,80.16087,4.36,8856.8
EV-013,MG ZS EV,34.9,0,13.13525,80.16928,3.2,4419.9
EV-059,Nexon EV,34.5,0,12.93377,80.18749,3.4,1035.6
EV-019,Model 3,40.2,35.7,13.04274,80.27765,3.88,5991
EV-049,Nexon EV,36.1,12.1,13.06081,80.35852,4.34,2805.8
EV-100,Kona Electric,34.6,30.6,13.05381,80.1621,3.83,2771.2
EV-012,MG ZS EV,29.1,34.2,13.05301,80.20783,4.32,7841.2
EV-061,Ioniq 5,39.9,23.7,13.04356,80.1819,3.54,10098.5
EV-019,Model 3,39,0,13.14489,80.29377,4.04,1135.8
EV-076,MG ZS EV,33.6,52.6,13.12576,80.20495,4.07,8676.9
EV-009,Model 3,37.5,15.2,13.21897,80.18984,4.3,3696.8
EV-071,Model Y,33.2,58.7,13.14509,80.14294,3.55,10101.1
EV-028,Model 3,37.8,40,12.99489,80.37948,4.01,12154.2
EV-078,Nexon EV,41.3,60.7,13.0691,80.44586,3.07,12106.2
EV-095,Model 3,29.9,0,13.0606,80.27743,3.96,5551.1
EV-052,MG ZS EV,39.2,56,13.10312,80.38955,4.21,8511.2
EV-083,Ioniq 5,39,22.8,13.17016,80.22535,3.89,11906.5
EV-016,MG ZS EV,34.7,27.4,13.09757,80.27063,3.7,916.8
EV-069,Model Y,30,11.3,13.09778,80.3228,4.31,9086.3
EV-099,Kona Electric,30.7,40,13.0835,80.21056,4.91,12548.6
EV-012,MG ZS EV,33.6,29.7,13.14755,80.25794,4.87,5588.5
EV-025,XUV400,34,65.5,13.03719,80.24807,3.69,6833.8
EV-052,MG ZS EV,31,7.6,12.96614,80.30572,4.31,10482.4
EV-085,Ioniq 5,35.3,46.6,13.13427,80.27567,4.62,1022.9
EV-100,Kona Electric,43.3,61,13.11271,80.21251,3.78,5787.6
EV-053,Kona Electric,35.8,28.6,13.18857,80.24663,4.18,4439.2
EV-023,Model 3,54.2,78.7,12.88847,80.35988,3.06,259.8
EV-016,MG ZS EV,21.9,0,13.07467,80.31461,4.95,2943.6
EV-057,Model 3,33.6,0,13.09124,80.30765,4.29,5941.3
EV-039,Model Y,29.7,0,12.96183,80.45118,3.89,2965.4
EV-053,Kona Electric,31.5,35.8,13.07577,80.18022,3.77,9038
EV-042,Ioniq 5,35.9,33.4,13.17765,80.32748,3.26,6732.5
EV-058,Model Y,31.5,0,13.24959,80.27508,3.37,597
EV-039,Model Y,37.4,0,13.16129,80.29821,3.71,4129.2
EV-014,XUV400,38.3,48.9,13.05674,80.28528,4.29,297.1
EV-095,Model 3,35.6,59.2,13.18362,80.21458,3.85,5375.2
EV-005,MG ZS EV,41.7,67,13.15561,80.1879,3.06,3890.4
EV-035,MG ZS EV,37.3,53.7,13.04395,80.27069,3.46,10324.4
EV-087,Model Y,32.9,54.1,13.03616,80.20813,3.93,4614.6
EV-093,Model Y,30.8,0,13.06922,80.24113,4.67,5630.5
EV-075,Kona Electric,36.3,26.4,12.99863,80.33455,3.56,10881.4
EV-018,XUV400,38.3,49.7,13.05784,80.17255,4.09,7216.4
EV-076,MG ZS EV,37,27.7,13.12164,80.25536,3.82,8349
EV-009,Model 3,32.7,27.4,13.16578,80.35506,3.83,12621
EV-074,XUV400,33.6,0,13.05239,80.23013,3.53,3107.3
EV-058,Model Y,37.4,39.8,13.19377,80.38826,4.25,14837.8
EV-017,Ioniq 5,35.4,23.1,13.13471,80.14664,3.81,13502.1
EV-007,XUV400,36,31.7,13.13835,80.41625,3.86,4301.9
EV-046,Model Y,45.7,23.4,13.00918,80.27214,4.38,13394.6
EV-013,MG ZS EV,41.3,31.4,13.22732,80.16441,4.41,11310.6
EV-040,Kona Electric,33.5,0,13.12697,80.33735,3.71,13961.7
EV-042,Ioniq 5,28,0,13.05609,80.30517,4.12,10368.6
EV-009,Model 3,36.9,53,13.04197,80.38127,4.2,10118.8
EV-050,MG ZS EV,43.8,30.7,13.05786,80.14782,3.93,56.9
EV-027,Model Y,29.2,0,13.00123,80.18301,4.27,7121.8
EV-066,XUV400,38.5,60.8,13.16176,80.3323,3.56,3008
EV-005,MG ZS EV,32.6,14.3,13.00943,80.47466,3.86,4864.6
EV-029,Ioniq 5,38.2,36,13.10589,80.31672,3.63,14682.3
EV-037,Model 3,29.8,0,13.04671,80.32911,4.68,1287.1
EV-038,Model Y,39.3,53.7,13.13636,80.2098,3.63,10838.7
EV-083,Ioniq 5,32.4,20.3,13.14724,80.25615,3.68,2598.3
EV-008,Kona Electric,40.7,17.9,13.03119,80.22111,3.58,116
EV-065,Model 3,35.5,57.4,13.07999,80.31089,3.79,7523.8
EV-086,Model 3,39.9,25,12.96723,80.34506,3.59,2422.4
EV-017,Ioniq 5,32.5,28.7,13.21874,80.28556,3.71,14482.2
EV-071,Model Y,31.2,28.9,13.16814,80.33434,4.32,3059.4
EV-089,XUV400,32.2,31.1,12.97106,80.2684,4.18,2884.6
EV-045,MG ZS EV,23.4,0,13.01335,80.37667,3.46,487.3
EV-004,Kona Electric,39.6,45,13.07191,80.20178,4.29,4950.6
EV-036,Kona Electric,32.8,55.3,13.0858,80.38397,3.81,366.6
EV-070,Kona Electric,32.3,17.7,13.02782,80.21341,4.45,7485.8
EV-031,Model Y,36.4,4.8,12.99111,80.27201,4.57,7586.6
EV-019,Model 3,35.6,0,13.1143,80.17516,3.36,803.4
EV-061,Ioniq 5,26.4,13,13.22186,80.31118,4.31,3604.7
EV-054,XUV400,38,37.4,13.08707,80.28122,4.65,12482.4
EV-039,Model Y,45,60.8,13.05936,80.32979,3.77,6940.9
EV-091,Model 3,30.2,11.5,13.05095,80.132,4.28,6522
EV-074,XUV400,43.5,74.7,12.99496,80.28141,3.5,10483.2
EV-090,Kona Electric,33.2,57.6,13.02894,80.30298,4.14,10724.7
EV-019,Model 3,37.5,29.6,13.17359,80.19161,4.15,11430.6
EV-039,Model Y,41.4,73,12.91703,80.31334,2.63,12458.1
EV-067,Model 3,40.4,42.4,13.08831,80.08693,3.95,3487.6
EV-045,MG ZS EV,38.9,32.8,13.08494,80.26048,3.93,1000.4
EV-013,MG ZS EV,29.2,33.3,13.09217,80.3837,4.29,5707.1
EV-092,Model 3,36.8,34.2,13.14089,80.25979,4.47,12827.2
EV-058,Model Y,42,22.6,13.08759,80.21317,3.91,1175
EV-020,Model Y,24.4,27.9,13.04638,80.26553,3.51,8641.4
EV-092,Model 3,40.5,30.7,13.03017,80.27862,4.12,10517.7
EV-072,Kona Electric,42.9,23.7,13.18657,80.34241,3.69,7223.7
EV-061,Ioniq 5,24.6,0,13.16598,80.28109,3.76,3831.4
EV-039,Model Y,34.3,47.3,13.31291,80.33166,4.91,4898
EV-001,Kona Electric,40.9,52.9,13.06022,80.27806,3.57,1079.4
EV-003,XUV400,29.4,15.1,13.03164,80.21075,3.37,4392.3
EV-077,Ioniq 5,41.9,25.6,13.11895,80.15855,4.24,670.4
EV-092,Model 3,42.2,40.8,13.11702,80.30043,4.28,10896.2
EV-062,Model 3,32,57.7,13.13361,80.073,4.1,13470.4
EV-063,Model 3,33.3,41.9,13.15047,80.12948,4.34,9504.5
EV-025,XUV400,38.4,21,13.13283,80.15886,4.06,9852.3
EV-056,Kona Electric,39.3,30,13.1687,80.32787,4.06,7084.8
EV-033,Nexon EV,43.1,0,13.17934,80.15152,4.38,2344.8
EV-038,Model Y,31.5,32.9,13.18077,80.30831,4.64,120.8
EV-006,XUV400,46.5,60.4,12.90179,80.18814,3.17,5162.9
EV-058,Model Y,34.3,57.6,13.10129,80.25898,3.51,11273.6
EV-044,Ioniq 5,36.2,13.8,13.00884,80.26569,4.25,14406.7
EV-045,MG ZS EV,44,62.8,13.16714,80.25778,3.75,6469.1
EV-032,Nexon EV,20,14,12.90012,80.21897,3.28,5484
EV-045,MG ZS EV,40.9,35.9,13.20024,80.14539,3.77,6692.1
EV-061,Ioniq 5,42.7,31.3,13.01352,80.27285,4.12,6419.5
EV-047,Kona Electric,45.4,65.9,12.99519,80.31531,3.58,9390.1
EV-021,Ioniq 5,42.3,0,13.1112,80.32504,3.86,11013.5
EV-080,Model 3,43.4,55.2,13.05284,80.27724,4.73,11775.4
EV-085,Ioniq 5,35.1,48.4,13.22505,80.29131,3.92,9745.8
EV-075,Kona Electric,38.2,0,13.19174,80.20901,4.09,6568.7
EV-036,Kona Electric,30.5,12.1,13.04183,80.30666,4.05,14251.8
EV-099,Kona Electric,37.9,45.5,13.1661,80.30371,4.07,10666.7
EV-019,Model 3,37.2,8.6,13.03908,80.24688,4.02,6402.7
EV-020,Model Y,41.7,62.5,13.03839,80.27455,2.82,6701.5
EV-057,Model 3,46.4,63.5,13.13983,80.26856,3.21,12270.6
EV-018,XUV400,48.1,30.5,13.19917,80.30722,3.83,6610.9
EV-047,Kona Electric,29.3,24.7,13.04741,80.14719,4.33,7746.5
EV-049,Nexon EV,38.9,71.5,13.05351,80.1456,3.35,4376.8
EV-014,XUV400,36.5,24,13.1068,80.14976,3.67,12584.5
EV-015,Model Y,29.7,0,13.01118,80.23512,4.38,7836.7
EV-031,Model Y,31.6,0,13.20793,80.30712,4.54,8290.3
EV-001,Kona Electric,39.1,27.2,13.01042,80.09102,3.39,13210.7
EV-054,XUV400,41.8,54.6,13.03204,80.27822,3.85,13808.2
EV-003,XUV400,39.5,52.3,13.22408,80.3662,2.79,12363.8
EV-016,MG ZS EV,36.5,31.3,13.09987,80.29255,3.88,985.2
EV-087,Model Y,30.9,0,13.23819,80.10919,4.75,6655.4
EV-057,Model 3,41.3,18.7,13.06516,80.31239,4.04,5153.2
EV-075,Kona Electric,46.2,49.4,13.28426,80.29008,3.34,3206.7
EV-012,MG ZS EV,40.9,31.8,13.13195,80.24329,3.46,13634.8
EV-074,XUV400,28.7,20,13.02251,80.28524,3.63,13351.6
EV-096,Ioniq 5,30.7,0,13.02127,80.15903,3.73,6982.1
EV-016,MG ZS EV,36.2,26.3,12.96612,80.27478,3.24,2022.7
EV-072,Kona Electric,33.6,52.3,12.97487,80.30899,3.99,205.4
EV-076,MG ZS EV,35.4,24.9,13.02994,80.21527,4.22,6579.8
EV-024,Model Y,34.3,18.3,13.00337,80.23303,3.86,604.1
EV-028,Model 3,39.7,18.6,12.87647,80.22529,4.82,9145.3
EV-008,Kona Electric,35.3,48.4,13.15002,80.23268,3.76,9128.1
EV-092,Model 3,37.8,0,13.14473,80.20429,4.48,13484.6
EV-036,Kona Electric,31.2,33.4,13.10737,80.20905,3.44,2854.8
EV-090,Kona Electric,31.1,26.7,12.9919,80.31199,4.12,5574.1
EV-008,Kona Electric,37.6,62.3,13.21444,80.13128,3.83,12893.9
EV-058,Model Y,36.5,35.3,13.06845,80.28534,3.72,7117.1
EV-060,Model Y,20,0,13.01604,80.31183,4.07,900.6
EV-050,MG ZS EV,36.7,20.4,13.10131,80.16248,3.71,1666.2
EV-028,Model 3,48,62.1,13.09672,80.26458,3.49,12202.8
EV-092,Model 3,35.3,0,12.88248,80.19738,3.89,11156.7
EV-041,Ioniq 5,37.5,54.9,13.08022,80.36161,3.24,13138.8
EV-100,Kona Electric,29.4,23.4,13.09234,80.25425,4.21,1787.3
EV-064,Nexon EV,27.4,37.5,13.0524,80.38855,4.24,11407.4
EV-027,Model Y,27.4,30.5,12.97698,80.37648,3.85,9828.3
EV-063,Model 3,37.6,52.2,12.97934,80.29529,3.95,3488.2
EV-017,Ioniq 5,46.1,29.9,13.12383,80.44212,3.62,14608.7
EV-073,Model Y,23.8,44.9,13.14363,80.14474,3.5,8557.5
EV-033,Nexon EV,42.3,57,13.04686,80.38633,3.6,13603.6
EV-084,Ioniq 5,29.8,10,13.11329,80.24925,4.28,12887.1
EV-077,Ioniq 5,36,47.1,13.04607,80.26056,3.93,5000.2
EV-092,Model 3,34.5,59.7,13.01444,80.2338,3.53,8041.7
EV-029,Ioniq 5,25.2,0,13.09986,80.1547,4.13,6473.4
EV-013,MG ZS EV,32.6,0,12.99077,80.31627,3.63,10637.6
EV-046,Model Y,41.6,69.4,13.2342,80.17144,3.02,8822.7
EV-035,MG ZS EV,35.3,0,12.9677,80.22342,3.86,11773.9
EV-006,XUV400,31,61.7,13.10541,80.22696,3.33,181.2
EV-082,Model 3,41.2,40.3,13.09472,80.35035,3.52,10318.5
EV-069,Model Y,36.5,0,13.08762,80.26481,4.36,4789.4
EV-047,Kona Electric,39.5,45,13.20137,80.0752,4.88,3367.2
EV-025,XUV400,35.3,45,12.8678,80.19878,3.38,12019.6
EV-066,XUV400,36.3,23.2,13.11564,80.14573,3.83,1342.9
EV-010,MG ZS EV,31.2,0,13.06083,80.3109,4.07,3430.8
EV-056,Kona Electric,36.8,0,13.12942,80.17607,3.31,3060
EV-030,XUV400,32.1,15.7,13.08707,80.22223,3.91,6300.3
EV-005,MG ZS EV,40.8,68.5,13.0767,80.41073,3.47,4838.4
EV-033,Nexon EV,29.6,52.2,12.98611,80.32164,4.05,10808.4
EV-065,Model 3,36.7,26.6,13.02885,80.17753,3.69,10492.1
EV-018,XUV400,28.3,0,13.33322,80.3367,3.77,4885.4
EV-096,Ioniq 5,39,37.2,13.13015,80.21327,4.39,6557.5
EV-049,Nexon EV,38.8,23.5,13.16691,80.3365,4.17,3122.6
EV-011,Kona Electric,35.3,53.1,13.05455,80.23771,4.13,10064.2
EV-085,Ioniq 5,37.5,44.8,13.01425,80.1939,3.3,5946.4
EV-026,Nexon EV,38.9,50,13.14481,80.18642,3.63,1996.7
EV-063,Model 3,40.2,52.9,12.9304,80.29371,4.45,1913.3
EV-089,XUV400,35.9,0,13.03064,80.34374,3.97,4838.2
EV-086,Model 3,40.7,45.1,13.05433,80.30049,3.95,11211.1
EV-059,Nexon EV,31.7,13.5,13.1583,80.23609,3.97,387.4
EV-027,Model Y,46.6,55.3,13.1158,80.12691,4.4,3870.3
EV-049,Nexon EV,36.5,6.5,13.04487,80.21955,3.7,2441.5
EV-077,Ioniq 5,44.8,48,13.11222,80.17054,4.21,14347.4
EV-033,Nexon EV,42.2,70.6,13.05845,80.38019,3.59,10580.7
EV-098,Ioniq 5,34,0,13.1683,80.23882,3.45,3502.3
EV-099,Kona Electric,34,21.5,13.10159,80.29473,3.88,3115.9
EV-001,Kona Electric,35.9,51.2,13.22162,80.24321,3.54,12871.2
EV-021,Ioniq 5,39.5,21.5,13.06048,80.30507,3.49,2857.4
EV-055,Nexon EV,35.9,21.7,13.18073,80.32815,4.48,14955.9
EV-006,XUV400,35,30.7,13.08993,80.45698,3.51,4238.1
EV-092,Model 3,26.9,0,13.02692,80.23423,4.3,1269.6
EV-081,Model Y,46.9,59,13.29083,80.35415,3.35,10365.7
EV-069,Model Y,35.1,21.1,13.18748,80.29293,4.54,9146.6
EV-095,Model 3,25.9,0,13.10145,80.22445,3.83,14997.3
EV-005,MG ZS EV,35.2,22.9,13.14398,80.23016,4.13,12032.3
EV-003,XUV400,35.6,38.1,12.99614,80.30837,3.77,6435.4
EV-053,Kona Electric,32,9.9,12.99896,80.24697,3.13,10150.8
EV-023,Model 3,37.8,24.4,13.17183,80.27909,3.33,12268.7
EV-053,Kona Electric,34.2,26.4,13.08308,80.32387,3.24,7708.3
EV-037,Model 3,32.5,17.2,13.07023,80.47032,4.1,4096.7
EV-074,XUV400,45.3,54.1,13.05966,80.2733,3.8,3155.5
EV-074,XUV400,25.2,15.9,13.09487,80.18045,4.24,4432.7
EV-083,Ioniq 5,35.5,31.4,13.06236,80.30254,3.73,12721.8
EV-017,Ioniq 5,38,11.6,12.92013,80.23198,3.13,5709.6
EV-085,Ioniq 5,39.4,35.6,13.19597,80.42219,4.52,4303.5
EV-078,Nexon EV,40,24.3,13.07386,80.23093,4.4,12089.3
EV-073,Model Y,44.6,20.5,13.22922,80.27217,4.15,483.6
EV-001,Kona Electric,46.1,47,12.94172,80.32053,4.39,8911.4
EV-051,XUV400,30.5,35.3,12.94141,80.31,3.96,13105.1
EV-045,MG ZS EV,26.2,18.5,13.06067,80.38192,4.11,6154.2
EV-077,Ioniq 5,39.1,45.7,13.1609,80.3241,3.71,4043.4
EV-004,Kona Electric,29.5,35.5,12.98513,80.45814,3.57,7378.2
EV-062,Model 3,24.3,16,12.98202,80.30666,3.37,10763.6
EV-065,Model 3,36.5,24.1,13.11246,80.37463,3.7,7751.5
EV-032,Nexon EV,38.8,33.2,13.05767,80.23316,5.06,119.5
EV-034,MG ZS EV,47.3,56.3,13.12623,80.42869,3.13,1179.5
EV-092,Model 3,44.1,68.8,13.0591,80.24288,3.15,10821.3
EV-095,Model 3,47.4,48.3,13.11351,80.38958,3.94,6002.3
EV-072,Kona Electric,36.5,22.9,13.19199,80.34205,4.96,11772.7
EV-039,Model Y,29.2,23.7,12.9853,80.27603,3.58,9744.1
EV-026,Nexon EV,36.1,0,13.17748,80.39035,3.75,8724.8
EV-034,MG ZS EV,42.4,31.2,12.94637,80.26974,4.27,13521.1
EV-054,XUV400,38.5,37.9,13.13145,80.38017,4.25,324.7
EV-003,XUV400,45.9,55.6,13.19624,80.30094,3.5,2329.7
EV-050,MG ZS EV,34.2,23.6,13.04077,80.24052,3.67,9367.5
EV-012,MG ZS EV,35.9,10.2,13.13426,80.29632,4.18,992.1
EV-065,Model 3,34.3,26.1,13.04373,80.27343,3.88,9676.3
EV-054,XUV400,46.1,18.5,13.12953,80.2353,4.1,14761.9
EV-005,MG ZS EV,39.9,31.2,12.90202,80.28934,3.93,13182.7
EV-094,Model 3,32.6,51.7,13.09567,80.30299,4.01,8865.8
EV-094,Model 3,44,22.6,13.11433,80.07434,4.18,13410.2
EV-057,Model 3,33.5,43.3,13.19027,80.31081,3.22,1748.4
EV-017,Ioniq 5,32.9,6.9,13.15672,80.32999,3.81,6823.1
EV-047,Kona Electric,42.7,69.9,13.0698,80.38683,3.64,6433
EV-023,Model 3,41.5,56,13.10415,80.17182,4.1,5050
EV-079,Model Y,37.9,29,12.96701,80.1893,3.87,8
EV-085,Ioniq 5,28.2,15.9,13.21423,80.28744,3.26,13366
EV-014,XUV400,41.9,62,13.13799,80.21367,4.16,11666.7
EV-066,XUV400,41.3,32,12.93383,80.17552,4.34,9794.6
EV-075,Kona Electric,43.2,48.6,13.10238,80.23763,3.97,1938.9
EV-051,XUV400,27.2,14.4,13.10849,80.24191,3.81,5676.2
EV-038,Model Y,30.8,17.7,13.02078,80.18945,4.24,13865.3
EV-064,Nexon EV,33.4,54.8,13.09045,80.18891,3.62,9255.9
EV-098,Ioniq 5,40.5,56.3,13.01274,80.26099,4.12,9053.1
EV-038,Model Y,27.3,25.4,12.97033,80.15481,4.72,13697.3
EV-050,MG ZS EV,34.2,65.4,13.03363,80.15352,3.4,8399.7
EV-098,Ioniq 5,30.8,17.9,13.09643,80.27642,4.31,8966.4
EV-082,Model 3,23,0,13.15697,80.39115,3.74,5189
EV-030,XUV400,33.6,14.1,13.08829,80.32934,4.41,5574.8
EV-079,Model Y,24.5,25,13.15775,80.36851,3.9,10285.7
EV-091,Model 3,39.4,41.5,13.1346,80.1263,4.58,4809.9
EV-051,XUV400,33.8,32,12.99987,80.15801,3.89,8388.8
EV-063,Model 3,32,26,13.13399,80.27155,3.64,4191.6
EV-098,Ioniq 5,29.7,0,13.1362,80.3376,3.87,2496
EV-052,MG ZS EV,34.3,21.6,13.22204,80.32174,3.91,6818.8
EV-038,Model Y,37.5,21.1,13.11555,80.16317,4.09,3265.6
EV-097,Model Y,46.1,62.3,12.98393,80.36156,3.51,13477.9
EV-088,Ioniq 5,41.1,33.8,13.03837,80.26419,4.1,4557.7
EV-079,Model Y,49.5,53,12.9345,80.33292,3.88,8963
EV-030,XUV400,42.5,59.7,13.12354,80.22229,3.53,3955.3
EV-051,XUV400,36.7,33.6,13.21502,80.1472,4.13,3874
EV-081,Model Y,36.6,57.7,12.89141,80.33837,3.51,5262.8
EV-005,MG ZS EV,36.3,53.4,13.2184,80.30827,4.63,13738.5
EV-029,Ioniq 5,38.2,28.8,13.12248,80.17105,4.12,5875.5
EV-004,Kona Electric,28.8,14.6,12.99657,80.21725,4.24,12319.9
EV-010,MG ZS EV,36.2,25.7,13.10324,80.32559,3.92,2963.5
EV-056,Kona Electric,34.6,22.7,12.99915,80.28718,3.71,727.3
EV-017,Ioniq 5,34.6,51.9,13.11793,80.31084,4.2,11726.3
EV-074,XUV400,27.7,7.7,13.08777,80.22875,4.13,8130.4
EV-017,Ioniq 5,50.2,46.8,13.10905,80.38455,2.84,7558.4
EV-084,Ioniq 5,27.4,20.1,13.00918,80.26181,4.77,4086.7
EV-088,Ioniq 5,31.7,0,13.02083,80.0813,4.3,1089.4
EV-069,Model Y,45.6,62.2,13.12285,80.27926,3.5,7245.5
EV-034,MG ZS EV,38,27.9,13.04248,80.3191,4.24,13009.1
EV-006,XUV400,33.8,34.4,13.09462,80.29447,4.17,1804.7
EV-053,Kona Electric,30.5,37.4,13.11894,80.23657,4.2,13937.9
EV-066,XUV400,32.6,0,13.06491,80.1144,3.65,4124.6
EV-077,Ioniq 5,22.2,28.3,13.17511,80.2187,4.03,7985.1
EV-043,Kona Electric,36,26.4,13.06786,80.22626,4.12,1002.3
EV-075,Kona Electric,34,15.3,13.06545,80.21796,4.49,6378.6
EV-023,Model 3,45.9,70.9,13.03216,80.31966,3.51,1892.8
EV-055,Nexon EV,27.6,10.8,13.1659,80.24403,4.17,724.4
EV-080,Model 3,33.5,26.2,13.02612,80.38123,3.64,14498.5
EV-095,Model 3,38.2,33.3,13.18306,80.25266,4.03,10952.8
EV-075,Kona Electric,40.4,61.8,13.09575,80.36797,4.01,10787.3
EV-016,MG ZS EV,26.9,13.4,13.29727,80.28786,3.73,1362.8
EV-008,Kona Electric,31.3,20.8,13.02986,80.2918,3.84,13940.6
EV-004,Kona Electric,39,0,13.18472,80.21607,3.61,7044.7
EV-004,Kona Electric,33.3,0,13.12352,80.16265,3.46,12785
EV-056,Kona Electric,29.5,48.6,13.0416,80.26483,3.58,194
EV-025,XUV400,41.2,40,13.12459,80.40565,4.22,4476.6
EV-067,Model 3,27.2,26.3,13.1207,80.234,3.9,14940.7
EV-096,Ioniq 5,32.6,17.8,13.05614,80.22131,3.66,6420.4
EV-067,Model 3,39.6,40.1,13.11696,80.25695,4.87,13328
EV-027,Model Y,45.3,59.9,13.17578,80.41216,3.42,4923.3
EV-093,Model Y,27,55.3,13.12361,80.33365,4.04,7882.3
EV-032,Nexon EV,38,20.3,13.04917,80.36784,4.13,12814
EV-050,MG ZS EV,43,55.9,13.04466,80.11227,3.88,9089.3
EV-061,Ioniq 5,35.6,53,13.07571,80.20473,3.11,10879.3
EV-051,XUV400,35.5,25.7,13.1717,80.20751,4.51,3436.4
EV-019,Model 3,22,44,13.0224,80.36159,4.13,2342.6
EV-021,Ioniq 5,20,14.4,13.11407,80.32349,4.37,3458.4
EV-005,MG ZS EV,44,53.7,12.9577,80.35517,4.28,7398.3
EV-082,Model 3,36.6,60.7,13.13027,80.12065,4.37,12015.5
EV-092,Model 3,36.5,51.8,13.14284,80.35953,3.46,5313.1
EV-042,Ioniq 5,41.3,67.6,13.24491,80.32345,3.26,8474.4
EV-061,Ioniq 5,34,31.8,13.15672,80.19677,3.77,12073.2
EV-022,Ioniq 5,35.6,49.2,13.0506,80.25495,3.57,3585.5
EV-021,Ioniq 5,40.8,56.6,12.95993,80.19921,4.3,13245.2
EV-070,Kona Electric,26.7,18,13.12384,80.26297,3.6,14296.5
EV-001,Kona Electric,39.8,17,13.05652,80.30665,3.85,589.4
EV-005,MG ZS EV,37.3,53.9,13.10943,80.38304,3.17,891.4
EV-012,MG ZS EV,27,0,13.02509,80.19555,4.29,1368.9
EV-090,Kona Electric,34.1,65.1,13.06884,80.23316,3.55,11652.6
EV-046,Model Y,36.1,32.5,12.9467,80.18247,4.35,2844.1
EV-034,MG ZS EV,33.4,24.8,12.999,80.33203,4.28,10886.8
EV-049,Nexon EV,31.6,61.2,12.98772,80.14465,3.02,6621.9
EV-078,Nexon EV,32.3,27.7,13.15252,80.28486,4.07,12544.6
EV-090,Kona Electric,29.6,13.3,13.01652,80.17264,3.56,12129.3
EV-045,MG ZS EV,41.1,23.5,13.19293,80.27436,4.06,14395.1
EV-027,Model Y,39.2,54.4,13.0173,80.36317,3.58,3769.3
EV-073,Model Y,39.8,0,13.25038,80.2298,4.73,3442.4
EV-026,Nexon EV,35.8,61.1,12.92679,80.28837,4.74,477.5
EV-047,Kona Electric,32.9,19.3,13.11664,80.19925,3.9,6159.2
EV-086,Model 3,39.7,47.7,13.08579,80.26171,3.99,6888.7
EV-056,Kona Electric,41.6,54.6,12.98578,80.14607,2.89,14467.9
EV-094,Model 3,37.8,18.5,13.03863,80.32732,3.34,12462.6
EV-063,Model 3,30.2,21.8,13.0618,80.23746,4.15,2506
EV-048,Model Y,30.6,24.2,13.10268,80.25399,3.99,11978.3
EV-061,Ioniq 5,32.8,21.2,13.00779,80.27624,4.17,2678.6
EV-081,Model Y,39.4,0,13.11673,80.11336,3.68,1171.1
EV-026,Nexon EV,27,0,13.09228,80.21532,4.12,12557.1
EV-036,Kona Electric,29.4,0,13.14503,80.28152,2.99,14639.5
EV-001,Kona Electric,39.8,34.6,13.01371,80.25791,3.76,1326.3
EV-008,Kona Electric,40.1,39.1,13.04995,80.44489,4.19,12209.8
EV-099,Kona Electric,38.8,33.6,13.19807,80.3714,4.68,12888.9
EV-052,MG ZS EV,37.3,40.8,13.01022,80.28187,3.95,1785.7
EV-079,Model Y,28.9,18.6,12.9713,80.1889,4.24,4252.4
EV-047,Kona Electric,31.3,23.2,13.03222,80.23111,3.73,11006.2
EV-056,Kona Electric,38.4,6.5,12.94062,80.32335,4.18,12116.9
EV-086,Model 3,41.6,48,13.21653,80.27683,3.74,5312.8
EV-014,XUV400,31.7,53.5,13.06008,80.37279,4.61,2403.1
EV-090,Kona Electric,42.5,51.4,13.06085,80.2762,3.74,9726.9
EV-028,Model 3,45.2,55.1,13.1421,80.27997,3.73,10531
EV-087,Model Y,32.3,0,13.02466,80.40064,4.31,7556.6
EV-078,Nexon EV,39.4,44,13.06543,80.18297,4.2,2178.4
EV-088,Ioniq 5,43.2,51.3,13.02254,80.40941,3.73,12668.1
EV-002,Model Y,31.7,26.5,12.9423,80.33227,4.16,9680.8
EV-026,Nexon EV,50.3,55.1,13.08676,80.52954,3.3,13038.1
EV-014,XUV400,38.1,0,13.16476,80.21459,4.09,13994.9
EV-059,Nexon EV,38.2,29.5,13.08904,80.40105,4.22,12086.4
EV-056,Kona Electric,35.3,28.9,13.15628,80.28141,3.83,14380.1
EV-007,XUV400,37,20.9,12.99504,80.25585,3.85,14314.1
EV-003,XUV400,30.9,56,13.02238,80.29509,3.53,9292.1
EV-023,Model 3,44.5,17,12.97916,80.28072,3.43,10924
EV-018,XUV400,40.3,22.3,13.11202,80.20839,4.17,10492.6
EV-038,Model Y,41.1,14.4,13.05729,80.26017,3.81,9318.9
EV-099,Kona Electric,39.8,63.5,13.0543,80.29527,3.85,295.2
EV-015,Model Y,30.2,0,13.13622,80.23669,3.93,5341.8
EV-064,Nexon EV,31.3,22.3,13.04486,80.31394,4.25,1505.7
EV-089,XUV400,43.7,63.5,13.16907,80.24703,2.94,4507.4
EV-028,Model 3,36.3,57.5,13.10155,80.30737,3.29,1033.1
EV-074,XUV400,33,16.1,13.05341,80.29772,3.66,13800.9
EV-039,Model Y,41.6,57,12.95857,80.30681,4.24,6772.7
EV-057,Model 3,36.1,61.5,13.13576,80.1628,3.83,2844.5
EV-017,Ioniq 5,43.7,54.4,13.10533,80.35847,3.71,8773.8
EV-086,Model 3,35,25.7,13.10919,80.20142,3.81,2950.8
EV-090,Kona Electric,26.8,19.5,13.11174,80.25583,4.24,12067.6
EV-044,Ioniq 5,31.7,25.2,13.04037,80.21903,3.76,4592.3
EV-025,XUV400,41.8,27.4,13.07059,80.27641,4.29,4726.9
EV-017,Ioniq 5,29.6,19.2,13.04602,80.26181,3.91,13049.9
EV-013,MG ZS EV,36.5,0,13.18271,80.3228,4.52,8390.2
EV-084,Ioniq 5,34.3,14.2,13.06069,80.27421,3.62,13310.1
EV-025,XUV400,35.7,37.9,13.03316,80.23937,3.95,6196.3
EV-068,Model Y,48.3,31,13.1882,80.12691,3.58,5162.2
EV-010,MG ZS EV,31.7,50.6,13.1795,80.34145,4.54,7595.5
EV-067,Model 3,31.6,27.2,13.10161,80.3121,4.01,927.1
EV-018,XUV400,31.9,0,13.07231,80.34471,3.6,2317.2
EV-100,Kona Electric,49.3,43.2,13.05234,80.25587,3.58,3296.7
EV-086,Model 3,31.9,0,13.07918,80.29925,4.21,12251.1
EV-034,MG ZS EV,38.2,40,13.01272,80.21843,3.27,11008.3
EV-008,Kona Electric,38,63.7,13.12137,80.21112,3.56,2903.6
EV-040,Kona Electric,37.1,27.3,13.2149,80.24801,3.66,4154.8
EV-083,Ioniq 5,37.2,54.6,13.12771,80.34444,3.74,14164.2
EV-042,Ioniq 5,38.8,27.3,12.99444,80.24872,4.04,1291.6
EV-041,Ioniq 5,41.3,45,13.11911,80.26637,3.96,8214.1
EV-006,XUV400,30.8,0,13.09826,80.2901,3.89,7832.5
EV-052,MG ZS EV,30.4,33.7,13.1184,80.27273,4.07,10887
EV-026,Nexon EV,38.1,46.6,13.01713,80.35185,4.67,3925.2
EV-064,Nexon EV,40,8.2,13.08297,80.21085,4.51,14021.9
EV-098,Ioniq 5,32.1,35.5,13.15335,80.27868,3.86,6161.7
EV-059,Nexon EV,37.7,33.6,12.9971,80.30864,4.29,4289.4
EV-056,Kona Electric,29.7,30.8,13.04677,80.13932,4.27,5056.4
EV-059,Nexon EV,26.8,0,13.05967,80.29198,3.85,5234.1
EV-070,Kona Electric,40.5,16.9,13.16257,80.37806,3.99,2987.9
EV-033,Nexon EV,42.4,57.9,13.1745,80.24266,3.96,13921.2
EV-053,Kona Electric,35.9,17.8,12.92949,80.1839,3.71,2627.3
EV-022,Ioniq 5,24.2,31.6,13.1625,80.30806,3.9,13243.1
EV-021,Ioniq 5,29.2,0,13.17702,80.28506,3.92,6076.9
EV-070,Kona Electric,39.2,34.8,13.17187,80.3925,3.89,4042.8
EV-070,Kona Electric,30.8,50.7,13.04033,80.30571,3.76,2981.6
EV-004,Kona Electric,30.2,0,13.06432,80.19522,4.18,7567.6
EV-094,Model 3,40.2,36.3,12.95731,80.1916,4.01,10040.5
EV-075,Kona Electric,27.6,26.1,12.9151,80.33949,4.26,13473.8
EV-062,Model 3,30.7,58.9,13.05378,80.29925,4.73,9788.4
EV-062,Model 3,26,11.9,13.08882,80.26604,3.79,7257.5
EV-094,Model 3,37,27.3,13.09684,80.28449,4.09,507
EV-095,Model 3,35.2,49.6,13.14839,80.30605,4.11,13731.8
EV-024,Model Y,40,29.7,13.32759,80.30053,4.44,13536
EV-055,Nexon EV,40.6,66.7,13.05102,80.15026,3.74,5683.9
EV-009,Model 3,48.3,57.3,12.99825,80.36804,3.27,440.4
EV-003,XUV400,27.7,16,13.12639,80.37339,3.74,11001.9
EV-031,Model Y,37.4,31.3,13.10048,80.41551,4.06,11876.3
EV-040,Kona Electric,28,0,13.03674,80.39811,3.72,8139.3
EV-036,Kona Electric,38.5,29,13.15557,80.3845,3.41,6046.1
EV-024,Model Y,41.2,71.5,13.01775,80.24778,3.15,12767.7
EV-095,Model 3,30.3,27.5,13.07241,80.29481,3.68,2891.8
EV-006,XUV400,33.5,19.1,13.07703,80.36406,3.6,6596.2
EV-066,XUV400,39.7,61.2,13.00688,80.12664,4.69,372.2
EV-084,Ioniq 5,31.9,23.7,12.94592,80.25321,4.13,2464.3
EV-092,Model 3,35.6,0,13.10022,80.13427,4.05,14112.8
EV-075,Kona Electric,29.9,25.8,13.1922,80.29312,4.37,8673.4
EV-004,Kona Electric,44.3,15.7,13.15957,80.37196,4.72,12084.9
EV-079,Model Y,43.3,54,13.16492,80.2722,3.97,7300.1
EV-006,XUV400,33.7,0,13.01878,80.22516,4.41,12523.2
EV-094,Model 3,49.3,25.3,13.09983,80.29335,3.74,8086.6
EV-051,XUV400,33.3,23.7,12.96877,80.3037,3.64,73
EV-062,Model 3,37.3,19.1,13.09621,80.30934,4.36,13496
EV-057,Model 3,36.5,27.9,13.1938,80.1735,4.36,2232.7
EV-066,XUV400,37.9,15.8,13.19629,80.29018,4.32,6761.1
EV-079,Model Y,41.1,13.4,13.24514,80.28543,4.05,7152.7
EV-075,Kona Electric,42,60.7,13.16183,80.34656,3.37,713.3
EV-008,Kona Electric,41,31.2,13.12076,80.26465,3.81,800.8
EV-026,Nexon EV,29.2,0,13.15268,80.42864,4.46,11439.5
EV-051,XUV400,32.4,11.9,13.13715,80.27729,3.76,4510.3
EV-045,MG ZS EV,45,40.4,13.01812,80.23245,4.07,6147.4
EV-044,Ioniq 5,40.6,46.9,12.96147,80.19045,3.65,8463.9
EV-005,MG ZS EV,36.1,23.7,13.15332,80.22959,3.92,5603.9
EV-070,Kona Electric,35.9,64.2,13.25017,80.20678,3.18,11626.7
EV-026,Nexon EV,39.6,23.5,13.15662,80.25822,3.97,13267.5
EV-068,Model Y,30.2,17.3,12.9316,80.40564,3.81,900.5
EV-019,Model 3,29.8,26.5,13.04116,80.15396,3.32,9532.9
EV-084,Ioniq 5,32.6,0,13.06696,80.15957,4.26,4768.3
EV-097,Model Y,26.5,54.1,12.93422,80.25193,4.06,8751.2
EV-020,Model Y,35.1,0,12.97255,80.16167,4.02,7261.2
EV-012,MG ZS EV,33.9,0,13.07973,80.19215,3.55,5008.5
EV-047,Kona Electric,35.5,44,13.10363,80.29783,3.56,1426.8
EV-001,Kona Electric,32,11.2,13.00382,80.26649,4.93,8393.8
EV-090,Kona Electric,31.4,0,12.96886,80.30578,2.95,1696.3
EV-014,XUV400,28.1,0,13.17816,80.31798,3.56,2346
EV-064,Nexon EV,32.9,0,13.0521,80.37811,4.86,14732.7
EV-038,Model Y,32.1,11.5,13.06355,80.30102,4.99,4754
EV-037,Model 3,38,45,13.03897,80.3671,4.68,8768.6
EV-011,Kona Electric,35.3,33.6,13.02101,80.27927,4.21,4087.1
EV-100,Kona Electric,30.2,0,13.18692,80.30193,3.75,12983.3
EV-077,Ioniq 5,39.4,50.3,13.01232,80.3009,3.22,4253.7
EV-003,XUV400,40.2,36.1,13.09707,80.29346,4.16,5506.4
EV-033,Nexon EV,31.7,19.3,13.0834,80.28715,3.69,9127.8
EV-006,XUV400,38.3,35.8,12.92685,80.41638,4.58,13050.5
EV-050,MG ZS EV,37.7,25.8,13.10198,80.32655,3.26,12244.1
EV-010,MG ZS EV,27.8,18.4,12.95918,80.23491,4.08,3961.6
EV-005,MG ZS EV,40.7,31.8,13.13354,80.45817,4.37,12444.2
EV-023,Model 3,45.4,26.4,12.98779,80.24054,4.4,10519.4
EV-010,MG ZS EV,38.5,58.2,13.12446,80.27028,4.07,14847.5
EV-044,Ioniq 5,31.1,0,13.04834,80.20425,4.14,14032
EV-002,Model Y,37.7,56.7,13.02875,80.32807,3.82,7999.4
EV-013,MG ZS EV,35.1,0,13.09955,80.40592,4.36,11250.2
EV-040,Kona Electric,41.4,56.6,12.96495,80.15141,3.9,8554.8
EV-002,Model Y,28,33,13.07716,80.24851,4.15,8927
EV-084,Ioniq 5,36.7,75.7,13.14528,80.36003,3.4,1527
EV-065,Model 3,34.5,0,13.16611,80.18595,3.85,38.7
EV-063,Model 3,35.8,37.5,13.04569,80.31665,3.46,727.6
EV-073,Model Y,29.4,27.2,13.05737,80.16658,3.53,14499.6
EV-017,Ioniq 5,45.8,52.5,12.96335,80.30333,3.68,1898.4
EV-009,Model 3,30.8,23,13.02264,80.27693,3.95,670.6
EV-075,Kona Electric,33.7,12.4,12.95789,80.53611,3.61,4648.1
EV-015,Model Y,34.9,31.6,13.11791,80.33026,3.58,8824.8
EV-024,Model Y,28.4,14.9,13.15007,80.09691,3.85,14227.2
EV-038,Model Y,35.5,21.3,13.04636,80.26472,4.36,10499.8
EV-035,MG ZS EV,34,0,12.99804,80.33664,3.15,4148.9
EV-094,Model 3,36.9,60.4,13.10736,80.23765,3.32,14086.2
EV-095,Model 3,36.7,53.1,13.01326,80.23417,3.9,545.4
EV-049,Nexon EV,41.1,51.1,13.13646,80.23808,4.39,14685.9
EV-069,Model Y,23.7,13,13.23753,80.31447,4.86,884.3
EV-062,Model 3,35.5,64.6,13.01195,80.17028,3.47,11309
EV-060,Model Y,38.9,48.3,13.02337,80.22578,3.79,684.2
EV-050,MG ZS EV,31.7,19.1,12.96593,80.35334,3.94,13973.8
EV-078,Nexon EV,30.1,7.1,13.09439,80.23174,4.09,1634.4
EV-075,Kona Electric,39.5,24.8,13.08895,80.22695,3.98,761.9
EV-009,Model 3,35.1,52.3,13.06106,80.16059,3.9,13339.5
EV-034,MG ZS EV,45.1,26.8,13.08399,80.32237,3.46,1441.4
EV-076,MG ZS EV,23.2,0,12.99921,80.30474,3.34,11970
EV-099,Kona Electric,22.5,13.3,12.94964,80.34849,4.29,11206.8
EV-035,MG ZS EV,43.7,60.9,13.02197,80.26167,3.61,8985.2
EV-001,Kona Electric,31.9,40.3,12.92946,80.29596,4.33,5672.6
EV-040,Kona Electric,33.7,54.3,13.01194,80.29529,3.9,13734.1
EV-064,Nexon EV,40.1,26.2,13.10748,80.1567,3.43,13066.9
EV-022,Ioniq 5,32.6,25.6,13.08747,80.45898,4.62,6396.6
EV-060,Model Y,39.7,26.6,12.9408,80.34894,4.01,3479.7
EV-064,Nexon EV,32.9,32.9,13.16665,80.27702,3.7,4092.2
EV-093,Model Y,33.8,0,13.06713,80.25276,3.79,3308.8
EV-072,Kona Electric,34,38.2,12.97875,80.37662,3.52,8121.1
EV-011,Kona Electric,30.2,23.4,13.05355,80.27837,4.13,13028.7
EV-014,XUV400,42.5,15.3,13.03606,80.34379,3.96,11605.3
EV-060,Model Y,44.7,59.5,13.01328,80.22446,4.52,11933.7
EV-030,XUV400,31,22.2,13.14771,80.20066,4.21,6727.1
EV-035,MG ZS EV,38.9,65.1,12.99419,80.25776,4.38,4840.1
EV-085,Ioniq 5,41.7,19,13.09747,80.27155,3.62,11361.5
EV-037,Model 3,29,16.4,12.97539,80.30458,3.87,11900.5
EV-005,MG ZS EV,30.5,26.4,13.07975,80.38805,4.36,10431.8
EV-083,Ioniq 5,34.4,0,13.10393,80.35966,4.24,486.4
EV-078,Nexon EV,44.3,7.6,13.10409,80.37614,3.99,8847.3
EV-026,Nexon EV,34.7,20.3,13.08916,80.21209,3.57,5209
EV-062,Model 3,37.2,0,13.06358,80.24711,3.13,2946.9
EV-004,Kona Electric,29.5,21.7,12.99757,80.34814,3.91,10417.5
EV-089,XUV400,37.1,27.2,12.9985,80.3679,3.93,4031.5
EV-042,Ioniq 5,35.8,47,13.10661,80.33005,4.01,13693.1
EV-089,XUV400,47.1,48,12.98179,80.22568,3.33,4474.7
EV-018,XUV400,47.7,64.3,12.96344,80.18737,3.22,8329.9
EV-040,Kona Electric,43.4,0,13.19708,80.28934,4.16,12417.3
EV-072,Kona Electric,35.1,54.9,13.06192,80.19936,4.04,6034.8
EV-039,Model Y,39.6,61.9,13.1335,80.30755,3.74,12430.7
EV-014,XUV400,36.2,19.6,13.15258,80.37075,3.86,10856.8
EV-032,Nexon EV,35.3,54.6,13.08679,80.28583,3.33,13813.4
EV-051,XUV400,35.9,27.1,13.05256,80.16623,4.38,4890.9
EV-038,Model Y,44.8,69,13.05392,80.22996,3.81,1579.9
EV-097,Model Y,35.6,53.3,13.21134,80.33987,3.61,6458.1
EV-023,Model 3,28.5,0,13.038,80.30861,4.33,11788.3
EV-063,Model 3,31,23.3,13.09681,80.31501,3.97,6759.3
EV-015,Model Y,32.9,63.8,13.13689,80.41222,3.35,3933.5
EV-097,Model Y,36.3,0,13.10276,80.29863,4.37,418.9
EV-025,XUV400,31,21.2,13.16945,80.2961,4.04,4698.8
EV-017,Ioniq 5,34.8,57.3,13.05177,80.33923,3.58,10702.1
EV-097,Model Y,38.9,35.1,13.13657,80.17685,3.49,2218.5
EV-066,XUV400,34.3,19.2,12.93913,80.23509,3.52,5116.5
EV-078,Nexon EV,32.8,28.4,13.19045,80.21162,4.34,308.4
EV-053,Kona Electric,41.1,42.5,13.17255,80.32309,4.18,10827.7
EV-051,XUV400,33.3,34.2,13.05835,80.19717,3.53,13210.8
EV-039,Model Y,21.1,0,13.11781,80.31578,3.52,8530.1
EV-051,XUV400,42,27.8,13.15399,80.25336,4.84,393
EV-070,Kona Electric,30.6,22.8,12.99968,80.24221,4.19,3268.3
EV-006,XUV400,34.4,50.2,13.07114,80.34365,4.38,6579.8
EV-067,Model 3,30.2,15.1,12.97824,80.16413,4.6,8815.8
EV-007,XUV400,37.1,40.1,13.17377,80.23161,3.63,7446.7
EV-051,XUV400,35.2,38.2,13.14852,80.50506,4.7,13738.4
EV-072,Kona Electric,36.9,0,13.06022,80.41873,3.57,14079.9
EV-042,Ioniq 5,42.4,18.4,13.05095,80.12555,4.29,1611.8
EV-064,Nexon EV,32,28.4,13.07078,80.2301,3.95,2080.2
EV-015,Model Y,34,55.9,13.01092,80.27573,4.07,5374
EV-029,Ioniq 5,29.4,0,13.06878,80.1578,3.92,6321.4
EV-033,Nexon EV,38.6,36.8,12.99968,80.43214,4.22,8793.1
EV-094,Model 3,34.9,28.8,13.15457,80.27307,4.54,11598.5
EV-027,Model Y,32.5,24.8,13.17365,80.25583,4.45,2040.8
EV-036,Kona Electric,25.5,0,13.15832,80.30119,3.98,12040.6
EV-029,Ioniq 5,23.3,19.6,12.98716,80.29991,3.62,9152.4
EV-038,Model Y,30.4,28.4,13.06602,80.20235,3.88,14713.4
EV-057,Model 3,44.6,52.2,13.12948,80.37592,4.03,9769.3
EV-097,Model Y,37.4,27.2,13.1442,80.28366,4.26,10742.8
EV-027,Model Y,34,24.2,12.93559,80.3754,4.43,2932.2
EV-055,Nexon EV,38.2,21.3,13.14194,80.22465,3.71,11534.1
EV-033,Nexon EV,27.4,15.3,12.98324,80.12703,3.63,1193.6
EV-068,Model Y,35.9,30.1,13.07038,80.38568,3.59,9849.7
EV-086,Model 3,26.1,25.4,13.1833,80.32993,3.92,838.3
EV-066,XUV400,38.9,42.9,13.17247,80.36416,4.09,1732.8
EV-010,MG ZS EV,33.3,0,13.18879,80.36908,4.15,1622.5
EV-005,MG ZS EV,35.2,14.7,12.9974,80.27224,3.43,792
EV-074,XUV400,37.8,0,13.01716,80.24135,3.62,4820.5
EV-097,Model Y,39.6,31.3,13.03768,80.26337,3.72,14915.3
EV-038,Model Y,28.9,24.2,13.07098,80.31481,4.7,5226.6
EV-013,MG ZS EV,43.3,45,13.10004,80.29286,3.85,11412.8
EV-031,Model Y,38.1,59.4,13.18488,80.12437,3.12,1989.1
EV-047,Kona Electric,22.1,0,13.00841,80.26122,4.15,6820.1
EV-100,Kona Electric,38.4,57.6,13.03239,80.38381,3.7,2780.8
EV-088,Ioniq 5,38.1,24.2,13.19659,80.2706,3.53,2885.5
EV-052,MG ZS EV,29.1,18,12.98998,80.44866,3.81,1499.9
EV-056,Kona Electric,38.7,0,13.14085,80.19382,3.86,6483.5
EV-015,Model Y,30.8,28.1,13.07561,80.29858,3.95,1137.6
EV-029,Ioniq 5,30.9,11.2,13.11375,80.19187,4.37,13647.6
EV-008,Kona Electric,34,44.3,13.01779,80.20225,4.22,6721.3
EV-005,MG ZS EV,27.7,35.1,13.13927,80.203,4.05,12579.3
EV-029,Ioniq 5,31.9,40.9,13.03036,80.44747,4.39,14692.1
EV-047,Kona Electric,31.1,21.8,12.96913,80.25053,3.84,10168.3
EV-068,Model Y,36.9,46.6,13.1211,80.21449,3.68,13523.2
EV-076,MG ZS EV,20,21,12.88245,80.27048,4.12,2034.8
EV-045,MG ZS EV,42.4,56.5,13.03726,80.25291,3.86,12450.8
EV-002,Model Y,39.7,34.8,13.10599,80.33562,3.41,4071.9
EV-027,Model Y,42.4,37.2,13.14332,80.10756,4.6,7091.6
EV-095,Model 3,26.4,15.8,13.18082,80.19433,3.59,9700.5
EV-036,Kona Electric,36.7,51.3,13.2249,80.33842,4.09,13553.6
EV-036,Kona Electric,42.1,45,13.20044,80.23161,4.22,13665.4
EV-026,Nexon EV,43.5,53,13.09802,80.2103,2.61,1386.1
EV-043,Kona Electric,39.4,0,13.17275,80.20672,4.09,5471.5
EV-027,Model Y,38.3,47.9,13.09679,80.32859,4.6,11898.7
EV-069,Model Y,37.6,49.3,13.13757,80.3251,3.63,10548.8
EV-020,Model Y,30.6,53,13.03475,80.34731,3.08,400.2
EV-011,Kona Electric,39.9,21.1,13.11967,80.17768,3.95,6751.1
EV-074,XUV400,32.4,22.7,13.04484,80.17295,4.19,12439.7
EV-038,Model Y,38.7,54.8,13.06882,80.36169,3.77,11066.6
EV-006,XUV400,34.8,24.7,13.11992,80.28711,3.62,6180.7
EV-072,Kona Electric,21.9,15.4,13.25001,80.22222,3.59,11028.7
EV-023,Model 3,31.4,28.7,13.11428,80.25813,3.35,8270.4
EV-047,Kona Electric,41,56,13.08176,80.17195,3.03,13689.9
EV-090,Kona Electric,35.4,30,13.01616,80.22833,3.86,8809
EV-046,Model Y,35.3,7.9,13.1544,80.28344,4.17,6014
EV-012,MG ZS EV,42.7,56.3,13.05586,80.29906,3.84,12944.5
EV-090,Kona Electric,27.9,0,13.11263,80.26371,4.1,752.8
EV-013,MG ZS EV,34.2,40,13.13886,80.25552,4.25,13508.2
EV-062,Model 3,31.3,0,13.18383,80.32936,4.52,10446.7
EV-082,Model 3,38.7,23.2,13.15009,80.26259,4.01,14109.4
EV-089,XUV400,30.8,0,12.98482,80.23493,4.14,3761.3
EV-097,Model Y,23.1,0,12.94532,80.20972,4.14,10425.3
EV-060,Model Y,38.2,60.3,13.13882,80.12929,3.75,12142.9
EV-043,Kona Electric,39.9,35.5,13.08958,80.32269,4.01,10533
EV-076,MG ZS EV,42.2,28.3,13.11402,80.38779,4.04,3159
EV-100,Kona Electric,37.2,31.8,13.22028,80.20458,4.62,4137.5
EV-068,Model Y,27.2,22,13.03337,80.1691,4.57,8503.3
EV-005,MG ZS EV,32.4,19.9,13.18601,80.22088,3.32,6704
EV-037,Model 3,39.8,45,13.03417,80.29394,4.09,11028.1
EV-072,Kona Electric,40.3,33.3,13.20792,80.23028,4,5683.3
EV-092,Model 3,40,45.6,13.14274,80.22888,4.49,12892.9
EV-031,Model Y,31.7,7.7,12.96213,80.26407,3.99,6481.6
EV-009,Model 3,38.7,20.3,13.04932,80.27876,4.1,605.4
EV-051,XUV400,33.2,36.9,13.23595,80.30016,3.74,265.4
EV-029,Ioniq 5,39.6,55.4,13.22592,80.24709,4.12,9702.9
EV-078,Nexon EV,36.1,2.8,13.13104,80.24566,3.5,8110.6
EV-040,Kona Electric,37.7,23.2,13.11104,80.11694,3.88,8143.5
EV-041,Ioniq 5,38,25,13.10188,80.34555,3.58,11851.2
EV-086,Model 3,39.7,40,13.11766,80.29089,3.88,5638.9
EV-011,Kona Electric,29.8,25.2,13.07144,80.39159,3.78,14931.7
EV-023,Model 3,37.7,46.9,13.17958,80.31159,4.3,14183.2
EV-001,Kona Electric,28.3,6.6,13.12893,80.26481,3.91,199.4
EV-046,Model Y,35.5,41,13.00547,80.15182,4.6,13436.7
EV-021,Ioniq 5,31.7,46.5,13.1351,80.14,3.87,10209.8
EV-090,Kona Electric,35.9,18.3,13.0959,80.35457,3.57,7533.8
EV-036,Kona Electric,28.1,49.6,13.0577,80.31562,3.81,8743.3
EV-054,XUV400,41.7,55,13.23458,80.38793,3.99,12628.7
EV-087,Model Y,40.4,69.1,13.091,80.3452,4.19,14265.8
EV-057,Model 3,41.5,0,12.92615,80.24101,3.74,8407.2
EV-001,Kona Electric,36.4,45.4,13.06339,80.08669,4.65,2723.5
EV-063,Model 3,33.6,21.9,13.16218,80.31906,3.92,9598.1
EV-054,XUV400,42.1,56,13.00858,80.18941,3.6,1147.9
EV-055,Nexon EV,33.2,16.3,13.15946,80.25596,4.31,9528.9
EV-040,Kona Electric,39.7,52.4,13.00288,80.30367,4.42,12130.1
EV-015,Model Y,40.7,30.9,13.18963,80.22025,4.22,5303.2
EV-021,Ioniq 5,32.8,17.4,13.03689,80.20469,3.43,1072.4
EV-047,Kona Electric,38,0,13.05456,80.24613,4.13,10384.9
EV-073,Model Y,29.9,52.3,13.04863,80.10701,4.72,5093.2
EV-053,Kona Electric,42.5,20.7,13.1305,80.188,3.09,3740.2
EV-009,Model 3,25.9,24,13.23023,80.18685,4.15,10339.3
EV-074,XUV400,45.6,56.9,13.08389,80.25183,3.64,14543.9
EV-052,MG ZS EV,26.4,30.9,13.08183,80.19493,3.63,11181.1
EV-057,Model 3,47.2,44.4,13.03684,80.22943,4.38,7372.8
EV-026,Nexon EV,32.8,0,12.95251,80.2351,3.3,9009.7
EV-041,Ioniq 5,30.1,23.3,13.04482,80.44091,3.86,2138.5
EV-035,MG ZS EV,42.7,11.4,12.98198,80.33227,4.4,12199.1
EV-063,Model 3,26.6,0,12.93171,80.26107,4.35,9066.4
EV-025,XUV400,33.4,21.1,13.07654,80.30663,4.24,14487.6
EV-090,Kona Electric,49.1,33.8,13.03929,80.34436,4.01,14692.4
EV-075,Kona Electric,41.7,64.6,13.19283,80.29372,3.56,5322
EV-038,Model Y,21.9,0,13.01425,80.18799,3.81,14828.2
EV-002,Model Y,35.1,37.4,13.13633,80.25974,3.61,14352.7
EV-007,XUV400,38,64.9,13.13477,80.19263,3.93,9599.3
EV-082,Model 3,32.9,0,13.18967,80.24437,4.08,5005.3
EV-091,Model 3,34.6,23.3,13.06796,80.25799,4.34,11301.3
EV-034,MG ZS EV,42.7,66.2,13.18822,80.35491,3.26,4072.2
EV-091,Model 3,32.5,67.8,13.12758,80.20717,3.22,9449.5
EV-017,Ioniq 5,36,56.1,13.17384,80.20076,3.98,373.6
EV-043,Kona Electric,41.3,64.4,13.27423,80.21335,2.7,9430.6
EV-059,Nexon EV,34.8,55.3,13.07284,80.22198,2.78,14274.4
EV-051,XUV400,42.2,39.1,13.09636,80.24525,4.41,3531
EV-054,XUV400,34.7,53.7,13.05375,80.29705,3.54,11673.8
EV-024,Model Y,32.7,0,13.20608,80.20789,4.08,4404.9
EV-025,XUV400,37.5,50.1,13.29107,80.27989,4.05,10619.2
EV-071,Model Y,28.6,13.8,13.14143,80.28088,4.41,10501.1
EV-052,MG ZS EV,35.1,23.3,12.95389,80.31499,3.82,2775.1
EV-070,Kona Electric,28.5,25.8,13.01205,80.25384,3.85,8958.9
EV-088,Ioniq 5,35.5,47.4,13.17547,80.33727,3.71,12888.2
EV-033,Nexon EV,32.2,0,12.99115,80.30022,4.25,5741.1
EV-049,Nexon EV,31.2,53,13.03466,80.29663,4.11,10655.6
EV-029,Ioniq 5,41.2,50.8,13.03185,80.22664,4.4,10118.1
EV-063,Model 3,35,14.2,13.07653,80.29267,3.5,3866.4
EV-022,Ioniq 5,42.3,63.3,13.10324,80.29888,4.53,13780.1
EV-026,Nexon EV,39.8,64.7,12.93155,80.22289,3.48,8454.9
EV-028,Model 3,30.5,35.3,12.9605,80.36624,3.98,5332.6
EV-085,Ioniq 5,34.9,24.2,12.96241,80.48058,4.07,2469.6
EV-049,Nexon EV,38.1,24.8,12.97198,80.21813,3.64,7104.5
EV-071,Model Y,27.8,14.4,13.08398,80.23309,3.84,10953.1
EV-081,Model Y,29.9,29.1,13.09827,80.2351,4.58,9356.5
EV-084,Ioniq 5,37.5,56.4,13.16375,80.16593,4.36,10907.2
EV-049,Nexon EV,30.1,0,13.12709,80.2006,4.08,11877.5
EV-020,Model Y,41.2,77.8,13.03612,80.33928,3.76,6617.9
EV-086,Model 3,34.8,35.9,13.10109,80.26414,4.16,7804.9
EV-092,Model 3,36.2,28.2,13.16704,80.42422,3.98,14796.4
EV-063,Model 3,44.7,54.7,13.06451,80.24762,3.51,14520.9
EV-061,Ioniq 5,42.3,63,13.05787,80.30401,3.3,6225.2
EV-049,Nexon EV,34.2,15.8,13.0071,80.19836,3.7,10279.3
EV-071,Model Y,30.8,36.4,13.01831,80.26189,4.65,4017.5
EV-001,Kona Electric,30.1,14.1,13.13755,80.27773,4.35,2294.7
EV-096,Ioniq 5,36.2,0,13.08239,80.10237,4.58,11527.2
EV-013,MG ZS EV,32,19.4,13.23937,80.2047,4.16,6545.5
EV-094,Model 3,28,6.6,13.02856,80.32157,3.65,2659.9
EV-087,Model Y,46.2,31.1,13.14361,80.31731,4.22,11383.9
EV-051,XUV400,46.5,57,13.11361,80.17083,4.25,13728
EV-056,Kona Electric,33.7,19.4,13.07555,80.24182,4.26,13999.4
EV-083,Ioniq 5,28.5,15.7,13.04786,80.08113,3.47,8947
EV-062,Model 3,40.3,38.8,13.13071,80.27043,3.41,7197.2
EV-032,Nexon EV,36,53.9,13.12611,80.37152,4.08,2132.3
EV-030,XUV400,42.3,48.9,13.09886,80.37499,3.8,11892.9
EV-029,Ioniq 5,34.9,44.2,13.11675,80.37215,4.12,14180.1
EV-049,Nexon EV,46.2,49.7,13.08562,80.31286,3.6,13342.5
EV-045,MG ZS EV,33.8,36.4,12.95141,80.36336,4.05,11278
EV-093,Model Y,45.4,13.5,13.08945,80.25556,3.55,73.5
EV-030,XUV400,35.5,21.5,13.06122,80.22895,4.1,6119.2
EV-016,MG ZS EV,42.5,30,13.2384,80.36195,4.29,6163.7
EV-040,Kona Electric,35.8,54.5,13.13337,80.29378,4.12,13416.1
EV-019,Model 3,32.3,57,13.09882,80.12708,3.24,989.4
EV-018,XUV400,20.5,0,13.11973,80.36803,4.19,7970.7
EV-001,Kona Electric,40.7,19.6,13.00085,80.25311,3.76,2046.3
EV-078,Nexon EV,33.4,9,13.03392,80.21733,4.61,9936.1
EV-047,Kona Electric,25.8,0,13.05592,80.34901,4.38,11884.9
EV-066,XUV400,43.3,39.7,13.11377,80.33823,4.01,9631.2
EV-092,Model 3,40.2,20.2,13.04792,80.19415,4.87,11919.8
EV-094,Model 3,42.3,27.9,13.04258,80.25813,3.71,9114.4
EV-038,Model Y,29.1,32,12.99727,80.19803,3.98,2851.6
EV-051,XUV400,41.6,28.1,13.08471,80.20014,4.22,5743
EV-063,Model 3,36.1,17.9,13.09595,80.03128,4.81,14353.2
EV-004,Kona Electric,46.9,64.3,13.11698,80.18958,4.17,4326.2
EV-001,Kona Electric,38.3,30.1,13.02702,80.25701,4.32,947.6
EV-008,Kona Electric,39.7,56.6,13.11236,80.04404,3.42,5775.5
EV-029,Ioniq 5,41.5,26.8,12.99948,80.16095,3.65,5497.8
EV-055,Nexon EV,44.5,68.5,13.06517,80.31926,3.81,7057.3
EV-003,XUV400,43.3,49.2,13.10683,80.15772,3.42,8406.7
EV-032,Nexon EV,33.1,29.2,13.062,80.25812,4.13,14886.4
EV-010,MG ZS EV,33.5,19.7,12.95775,80.13843,4.32,11344.7
EV-074,XUV400,28.1,40,12.96729,80.30346,3.41,543.2
EV-083,Ioniq 5,29.8,5.4,13.10037,80.24464,4.26,10692.1
EV-034,MG ZS EV,37.7,14.9,13.12907,80.19729,4.36,12364.4
EV-097,Model Y,37,18.4,13.10985,80.05914,3.85,13435
EV-087,Model Y,32.5,45,13.131,80.19919,3.94,6363
EV-055,Nexon EV,38.4,0,13.06026,80.32388,3.28,4707.8
EV-092,Model 3,54.1,60.6,13.14178,80.3947,3.51,12590.7
EV-032,Nexon EV,31.4,32.9,13.10958,80.25316,3.39,11665.3
EV-050,MG ZS EV,33.2,18.6,13.03154,80.26269,3.72,8043
EV-007,XUV400,35.6,55.5,13.12386,80.2165,3.63,1772.7
EV-093,Model Y,36.9,45,13.10638,80.36904,3.54,9778.2
EV-008,Kona Electric,38.8,45.3,13.2165,80.25145,3.5,989.7
EV-065,Model 3,32.1,29.6,13.19305,80.3422,3.52,1510
EV-057,Model 3,30.6,0,13.07532,80.29056,4.49,4970.4
EV-067,Model 3,40.6,67.9,13.04929,80.28053,3.51,5570.8
EV-088,Ioniq 5,38.5,34.7,13.20743,80.18908,4.51,6932.3
EV-087,Model Y,47.7,69.4,13.12682,80.41331,3.31,5090.4
EV-059,Nexon EV,38.7,56.7,13.06877,80.38797,3.61,511.7
EV-072,Kona Electric,36.4,59.8,12.92358,80.45264,3.53,2365.4
EV-054,XUV400,38.6,26.1,13.02226,80.18275,2.81,1731.1
EV-067,Model 3,41.1,59.3,13.0167,80.29182,3.92,6470.6
EV-051,XUV400,32.9,15.8,13.07099,80.20723,3.96,3185.9
EV-097,Model Y,38.4,32.9,13.13218,80.30619,4.02,4406.7
EV-092,Model 3,37,57.4,13.1444,80.29408,2.92,7076.2
EV-008,Kona Electric,32.4,25.6,13.2027,80.23758,3.99,3537.3
EV-034,MG ZS EV,30.8,69,13.15721,80.25241,3.35,3692.7
EV-035,MG ZS EV,36.7,52.9,12.97866,80.43796,3.89,12498
EV-096,Ioniq 5,30.9,64.7,13.1651,80.25988,3.58,8223.6
EV-088,Ioniq 5,33.4,38.1,13.22137,80.09449,3.81,12852.1
EV-078,Nexon EV,42.3,61.8,13.2174,80.22781,3.89,7720.3
EV-032,Nexon EV,26.3,15.3,12.98567,80.18308,4.41,13639.4
EV-046,Model Y,38,57.9,13.06741,80.19712,3.58,3824.9
EV-016,MG ZS EV,37.7,44.6,13.15958,80.32745,3.42,9252
EV-068,Model Y,30.8,0,12.99003,80.34197,3.45,7551
EV-037,Model 3,30.4,6.8,12.94471,80.20326,4.17,13780.8
EV-054,XUV400,36.4,23.1,13.10782,80.22665,4.52,6280.1
EV-085,Ioniq 5,38.7,36.6,13.02865,80.21485,3.27,12823.1
EV-014,XUV400,38.5,54.1,12.95218,80.39215,3.41,8460.7
EV-095,Model 3,33.8,33.1,13.18106,80.34436,3.87,10629.6
EV-055,Nexon EV,41,39.1,13.09585,80.32486,3.18,13304
EV-048,Model Y,25.4,0,13.04104,80.18814,3.96,14953.6
EV-082,Model 3,38.7,27.3,13.00561,80.13396,4.15,10968.4
EV-007,XUV400,37.7,30.1,13.09667,80.36914,4.19,4721.3
EV-074,XUV400,33,0,13.12393,80.42421,3.84,4488.7
EV-007,XUV400,35.1,25.9,13.10877,80.13017,3.86,4640
EV-033,Nexon EV,25.9,28,12.96119,80.45002,3.59,1473.1
EV-023,Model 3,38.9,0,13.12085,80.26222,3.29,808.7
EV-085,Ioniq 5,41.6,45,13.13826,80.28415,3.92,8714.7
EV-019,Model 3,30.1,24.4,13.05523,80.16527,4.16,12159.8
EV-019,Model 3,42.1,52.2,13.16587,80.12872,3.86,546.8
EV-036,Kona Electric,40.5,63.3,13.01455,80.0896,4.08,8501.7
EV-029,Ioniq 5,31.1,16.6,13.18595,80.35317,4.14,5579.6
EV-060,Model Y,44,50.1,13.09329,80.26408,4.16,13387.8
EV-082,Model 3,32.1,18.9,13.04301,80.30756,4.07,2185.1
EV-002,Model Y,41.5,22.4,13.05722,80.36135,4.74,8453.7
EV-001,Kona Electric,41.1,53.3,13.16264,80.26304,3.64,14564
EV-047,Kona Electric,40.6,32,13.10168,80.40586,4.27,5178.8
EV-069,Model Y,41.2,52.3,13.13431,80.20467,3.95,11127.9
EV-020,Model Y,34.7,0,13.16867,80.23729,4.3,13237.4
EV-011,Kona Electric,37,32.4,13.04062,80.19847,4.13,2797.2
EV-002,Model Y,28.4,0,13.09288,80.33754,3.98,14887.9
EV-067,Model 3,39.7,61.9,13.06474,80.35978,3.81,12141.8
EV-087,Model Y,38.8,18.5,13.16406,80.23447,4.2,2067.8
EV-012,MG ZS EV,43,61.7,13.0521,80.15925,3.92,4666.7
EV-020,Model Y,38.6,34.3,13.08653,80.36915,4.59,9376.4
EV-005,MG ZS EV,22.4,7.4,13.26636,80.20024,4.08,13274.3
EV-037,Model 3,30.9,0,13.18551,80.23848,3.56,2926.6
EV-038,Model Y,33.8,27.9,12.99988,80.18484,4.07,10969.4
EV-094,Model 3,32.6,50.9,13.15486,80.2937,3.7,4063.4
EV-009,Model 3,41.1,38,13.1378,80.2091,3.81,12082.2
EV-098,Ioniq 5,28,50.9,12.99465,80.32681,3.75,10253.2
EV-053,Kona Electric,41.5,44.3,13.0739,80.22592,3.64,7846
EV-044,Ioniq 5,41.6,24.7,13.00688,80.31373,3.04,9749.7
EV-099,Kona Electric,32.9,16,12.89129,80.19673,4.59,13147.3
EV-086,Model 3,31.6,0,13.07102,80.3688,3.8,5799.5
EV-024,Model Y,36.8,0,13.04221,80.23071,3.31,11539.9
EV-081,Model Y,28.2,0,12.99463,80.27791,4.07,2387.8
EV-074,XUV400,39.3,33.5,13.08193,80.17567,4.25,10519.3
EV-030,XUV400,29.4,16.9,12.91305,80.26941,3.93,11261.1
EV-059,Nexon EV,28.9,24.8,13.086,80.17864,3.48,6647.8
EV-087,Model Y,38.3,40.5,13.08393,80.26719,3.43,11905.4
EV-096,Ioniq 5,36.2,36,13.137,80.19378,4.91,8358.8
EV-081,Model Y,27,29.8,12.95445,80.25827,3.44,14044.4
EV-081,Model Y,45.6,54,13.25385,80.30797,3.16,1691.4
EV-014,XUV400,29.9,0,13.22316,80.16091,3.88,1966.7
EV-009,Model 3,38,28.8,13.02084,80.26722,4.33,12637.2
EV-040,Kona Electric,47.3,60.5,13.19948,80.30336,4.32,12636.2
EV-066,XUV400,35.1,15.1,13.15127,80.30303,3.91,7071
EV-025,XUV400,42.4,33.5,13.04755,80.42417,3.91,14459.6
EV-073,Model Y,29.4,14,13.03415,80.21114,3.49,10192.4
EV-022,Ioniq 5,42.8,30.7,13.0402,80.27048,4.44,14742.9
EV-004,Kona Electric,29.5,13.9,13.30881,80.41052,3.97,7988.3
EV-026,Nexon EV,34.5,44.6,13.19151,80.16084,3.99,3028.2
EV-058,Model Y,28.6,32.6,13.06648,80.0869,4.17,6668.7
EV-029,Ioniq 5,34.5,9.4,13.07339,80.31355,4.12,14707.4
EV-098,Ioniq 5,41.8,55,13.1505,80.35416,3.74,5559.4
EV-087,Model Y,41.9,50.8,13.14699,80.1019,4.41,14355.5
EV-037,Model 3,27.1,18.6,13.00615,80.24512,3.36,11956.3
EV-075,Kona Electric,40.6,56.2,13.1065,80.18927,3.86,6634.4
EV-070,Kona Electric,35.9,15.7,13.0385,80.29547,4.16,8130.4
EV-018,XUV400,39,32.6,13.09488,80.26799,3.84,9113.5
EV-085,Ioniq 5,35.4,60.6,13.07886,80.37542,3.93,9988.2
EV-042,Ioniq 5,22.9,28.5,13.16411,80.16311,4.27,1155.1
EV-100,Kona Electric,38.5,24.8,13.06124,80.30158,4.44,14004.2
EV-041,Ioniq 5,35.1,31.6,13.09217,80.32043,3.96,8957
EV-038,Model Y,37.4,32.9,12.93245,80.27473,3.91,13967.6
EV-034,MG ZS EV,38.6,58.6,13.10859,80.11015,3.94,9480.3
EV-017,Ioniq 5,38.5,44.5,13.02042,80.30394,3.92,6468.1
EV-037,Model 3,41.5,48.7,12.96133,80.21225,3.32,8506.1
EV-025,XUV400,29.1,52.9,13.17303,80.13124,4.19,12443.4
EV-076,MG ZS EV,38.9,10.2,13.07936,80.30024,3.27,4895.3
EV-087,Model Y,34.4,27.2,12.91653,80.33208,4.16,14347.1
EV-086,Model 3,40.1,0,13.02001,80.22147,5.02,6992
EV-085,Ioniq 5,34.4,39.1,13.0831,80.33741,4.21,14343.8
EV-027,Model Y,33.1,37.5,13.08548,80.33821,3.72,13211.9
EV-057,Model 3,38.6,60.9,13.04275,80.2693,3.5,11516.1
EV-031,Model Y,38.4,32.3,12.81348,80.31841,4.15,7014.2
EV-006,XUV400,36,45,13.03855,80.34881,3.99,8806.2
EV-091,Model 3,38.9,33.4,13.16838,80.3127,4.3,12571.3
EV-040,Kona Electric,34.2,34.3,13.19489,80.08774,4.58,8163.1
EV-098,Ioniq 5,37.4,43.5,13.0341,80.06907,4.53,11074.2
EV-012,MG ZS EV,47.8,38.3,13.23337,80.35598,3.5,11860.9
EV-053,Kona Electric,37.3,29,12.95334,80.21563,4.01,7698.9
EV-071,Model Y,40.7,54.4,13.0179,80.23102,4.01,8046
EV-010,MG ZS EV,27.2,21.7,13.15402,80.4219,4.61,2971.5
EV-045,MG ZS EV,41.1,19.5,13.14142,80.21201,4.14,3674.9
EV-017,Ioniq 5,41.8,37.6,13.08193,80.25962,3.73,13574.6
EV-026,Nexon EV,35,54.8,12.99317,80.2717,3.98,12605.7
EV-085,Ioniq 5,37.2,0,12.99296,80.25366,4.73,156.8
EV-092,Model 3,39.8,50.9,13.02465,80.37823,3.78,13041.5
EV-062,Model 3,38.1,48.8,12.99643,80.24073,3.64,383.4
EV-046,Model Y,41.7,26.7,13.09316,80.32825,3.99,6876.9
EV-064,Nexon EV,35.7,52.1,13.07532,80.27632,3.6,1016.2
EV-002,Model Y,34.4,50.3,12.98979,80.34805,4.22,14532.5
EV-054,XUV400,38.3,43.9,13.05431,80.16094,3.74,14584.9
EV-065,Model 3,42.2,62.7,12.87075,80.09041,4.16,9165
EV-051,XUV400,39.7,23.6,13.10984,80.27308,4.2,5886.1
EV-053,Kona Electric,32.9,14.1,13.14004,80.2029,4.28,7682.3
EV-036,Kona Electric,30.4,22.3,13.00976,80.38789,4.28,11435.7
EV-026,Nexon EV,48.3,30.5,13.01979,80.26405,4.29,3351.8
EV-029,Ioniq 5,29.6,25.3,13.10333,80.28828,3.88,6628.6
EV-021,Ioniq 5,39.1,56.5,13.0912,80.24611,3.38,11060.3
EV-011,Kona Electric,42.5,55.3,13.14455,80.21859,3.6,5933.9
EV-040,Kona Electric,39.2,12.2,13.02057,80.2753,4.37,484.8
EV-011,Kona Electric,36.7,62.6,13.02986,80.35188,2.94,7613.4
EV-036,Kona Electric,27.6,41.3,13.06504,80.24569,3.2,11062.5
EV-059,Nexon EV,32.6,29.6,12.99741,80.24007,4.09,14652.4
EV-039,Model Y,40,31.2,13.0633,80.33509,4.34,560.5
EV-099,Kona Electric,37.9,22.8,12.99872,80.13593,4.39,8101.1
EV-054,XUV400,42.3,57.8,13.11611,80.36578,3.36,6751.8
EV-098,Ioniq 5,38.2,22.2,13.00788,80.20619,3.53,3640.5
EV-055,Nexon EV,42.1,28.7,13.10293,80.34626,3.73,9568.3
EV-024,Model Y,28.1,0,13.19923,80.29421,3.84,2458.5
EV-022,Ioniq 5,33.6,62.9,13.11696,80.10398,3.51,4261.6
EV-069,Model Y,39.7,48.7,13.09677,80.27165,3.98,11727.5
EV-056,Kona Electric,34,60.4,12.97361,80.37584,4.25,6908.9
EV-033,Nexon EV,33.9,68.5,13.19382,80.24642,3.5,14905.1
EV-036,Kona Electric,45,57.1,13.17196,80.25376,4.13,5800
EV-020,Model Y,39.4,51,13.07019,80.20931,4.14,6951.6
EV-083,Ioniq 5,40.9,73.1,13.05197,80.36634,3.15,4507.4
EV-099,Kona Electric,38.9,55.7,13.01758,80.23367,4.04,3548.2
EV-081,Model Y,34.7,27.3,13.22585,80.41402,4.23,13834.6
EV-062,Model 3,38.1,0,13.14542,80.36313,4,11233.7
EV-098,Ioniq 5,27.7,27.5,13.02203,80.37726,4.07,5004.4
EV-073,Model Y,27.8,29.5,13.17064,80.27711,3.98,10503.8
EV-026,Nexon EV,29.9,21.6,13.18983,80.23179,3.56,14486.9
EV-066,XUV400,36.7,26.9,13.081,80.30897,4.95,1115.3
EV-073,Model Y,48.5,62.6,13.05515,80.39486,4.02,3971.2
EV-073,Model Y,42.6,52,13.00325,80.41256,4.07,3012.7
EV-040,Kona Electric,41.2,51.6,13.13929,80.12212,3.71,13047.4
EV-017,Ioniq 5,34.3,22.1,13.04853,80.48708,3.96,2692
EV-001,Kona Electric,25.3,0,13.04523,80.29087,3.53,4624.6
EV-089,XUV400,34.6,0,13.08178,80.33303,4.19,8160.2
EV-061,Ioniq 5,43.8,14,13.01726,80.19908,4.13,9318.3
EV-043,Kona Electric,30.8,0,13.20497,80.19357,3.92,12123.7
EV-042,Ioniq 5,29.2,0,13.16013,80.15559,4.01,6112.8
EV-025,XUV400,36.8,49.5,13.08882,80.40699,3.79,8016
EV-039,Model Y,40.9,49.2,13.0146,80.21565,3.72,14482.1
EV-035,MG ZS EV,35.6,25,13.01892,80.26335,3.69,4463.9
EV-003,XUV400,36.6,0,13.01539,80.24659,3.59,3725.2
EV-044,Ioniq 5,35.8,33.4,12.98424,80.18903,3.72,10660.4
EV-051,XUV400,30.8,0,13.10851,80.25478,3.75,11568.2
EV-094,Model 3,41.1,66.6,13.0313,80.27773,4,6224.6
EV-098,Ioniq 5,32.4,25.6,13.02674,80.3706,3.75,3198.6
EV-012,MG ZS EV,44.3,29.6,13.01759,80.18597,3.19,11684.9
EV-019,Model 3,39.4,27.4,13.16299,80.22402,4.12,10059
EV-044,Ioniq 5,26.5,0,13.02201,80.31471,4.25,13144
EV-059,Nexon EV,28.8,4.1,13.18422,80.27433,4.39,12665.7
EV-049,Nexon EV,40.3,45.8,13.05968,80.2758,4.05,3081.9
EV-061,Ioniq 5,36.8,32.6,12.98309,80.19301,3.54,12485.9
EV-017,Ioniq 5,33.5,0,13.12024,80.33298,3.68,2631.7
EV-074,XUV400,35.1,33.6,13.15368,80.38379,4.24,12956.2
EV-057,Model 3,38.3,33.4,13.01406,80.37639,4.58,11556
EV-055,Nexon EV,37.6,53.6,13.08776,80.25521,3.37,8550.1
EV-047,Kona Electric,35.4,5.1,13.10818,80.06406,4.08,9635.1
EV-012,MG ZS EV,37.6,14.7,13.09035,80.2894,3.78,1565.7
EV-062,Model 3,42,16.2,13.04605,80.27872,3.67,603.1
EV-080,Model 3,33.2,31.3,13.15323,80.18925,4.01,4963
EV-088,Ioniq 5,34.5,21.4,13.06261,80.20497,3.95,12322
EV-083,Ioniq 5,30.9,41.9,13.03425,80.19106,3.19,6989.5
EV-008,Kona Electric,45.9,39.7,12.94149,80.29266,4.07,3354.8
EV-095,Model 3,30.3,68.4,12.94224,80.20491,3.66,12519.1
EV-021,Ioniq 5,42.3,15.8,13.09997,80.28391,4.3,3433.3
EV-081,Model Y,39.5,58.9,13.07654,80.46082,3.49,12233.3
EV-087,Model Y,36.5,20.2,13.1537,80.25583,3.36,6797.4
EV-080,Model 3,38.1,57.6,13.17312,80.1779,3.58,6955.1
EV-070,Kona Electric,38,48.6,13.06309,80.15443,4.21,4094.4
EV-072,Kona Electric,39.4,37.3,13.15859,80.29711,3.97,13503.1
EV-025,XUV400,29.7,48.7,13.03775,80.43093,4.27,1336.3
EV-082,Model 3,28.7,0,13.07071,80.19857,3.48,2170.4
EV-089,XUV400,32.6,40,13.06842,80.0983,4.32,9540.1
EV-012,MG ZS EV,39.6,45,13.20903,80.4073,4.1,12752.5
EV-015,Model Y,32,0,12.98042,80.472,3.86,1436.3
EV-059,Nexon EV,38.6,29.4,13.08743,80.33124,4.43,11007.6
EV-026,Nexon EV,38.4,46.4,13.02702,80.30514,4.07,11139
EV-026,Nexon EV,37.3,0,13.05878,80.27604,3.61,8724.9
EV-047,Kona Electric,31.1,23.4,13.05536,80.32518,4.39,7303.5
EV-032,Nexon EV,38.3,50.4,13.08847,80.32148,3.8,4819.7
EV-010,MG ZS EV,44.2,55,13.19045,80.29334,3.81,5275.2
EV-016,MG ZS EV,40.5,33,13.23486,80.19452,3.65,10118.1
EV-071,Model Y,28.4,31.5,13.13523,80.29292,3.98,984
EV-017,Ioniq 5,26.9,0,13.00437,80.26283,3.62,8776.1
EV-023,Model 3,34.9,27.5,13.06873,80.20654,3.93,4184.6
EV-026,Nexon EV,33.8,25.1,13.10355,80.29273,4.01,7001.8
EV-085,Ioniq 5,39.3,63.6,13.05015,80.2318,3.87,8386.9
EV-086,Model 3,36,0,13.06053,80.27612,3.44,13285.5
EV-007,XUV400,34.1,5.7,13.07701,80.30722,4.4,8688.2
EV-014,XUV400,33.7,0,13.14448,80.31855,4.41,3411.3
EV-079,Model Y,37.5,17.5,13.12511,80.23378,3.92,1196.5
EV-007,XUV400,39.2,15.2,13.03389,80.30673,4.05,9406.7
EV-009,Model 3,20.9,35.1,13.13013,80.32535,4.12,8178
EV-048,Model Y,32.2,17.6,13.22065,80.34861,4.03,10078.6
EV-072,Kona Electric,33,44.7,12.96166,80.29509,4.24,6893.7
EV-059,Nexon EV,38,30.5,13.04771,80.31913,3.85,12377.8
EV-087,Model Y,35.4,47.7,13.04163,80.23699,3.64,13803.1
EV-093,Model Y,38.6,52.2,13.08909,80.47685,4.03,604.9
EV-082,Model 3,41.7,45,12.93679,80.26557,3.39,11162.6
EV-095,Model 3,36.3,61.3,13.19159,80.36039,3.92,532.2
EV-094,Model 3,36.6,22.9,13.08644,80.23176,4.29,6679.2
EV-039,Model Y,39.8,0,13.10655,80.30068,3.69,6926.7
EV-099,Kona Electric,42.6,54,13.09729,80.29769,4.39,10444.8
EV-018,XUV400,24.1,0,13.04138,80.31293,3.86,5289.3
EV-059,Nexon EV,34.6,34.1,13.13859,80.20286,3.83,12314.4
EV-017,Ioniq 5,41,60.3,13.08312,80.30186,3.43,5146.2
EV-014,XUV400,34.8,0,12.91593,80.23207,4.18,5141.1
EV-031,Model Y,33.8,25.8,13.07405,80.33626,3.84,3345.3
EV-024,Model Y,35.5,55.8,13.06049,80.20044,3.21,10259.6
EV-099,Kona Electric,33.6,10.2,13.13844,80.29517,4.14,1153.4
EV-060,Model Y,27.5,8.1,13.29881,80.26844,3.88,5449
EV-045,MG ZS EV,40.3,23.2,13.11291,80.41909,4.43,4007
EV-098,Ioniq 5,43.6,18.7,13.25228,80.36012,4.12,3443.9
EV-003,XUV400,37.7,30.9,13.0278,80.3805,4.11,919.4
EV-037,Model 3,37.6,56.6,13.03293,80.20898,4.17,2859.8
EV-043,Kona Electric,38.8,17.3,13.06299,80.24003,4.06,6696.4
EV-040,Kona Electric,39.1,26.6,13.11672,80.27037,4.31,7558.6
EV-090,Kona Electric,36.8,51.7,13.03145,80.36226,3.61,4046.2
EV-055,Nexon EV,40.3,71.5,12.95375,80.30079,4.13,9755.4
EV-087,Model Y,29,0,13.08454,80.21077,4.11,5040.2
EV-039,Model Y,36.3,28.9,12.99126,80.21415,3.52,5511.9
EV-015,Model Y,34.6,9.4,13.17197,80.3661,4.06,11740.5
EV-004,Kona Electric,33.3,43.2,13.13421,80.30337,4.07,8281.7
EV-093,Model Y,28.9,18.7,13.02194,80.2749,4.05,14297.9
EV-086,Model 3,27.2,15.3,13.11916,80.26827,3.08,5392.7
EV-025,XUV400,42.7,72.1,13.03885,80.34233,3.24,12418.5
EV-013,MG ZS EV,38.9,57.8,13.07852,80.18635,3.19,11076.4
EV-082,Model 3,31.6,0,13.07937,80.27485,3.45,13353.4
EV-033,Nexon EV,38.2,32,13.05585,80.27963,4.07,14352.1
EV-016,MG ZS EV,31.4,32.3,13.14915,80.17103,3.78,120.1
EV-042,Ioniq 5,29.4,22.9,12.99317,80.25411,3.85,1329
EV-066,XUV400,35.5,19.3,13.12566,80.45362,3.64,10116.7
EV-055,Nexon EV,29.6,51.7,13.10706,80.2039,4.42,5856
EV-099,Kona Electric,35.6,41.1,12.97033,80.28078,4.02,12287.8
EV-042,Ioniq 5,47.6,27,13.01915,80.10453,3.35,184.6
EV-034,MG ZS EV,33.1,65.5,12.99519,80.25959,3.85,12105.6
EV-030,XUV400,32.8,24.2,13.05339,80.18475,3.86,2033
EV-013,MG ZS EV,23.5,17.4,13.08657,80.24255,4.48,4357.3
EV-013,MG ZS EV,32.1,10.6,13.00843,80.30479,4,14536.3
EV-018,XUV400,41.8,0,13.16023,80.18064,3.72,778.7
EV-032,Nexon EV,41.6,60.2,13.16732,80.28998,3.48,5238.9
EV-096,Ioniq 5,28.9,0,13.18145,80.20832,3.84,1272.5
EV-099,Kona Electric,47.9,41.9,12.86526,80.16386,4.15,12804.8
EV-039,Model Y,25.2,16.1,13.23855,80.34932,3.69,10546.7
EV-046,Model Y,41.4,59.1,13.09598,80.19379,4.22,12006.1
EV-029,Ioniq 5,33.7,11.2,13.08648,80.23679,4.15,7911.6
EV-062,Model 3,30.8,0,13.07455,80.22504,4.09,5369
EV-093,Model Y,36,0,12.977,80.28805,4.03,39.1
EV-062,Model 3,28.4,19.4,13.11148,80.27328,3.99,4172.5
EV-057,Model 3,36.9,27.7,13.21166,80.25748,3.49,7720.7
EV-016,MG ZS EV,33.9,7.7,13.09502,80.214,4.12,9967.1
EV-056,Kona Electric,30.6,24.8,12.99349,80.24948,4.77,3437.9
EV-010,MG ZS EV,41.7,0,12.96068,80.29421,4.28,2087.8
EV-030,XUV400,36.9,48.3,13.05918,80.28013,4.11,3028.2
EV-025,XUV400,35,31,13.02318,80.36044,3.39,5314.4
EV-084,Ioniq 5,29.7,23.3,13.13891,80.33174,4.43,2229.9
EV-005,MG ZS EV,35.3,34.4,13.19233,80.35922,4.32,2356.5
EV-065,Model 3,50,52.8,13.12027,80.37897,4.24,661.1
EV-094,Model 3,32.1,11.4,13.07589,80.28567,3.64,12851.6
EV-049,Nexon EV,39.8,43.1,13.0721,80.33899,3.84,3300.3
EV-003,XUV400,41.6,40,13.08839,80.29756,3.41,12329.4
EV-045,MG ZS EV,31.1,0,12.9899,80.37684,3.37,6577.4
EV-014,XUV400,37.2,60.1,13.13088,80.13031,3.47,9488.4
EV-030,XUV400,39.8,45,12.99623,80.24546,4.19,1140.2
EV-068,Model Y,30.8,0,13.17199,80.30351,3.83,8755.8
EV-018,XUV400,37.4,58.5,13.05364,80.3163,3.46,4353.5
EV-062,Model 3,44.9,68.4,13.14916,80.26929,3.67,1432.7
EV-037,Model 3,36,36.3,12.96484,80.1377,2.7,13623.9
EV-025,XUV400,40.4,19.8,13.1486,80.2565,3.78,9056.4
EV-048,Model Y,36.1,37.7,13.1917,80.336,4.14,3629.4
EV-065,Model 3,31.6,51.2,12.98017,80.24545,3.72,6297.6
EV-053,Kona Electric,20,20.4,13.07362,80.2781,4.52,5356.7
EV-079,Model Y,25.6,22.9,13.10949,80.42402,3.74,10510.2
EV-073,Model Y,23.7,0,13.11341,80.25575,3.76,9113.5
EV-015,Model Y,36.1,23.4,13.05554,80.25811,3.61,301.6
EV-049,Nexon EV,34.4,60.3,13.04143,80.28623,3.39,2971.4
EV-088,Ioniq 5,24.3,18.3,13.10296,80.2897,4.11,7174.5
EV-068,Model Y,38.8,62.1,13.1109,80.28147,3.98,6685.1
EV-012,MG ZS EV,30.6,33.7,13.03251,80.30216,4.86,7752.5
EV-059,Nexon EV,41.2,57.7,13.0167,80.17549,3.98,10723.6
EV-037,Model 3,39.5,44.4,13.17961,80.261,3.53,10231.7
EV-061,Ioniq 5,39.3,37.9,13.09131,80.17243,4.5,5595.3
EV-043,Kona Electric,23.5,35.7,12.90096,80.27518,4.19,13164.3
EV-070,Kona Electric,35.3,25.7,13.1801,80.31907,4.01,948.7
EV-039,Model Y,34.8,28.5,13.03493,80.2596,4.43,8769.7
EV-056,Kona Electric,33,59.2,13.08804,80.19495,4.66,14245.5
EV-063,Model 3,24.3,25.1,13.11269,80.23623,3.92,8238.5
EV-046,Model Y,34,21.2,12.96401,80.41478,3.67,6829.3
EV-088,Ioniq 5,37.3,0,13.0596,80.38668,4.53,2013.1
EV-011,Kona Electric,20,0,13.18811,80.22732,5.06,12153.8
EV-062,Model 3,28,0.9,13.16985,80.22692,4.06,5610.1
EV-077,Ioniq 5,39.9,60.7,13.05947,80.262,3.7,10520.2
EV-098,Ioniq 5,45.2,63.3,13.13997,80.36987,3.7,2967.2
EV-025,XUV400,30.4,0,13.1505,80.13062,4.18,632.7
EV-071,Model Y,43.3,13.4,13.14642,80.22629,3.44,4585.5
EV-052,MG ZS EV,26.7,31.1,12.99102,80.30361,4.12,4224.8
EV-004,Kona Electric,24.2,19.1,13.21399,80.29437,4.11,13102.8
EV-059,Nexon EV,39.6,21.3,13.04559,80.23649,4.09,12970.8
EV-072,Kona Electric,24.8,38.1,13.09145,80.25052,4.07,8010.7
EV-020,Model Y,36.1,15.1,13.0546,80.29718,4.04,289.9
EV-093,Model Y,30.5,0,13.10108,80.23787,3.16,3428.7
EV-063,Model 3,33.1,47.1,13.01356,80.18562,3.67,9587
EV-054,XUV400,29.9,0,13.06469,80.25587,4.34,1525.6
EV-074,XUV400,30.7,43,13.09732,80.28585,4.44,10510.8
EV-098,Ioniq 5,33.2,23.5,13.18067,80.10074,3.83,184.4
EV-057,Model 3,36.6,37.5,13.17101,80.30208,3.62,10239.6
EV-090,Kona Electric,35,42.2,13.17506,80.34863,4.29,12668.9
EV-041,Ioniq 5,34.2,42.9,13.15219,80.24212,4.11,7040.9
EV-003,XUV400,39,47.7,13.23043,80.24357,3.9,12437.1
EV-006,XUV400,42.7,20.2,13.05949,80.21163,4.34,11724
EV-005,MG ZS EV,35.9,43.8,13.07008,80.25851,3.53,10072.9
EV-005,MG ZS EV,39.5,28.7,13.06678,80.22605,4.46,6680
EV-054,XUV400,34.2,58.5,13.07781,80.38651,3.13,4082.2
EV-047,Kona Electric,27.3,16,12.9678,80.28067,3.67,12913.7
EV-087,Model Y,40.1,48.5,13.10388,80.0989,3.51,9730.6
EV-049,Nexon EV,36.8,49.5,13.12238,80.31634,3.68,11971.3
EV-009,Model 3,43.1,45.7,13.06211,80.40823,4.11,8281.7
EV-099,Kona Electric,38.6,0,12.94211,80.31143,4.27,2582.1
EV-020,Model Y,36.2,0,13.08441,80.3659,3.97,14691.7
EV-061,Ioniq 5,42.6,54.3,12.97912,80.32487,3.3,2745.2
EV-035,MG ZS EV,20,20.7,13.11688,80.34998,3.2,13669.1
EV-050,MG ZS EV,40.5,52.4,13.09224,80.34608,4.19,3126
EV-082,Model 3,38.1,14.9,13.10009,80.347,4.29,5609.4
EV-062,Model 3,29.6,33.1,12.99782,80.29603,4.43,6604.1
EV-017,Ioniq 5,41,74.4,13.18363,80.1335,3.36,13821
EV-088,Ioniq 5,28.8,16.7,13.09632,80.18356,4.27,13323.5
EV-003,XUV400,41.8,39,13.00956,80.18502,3.74,12349.2
EV-032,Nexon EV,30.7,28.7,13.12907,80.06865,4.19,5653.2
EV-099,Kona Electric,31.1,25.4,13.09052,80.23592,3.81,72.4
EV-013,MG ZS EV,35.9,52.2,13.22965,80.38394,3.53,10225.3
EV-089,XUV400,46.1,24.2,13.03847,80.15579,4.08,6167.3
EV-073,Model Y,44.7,64.2,12.9829,80.32895,3.69,11357.1
EV-068,Model Y,45.6,45.9,13.10585,80.31303,4.34,11923.8
EV-014,XUV400,25.6,22.2,13.16368,80.2891,3.49,6598.7
EV-098,Ioniq 5,33.5,65,13.26854,80.36531,3.97,11222.8
EV-011,Kona Electric,42.9,34.8,13.35619,80.26739,4.05,12599.9
EV-056,Kona Electric,24.9,13.8,12.95854,80.39242,4.43,13927.5
EV-067,Model 3,35.1,53.5,13.07188,80.25474,4.25,8738.9
EV-092,Model 3,42.3,0,12.98316,80.29817,3.03,11678.3
EV-029,Ioniq 5,31.1,32.3,13.06291,80.25937,4.42,7421
EV-009,Model 3,26.7,31.6,13.28088,80.1968,4.44,629.7
EV-067,Model 3,36.4,34.8,13.01712,80.16297,3.5,2332.5
EV-025,XUV400,26.6,28.8,13.08094,80.31672,3.38,1927.7
EV-098,Ioniq 5,45.3,59.4,13.03623,80.37848,4.02,2580.6
EV-076,MG ZS EV,30.9,28.4,13.00244,80.29023,4.05,158.1
EV-042,Ioniq 5,31.4,40.8,13.22612,80.31182,3.74,12881.3
EV-009,Model 3,32.1,0,12.95956,80.14635,4.58,8404.4
EV-079,Model Y,32.5,20.8,13.0761,80.30152,4.12,5750.3
EV-040,Kona Electric,36.3,25.5,13.08974,80.10433,3.17,6149.6
EV-025,XUV400,36.4,14.9,13.08006,80.17505,3.59,6952.9
EV-005,MG ZS EV,32.5,12.9,13.05744,80.37744,4.42,1112.9
EV-011,Kona Electric,29.6,28.2,13.21185,80.27179,4.01,4123.6
EV-059,Nexon EV,37.8,17.8,12.91375,80.27917,3.71,12775.1
EV-098,Ioniq 5,31.5,24.4,13.11762,80.315,4.18,11156.4
EV-088,Ioniq 5,35.8,67.9,13.12118,80.33455,3.3,8453.3
EV-079,Model Y,40.8,67.5,13.10566,80.24903,3.05,7213.2
EV-038,Model Y,27.8,45,13.01623,80.29413,4.41,3888.3
EV-072,Kona Electric,42.1,68.1,13.1791,80.26514,4,7071.5
EV-005,MG ZS EV,41.9,74.2,13.1751,80.14814,3.61,8969.8
EV-048,Model Y,41.1,29.4,13.01341,80.24234,3.39,10691
EV-090,Kona Electric,29.5,0,12.98687,80.30374,4.74,2503.8
EV-018,XUV400,44.4,47.8,12.97141,80.2399,4.67,12197.6
EV-070,Kona Electric,40.3,47,13.10073,80.24063,4.47,5190.4
EV-037,Model 3,36.5,39,13.08644,80.33328,4.12,7551.4
EV-060,Model Y,47.7,55.4,13.05381,80.28359,3.79,9120.5
EV-048,Model Y,35.6,26.3,13.24921,80.29885,4.17,7324
EV-077,Ioniq 5,35.5,50.6,13.04581,80.14072,3.43,8581.5
EV-028,Model 3,38.8,51.6,13.0977,80.30657,3.65,1677.3
EV-069,Model Y,32.8,28.8,13.06716,80.18202,3.77,6485.2
EV-077,Ioniq 5,39.5,46.6,13.23975,80.26874,4.21,4210.6
EV-081,Model Y,41.9,27.6,12.92353,80.18564,4.1,1295
EV-040,Kona Electric,36.8,40.1,13.05791,80.34533,3.62,2878.8
EV-045,MG ZS EV,37.3,40,13.13184,80.41707,3.36,9038.7
EV-096,Ioniq 5,36,0,13.06491,80.25889,4.14,2954.3
EV-062,Model 3,39.1,9.6,12.97835,80.25815,3.57,2720.1
EV-093,Model Y,33.5,31.8,13.09683,80.35316,3.5,8294.7
EV-058,Model Y,37.5,38.6,12.95299,80.31645,4.84,13571
EV-067,Model 3,38.4,20.1,13.13632,80.265,4.92,11831.4
EV-056,Kona Electric,38.4,40,13.04964,80.30016,3.82,13576.8
EV-040,Kona Electric,22.7,0,13.03618,80.43309,3.27,8746.8
EV-098,Ioniq 5,41.6,39.3,13.16639,80.21695,4.48,6151.9
EV-040,Kona Electric,36.6,16.9,13.00244,80.22383,4.13,10946
EV-091,Model 3,41.2,52.1,12.9593,80.33427,4.17,3924.2
EV-077,Ioniq 5,32.9,57.6,13.00986,80.43969,3.5,1175.4
EV-033,Nexon EV,38.7,49.7,13.24646,80.28488,3.49,5172.5
EV-006,XUV400,42,48,13.0024,80.13394,3.84,4492.1
EV-088,Ioniq 5,33.4,48.1,13.11194,80.30193,4.01,10134.7
EV-019,Model 3,34.1,43.6,13.15017,80.2287,3.71,8272.7
EV-080,Model 3,40.7,36.6,13.00752,80.30879,4.52,2078.3
EV-040,Kona Electric,32.4,30.7,13.00762,80.16195,3.31,13628
EV-092,Model 3,35.8,40,13.09711,80.15264,4.16,8902.1
EV-097,Model Y,34,59.6,13.10073,80.24695,3.76,6868
EV-059,Nexon EV,44.7,30.2,13.19051,80.40288,4.49,14058.2
EV-059,Nexon EV,40,44.8,13.02116,80.16097,3.62,1464
EV-048,Model Y,34,27.6,13.05252,80.24507,4.28,11844.9
EV-041,Ioniq 5,34,35.5,13.30977,80.1536,4.19,5473.2
EV-013,MG ZS EV,29.5,30.7,12.93929,80.29389,4.1,10432.4
EV-045,MG ZS EV,31.4,0,12.92288,80.28842,3.65,13961.2
EV-089,XUV400,37.5,18.2,12.97206,80.15679,3.69,7768.1
EV-053,Kona Electric,31,25.1,13.17083,80.37372,3.88,344.5
EV-042,Ioniq 5,36.4,32.3,13.04764,80.11692,3.8,437.6
EV-100,Kona Electric,33.2,25.6,13.04761,80.39682,4.5,4961.8
EV-063,Model 3,46.7,65,13.00548,80.38066,3.63,11726
EV-027,Model Y,35.8,58.2,13.15617,80.29516,4.05,4327.5
EV-038,Model Y,43.2,61,12.9733,80.34239,3.1,5020.4
EV-060,Model Y,43,33.2,13.03618,80.25645,3.26,11768
EV-007,XUV400,31.8,14.3,13.00865,80.14747,3.93,1747.3
EV-005,MG ZS EV,35.7,55.4,12.86892,80.28962,3.28,12703
EV-045,MG ZS EV,39.2,21.7,13.04444,80.14503,4.02,3990.6
EV-058,Model Y,23.1,0,13.07797,80.26983,3.66,773.1
EV-031,Model Y,38.4,35.4,13.02066,80.17175,4.12,1764.6
EV-023,Model 3,27.7,29.6,13.06124,80.34873,3.69,14288.6
EV-042,Ioniq 5,40.9,23.1,13.06329,80.30111,4.22,6772.6
EV-010,MG ZS EV,32.2,12.2,13.07206,80.32496,3.65,3850.3
EV-032,Nexon EV,32.6,9,12.99838,80.29792,3.25,7821.5
EV-053,Kona Electric,28.4,0,12.99378,80.42117,4.34,10236.8
EV-030,XUV400,27.5,28.1,13.08646,80.35249,3.69,4785.4
EV-039,Model Y,40.5,17.8,12.96461,80.40699,4.55,10880.4
EV-031,Model Y,34.9,31.7,13.06557,80.1987,3.74,3787.5
EV-082,Model 3,49.1,8.6,13.21354,80.22729,3.61,1689.5
EV-100,Kona Electric,32.9,40.9,13.07959,80.07684,3.89,8247.9
EV-002,Model Y,32.6,31.6,12.93657,80.23931,3.78,2271
EV-078,Nexon EV,30.6,26,13.09709,80.26786,4.05,14107.6
EV-077,Ioniq 5,36.1,41.8,13.14818,80.30544,4.16,11.7
EV-093,Model Y,44,34.5,13.01907,80.22822,4.22,11336.7
EV-012,MG ZS EV,43.2,51.2,13.05878,80.32961,3.84,4195.7
EV-039,Model Y,27.6,25.8,13.01248,80.32401,3.4,12692.1
EV-066,XUV400,38.7,5.4,13.04573,80.23281,4.69,907
EV-096,Ioniq 5,39.7,35.6,13.02946,80.19403,3.85,14295.2
EV-013,MG ZS EV,37.1,22,13.11755,80.27597,3.83,1525.4
EV-046,Model Y,29.2,5.2,13.21536,80.27865,3.96,11819.3
EV-027,Model Y,30.5,13.2,13.08728,80.22208,3.9,7762.5
EV-017,Ioniq 5,40.1,62,12.95936,80.24996,2.96,6458.8
EV-095,Model 3,34.2,41.1,13.28505,80.15727,4.23,4205.9
EV-098,Ioniq 5,38.6,0,13.12933,80.32498,3.67,12621.3
EV-060,Model Y,32,25.2,13.14562,80.32628,3.87,3000.3
EV-064,Nexon EV,27.9,47.1,13.0776,80.27462,4.66,10820
EV-088,Ioniq 5,25.5,0,13.10132,80.33194,4.38,6689.6
EV-035,MG ZS EV,31,43.6,13.05535,80.28119,4.64,14977.4
EV-070,Kona Electric,35.4,39.1,13.155,80.4,3.73,9172.9
EV-083,Ioniq 5,40.1,58.6,13.04451,80.16699,4.02,1567.3
EV-030,XUV400,38.6,52.4,13.12185,80.28684,4.01,6295.7
EV-071,Model Y,36.6,19.3,13.16025,80.34297,3.98,999.2
EV-074,XUV400,34.5,31.7,13.18237,80.39007,3.7,4288.4
EV-096,Ioniq 5,34.7,31.4,13.16526,80.33411,4.43,5153
EV-098,Ioniq 5,42.7,16,13.00081,80.18766,3.79,12798.4
EV-063,Model 3,43.5,45.9,13.20852,80.1383,4.04,12570.6
EV-028,Model 3,35.7,14.1,13.13584,80.25711,4.37,178.3
EV-060,Model Y,39,20.3,13.10715,80.29964,3.61,7986.5
EV-079,Model Y,24.5,18.1,13.11637,80.34628,3.56,3357
EV-094,Model 3,36,67.9,13.07003,80.18306,4.55,4804.8
EV-037,Model 3,32.2,20,13.04537,80.31956,3.66,329.7
EV-093,Model Y,27.9,0,13.05322,80.05649,4.65,11247.4
EV-022,Ioniq 5,24.3,0,13.18575,80.21154,3.98,14259.1
EV-068,Model Y,39.5,45,13.08918,80.33952,3.83,3292.9
EV-020,Model Y,40.5,13.1,13.10524,80.1754,3.87,5129.9
EV-096,Ioniq 5,34.7,23.2,13.08751,80.18241,3.98,3100.5
EV-100,Kona Electric,36.1,6.8,13.02927,80.22867,4.54,13951.1
EV-068,Model Y,34.7,24.4,12.91095,80.28486,4.3,145.3
EV-091,Model 3,29.8,0,13.1442,80.18148,3.92,8760
EV-064,Nexon EV,41.9,44.3,13.13572,80.26812,3.25,13062.1
EV-017,Ioniq 5,32.6,64.3,13.08178,80.23613,3.62,2798.7
EV-012,MG ZS EV,25.8,26.2,12.99548,80.36333,4.05,8852
EV-022,Ioniq 5,33.4,72,13.22837,80.232,3.96,764.5
EV-017,Ioniq 5,39,22.7,13.05541,80.27297,3.41,12219.7
EV-010,MG ZS EV,37.2,40,13.10256,80.28401,3.8,4120.1
EV-065,Model 3,41.9,66.7,13.02645,80.23712,3.36,14831.4
EV-022,Ioniq 5,44,30,12.97472,80.33228,3.98,13830.5
EV-090,Kona Electric,33.4,60.3,13.12987,80.34891,3.73,10989.1
EV-082,Model 3,39.8,15,12.96264,80.23158,4.18,7455.2
EV-050,MG ZS EV,33,24.6,13.10102,80.29415,3.24,11500
EV-014,XUV400,29.3,0,13.10126,80.1965,4.07,1963.5
EV-064,Nexon EV,35.6,26.9,12.99312,80.3158,4.1,4656.4
EV-047,Kona Electric,39.6,53.1,12.97899,80.28933,3.87,408.3
EV-029,Ioniq 5,35.9,41.1,13.02107,80.24158,3.93,9677.1
EV-076,MG ZS EV,40.5,45,13.0325,80.29709,2.63,12084
EV-036,Kona Electric,39.8,61.7,12.96032,80.31813,3.89,14194.6
EV-099,Kona Electric,38,58.4,12.99269,80.36913,3.34,10299.2
EV-052,MG ZS EV,34.5,38.1,13.08877,80.3025,4.25,10982.7
EV-076,MG ZS EV,37,31.4,13.24187,80.34177,4.5,13432.4
EV-007,XUV400,25.2,0,13.16331,80.42309,3.33,14046
EV-029,Ioniq 5,28.8,18.2,13.09554,80.18798,4.23,7372
EV-011,Kona Electric,38,65,13.17297,80.36441,3.11,1651.3
EV-033,Nexon EV,34.7,0,13.17514,80.20037,3.98,6998.9
EV-006,XUV400,50.1,61.8,13.0583,80.21362,3.54,8343.3
EV-079,Model Y,33.4,18.6,13.10333,80.26976,4.3,9475
EV-032,Nexon EV,27.1,32.9,13.16093,80.21902,4.24,14839.3
EV-051,XUV400,30.8,22.6,13.17186,80.20564,4.1,13763.9
EV-075,Kona Electric,38.5,27.1,13.17263,80.26587,3.34,5948.5
EV-058,Model Y,27.1,0,13.00054,80.24404,2.99,1706.2
EV-087,Model Y,29.2,31,13.1767,80.21748,4.36,3225.8
EV-026,Nexon EV,35.3,0,13.23135,80.19449,4.3,2611.1
EV-098,Ioniq 5,39,38.7,13.20217,80.38471,3.6,5343.4
EV-046,Model Y,24.6,0,12.99586,80.17468,4.14,13148
EV-098,Ioniq 5,33.5,49.8,12.97574,80.25729,3.82,6572.3
EV-029,Ioniq 5,41.7,28.6,13.11992,80.36013,4.43,8511.3
EV-004,Kona Electric,41.7,45,13.20069,80.33546,4.03,2691.6
EV-081,Model Y,28.8,23.2,13.10079,80.2894,4.36,7395.3
EV-099,Kona Electric,25.3,27,13.0639,80.22081,3.75,13105
EV-013,MG ZS EV,41.9,71.1,13.07548,80.2692,3.59,11603.1
EV-039,Model Y,30.5,0,13.16434,80.18077,3.83,1222.5
EV-015,Model Y,36.7,31.4,13.05697,80.24789,3.75,12931.8
EV-029,Ioniq 5,40.4,43.2,13.12118,80.24668,3.07,4111.1
EV-029,Ioniq 5,27.2,0,13.07227,80.2544,4.37,9987.4
EV-075,Kona Electric,29.8,0,13.01163,80.20766,4.7,2200
EV-032,Nexon EV,29.6,17,13.00536,80.13503,3.44,10121.3
EV-002,Model Y,27.7,0,13.12472,80.37085,4.28,540.3
EV-047,Kona Electric,38.7,31.9,12.86627,80.35308,4.26,9011.7
EV-078,Nexon EV,36.2,29.2,13.12104,80.34067,3.79,9690.9
EV-084,Ioniq 5,30.9,56.3,13.06905,80.30097,3.48,3671.2
EV-022,Ioniq 5,44.3,72.3,13.15839,80.28433,3.93,14055
EV-075,Kona Electric,32.5,18.8,13.13082,80.21521,4.43,694.4
EV-027,Model Y,38.8,24.3,13.08627,80.22375,4.18,13376.2
EV-067,Model 3,31.7,40,12.99731,80.38713,3.79,5731.6
EV-081,Model Y,31.8,36.6,13.00164,80.40533,4.44,10710.2
EV-056,Kona Electric,39.1,48.6,13.0311,80.25592,3.59,9775
EV-092,Model 3,34.1,63.5,13.15219,80.271,4.2,2527.9
EV-093,Model Y,38.1,62.6,13.2242,80.32929,4.3,4788.4
EV-021,Ioniq 5,31.3,45,13.10909,80.27818,4.47,7947.5
EV-047,Kona Electric,33.8,31.5,13.03556,80.28422,4.14,12698.4
EV-080,Model 3,34.4,21.4,13.0439,80.26592,2.98,14323.1
EV-059,Nexon EV,39.1,58.6,13.04758,80.19567,3.65,313.7
EV-084,Ioniq 5,30.2,0,13.16591,80.24086,4.71,5291.6
EV-006,XUV400,39.5,48.9,13.04601,80.26001,4.3,10023.8
EV-019,Model 3,36.1,28.2,13.07921,80.06909,4.17,7918.3
EV-057,Model 3,31.6,0,13.19028,80.2777,3.73,14145.6
EV-069,Model Y,28.9,0,13.0373,80.45651,4.41,259.5
EV-003,XUV400,37.3,0,13.12726,80.23635,3.37,6568.9
EV-001,Kona Electric,36.7,23,13.15474,80.27335,3.93,10033.7
EV-058,Model Y,29.7,24.3,13.08778,80.20346,4.7,3267.7
EV-038,Model Y,41,47.8,13.23903,80.18319,3.62,10889.4
EV-015,Model Y,39.7,28,13.21594,80.24589,4.24,1223
EV-034,MG ZS EV,31.6,0,13.10375,80.32108,3.3,6768.3
EV-061,Ioniq 5,35.9,33.2,13.01839,80.252,3.74,10145.1
EV-035,MG ZS EV,26.7,41.8,13.02218,80.24077,4.07,4005
EV-064,Nexon EV,33.7,49.5,13.09971,80.31035,4.05,1112.3
EV-025,XUV400,36.2,0,12.9955,80.28671,4.83,14355.5
EV-024,Model Y,34.8,56.3,13.10422,80.29304,3.57,13707.8
EV-012,MG ZS EV,36,40,13.21775,80.36592,4.24,13895.9
EV-018,XUV400,32.8,42.4,13.0877,80.35587,4.23,14677.6
EV-015,Model Y,33.2,0,13.08118,80.39036,3.76,2774.5
EV-080,Model 3,36.1,17.9,13.15096,80.17367,4.38,2370.9
EV-027,Model Y,36,15.6,13.12469,80.33928,4.27,518
EV-072,Kona Electric,32.7,53.3,12.99084,80.40237,3.72,13377.9
EV-060,Model Y,35.7,26.4,13.04628,80.14009,4.08,11292.7
EV-046,Model Y,45.8,48.9,13.23422,80.26909,3.53,9500.8
EV-089,XUV400,39.9,34.8,13.10874,80.22724,3.65,13915.5
EV-017,Ioniq 5,35.9,29,13.00219,80.26875,3.99,8628.3
EV-093,Model Y,22.3,0,13.06735,80.36246,4.3,1950.3
EV-053,Kona Electric,32.7,16.6,12.94009,80.15904,3.87,2657.1
EV-008,Kona Electric,46.3,50.8,12.9341,80.2903,3.62,1987.1
EV-079,Model Y,43.7,42.9,13.16128,80.22553,3.91,4618.3
EV-027,Model Y,35.8,12.5,13.08234,80.36491,4.33,5695.6
EV-046,Model Y,31.9,28.9,13.12421,80.30437,3.46,11953.6
EV-050,MG ZS EV,32.3,0,13.17533,80.25808,4.34,2872.9
EV-071,Model Y,37.9,16.7,13.10986,80.21325,4.2,10881.9
EV-003,XUV400,36.7,0,13.14135,80.48333,3.46,7371
EV-093,Model Y,38.7,43,13.10328,80.29309,3.91,14994.9
EV-064,Nexon EV,39.4,25.7,13.18561,80.1571,4.25,11649.9
EV-044,Ioniq 5,37,44.2,13.22458,80.20584,3.24,14534.5
EV-053,Kona Electric,33.1,13.6,13.09867,80.30371,3.59,5138.6
EV-024,Model Y,34,35.5,13.09531,80.2123,3.39,1850.1
EV-060,Model Y,37,24.2,13.10831,80.22214,3.77,7590.9
EV-003,XUV400,41.2,34.9,13.07426,80.34957,4.42,1868
EV-020,Model Y,38.1,21.3,13.05068,80.34249,4.32,7389.3
EV-046,Model Y,32,50.5,13.16657,80.225,3.69,4052.8
EV-015,Model Y,33.9,64,13.05079,80.36437,4.03,7368.3
EV-025,XUV400,39.5,16.4,13.04617,80.21385,4.27,14244.8
EV-094,Model 3,36.5,29.9,13.15457,80.40618,4.51,4339.1
EV-078,Nexon EV,35.8,22.9,13.16071,80.3137,3.96,14901.5
EV-071,Model Y,40.4,62,13.26938,80.29391,3.88,3443.8
EV-017,Ioniq 5,40.8,0,13.18027,80.23992,5.35,3125.6
EV-084,Ioniq 5,35,43.2,13.14886,80.22201,3.88,8174.1
EV-100,Kona Electric,40.1,21.1,13.16041,80.08458,3.97,12631.5
EV-009,Model 3,35.5,19.5,13.07087,80.24717,3.94,11243.8
EV-038,Model Y,27.8,31.7,13.12768,80.26986,3.96,10854.4
EV-048,Model Y,33.4,46.3,13.13147,80.12461,4.2,4243.1
EV-060,Model Y,29,0,13.03933,80.33657,4.02,342.6
EV-063,Model 3,42.4,41.2,13.07878,80.25787,3.45,2430.4
EV-086,Model 3,42.9,39.5,13.15889,80.36788,4.01,5245.4
EV-002,Model Y,39.4,47,13.08122,80.21601,3.75,14575.4
EV-088,Ioniq 5,34.5,42.3,13.13163,80.36961,3.31,13797.1
EV-072,Kona Electric,29.1,13.4,13.15444,80.23478,4.46,3013.7
EV-011,Kona Electric,43.2,45.8,13.15071,80.26668,3.77,10885.7
EV-064,Nexon EV,29.5,33,13.22115,80.28795,4.15,8687.4
EV-077,Ioniq 5,36.3,40.5,13.0362,80.26737,2.74,752.4
EV-081,Model Y,47.8,32.9,13.2141,80.29505,4.16,5578.7
EV-072,Kona Electric,32.1,22.6,13.12064,80.11674,3.87,7293.7
EV-021,Ioniq 5,29.1,28.4,13.14942,80.25955,3.38,10015.3
EV-018,XUV400,25.1,16.3,13.13846,80.26427,3.78,4427.1
EV-094,Model 3,44,0,13.13441,80.11178,3.73,14007.6
EV-064,Nexon EV,41.4,63.8,13.03171,80.3221,3.92,6780.9
EV-082,Model 3,31.2,29.3,13.14648,80.19779,4.04,3731.7
EV-095,Model 3,35,32.7,12.96759,80.34609,3.39,4749.8
EV-038,Model Y,30.8,17.7,13.25032,80.27758,4.18,11279.5
EV-032,Nexon EV,29.1,53.7,13.11325,80.22476,3,9606.1
EV-011,Kona Electric,35.9,0,13.1755,80.35108,3.55,11134
EV-045,MG ZS EV,36,32.3,13.13725,80.40365,4.01,4388.7
EV-089,XUV400,43.5,66.5,13.08563,80.27378,3.32,4906.1
EV-033,Nexon EV,34.3,18.9,13.03944,80.38069,4.48,5953.8
EV-041,Ioniq 5,36.6,32.8,13.02427,80.25661,4.07,2833
EV-008,Kona Electric,26.7,49.3,13.14505,80.34769,4.16,10367.2
EV-011,Kona Electric,36.5,0,13.14086,80.2413,4.27,4943.6
EV-086,Model 3,32,45,13.12738,80.41677,3.82,4896.9
EV-051,XUV400,30.3,20.9,13.07328,80.35688,3.57,4044.1
EV-088,Ioniq 5,33.1,31.4,13.11576,80.30833,3.98,6795.2
EV-041,Ioniq 5,24.9,26.7,13.04887,80.06799,4.35,11580.8
EV-017,Ioniq 5,29.1,0,13.02823,80.30661,3.91,12535
EV-076,MG ZS EV,34.1,45,13.06051,80.17191,4.24,12068.6
EV-046,Model Y,30.1,0,13.06403,80.29896,3.99,9319.8
EV-032,Nexon EV,30.3,56.8,13.19984,80.3729,3.14,4210
EV-079,Model Y,39,19.8,12.9735,80.32582,3.41,11024.2
EV-080,Model 3,37.8,31.4,13.08006,80.3394,4.62,595.2
EV-054,XUV400,34.9,59.9,13.13329,80.24086,3.23,11973.3
EV-086,Model 3,31.9,23.4,13.24154,80.14873,3.74,11704.5
EV-092,Model 3,36.2,0,13.03411,80.20898,4.37,10051.7
EV-020,Model Y,36.3,46.2,12.99343,80.24432,3.5,1473.4
EV-033,Nexon EV,28.2,19.7,13.14054,80.26958,3.73,14960.1
EV-074,XUV400,31.6,0,13.09589,80.37223,3.92,11347.4
EV-040,Kona Electric,34,62.1,13.06504,80.32915,3.52,11023.4
EV-032,Nexon EV,29.4,7.5,13.11771,80.44828,3.61,964.8
EV-097,Model Y,34.4,22.5,13.15165,80.1906,3.92,5983.6
EV-002,Model Y,41.5,34.9,13.14166,80.36382,4.27,1297.2
EV-097,Model Y,45,24.1,13.10684,80.34073,3.95,5418.7
EV-033,Nexon EV,44.2,45,13.18804,80.26138,3.74,8559.4
EV-077,Ioniq 5,36.6,41,13.09849,80.19382,4.38,13183.7
EV-030,XUV400,45.1,15.4,13.08615,80.22146,4.68,4247.7
EV-033,Nexon EV,39.6,40,13.13981,80.21762,4.38,9353.1
EV-077,Ioniq 5,32.5,44.9,12.98186,80.40755,3.55,2474
EV-026,Nexon EV,38.2,47.4,13.13196,80.33696,3.51,5312.7
EV-022,Ioniq 5,33.5,40,13.05844,80.33995,4.17,14208.8
EV-066,XUV400,28,18.9,12.9763,80.27771,4.07,11215.9
EV-038,Model Y,27.5,11.1,13.11671,80.2524,3.51,8189.4
EV-090,Kona Electric,33.5,19,13.04604,80.29769,4.11,3779.2
EV-046,Model Y,38.8,25.4,12.95354,80.2789,4.04,5698.7
EV-015,Model Y,44.7,61.4,13.01301,80.26302,4.26,2354.6
EV-098,Ioniq 5,32.2,53.6,13.21787,80.30004,3.65,5305.2
EV-044,Ioniq 5,33.5,25.3,13.03816,80.18543,4.55,2263.7
EV-049,Nexon EV,34.4,0,13.10854,80.29206,4.57,11930.6
EV-075,Kona Electric,35.1,19.2,12.99597,80.26184,3.73,1216
EV-061,Ioniq 5,36.7,9.9,13.25077,80.21353,4.14,2845.1
EV-067,Model 3,30.6,6.5,13.08825,80.32195,3.92,10369
EV-006,XUV400,44.6,52.1,13.02798,80.41431,3.76,13538.2
EV-009,Model 3,38.7,55.7,13.15351,80.37295,3.88,14469.1
EV-006,XUV400,38.3,20.6,13.24672,80.24809,3.68,12541.2
EV-073,Model Y,30.9,6.9,13.05004,80.32385,3.36,3176
EV-095,Model 3,35.5,27,13.02638,80.33817,3.79,4289.2
EV-032,Nexon EV,29,41.3,13.26631,80.28023,4.47,13061.9
EV-041,Ioniq 5,30.7,23.9,13.07289,80.26878,3.92,13340.5
EV-076,MG ZS EV,31,0,13.06377,80.2982,3.99,9611.6
EV-008,Kona Electric,38.5,50.4,12.91115,80.47171,4.21,4708
EV-072,Kona Electric,48.3,24.4,13.08001,80.29129,3.31,3364.7
EV-050,MG ZS EV,31.8,14,12.97422,80.16931,4.18,12785
EV-092,Model 3,30.6,45.6,13.03789,80.187,4.65,3082.8
EV-062,Model 3,47.5,58.6,12.92156,80.257,3.73,9928.8
EV-084,Ioniq 5,37.4,0,13.18151,80.17095,3.23,14519.5
EV-062,Model 3,30.4,34.9,12.96537,80.2601,3.97,10580.8
EV-007,XUV400,37.1,23.5,12.92744,80.44872,4.24,3868.8
EV-075,Kona Electric,41,40,13.01004,80.22979,4.04,4241.2
EV-084,Ioniq 5,39.8,57.8,13.18249,80.18372,3.85,1398
EV-080,Model 3,39,45,13.0471,80.25409,4.16,10295.1
EV-004,Kona Electric,31.5,22.6,13.0578,80.26238,3.63,7778.9
EV-006,XUV400,40.9,53.6,13.12098,80.19159,3.51,3101
EV-058,Model Y,29.5,0,13.07057,80.17163,3.85,3418.9
EV-022,Ioniq 5,20.7,16.3,13.18174,80.3792,4.16,140.3
EV-026,Nexon EV,36.6,29.8,13.06353,80.31076,3.52,14676.4
EV-003,XUV400,23.6,0,13.06484,80.23208,4.82,12421.1
EV-041,Ioniq 5,39.3,18.3,13.26384,80.17827,3.03,5915.6
EV-060,Model Y,33.9,63.2,13.08711,80.2293,2.95,14191.6
EV-014,XUV400,25.7,49.7,13.10115,80.17262,4.13,10158.4
EV-075,Kona Electric,26.6,28.4,13.06587,80.22434,4.19,11273.2
EV-082,Model 3,34.7,24.5,12.88844,80.43605,3.97,10200.9
EV-012,MG ZS EV,37.8,40.6,13.15253,80.28981,4.27,11353.9
EV-087,Model Y,28.4,29.1,13.21554,80.22126,4.23,2568.2
EV-012,MG ZS EV,26.6,0,13.18316,80.32506,4,8438.2
EV-013,MG ZS EV,39.9,66.1,13.03805,80.1963,3.69,12741.4
EV-025,XUV400,40,26.1,13.06884,80.23825,2.74,298
EV-045,MG ZS EV,28.7,23.3,13.11063,80.12237,3.95,1856
EV-019,Model 3,33.9,0,13.10781,80.37263,3.98,3688.4
EV-055,Nexon EV,29.9,54.7,13.13718,80.25456,4.57,4424.4
EV-100,Kona Electric,39.4,48.8,13.09894,80.2052,3.59,2744.6
EV-045,MG ZS EV,42.9,59.3,13.05379,80.32266,3.7,9366.8
EV-008,Kona Electric,40.6,49.5,13.09366,80.18688,4.48,4413.8
EV-093,Model Y,40.1,26.1,13.1626,80.19175,4.22,2375.7
EV-053,Kona Electric,40.7,33.6,13.316,80.24038,4.01,13587.9
EV-055,Nexon EV,46.1,40.8,13.04278,80.1749,4.37,10427
EV-032,Nexon EV,35.7,26.6,13.1008,80.21842,3.68,3694.7
EV-051,XUV400,45.3,33.6,13.05364,80.25485,4.69,5417.5
EV-044,Ioniq 5,27.3,0,13.1073,80.26207,4.26,11113.1
EV-082,Model 3,31,0,13.16075,80.16473,3.35,11864.7
EV-070,Kona Electric,35.3,32.4,13.06605,80.25115,3.76,2650.7
EV-018,XUV400,29.3,21.2,12.91902,80.31715,3.14,14049
EV-083,Ioniq 5,28.8,71.9,13.16499,80.33049,3.78,11780.2
EV-022,Ioniq 5,36.3,0,13.09313,80.2309,4.23,12852.9
EV-037,Model 3,29.7,19.2,13.05534,80.25559,3.82,2162.2
EV-096,Ioniq 5,33.1,25.9,13.03748,80.25087,4.48,2154.8
EV-056,Kona Electric,39.9,0,13.1076,80.15936,3.97,4584
EV-059,Nexon EV,39.6,39.5,13.02703,80.22749,5.05,974.4
EV-003,XUV400,45.4,39.3,13.03638,80.3344,3.51,1370.6
EV-028,Model 3,35.6,25.1,12.98281,80.33567,4.26,2152.4
EV-074,XUV400,39,34.9,13.02811,80.30365,3.84,10687.9
EV-035,MG ZS EV,33.5,22.8,13.13317,80.0578,3.73,458.3
EV-061,Ioniq 5,27.8,0,12.97221,80.20818,3.93,1253.3
EV-093,Model Y,34.8,0,13.17487,80.30811,4.15,14163
EV-054,XUV400,32.2,20.1,12.98838,80.40769,4.02,1259.4
EV-063,Model 3,35.2,0,13.09469,80.26954,4.27,8064.2
EV-079,Model Y,30.7,12.9,13.1215,80.27837,4.24,9640.4
EV-097,Model Y,35,32.2,13.14867,80.26165,4.58,14379.1
EV-007,XUV400,35.5,33.3,13.14869,80.16618,3.52,13497.5
EV-076,MG ZS EV,39.7,19.3,13.07598,80.29885,3.38,6613
EV-049,Nexon EV,33.2,27.7,13.06898,80.14899,3.97,14132.8
EV-094,Model 3,47.1,76.2,13.13042,80.26388,3.03,6486.8
EV-085,Ioniq 5,35.2,64.2,13.10494,80.27782,3.97,10050.4
EV-031,Model Y,39.1,47.8,13.05503,80.27464,3.52,3897.8
EV-058,Model Y,32.8,35,13.11238,80.16683,3.78,9551.5
EV-061,Ioniq 5,39.5,16,13.06933,80.21398,3.87,8075.1
EV-024,Model Y,27.9,0,13.03466,80.3258,4.71,9104.4
EV-020,Model Y,31.4,24.8,13.05243,80.27653,4.84,10241.4
EV-037,Model 3,30.6,40.6,13.12161,80.2145,3.54,2606
EV-004,Kona Electric,37.2,39,13.00845,80.18501,3.12,4522.4
EV-092,Model 3,41.9,58,13.17121,80.33492,3.51,11044.9
EV-020,Model Y,36.8,19.6,13.03812,80.27345,3.99,2461.5
EV-060,Model Y,38.3,58.9,12.90191,80.18024,3.71,5166.9
EV-024,Model Y,31.4,22.3,13.1269,80.25561,3.97,9998.8
EV-050,MG ZS EV,33,19.9,12.86658,80.20621,4.33,14065.1
EV-049,Nexon EV,30.8,0,13.00175,80.29481,3.84,1134.1
EV-051,XUV400,37.5,35.6,13.2765,80.37099,4.09,7750.8
EV-096,Ioniq 5,39,50.8,13.1675,80.18423,4.14,1233.2
EV-036,Kona Electric,45.1,36.3,13.16089,80.28327,4.09,5690.1
EV-098,Ioniq 5,34.5,19.1,12.99319,80.28182,4.27,2634.9
EV-100,Kona Electric,42.4,71.5,13.06777,80.09914,2.79,9743.3
EV-066,XUV400,33.4,8.6,13.18201,80.33731,4.05,11368.7
EV-079,Model Y,36,47.3,13.13387,80.43862,4.05,3713.9
EV-034,MG ZS EV,36.6,23.4,13.17357,80.28174,3.93,10694.7
EV-036,Kona Electric,30.5,5.2,13.22522,80.37947,3.76,6705
EV-006,XUV400,31.7,0,13.13551,80.17034,4.18,4257.3
EV-039,Model Y,37.8,0,12.98425,80.2132,4.05,7853.4
EV-042,Ioniq 5,29.6,0,13.13057,80.2764,3.98,5697.9
EV-058,Model Y,34.6,5.2,13.06386,80.20241,3.87,3453.8
EV-012,MG ZS EV,25.9,52.7,12.97943,80.27375,3.73,11353.9
EV-003,XUV400,37.4,52.9,13.15426,80.35097,3.54,11963.9
EV-018,XUV400,29.5,0,13.17887,80.20005,3.81,12005.7
EV-040,Kona Electric,36,28.3,13.07519,80.3545,3.62,5735.2
EV-021,Ioniq 5,30.8,0,13.10834,80.11684,3.85,2547.1
EV-015,Model Y,32.7,0,12.91689,80.2252,4.15,12607
EV-097,Model Y,32.9,23,13.1726,80.25495,4.33,4942.3
EV-099,Kona Electric,37.3,28,13.14616,80.19654,3.98,11222.3
EV-026,Nexon EV,23.4,0,13.10272,80.22631,3.97,12262.7
EV-008,Kona Electric,32.6,0,12.9825,80.38239,4.06,11523.4
EV-100,Kona Electric,33.5,51.4,12.95115,80.36989,4.27,5850.1
EV-094,Model 3,37.8,0,13.24483,80.3283,3.91,14070.6
EV-087,Model Y,31.1,32.1,13.00273,80.354,4.19,9904.1
EV-042,Ioniq 5,40.7,30.9,13.09343,80.22107,4.15,8638.3
EV-044,Ioniq 5,31.9,0,13.0052,80.17287,3.75,10470.1
EV-014,XUV400,25.5,21.7,12.89959,80.20609,4.28,675.7
EV-078,Nexon EV,31.3,30.3,13.11854,80.21798,3.17,5860.8
EV-002,Model Y,42.7,53.5,13.13101,80.22194,4.26,13218.9
EV-037,Model 3,37.1,9.8,12.9492,80.31295,3.52,2420.4
EV-069,Model Y,29.6,34,13.17136,80.29655,3.94,6218.9
EV-038,Model Y,45.5,47.7,13.04057,80.25665,4.27,6081.7
EV-041,Ioniq 5,39.3,62.2,12.99609,80.26157,3.49,5343.8
EV-062,Model 3,39.8,28.2,12.99085,80.35829,4.09,8437.5
EV-060,Model Y,28.8,24.2,13.1524,80.16735,4.34,14943
EV-014,XUV400,30.5,6.2,12.9288,80.33387,4.74,3841.5
EV-089,XUV400,38.9,40.4,12.98333,80.1018,3.99,10575.8
EV-084,Ioniq 5,33,21.4,13.11723,80.22543,4.07,11371.1
EV-002,Model Y,21.2,31.3,13.10659,80.39155,4.02,8769.6
EV-070,Kona Electric,31,0,13.00094,80.29477,3.91,1466.6
EV-017,Ioniq 5,25,23.9,13.18561,80.23337,3.46,8587.7
EV-089,XUV400,29.3,22.3,12.99365,80.34393,3.55,14302.2
EV-028,Model 3,25,0,13.06602,80.31831,3.99,5134.2
EV-066,XUV400,37.7,0,13.05543,80.31507,4.14,9597.1
EV-035,MG ZS EV,42.5,26.9,13.05573,80.25459,4.5,14391.2
EV-005,MG ZS EV,36.7,25.3,13.06707,80.3475,3.92,11970.9
EV-065,Model 3,33.5,22.3,13.06468,80.21919,4.61,10326.2
EV-040,Kona Electric,35.1,24.4,13.0637,80.21541,3.52,14567.4
EV-076,MG ZS EV,41.2,29.3,13.06815,80.42064,4.08,2562.9
EV-056,Kona Electric,25.7,30,13.16953,80.23071,3.89,11592.4
EV-036,Kona Electric,29.7,25.4,13.06411,80.10815,3.47,6105.5
EV-045,MG ZS EV,44.2,60,13.13806,80.3557,3.02,5409.7
EV-023,Model 3,44.3,51.6,13.0946,80.3796,3.69,7812.5
EV-047,Kona Electric,40.3,45,13.112,80.25184,3.86,511.1
EV-031,Model Y,31.6,39.9,13.14493,80.10315,3.64,4691.4
EV-011,Kona Electric,36.9,0,12.99148,80.26628,4.3,2497.4
EV-010,MG ZS EV,42.7,32.6,13.13289,80.43648,3.84,2084.7
EV-067,Model 3,35.6,0,13.06573,80.2869,3.61,5063.4
EV-014,XUV400,24.3,40,13.00582,80.33225,3.91,12035
EV-080,Model 3,32.6,0,13.14476,80.33684,3.75,3020.7
EV-074,XUV400,38.7,31.1,13.04867,80.3484,4.66,7973.6
EV-093,Model Y,35.7,52.3,13.1129,80.4197,3.73,11231.1
EV-010,MG ZS EV,38.6,47.2,12.8657,80.35711,3.59,3618.4
EV-076,MG ZS EV,35.7,52.1,13.14079,80.26424,4.52,13863.4
EV-094,Model 3,27.7,0,13.28991,80.18143,4.29,12998.1
EV-001,Kona Electric,39.6,0,13.08209,80.30508,4.04,3771.4
EV-005,MG ZS EV,35,16.3,13.06162,80.25522,3.68,14844.6
EV-020,Model Y,26.5,0,13.0458,80.32804,4.31,10039.2
EV-008,Kona Electric,25.1,0,13.12715,80.20167,3.41,4295.1
EV-043,Kona Electric,31.3,30.1,13.05837,80.24665,4.28,10217.2
EV-076,MG ZS EV,35.9,67.9,13.1345,80.27159,3.64,9995.4
EV-001,Kona Electric,36.7,33.3,13.2205,80.19556,4.4,9094.9
EV-057,Model 3,39.8,45,13.14998,80.27389,3.06,10676.9
EV-064,Nexon EV,35.6,9.5,13.06873,80.33365,3.63,4028.4
EV-084,Ioniq 5,30.6,19.9,12.99346,80.42351,3.6,14684.9
EV-028,Model 3,38.5,15.6,13.05004,80.21188,3.55,12869.1
EV-037,Model 3,42.6,37.3,13.06985,80.34317,4.17,11187.4
EV-047,Kona Electric,30.7,0,12.97721,80.11246,3.88,399.4
EV-076,MG ZS EV,33.2,53.2,13.16965,80.2701,3.49,8857.8
EV-037,Model 3,32.5,0,13.12823,80.27635,3.56,10598.7
EV-049,Nexon EV,49.6,56.5,12.99881,80.33584,3.32,12812.2
EV-044,Ioniq 5,30.5,31.3,12.94036,80.22913,4.35,14192.6
EV-056,Kona Electric,30.6,10.5,13.14013,80.29028,3.97,13738.2
EV-028,Model 3,34.5,18.8,12.95123,80.35937,4.33,6093.6
EV-079,Model Y,34.7,0,13.08941,80.18052,5.07,13448
EV-006,XUV400,22.1,0,13.04994,80.11402,3.99,16.2
EV-061,Ioniq 5,42.7,35,13.1467,80.35706,3.43,5275.4
EV-020,Model Y,44.5,50.6,13.14763,80.1909,3.83,1712.6
EV-078,Nexon EV,34.8,41.3,13.017,80.30726,4.75,13246.6
EV-002,Model Y,47.5,16,13.15374,80.42671,4.4,13920.1
EV-073,Model Y,44.5,52.7,13.05954,80.33761,3.59,3843.8
EV-037,Model 3,41.1,26.7,13.08422,80.19299,3.88,5512.8
EV-020,Model Y,44.5,54.4,13.08586,80.15372,4.12,14758.2
EV-026,Nexon EV,40.1,18.9,13.26255,80.20842,4.19,8493.1
EV-029,Ioniq 5,36,34.4,13.07315,80.28453,4.31,7458.4
EV-001,Kona Electric,37.9,54,12.94895,80.25071,3.73,7509
EV-035,MG ZS EV,30.5,27.1,13.02552,80.37965,4.16,10444.3
EV-070,Kona Electric,35.2,50.5,13.14174,80.32407,3.77,14318.4
EV-059,Nexon EV,35.3,40.1,13.05997,80.21225,4.56,5502.5
EV-069,Model Y,34.9,21.1,13.0839,80.33839,3.39,2594
EV-033,Nexon EV,40,0,13.04814,80.39121,3.39,2779.3
EV-051,XUV400,24.6,25.7,12.85737,80.24549,3.71,310.3
EV-078,Nexon EV,43,35.3,13.02046,80.30907,3.73,8333.4
EV-012,MG ZS EV,33.8,57.2,13.07652,80.20073,3.14,13937.1
EV-020,Model Y,31.5,0,12.94114,80.25936,3.32,10697.6
EV-053,Kona Electric,35.2,57,12.98839,80.19934,4.19,14894.5
EV-088,Ioniq 5,46.1,40,13.0555,80.36984,3.92,13643.4
EV-043,Kona Electric,33.3,31.8,13.05619,80.23056,3.9,7380.4
EV-098,Ioniq 5,41.3,55.4,13.11425,80.3059,3.81,7300.8
EV-089,XUV400,42,59.3,13.06055,80.32152,4.35,9427.2
EV-050,MG ZS EV,33,56.5,13.11131,80.51943,3.82,1668.5
EV-029,Ioniq 5,37.6,50.5,13.0267,80.24944,3.84,9117.2
EV-057,Model 3,45.5,62.2,13.09963,80.20853,3.39,6963.8
EV-039,Model Y,30.9,27,13.20039,80.26492,4.24,9642.9
EV-095,Model 3,37.6,12.1,13.10582,80.20266,3.97,8480.3
EV-056,Kona Electric,38.2,65.5,13.0639,80.2317,4.25,4659.4
EV-043,Kona Electric,39.1,10.7,13.00728,80.32889,3.94,9118.4
EV-050,MG ZS EV,44.8,34,13.08966,80.21696,4.4,5493.4
EV-023,Model 3,26.7,39.9,13.06526,80.31566,3.72,2923.3
EV-044,Ioniq 5,30.8,46.1,13.12766,80.31842,3.69,10127.7
EV-038,Model Y,29.8,0,12.93695,80.29065,3.27,4598.7
EV-084,Ioniq 5,45.8,54,13.06765,80.32426,4.13,13335.9
EV-023,Model 3,37.4,22.8,13.11624,80.24715,3.98,2994
EV-045,MG ZS EV,25.8,0,13.09305,80.11048,4.26,9004.2
EV-052,MG ZS EV,38.2,23.3,13.0561,80.27544,4.68,8575.4
EV-080,Model 3,27.4,0,13.05499,80.27696,3.66,2970.1
EV-050,MG ZS EV,41.5,43.3,12.99479,80.24109,3.6,6601.1
EV-008,Kona Electric,40.2,46.2,13.11301,80.32253,3.66,10134.7
EV-085,Ioniq 5,33.7,52.5,13.11669,80.33184,3.01,4781.3
EV-001,Kona Electric,31.7,0,12.96965,80.28815,3.92,1711.9
EV-008,Kona Electric,38.1,0,13.14387,80.27859,4.35,9230.5
EV-029,Ioniq 5,30.6,67,13.03033,80.3682,3.58,3365.7
EV-096,Ioniq 5,39.8,52.4,13.05262,80.18478,3.22,10223.7
EV-005,MG ZS EV,28.3,15.6,13.23101,80.24419,3.86,12592.8
EV-086,Model 3,35.2,27.6,13.21085,80.35053,4.05,1854.7
EV-047,Kona Electric,38.3,33.1,12.96697,80.31356,4.39,6566.9
EV-034,MG ZS EV,48.3,51.9,12.98038,80.2519,4.13,6676.6
EV-065,Model 3,35.5,30.5,12.99862,80.30195,3.86,9489.9
EV-055,Nexon EV,40.7,11.2,13.2096,80.22684,3.86,5019.4
EV-090,Kona Electric,29.2,11.8,13.03412,80.2836,4.24,6281.4
EV-043,Kona Electric,35.7,51.5,12.96477,80.32574,3.63,184.8
EV-074,XUV400,34.9,0,13.1813,80.37405,4.34,1840.8
EV-030,XUV400,36.7,30.9,13.13022,80.32357,3.74,8550.1
EV-082,Model 3,34.3,32.6,13.26278,80.37979,4.62,3242.4
EV-017,Ioniq 5,30.2,0,13.13005,80.15529,4.09,2172.9
EV-026,Nexon EV,38.7,0,13.08015,80.09368,3.22,4869.6
EV-008,Kona Electric,36,45.5,13.10292,80.0961,4.25,2457.2
EV-047,Kona Electric,34.2,60.8,13.04646,80.35998,3.79,899
EV-076,MG ZS EV,34.5,56.3,13.18714,80.31899,3.97,4261.5
EV-091,Model 3,41.1,48,13.19136,80.21323,4.84,2469.6
EV-072,Kona Electric,44.7,11.7,12.95607,80.23991,3.9,11991.9
EV-089,XUV400,36.2,56.8,13.1581,80.29762,3.14,944.5
EV-046,Model Y,47.3,37.9,12.99701,80.21284,4.47,11212.9
EV-068,Model Y,35,25.4,13.2758,80.20532,3.29,5745
EV-033,Nexon EV,36.3,47.5,13.20406,80.21833,3.65,10131.4
EV-001,Kona Electric,28.2,6.3,12.99166,80.21146,4.02,795.1
EV-019,Model 3,35.8,40.3,13.10182,80.27424,3.64,13811
EV-031,Model Y,32.5,35.4,13.16215,80.40374,3.97,11511.8
EV-080,Model 3,27.8,0,13.0328,80.19013,3.95,2106.4
EV-014,XUV400,23.7,0,12.97339,80.26484,4.61,3285.7
EV-053,Kona Electric,47.7,57.4,13.09084,80.30755,2.74,9661.7
EV-048,Model Y,45.3,66.8,13.06995,80.31354,3.59,13823.8
EV-069,Model Y,36.6,27.2,13.00956,80.23023,3.63,6690.3
EV-090,Kona Electric,31.3,0,13.18159,80.3202,3.77,7287.1
EV-062,Model 3,32,0,12.97958,80.3043,4.27,3570.8
EV-092,Model 3,34.2,50.8,13.07407,80.2346,4.09,5748.2
EV-066,XUV400,30,30.6,13.09725,80.16248,4.14,4293.8
EV-064,Nexon EV,37.6,16.7,13.10742,80.17923,3.5,5261.8
EV-070,Kona Electric,32.5,15,13.17315,80.33037,4.47,313.9
EV-063,Model 3,37.6,32.7,13.0635,80.38487,3.65,620.7
EV-073,Model Y,27.7,33.6,12.87443,80.27076,4.55,10211.9
EV-033,Nexon EV,35.8,44.8,13.05176,80.38285,3.74,10228.5
EV-041,Ioniq 5,27.7,12.6,13.14075,80.26651,4.41,4956.8
EV-089,XUV400,36.9,20.5,13.07117,80.17914,4.04,13282.5
EV-048,Model Y,39.1,17.9,13.07176,80.25394,3.33,3995.4
EV-013,MG ZS EV,46.4,58.8,13.1248,80.39005,3.56,5939.8
EV-073,Model Y,31.9,25.5,13.13534,80.22242,4.68,10972
EV-077,Ioniq 5,26.4,0,12.93979,80.25982,4.33,11154.8
EV-031,Model Y,34.3,36.6,13.08121,80.36555,3.83,12918.2
EV-075,Kona Electric,31.9,28.2,13.06708,80.36004,4.52,440.7
EV-068,Model Y,40.1,49.8,13.08871,80.29517,4.02,2760.5
EV-098,Ioniq 5,25.7,6.1,12.92512,80.31347,4.66,9610.4
EV-004,Kona Electric,30,56.4,13.18855,80.35573,3.74,5076.3
EV-019,Model 3,30.3,0,13.08324,80.29538,3.88,658.2
EV-070,Kona Electric,40.6,41.3,13.1167,80.37314,4.4,8799.1
EV-098,Ioniq 5,29.1,18.4,13.22398,80.32446,4.1,5899.1
EV-082,Model 3,42.2,49.2,13.11747,80.25887,4.14,5464.6
EV-013,MG ZS EV,36.2,19.9,12.95951,80.30546,3.65,3969.1
EV-023,Model 3,41.2,11.8,13.07578,80.23986,4.47,94.9
EV-083,Ioniq 5,33.9,49.2,13.13669,80.19346,4.31,2739.5
EV-075,Kona Electric,28.3,36.5,13.08723,80.17938,4.54,7116.2
EV-001,Kona Electric,39.4,36.4,13.21925,80.25417,3.46,4139.7
EV-088,Ioniq 5,38.2,40.3,13.01422,80.29574,3.53,13116.5
EV-054,XUV400,36,25.1,13.18231,80.41478,3.7,2149.3
EV-071,Model Y,30.1,27.7,13.14983,80.30399,3.9,13130.7
EV-089,XUV400,40.3,36.6,13.0898,80.28602,3.47,6075.4
EV-085,Ioniq 5,30.1,10.3,13.10921,80.26273,4.25,4141.2
EV-015,Model Y,40.4,61.4,13.00448,80.24211,3.5,4567.9
EV-065,Model 3,34.3,38,13.05812,80.28116,4.5,4954.4
EV-076,MG ZS EV,39.5,47.9,13.12887,80.24864,4.78,7600.9
EV-071,Model Y,34,66.1,13.07077,80.24471,3.34,5311.5
EV-015,Model Y,39.9,45,13.08752,80.33636,3.69,9709.9
EV-021,Ioniq 5,35.3,0,13.1621,80.1981,4.3,6380.6
EV-019,Model 3,32.6,0,12.93012,80.25071,4.04,10076.3
EV-060,Model Y,44.2,32.8,13.11225,80.21569,4.15,9068.4
EV-093,Model Y,40.2,59.8,13.22482,80.28011,4.24,3670.6
EV-089,XUV400,38.3,13.8,13.05255,80.339,3.89,12192.5
EV-033,Nexon EV,36.7,35.7,12.98316,80.2987,3.57,11985.7
EV-049,Nexon EV,37.9,14.7,13.05157,80.25303,3.51,14834.8
EV-096,Ioniq 5,27.8,28.7,12.96133,80.34593,3.93,2629.9
EV-035,MG ZS EV,35.7,29.7,13.10075,80.34132,3.86,12718.3
EV-044,Ioniq 5,26.4,0,13.0768,80.27386,4.35,13080.4
EV-090,Kona Electric,39.7,58.2,13.1082,80.39814,4.29,9634.3
EV-011,Kona Electric,39.3,45,13.0722,80.30425,4.56,7598.2
EV-099,Kona Electric,36,0,13.09837,80.30209,3.72,14359.1
EV-072,Kona Electric,39.2,40,13.11874,80.17449,3.68,14590.5
EV-078,Nexon EV,30.3,0,12.98689,80.136,3.27,9627.3
EV-074,XUV400,34.8,54.6,13.11039,80.27577,3.81,5396.6
EV-066,XUV400,25.1,40,13.19856,80.35048,4.35,12258.4
EV-046,Model Y,38.1,47.8,13.00576,80.29698,3.66,1343.4
EV-009,Model 3,42.5,40,13.10737,80.34677,3.41,4362.5
EV-003,XUV400,35.7,26.6,13.18628,80.23762,4.75,14783.4
EV-085,Ioniq 5,38.9,61.3,12.9903,80.2773,3.39,12215.9
EV-026,Nexon EV,36.2,29.1,13.14653,80.27204,3.96,14094
EV-072,Kona Electric,35.8,47.6,13.06494,80.12658,3.76,8923.9
EV-048,Model Y,39,50.1,13.16361,80.41381,3.36,6118
EV-066,XUV400,36.8,57.2,13.01674,80.3665,4.12,14695.5
EV-070,Kona Electric,33.2,47.8,13.08198,80.34497,3.24,4644.8
EV-028,Model 3,33,11.7,12.96122,80.37349,4.45,11362.4
EV-093,Model Y,37.9,53.1,13.11768,80.23335,3.95,8375.3
EV-026,Nexon EV,43.2,15.6,13.1186,80.33436,3.89,3431.5
EV-025,XUV400,35,58.3,13.12596,80.23316,3.63,267.2
EV-012,MG ZS EV,35.8,38,13.12203,80.28254,4.18,5759.5
EV-005,MG ZS EV,36.1,45,13.07541,80.13132,3.74,8217.5
EV-098,Ioniq 5,33.2,28.4,12.96449,80.2588,4.07,2751.9
EV-048,Model Y,38.3,31.5,13.16207,80.14828,3.64,6221.3
EV-037,Model 3,49.2,50.2,13.07963,80.17037,2.97,9229.8
EV-079,Model Y,32.8,19.6,13.11418,80.2664,4.25,10725.3
EV-044,Ioniq 5,39.1,37.8,13.06788,80.21408,4.97,795.9
EV-100,Kona Electric,25.1,22.2,13.2394,80.29782,4.23,9964.4
EV-015,Model Y,36.7,55.6,13.03729,80.4047,3.77,854.7
EV-043,Kona Electric,44.2,37.2,13.03421,80.22096,3.84,427.6
EV-048,Model Y,31.7,0,12.95777,80.24952,3.85,2290.4
EV-087,Model Y,37.2,22.3,13.09173,80.32386,3.84,9806.4
EV-070,Kona Electric,28.9,0,13.23137,80.21711,4.08,797.1
EV-046,Model Y,38.1,40,13.0927,80.21347,3.05,318.3
EV-043,Kona Electric,40.2,0,13.10087,80.23514,2.98,1773.8
EV-021,Ioniq 5,26.2,0,13.16056,80.34117,4.18,14246.1
EV-023,Model 3,50.1,59.6,13.09567,80.12924,3.55,13609.6
EV-080,Model 3,31.3,58.6,13.17864,80.2029,3.33,1301.6
EV-047,Kona Electric,31.8,18.5,13.19052,80.39317,3.59,4563.7
EV-015,Model Y,34.9,59.1,13.03526,80.02277,3.5,14209.7
EV-025,XUV400,30.6,0,12.96827,80.26051,3.83,1469.8
EV-036,Kona Electric,30.2,20.7,13.13787,80.39309,4.57,1423.5
EV-075,Kona Electric,30.9,29.7,13.10851,80.4235,3.57,1294.6
EV-051,XUV400,28.9,24,12.99903,80.33465,4.31,14647.3
EV-015,Model Y,39.4,34.7,13.02846,80.36445,4.24,11147.9
EV-068,Model Y,33.8,24.7,13.02821,80.19481,3.92,3221.2
EV-021,Ioniq 5,34.9,45,13.0945,80.20138,4.31,694
EV-013,MG ZS EV,39.7,52.8,13.16249,80.40783,4.02,14478.8
EV-086,Model 3,24.5,0,13.16697,80.24959,3.5,6385.2
EV-019,Model 3,35.9,19.7,13.14597,80.12053,3.76,8977.6
EV-034,MG ZS EV,34.9,28.5,13.05933,80.30417,4.16,4191.5
EV-078,Nexon EV,36,35.8,13.26031,80.25542,3.76,11376.6
EV-068,Model Y,38.9,35.7,13.08536,80.27719,4.24,2956.1
EV-052,MG ZS EV,40.2,0,13.0516,80.0802,4.47,11804.7
EV-027,Model Y,40.4,56.3,12.97341,80.05884,3.76,3462.9
EV-029,Ioniq 5,34.4,28.4,13.0549,80.2949,3.76,1473.2
EV-028,Model 3,29.5,28.4,13.1178,80.24645,3.71,7184.9
EV-035,MG ZS EV,21.8,14.2,12.9558,80.23415,3.85,12199.2
EV-008,Kona Electric,32.6,0,13.00637,80.30194,3.83,5776
EV-016,MG ZS EV,29.9,35.2,13.04531,80.20839,4.35,438
EV-036,Kona Electric,20.8,12.4,13.02067,80.24946,3.77,8301.9
EV-030,XUV400,32,14.2,13.01407,80.2348,3.93,10208.7
EV-018,XUV400,33.2,0,13.17267,80.34154,4.31,11111.7
EV-002,Model Y,38.8,25.6,12.95065,80.12039,3.87,6031.9
EV-049,Nexon EV,37.3,0,13.09673,80.21891,3.82,1459.8
EV-077,Ioniq 5,36.4,0,13.12423,80.35788,4.35,8767
EV-004,Kona Electric,39.1,21.8,13.04397,80.20373,4.46,4946.6
EV-090,Kona Electric,28.6,33,13.06454,80.2803,4.02,14203.6
EV-089,XUV400,34.8,29.5,13.07946,80.40426,4.66,7543.2
EV-094,Model 3,38.1,26.4,13.13344,80.28337,4.07,7086.6
EV-075,Kona Electric,33.9,13.7,13.20516,80.44194,4.35,4641.6
EV-007,XUV400,31.2,0,12.97994,80.38269,4.78,5085.1
EV-095,Model 3,35.2,25.3,13.0094,80.21857,3.75,7693.8
EV-074,XUV400,39.8,54.6,13.01343,80.16958,3.6,4603.4
EV-039,Model Y,34.9,27.2,13.08169,80.22239,4.32,13385.1
EV-013,MG ZS EV,34,51.6,13.05072,80.3011,3.8,6588.1
EV-031,Model Y,27.1,30.2,13.13601,80.2984,3.62,4383.9
EV-071,Model Y,33.6,21.5,13.03018,80.32386,3.86,2335.1
EV-063,Model 3,35.8,29.3,13.01164,80.19667,3.43,10086.9
EV-056,Kona Electric,36.2,33,13.02165,80.20844,4.01,391.7
EV-042,Ioniq 5,39.1,19.7,13.09196,80.31538,4.07,6752.7
EV-061,Ioniq 5,39.7,17.3,13.15981,80.42997,4.43,8254.1
EV-042,Ioniq 5,35.1,29.8,13.07915,80.18294,4.47,5100.1
EV-056,Kona Electric,32.9,11.8,13.03805,80.26491,3.87,11248.5
EV-036,Kona Electric,42.5,63.9,13.00022,80.24191,4.47,10136.5
EV-084,Ioniq 5,40.7,55.1,13.19963,80.28233,3.37,14571.1
EV-068,Model Y,32.6,23.9,12.94182,80.17492,3.44,7634
EV-007,XUV400,39,30.5,13.06781,80.27775,3.5,8069.5
EV-054,XUV400,34.8,29.8,13.14188,80.36836,3.53,3691.4
EV-001,Kona Electric,34.4,25.1,13.06671,80.14078,4.3,5785.3
EV-044,Ioniq 5,38.2,33.8,13.03739,80.35038,4.67,407.8
EV-045,MG ZS EV,36.4,49.6,13.12555,80.17511,4.6,10340.7
EV-047,Kona Electric,36.3,32.1,12.9952,80.29135,3.25,4677.8
EV-013,MG ZS EV,35.2,14.2,12.94344,80.3098,4.34,8107.8
EV-022,Ioniq 5,39.7,30.1,13.11095,80.30071,4.61,3828.6
EV-021,Ioniq 5,42,52.4,13.00309,80.24402,4.25,9317.4
EV-086,Model 3,34.8,11.9,13.09324,80.3237,3.75,6716.5
EV-092,Model 3,22.3,27.6,13.07284,80.17012,4.07,7230.5
EV-009,Model 3,39.8,54.7,13.10358,80.34387,3.42,14139.4
EV-026,Nexon EV,34,0,13.06453,80.2335,4.3,10593.9
EV-009,Model 3,40.1,42.7,13.12682,80.29646,3.41,3932.2
EV-015,Model Y,27.2,0,13.02642,80.24259,4.27,7561.3
EV-010,MG ZS EV,26.2,40,13.1452,80.39327,3.72,7002.8
EV-088,Ioniq 5,38.8,23.5,12.98529,80.30579,4.15,11926.8
EV-042,Ioniq 5,30.8,41.2,13.17651,80.32292,3.9,12501.2
EV-072,Kona Electric,45,57.6,13.24683,80.3337,3.6,4255.2
EV-024,Model Y,29.1,0,13.09135,80.25142,4.38,12318.2
EV-080,Model 3,29.1,18.3,13.20823,80.29384,4.61,2696.6
EV-049,Nexon EV,38,35.8,13.22897,80.28392,3.65,11442.7
EV-026,Nexon EV,39.2,34.1,13.05703,80.32229,4.07,3735.5
EV-091,Model 3,39.3,37.7,13.08653,80.23505,3.57,4472.5
EV-037,Model 3,34.5,0,13.01757,80.21417,3.82,12787.8
EV-068,Model Y,28.5,0,13.02273,80.36525,3.71,6304
EV-050,MG ZS EV,24.4,0,13.10133,80.33364,3.5,14858.5
EV-024,Model Y,33.9,31.8,12.95183,80.20355,4.42,2283.4
EV-019,Model 3,30.3,33.9,13.14948,80.42288,4.04,6952.9
EV-100,Kona Electric,41.5,60.8,13.09608,80.22499,3.46,10988.1
EV-060,Model Y,42.5,51.2,13.13721,80.28019,3.85,85.5
EV-039,Model Y,37.9,41.9,13.06814,80.36419,4.48,2282.1
EV-074,XUV400,34.4,19.8,13.1365,80.36343,4.41,310.2
EV-089,XUV400,34.8,36,13.10251,80.21426,4.22,14893.2
EV-018,XUV400,39.4,21.2,13.12328,80.31208,3.73,11410.6
EV-019,Model 3,25.7,23.5,13.15484,80.24588,4.05,5606.5
EV-036,Kona Electric,27.6,13.3,12.9815,80.30426,3.56,2348.5
EV-074,XUV400,41.1,0,13.02645,80.26065,3.97,1360.3
EV-097,Model Y,28.1,19.5,13.26789,80.23848,4.39,7980.9
EV-055,Nexon EV,41.2,54.9,13.09928,80.19371,4.27,14638.5
EV-069,Model Y,39.3,29.9,12.94536,80.36551,3.74,10120.8
EV-047,Kona Electric,24.8,20.4,12.9458,80.2112,4.33,5480.2
EV-049,Nexon EV,23.3,0,13.0767,80.38817,4.25,7515.3
EV-099,Kona Electric,40.7,19.7,13.04086,80.2472,3.9,14983.6
EV-098,Ioniq 5,34.5,61.7,13.01819,80.30947,3.96,7783.9
EV-033,Nexon EV,30.7,28.3,13.22615,80.39384,4.49,14463.2
EV-021,Ioniq 5,32.9,29.5,13.05317,80.23625,4.34,250.3
EV-081,Model Y,27.1,0,13.14838,80.30845,3.58,10815.8
EV-022,Ioniq 5,39.5,40.3,13.10271,80.31022,3.89,9409.3
EV-048,Model Y,26.1,0,13.05911,80.21737,4.16,10281.5
EV-037,Model 3,28.3,51,12.99136,80.28848,3.56,8560.7
EV-015,Model Y,44.3,54.6,13.14424,80.33028,4.43,667.4
EV-035,MG ZS EV,33.5,59.4,12.89515,80.40678,3.84,2247.7
EV-092,Model 3,30.2,16.3,13.15235,80.23751,3.82,13834.2
EV-071,Model Y,43,56.8,13.0948,80.29837,3.56,3497.7
EV-032,Nexon EV,35.4,25.2,13.13219,80.26053,3.72,14894.1
EV-011,Kona Electric,43,45,13.08332,80.28617,4.28,10195.4
EV-010,MG ZS EV,39.3,26,12.98395,80.22336,4.33,6668.1
EV-073,Model Y,29.7,0,13.11482,80.25718,3.73,13801.1
EV-078,Nexon EV,37.1,0,13.15061,80.39216,4.59,11925.8
EV-077,Ioniq 5,40.5,64.3,13.04437,80.28089,3.46,6437.3
EV-057,Model 3,33,33.3,13.13529,80.27679,3.68,1033.6
EV-025,XUV400,35.1,13.4,13.10642,80.20251,4.19,13025.2
EV-002,Model Y,26.6,9.5,13.11874,80.35798,3.52,11476.8
EV-064,Nexon EV,43,57,13.01394,80.33846,3.21,11862.1
EV-035,MG ZS EV,43.3,65.1,13.18527,80.28088,3.22,11174.2
EV-007,XUV400,39.5,57.3,13.10638,80.42279,3.44,4139.9
EV-085,Ioniq 5,25.5,25.8,13.14924,80.22809,4.3,12883.4
EV-018,XUV400,40.4,22.2,13.05165,80.18732,3.48,38.5
EV-067,Model 3,35.6,11.8,13.16128,80.26311,4.15,3563
EV-042,Ioniq 5,31.9,0,13.04894,80.20292,4.34,703.2
EV-039,Model Y,31.1,0,13.01136,80.28995,4.58,1663.4
EV-041,Ioniq 5,31.2,15.4,13.22445,80.27656,3.8,7988
EV-075,Kona Electric,31.3,8.8,12.89289,80.36293,3.83,563.7
EV-024,Model Y,41.4,46.2,13.32189,80.23424,4.79,2724.8
EV-060,Model Y,31.8,19.7,13.13884,80.29726,4.54,3494.9
EV-046,Model Y,34.6,32.8,13.05752,80.28552,3.89,9831.8
EV-019,Model 3,31.4,0,13.10879,80.3373,4.46,7035
EV-068,Model Y,37.7,51.4,13.13889,80.18027,3.97,6878.9
EV-090,Kona Electric,35.8,57,13.0561,80.19888,3.77,11527.6
EV-042,Ioniq 5,37.9,56.1,13.24552,80.22439,4.77,6853.5
EV-032,Nexon EV,40.8,59,13.20075,80.18395,4.15,5230.6
EV-039,Model Y,29.2,14.7,13.30085,80.31969,4.75,14437
EV-036,Kona Electric,35.4,35.6,12.98498,80.32045,3.58,129.4
EV-097,Model Y,43,10.9,13.09992,80.35807,4.72,4584.4
EV-036,Kona Electric,34.1,20.5,12.97174,80.25904,3.94,9142.8
EV-003,XUV400,30.3,24.8,12.99538,80.23371,3.93,11743.2
EV-073,Model Y,30.7,32.6,13.0566,80.19493,4.16,12247.1
EV-008,Kona Electric,33.6,66,13.05805,80.37498,3.78,695.9
EV-097,Model Y,47.5,61.1,13.11229,80.25292,4.06,10638.4
EV-070,Kona Electric,45,66.3,13.07385,80.21263,3.93,10805.2
EV-041,Ioniq 5,31.4,48.4,13.1467,80.33073,3.67,3215.1
EV-068,Model Y,37.5,36.9,13.10821,80.24356,3.6,1696.1
EV-013,MG ZS EV,42.3,35.2,13.2145,80.18534,3.92,11246.5
EV-049,Nexon EV,31.8,0,13.149,80.20131,3.99,3746.3
EV-060,Model Y,29.7,1,12.98838,80.27794,4.04,30.1
EV-002,Model Y,49.6,53.2,13.07106,80.18491,4.31,3357.5
EV-060,Model Y,22.5,0,13.07646,80.26385,4.07,470.9
EV-005,MG ZS EV,52.3,59.8,13.11789,80.20152,4.65,3741.6
EV-044,Ioniq 5,32.3,0,13.16872,80.19502,4.58,5028.6
EV-027,Model Y,40.8,19.8,13.10531,80.23166,3.88,4074.6
EV-032,Nexon EV,27.7,14.1,13.12895,80.28344,3.29,13799.5
EV-021,Ioniq 5,33.8,45,12.99196,80.29626,4.96,3491.8
EV-008,Kona Electric,26.6,0,13.04596,80.34465,3.89,7015.7
EV-072,Kona Electric,34.6,26.1,12.92973,80.20806,4.37,14361.6
EV-050,MG ZS EV,40.3,56.1,13.11806,80.38202,3.51,13188.6
EV-067,Model 3,38.8,11.9,13.15002,80.48838,4.64,4642.3
EV-044,Ioniq 5,25.7,18.9,12.97718,80.2371,4.34,4900.7
EV-058,Model Y,34.7,16,13.09538,80.12933,3.57,8902
EV-003,XUV400,36.5,0,13.07452,80.13137,3.22,13768.4
EV-086,Model 3,45,63.6,13.21778,80.23095,3.7,154.9
EV-070,Kona Electric,29.8,0,13.01115,80.21517,4.2,5899.8
EV-002,Model Y,36.9,59,13.15615,80.27111,4.02,12747.4
EV-087,Model Y,33.9,19.3,13.17415,80.31136,3.69,6160
EV-044,Ioniq 5,40.1,59.5,13.0671,80.16781,3.45,10802.2
EV-002,Model Y,38.5,0,13.1061,80.25698,3.24,10380.4
EV-081,Model Y,28.6,22.5,13.1689,80.23022,3.78,3085.9
EV-035,MG ZS EV,31.4,27.3,12.99474,80.43354,3.35,6746.7
EV-098,Ioniq 5,25.3,0,13.04853,80.16017,3.71,8495
EV-087,Model Y,37.4,27.3,13.0976,80.20999,4.13,10733.4
EV-030,XUV400,41,29.2,13.24782,80.27338,4.13,12336.7
EV-008,Kona Electric,28.3,28,13.05072,80.21053,3.73,11400.2
EV-022,Ioniq 5,32.4,0,13.06121,80.36135,4.11,429.5
EV-044,Ioniq 5,40.7,29.2,13.20647,80.18911,4.59,10061.2
EV-058,Model Y,43.7,65,13.13574,80.19743,3.49,7462.2
EV-036,Kona Electric,39.6,31.4,13.2573,80.36825,3.49,8610.1
EV-069,Model Y,28.6,21.6,13.17016,80.17543,4.31,5597.6
EV-077,Ioniq 5,38.7,24,13.07102,80.33747,4.44,10711.8
EV-093,Model Y,38.9,64.8,13.05964,80.23449,3.32,10110
EV-031,Model Y,40.5,26.1,13.01673,80.22123,3.72,8694.4
EV-047,Kona Electric,36.8,21.3,12.9783,80.23007,3.21,12924.8
EV-055,Nexon EV,33.9,50,13.10997,80.18106,3.72,1533
EV-080,Model 3,40.3,57.2,13.13286,80.34327,3.39,4518.8
EV-062,Model 3,38.1,16.5,13.14249,80.28159,3.39,7429.5
EV-030,XUV400,34,37.8,13.07282,80.34198,3.85,14379.3
EV-055,Nexon EV,38.2,46.7,13.23711,80.36481,3.96,1084.1
EV-016,MG ZS EV,30.1,39.8,12.97402,80.31398,3.92,5059.5
EV-012,MG ZS EV,34.7,0,12.96497,80.15448,3.87,13888.7
EV-017,Ioniq 5,34.4,22.1,13.01713,80.19316,4.61,13469.7
EV-016,MG ZS EV,42.1,46.4,13.08318,80.33877,4.1,12979.4
EV-012,MG ZS EV,37.8,26.9,12.99493,80.27514,4.26,4629.3
EV-008,Kona Electric,35.6,47.4,13.19046,80.32273,4.68,12703.3
EV-084,Ioniq 5,30.8,25.3,13.02358,80.26359,4.39,7582.6
EV-003,XUV400,28.9,19.2,13.0093,80.23632,3.89,9298.6
EV-016,MG ZS EV,29.5,0,13.16711,80.32283,3.26,3586.2
EV-030,XUV400,40.6,34.5,13.09929,80.13251,3.85,10601.6
EV-023,Model 3,29.9,56.1,13.14548,80.24512,4.36,4918.8
EV-092,Model 3,32.3,45.5,13.07889,80.27602,4.38,5161.5
EV-005,MG ZS EV,38.6,19,13.10444,80.2874,3.85,9554.1
EV-084,Ioniq 5,42.5,32,12.96802,80.16714,3.97,3601.3
EV-065,Model 3,31.6,37.9,13.07087,80.17045,4.05,3370.5
EV-030,XUV400,29.7,24.5,12.99886,80.23925,3.75,5540.6
EV-021,Ioniq 5,40.8,14.6,13.23905,80.26568,3.78,11672.1
EV-084,Ioniq 5,31.4,0,13.18613,80.3951,3.74,3374.1
EV-070,Kona Electric,31.8,35.5,13.03039,80.20046,4.2,11810.8
EV-022,Ioniq 5,44.5,60.6,13.0661,80.23125,3.27,10435.6
EV-082,Model 3,42.4,65.5,13.06987,80.39802,4.17,10187.8
EV-072,Kona Electric,35.7,0,13.25502,80.35583,4,7124
EV-032,Nexon EV,34.7,57.3,13.11441,80.18158,3.31,11189.6
EV-033,Nexon EV,36.2,19.8,13.04847,80.32474,4.41,207.7
EV-016,MG ZS EV,41.9,30.2,13.09443,80.33729,4.6,4587.6
EV-076,MG ZS EV,35.2,0,12.95974,80.28636,5.26,10188.7
EV-038,Model Y,40,28.3,13.07681,80.17684,4.55,14809.5
EV-098,Ioniq 5,41.3,19.3,12.99623,80.22306,3.65,42.7
EV-014,XUV400,37.4,27,12.93489,80.22046,4.08,7652
EV-036,Kona Electric,35.6,53.4,13.24163,80.31301,4.84,13857.9
EV-097,Model Y,43.7,60.9,13.08054,80.23635,3.37,12953.8
EV-023,Model 3,30.1,29.9,13.02097,80.24952,3.49,351.9
EV-066,XUV400,36.5,46.6,12.94693,80.22254,3.81,7945.7
EV-085,Ioniq 5,36.6,13.5,13.06501,80.14602,3.59,69.3
EV-002,Model Y,20,24.1,13.07077,80.47831,3.76,11844.7
EV-091,Model 3,36.3,25.3,13.1439,80.30292,3.74,4636.6
EV-073,Model Y,37.4,32.6,13.00639,80.38846,4.29,11485
EV-065,Model 3,29.9,30.1,13.04,80.18145,3.48,14172.2
EV-075,Kona Electric,38.4,39.6,13.00873,80.3922,4.05,14641.4
EV-067,Model 3,32.9,0,13.06526,80.23898,3.69,13412.2
EV-052,MG ZS EV,38.3,51.3,12.92326,80.31312,4.09,3066.1
EV-062,Model 3,40.3,19.8,13.01836,80.35004,4.26,2923
EV-023,Model 3,38.2,15.4,13.13308,80.39158,4.36,9388.6
EV-026,Nexon EV,35.2,0,12.98466,80.26699,4.36,8163.1
EV-068,Model Y,30.8,32.5,13.16266,80.19035,3.75,148
EV-082,Model 3,34.9,25.2,13.15257,80.26952,4,5879
EV-055,Nexon EV,42.7,40.2,13.15926,80.31798,4.59,13600.8
EV-006,XUV400,34.2,27,13.08234,80.22783,4.18,13475.9
EV-035,MG ZS EV,43.1,27.7,13.07515,80.23685,4.35,3062.6
EV-022,Ioniq 5,38.2,23.6,13.10827,80.14684,3.51,5732.5
EV-043,Kona Electric,40.5,0,13.18832,80.19245,4.38,8407.7
EV-015,Model Y,30,28,13.18104,80.30624,3.25,12792.5
EV-086,Model 3,32.8,12.8,12.94972,80.34126,3.39,7982.3
EV-060,Model Y,39.9,68.1,13.01276,80.35884,3.18,14523.2
EV-012,MG ZS EV,35,0,12.99838,80.45278,4.17,11986.8
EV-049,Nexon EV,31.8,28.8,13.14084,80.38975,4.24,14296.6
EV-042,Ioniq 5,24.8,7.3,13.02836,80.25854,3.67,10973.7
EV-038,Model Y,36.9,24.9,13.06643,80.19585,3.23,13165
EV-082,Model 3,33.7,29.1,13.21934,80.25021,4.38,12465.9
EV-045,MG ZS EV,35.2,46.1,13.17237,80.22661,4.21,3811.3
EV-035,MG ZS EV,32.2,30.3,13.1928,80.28397,4.17,3446.9
EV-030,XUV400,32.6,0,13.02534,80.34198,4.77,12966.4
EV-088,Ioniq 5,31.6,41.8,12.86099,80.30908,4.06,1274.7
EV-030,XUV400,31,0,13.05106,80.39678,3.6,6131.4
EV-078,Nexon EV,27.9,0,12.9675,80.30234,4.53,12310.8
EV-006,XUV400,31.2,18.6,12.92718,80.16865,3.84,12199.5
EV-067,Model 3,33.8,0,13.17299,80.2251,3.96,2086
EV-080,Model 3,35.3,0,13.01135,80.30291,3.79,7318.2
EV-007,XUV400,37.5,58.4,13.01818,80.28899,3.4,7200.1
EV-052,MG ZS EV,40.1,27.1,13.05344,80.37536,3.83,4859.2
EV-014,XUV400,27.1,0,13.21442,80.27126,4.61,13758.1
EV-073,Model Y,28.6,34.7,13.06977,80.25659,3.57,9798.5
EV-015,Model Y,28.2,23.9,13.15883,80.14478,4.43,14702.9
EV-021,Ioniq 5,28.3,14.3,13.05747,80.20616,3.26,1006.2
EV-035,MG ZS EV,29.5,34,12.95626,80.2954,4.64,5918.3
EV-066,XUV400,42.1,0,12.98751,80.28747,4.68,12527.9
EV-091,Model 3,26,14.9,13.0824,80.31829,3.59,6343.2
EV-002,Model Y,41.9,43.1,13.09131,80.30675,4.03,3931.9
EV-035,MG ZS EV,35.5,30.6,13.12612,80.26163,4.26,14967.1
EV-082,Model 3,39.1,50.2,13.12615,80.19056,3.65,13097.5
EV-078,Nexon EV,31.8,36.1,13.15471,80.27075,4.75,8199.4
EV-020,Model Y,36.6,24.9,13.02117,80.26716,4.01,8427.8
EV-082,Model 3,30.2,22.8,13.22888,80.38045,3.79,107.9
EV-010,MG ZS EV,38.8,18.2,13.2362,80.37695,4.03,14715
EV-025,XUV400,37.8,6.2,13.04106,80.2324,3.71,12095.4
EV-066,XUV400,35.1,31,13.01919,80.22095,4.01,555.8
EV-025,XUV400,36.7,42,12.93992,80.16241,3.82,2649.1
EV-054,XUV400,36.2,17.1,13.09637,80.25751,3.69,12316.4
EV-033,Nexon EV,37.4,29.3,13.11889,80.23276,4.32,1307.5
EV-036,Kona Electric,39.5,20,13.03635,80.47929,3.32,14127.1
EV-095,Model 3,40.2,26.6,13.10532,80.18147,4.71,14998.4
EV-014,XUV400,31.9,0,12.97167,80.27539,4.09,13297.1
EV-065,Model 3,35,45.3,13.16011,80.21927,4.73,11084.9
EV-080,Model 3,38.6,21.5,13.04022,80.27267,4.38,7311.8
EV-054,XUV400,38,56.3,13.1058,80.24403,3.24,1241
EV-052,MG ZS EV,38.3,47.4,13.09951,80.33562,3.98,10958
EV-003,XUV400,42.9,68.5,12.92586,80.30593,2.81,5956
EV-099,Kona Electric,39.1,18.6,13.14942,80.33295,3.64,8555.6
EV-041,Ioniq 5,33.3,0,13.01994,80.21054,3.95,4404.4
EV-006,XUV400,33.7,38.8,13.0989,80.35704,3.72,3636.1
EV-025,XUV400,43.8,23.3,12.96991,80.23216,3.81,4867.8
EV-013,MG ZS EV,40.8,9.3,13.04435,80.1582,3.73,12208.4
EV-098,Ioniq 5,32.4,45.9,13.11176,80.25615,4.87,6400.2
EV-008,Kona Electric,30.7,26.8,12.99636,80.27977,4.05,4679.1
EV-021,Ioniq 5,32.3,35.3,13.00074,80.17072,4.25,6497.4
EV-098,Ioniq 5,41.4,42.7,13.09271,80.34059,3.98,489.1
EV-068,Model Y,44.3,26.3,13.0693,80.20581,4.13,13359.6
EV-025,XUV400,31.1,13.2,13.11064,80.20238,3.18,8278.7
EV-079,Model Y,39.7,57.2,13.05328,80.2707,4.42,1576.9
EV-068,Model Y,30.2,16.7,13.13402,80.33928,3.71,4329.7
EV-045,MG ZS EV,47.5,58.1,13.03734,80.17343,4.16,14753.4
EV-060,Model Y,41.8,47.5,13.13047,80.34595,4.42,8897.9
EV-012,MG ZS EV,32.7,40,13.01016,80.09795,3.28,4374.6
EV-032,Nexon EV,21.5,0,13.03382,80.29715,4.02,6398.1
EV-096,Ioniq 5,45.1,65.5,13.14115,80.18032,3.75,3880.8
EV-092,Model 3,31.9,22.7,13.04155,80.20682,4.04,481.9
EV-013,MG ZS EV,36.2,0,12.989,80.40973,4,12631.2
EV-031,Model Y,36.5,25.5,13.22111,80.19165,3.83,4390.7
EV-078,Nexon EV,27,35,13.07989,80.2662,3.71,12577
EV-020,Model Y,28,0,13.12042,80.18536,4.42,7181
EV-018,XUV400,30.2,0,12.90173,80.33224,4.16,2747.5
EV-093,Model Y,28.6,0,13.18924,80.30342,4.07,12029
EV-060,Model Y,41,70,13.2944,80.31468,2.86,5659.8
EV-063,Model 3,34,0,13.18207,80.36117,3.9,10617.4
EV-006,XUV400,44.8,32.2,13.19348,80.24368,3.98,12559.3
EV-032,Nexon EV,37.5,26,13.05,80.35666,4.34,14445
EV-093,Model Y,43,29.6,13.10285,80.38989,3.3,1291.8
EV-043,Kona Electric,35.9,52.6,13.12175,80.29346,3.41,130.8
EV-002,Model Y,37.8,0,13.02689,80.1822,4.72,8228.6
EV-060,Model Y,33.1,25.4,13.07278,80.1743,3.68,3967.3
EV-023,Model 3,30.6,26.4,13.00262,80.30608,3.26,7039.2
EV-083,Ioniq 5,33,48.7,13.05106,80.18215,3.65,1094.5
EV-031,Model Y,21.8,25.2,13.14997,80.16323,3.68,7526.3
EV-005,MG ZS EV,43.2,57.9,12.94144,80.3414,4,1877.2
EV-083,Ioniq 5,25.5,0,13.15895,80.234,4.26,12579.6
EV-034,MG ZS EV,42.7,30.2,12.95651,80.46425,3.61,11393.5
EV-010,MG ZS EV,34.7,29.4,13.0869,80.2181,3.85,1115.7
EV-089,XUV400,29.5,44.3,13.09417,80.23091,4.21,12546.1
EV-002,Model Y,30.9,37.3,13.12853,80.29944,4.23,4877.8
EV-011,Kona Electric,37.3,36.5,13.06826,80.28707,3.59,5296.1
EV-050,MG ZS EV,25.5,24,12.99912,80.26397,3.63,2701.2
EV-031,Model Y,34.9,0,13.09746,80.26206,4.85,12530.4
EV-056,Kona Electric,28,29.6,13.2565,80.53013,3.9,6073.6
EV-079,Model Y,34.7,53.3,13.08155,80.40356,4.43,737.3
EV-073,Model Y,36.9,32.5,13.01219,80.33818,4.09,14493.9
EV-087,Model Y,36.4,16.9,13.04533,80.17267,4.44,3842
EV-083,Ioniq 5,43.9,65.7,13.09472,80.26479,3.84,14043
EV-009,Model 3,29.3,32,13.06121,80.32354,4.07,4522.1
EV-099,Kona Electric,30.5,0,13.05009,80.33056,4.06,12472.2
EV-021,Ioniq 5,41.3,32.3,13.18889,80.37291,3.5,9965
EV-073,Model Y,33.3,23.9,13.12408,80.21941,3.93,12919.9
EV-028,Model 3,34.8,10.9,13.07322,80.26762,3.79,14641.9
EV-062,Model 3,36.9,33.8,13.07383,80.2103,3.87,13072.9
EV-007,XUV400,38.5,0,13.09655,80.37748,3.85,6058
EV-080,Model 3,31,11.2,13.12753,80.32661,4.06,12218.5
EV-016,MG ZS EV,32.5,62.2,13.18529,80.23011,3.91,10676.2
EV-097,Model Y,33,48.8,13.04975,80.28869,3.87,928.7
EV-004,Kona Electric,38,42.3,13.00315,80.27472,4.38,13946.8
EV-004,Kona Electric,30.8,55,13.03821,80.20031,3.63,6992.1
EV-040,Kona Electric,33.7,36.8,13.01265,80.34511,4.03,2021.1
EV-017,Ioniq 5,38.1,47.3,12.96062,80.27686,4.96,6383.5
EV-052,MG ZS EV,28.2,0,13.19555,80.22835,3.52,9049.1
EV-093,Model Y,38.6,41,13.15107,80.19893,3.83,8596.3
EV-052,MG ZS EV,39.4,31.6,12.90002,80.33907,3.27,8624
EV-036,Kona Electric,34.3,0,13.10014,80.29215,4.09,3841.3
EV-038,Model Y,31,56.3,13.05256,80.21513,3.78,9492.4
EV-050,MG ZS EV,38.6,51.5,13.04303,80.23087,3.92,13611.7
EV-063,Model 3,35.3,21.3,12.88378,80.27114,3.64,5833.1
EV-063,Model 3,37.1,58.4,13.08068,80.2758,3.43,9460.6
EV-062,Model 3,33.6,0,13.08885,80.28606,4.02,3663.6
EV-099,Kona Electric,37.4,33.5,12.98855,80.12916,3.44,729
EV-007,XUV400,33.8,19.1,13.21252,80.28033,4.35,8788
EV-027,Model Y,29,16.9,13.14601,80.17317,3.44,718
EV-092,Model 3,38.3,53.3,12.99739,80.38422,3.77,10855.2
EV-086,Model 3,49.3,66.1,13.16454,80.35413,3.34,10056.9
EV-014,XUV400,35.5,45.3,13.04546,80.36324,3.79,5543
EV-071,Model Y,41.6,36.4,13.16711,80.07399,3.36,6172.3
EV-086,Model 3,38.8,55.3,12.96727,80.24677,3.78,13766.8
EV-005,MG ZS EV,28,0,13.0963,80.26446,3.52,201.9
EV-055,Nexon EV,35.5,41.8,12.9854,80.3167,4.06,8451.7
EV-002,Model Y,34.4,20.4,13.01571,80.34277,3.7,13850.8
EV-062,Model 3,35.3,0,12.92817,80.37347,3.98,13710.2
EV-091,Model 3,47.6,31.1,12.98394,80.08538,3.24,8771.9
EV-021,Ioniq 5,37.4,43,12.98348,80.2066,4.36,5721.5
EV-079,Model Y,27.3,11.7,12.97347,80.27532,4.44,1488.1
EV-021,Ioniq 5,23.7,0,13.09779,80.33706,3.78,2610.9
EV-010,MG ZS EV,29.9,0,12.9414,80.33484,5.12,10196.7
EV-087,Model Y,27.8,11.9,13.1066,80.30869,4.3,254.4
EV-058,Model Y,34.8,0,13.16317,80.21974,3.9,13252.9
EV-039,Model Y,39.2,36.3,13.01158,80.22992,3.8,8821.1
EV-005,MG ZS EV,31.3,0,13.0759,80.22034,3.69,682
EV-065,Model 3,36.1,7.1,13.05585,80.19222,3.76,3600.3
EV-013,MG ZS EV,37.1,40,13.04978,80.1911,3.96,8915
EV-085,Ioniq 5,49.1,64.7,12.87826,80.18344,3.53,538.8
EV-090,Kona Electric,41.9,56.5,12.99256,80.29758,3.21,11700.9
EV-085,Ioniq 5,38.7,18.7,13.19961,80.28065,4.54,13799.2
EV-053,Kona Electric,31.4,55.4,13.10861,80.19656,4.11,14418.5
EV-082,Model 3,33.3,59.9,13.06339,80.13378,4.44,11006.2
EV-045,MG ZS EV,41.4,58.7,12.92104,80.24115,3.87,12853.1
EV-032,Nexon EV,29.3,42.4,13.13015,80.3891,4.42,9162.6
EV-036,Kona Electric,28.9,0,13.00977,80.27118,3.5,6880.9
EV-081,Model Y,40.6,22.4,12.9837,80.33471,4.24,10698.5
EV-099,Kona Electric,30.2,12,12.99172,80.2851,3.28,3366.6
EV-060,Model Y,27.2,10.2,13.12355,80.26605,3.61,1651.2
EV-011,Kona Electric,36.3,8.2,13.07702,80.15286,5,11429
EV-063,Model 3,49.2,56.6,13.15187,80.23817,3.57,14373
EV-021,Ioniq 5,34.3,53.1,13.17276,80.22792,3.83,8664.3
EV-052,MG ZS EV,41.2,25.3,13.02354,80.3892,4.28,7240.7
EV-055,Nexon EV,27.3,0,13.07928,80.28536,3.98,8018.4
EV-026,Nexon EV,33.8,19.6,13.05846,80.3729,3.59,7179.6
EV-068,Model Y,37.2,46.1,12.97376,80.3609,3.58,6635.8
EV-034,MG ZS EV,31.8,31.1,12.98527,80.20303,4.32,14205.8
EV-052,MG ZS EV,36.4,0.4,13.06957,80.27079,4.12,7199
EV-082,Model 3,26.3,17,13.07813,80.40549,4.33,1221.1
EV-099,Kona Electric,36.9,32.9,13.07831,80.31575,4.23,11483.9
EV-093,Model Y,39.3,16,13.07843,80.31092,4.02,5876.5
EV-052,MG ZS EV,39.4,28.9,13.01742,80.34379,4.01,10661.8
EV-029,Ioniq 5,40.3,48.6,13.25242,80.30913,3.97,8695.6
EV-038,Model Y,46.1,51.4,13.10124,80.31441,3.71,10699.1
EV-042,Ioniq 5,38.1,59.6,13.03666,80.29487,3.57,934.6
EV-021,Ioniq 5,29.7,44.8,13.11489,80.24352,4.2,512.9
EV-042,Ioniq 5,36.6,32.5,13.0146,80.18605,4.58,5681.2
EV-013,MG ZS EV,34.4,25.5,13.08484,80.12214,3.33,10399
EV-064,Nexon EV,29.2,65.1,13.11476,80.24435,4.55,3359.1
EV-017,Ioniq 5,33.2,56.7,13.12677,80.30563,4.04,6503.8
EV-009,Model 3,25.7,0,12.98211,80.28979,4.17,14712.2
EV-041,Ioniq 5,29.6,14.3,13.32503,80.32157,3.6,3227
EV-001,Kona Electric,30.2,0,13.17724,80.26062,3.72,12719.9
EV-002,Model Y,35.5,42.3,13.2453,80.48846,4.24,12382.8
EV-060,Model Y,29.9,15.1,13.06221,80.43288,4.1,13370.8
EV-048,Model Y,28.5,22.7,13.10244,80.14929,3.48,13727.6
EV-029,Ioniq 5,33.9,0,13.08562,80.32322,3.66,7612.3
EV-097,Model Y,36.7,34.6,13.03894,80.3482,3.7,10230.6
EV-010,MG ZS EV,37.5,40,13.14331,80.1009,3.67,9285.3
EV-058,Model Y,45.6,39.4,13.01201,80.28405,4.1,4637.7
EV-060,Model Y,34.4,13.5,13.13856,80.31205,3.59,4200.4
EV-021,Ioniq 5,32.6,20.5,13.04285,80.27025,4.31,5126.8
EV-028,Model 3,38.3,57.3,13.11462,80.30158,3.16,3280.8
EV-075,Kona Electric,32.5,0,13.19963,80.27703,4.39,11362
EV-034,MG ZS EV,41.6,54.7,13.07206,80.32691,5.03,14468.8
EV-008,Kona Electric,35.7,32.9,13.14512,80.39457,4.31,13017.2
EV-059,Nexon EV,27.3,42.2,13.04199,80.33235,3.78,3273
EV-086,Model 3,37.1,60.8,12.98819,80.36472,3.48,783.5
EV-072,Kona Electric,36,33.1,13.21564,80.18611,3.55,11357.6
EV-049,Nexon EV,38.5,0,13.14252,80.43289,4.43,5856.3
EV-079,Model Y,32.3,35.3,13.07195,80.29589,4.07,12370.1
EV-017,Ioniq 5,24.9,9.1,13.13841,80.23945,3.28,11689.6
EV-060,Model Y,33.6,10.3,13.00139,80.30393,3.42,9383
EV-087,Model Y,38.9,21.6,13.11808,80.22713,3.3,3833.8
EV-088,Ioniq 5,31.4,11.4,13.10006,80.28175,4.3,1565
EV-045,MG ZS EV,43.9,0,13.13474,80.29479,3.6,3793.5
EV-083,Ioniq 5,42.7,0,13.21404,80.2158,4.33,7648.8
EV-069,Model Y,32.5,7,13.19856,80.28316,3.78,14692
EV-032,Nexon EV,32.9,0,12.97159,80.21462,4.32,960
EV-044,Ioniq 5,41.4,21.1,12.92308,80.21411,3.9,3005.1
EV-065,Model 3,34.8,27.3,13.10236,80.18982,4.38,9411.1
EV-087,Model Y,33.4,45,13.09625,80.2408,3.68,4568.9
EV-008,Kona Electric,43.6,59.4,12.99181,80.22664,3.42,12878.3
EV-077,Ioniq 5,39.4,42.5,13.00584,80.30861,3.82,2095.6
EV-072,Kona Electric,30.9,24.6,13.02107,80.3584,4.33,14447.5
EV-087,Model Y,37.1,30.6,13.1895,80.32367,3.57,13686.1
EV-043,Kona Electric,37.7,53.8,13.0449,80.3485,3.59,13313.5
EV-001,Kona Electric,39.3,76.5,12.96239,80.34175,3.27,2600.2
EV-051,XUV400,34,49.5,13.07755,80.19656,4.07,4945.8
EV-024,Model Y,34.9,19.5,13.08248,80.24397,3.84,12062.4
EV-099,Kona Electric,30.7,0,13.00013,80.41305,4.23,12118.1
EV-024,Model Y,37.4,33,13.12993,80.22713,3.7,10579.1
EV-017,Ioniq 5,36.1,0,13.17368,80.41901,4.4,6723.5
EV-005,MG ZS EV,40,56.7,13.05427,80.23732,4.07,4677.3
EV-020,Model Y,35.7,20.8,12.96239,80.1069,3.77,14444.6
EV-021,Ioniq 5,36.8,62.7,13.0608,80.25092,3.93,2093.2
EV-058,Model Y,40.8,24.6,13.10683,80.33843,3.56,661.1
EV-031,Model Y,34.3,54.6,12.91007,80.40378,3.87,141.9
EV-100,Kona Electric,27.2,27.3,13.12122,80.15247,3.68,11626.5
EV-011,Kona Electric,26.6,0,13.0527,80.33696,4.13,855.3
EV-052,MG ZS EV,38.1,7.7,13.0862,80.34215,3.93,8082
EV-015,Model Y,35.4,9.1,13.05953,80.37481,3.7,5512.6
EV-083,Ioniq 5,42.9,35.9,13.02242,80.057,3.37,2207.9
EV-007,XUV400,31.3,49.6,13.07382,80.40325,3.82,11110.2
EV-028,Model 3,43.6,0,13.04199,80.30597,4.48,829.8
EV-051,XUV400,33.4,23.7,13.05409,80.30739,4.11,4779.3
EV-058,Model Y,28.1,41.1,13.01227,80.35382,3.37,8435.1
EV-005,MG ZS EV,45.9,24.1,13.12564,80.11031,3.89,6039.2
EV-005,MG ZS EV,31.8,53.3,13.18164,80.3519,4.31,3890.9
EV-094,Model 3,37.5,62.2,13.01284,80.46069,3.53,13890.4
EV-096,Ioniq 5,37,50.2,13.07335,80.16121,3.51,13964.9
EV-008,Kona Electric,42,64.6,12.99508,80.26555,4.31,6244.3
EV-064,Nexon EV,35.5,62,13.11374,80.2737,3.23,5909.2
EV-010,MG ZS EV,42.4,43.3,13.10064,80.29922,3.91,4614.2
EV-038,Model Y,41.7,49.5,13.03638,80.30478,3.66,12837.1
EV-096,Ioniq 5,36.7,38.7,13.07608,80.21698,4.26,8520.9
EV-092,Model 3,42.3,30.5,13.15192,80.2739,4.19,1347.4
EV-081,Model Y,31.7,0,12.95411,80.41022,3.64,12800.5
EV-095,Model 3,35.9,44.4,12.97935,80.30319,3.72,8025.6
EV-008,Kona Electric,46.8,40,13.12925,80.30016,4.03,6236.8
EV-025,XUV400,35.5,17,13.08706,80.21354,4.09,5071.3
EV-073,Model Y,34,57.3,13.07709,80.37783,3.66,1495.9
EV-066,XUV400,34.8,58.5,13.15814,80.25335,3.61,14350.7
EV-079,Model Y,32.1,0,13.13905,80.10669,3.51,11119.9
EV-050,MG ZS EV,22.9,24.4,13.21991,80.30432,4.74,1981
EV-067,Model 3,35.4,54.6,13.15429,80.32725,4.06,7671.5
EV-049,Nexon EV,34.3,23.7,13.12476,80.2468,4,8335.9
EV-036,Kona Electric,35.4,35.3,13.07838,80.09213,4.39,2522.5
EV-068,Model Y,25.7,0,13.07117,80.1814,3.92,6411.2
EV-078,Nexon EV,31,10.6,13.08244,80.26149,3.67,9688
EV-041,Ioniq 5,44.8,57.1,13.10054,80.23947,3.9,4263.7
EV-089,XUV400,38.9,16.8,12.98616,80.30603,4.06,4977.5
EV-062,Model 3,38.2,47.7,13.10379,80.31803,4.62,1834.8
EV-010,MG ZS EV,39.4,64.4,13.06323,80.23583,3.32,6201.5
EV-021,Ioniq 5,36.8,47.1,13.11126,80.15878,3.57,8759.9
EV-036,Kona Electric,36,23.6,13.03649,80.38696,4.84,1752.3
EV-012,MG ZS EV,32.5,0,13.02995,80.31555,4.47,9223.7
EV-091,Model 3,39,44.6,13.10116,80.32441,4.25,5969.9
EV-002,Model Y,34.5,0,13.12088,80.30143,3.73,10174.3
EV-013,MG ZS EV,33.3,61.7,13.03439,80.35849,3.83,4726
EV-053,Kona Electric,32.9,20.5,13.18824,80.24021,3.48,8529.6
EV-032,Nexon EV,35.5,21.3,13.18769,80.33697,3.79,9194
EV-095,Model 3,28.7,12.7,12.95611,80.32418,3.53,10359.2
EV-016,MG ZS EV,36.5,65.4,13.02054,80.32153,3.29,11355.3
EV-032,Nexon EV,38.5,63.1,13.092,80.17513,3.16,2049.6
EV-032,Nexon EV,35,31.9,13.11236,80.28183,4.28,14478.8
EV-098,Ioniq 5,40.4,61.4,13.25329,80.30166,4.39,12655.5
EV-011,Kona Electric,29.8,17.3,13.09397,80.41302,4.39,8437
EV-010,MG ZS EV,38,9.5,13.07339,80.27869,4.3,13355.9
EV-015,Model Y,38.3,59.5,12.99166,80.35726,3.58,5739.6
EV-017,Ioniq 5,36.8,33.9,12.95587,80.15178,4.08,519.1
EV-040,Kona Electric,38.3,67.9,13.07201,80.21338,3.11,10906.8
EV-018,XUV400,33.2,0,13.24729,80.30583,3.48,14150.4
EV-055,Nexon EV,40.4,0,13.06576,80.30513,3.42,2432
EV-073,Model Y,36.5,53.4,13.02088,80.21336,3.34,9659.9
EV-025,XUV400,29.3,0,13.11887,80.34716,4.27,12202.3
EV-059,Nexon EV,34.1,52.2,12.92225,80.2573,4.17,13576.5
EV-078,Nexon EV,38.1,53.1,13.08904,80.25544,3.48,4151.5
EV-089,XUV400,31.6,0,13.14865,80.26443,4.12,1935.4
EV-022,Ioniq 5,36.1,31.7,13.0069,80.37779,4.46,3721.5
EV-030,XUV400,37,22.2,13.19221,80.35782,3.94,8667.9
EV-084,Ioniq 5,36.6,24.5,13.13547,80.42135,3.7,13781.3
EV-085,Ioniq 5,31.9,0,13.19293,80.31474,3.83,8740.1
EV-044,Ioniq 5,45.8,33.3,12.97259,80.42517,4.56,13794.7
EV-032,Nexon EV,37.7,18.7,13.06824,80.28975,3.97,11551.7
EV-051,XUV400,31.2,38.9,13.15647,80.26059,4.85,8977.9
EV-046,Model Y,31.5,60.1,12.96287,80.23565,3.43,331.9
EV-021,Ioniq 5,33.3,40.1,13.15847,80.2566,3.8,4999.5
EV-099,Kona Electric,38.9,50.9,13.06831,80.26053,3.32,866.6
EV-032,Nexon EV,28.7,4.8,13.15787,80.21585,4.43,4837
EV-094,Model 3,35.3,53.4,13.1001,80.22345,3.87,939.7
EV-039,Model Y,34.5,20,13.19557,80.3193,3.64,2521.4
EV-012,MG ZS EV,37.7,61.7,12.97935,80.23165,3.52,6163.2
EV-047,Kona Electric,27.5,48,13.10903,80.13467,4.14,7725.7
EV-018,XUV400,40.9,28.9,12.96177,80.1306,3.67,3261
EV-021,Ioniq 5,39.9,30.7,13.11626,80.10291,4.14,10990
EV-013,MG ZS EV,32.4,57.1,13.10893,80.1573,4.12,8857.5
EV-021,Ioniq 5,40,64.1,13.05989,80.17471,3.44,10377.9
EV-008,Kona Electric,35,71.5,13.02,80.19278,2.72,10992.8
EV-046,Model Y,32.1,26.1,13.05667,80.29358,3.89,10905.2
EV-007,XUV400,37.9,29.1,13.09051,80.16894,3.8,14043.8
EV-023,Model 3,36.1,0,13.10543,80.19715,3.5,3562.1
EV-096,Ioniq 5,41.7,48,13.23729,80.12415,4.18,4056
EV-075,Kona Electric,33.2,0,13.15257,80.21787,4.25,1417.5
EV-086,Model 3,44,46.8,13.03575,80.32861,4.05,8890.8
EV-022,Ioniq 5,28.9,0,13.12905,80.26883,3.83,5930.8
EV-089,XUV400,34.3,35.3,13.15321,80.27726,4.05,7445.5
EV-022,Ioniq 5,23.1,34,13.03022,80.27054,3.74,2551.5
EV-092,Model 3,37.1,46.8,13.13887,80.16791,4.24,9737.7
EV-029,Ioniq 5,34.9,0,12.96376,80.238,3.82,9287.2
EV-013,MG ZS EV,34.9,11.9,13.02731,80.28838,3.9,3975.4
EV-082,Model 3,31.1,18.5,12.96876,80.34826,3.93,6983.9
EV-002,Model Y,39.1,23.6,13.06582,80.29979,5.31,13415
EV-029,Ioniq 5,31.6,0,13.04481,80.34115,3.59,11603.6
EV-085,Ioniq 5,42,51.7,13.05094,80.1838,3.68,3408
EV-079,Model Y,37.6,26.6,13.14794,80.15043,3.36,13183.4
EV-052,MG ZS EV,39.1,0,13.08995,80.13051,4.1,1014.4
EV-027,Model Y,41.2,62.3,13.14673,80.33607,4.35,6211.9
EV-050,MG ZS EV,42.1,58.7,13.21281,80.15552,3.63,1206.4
EV-095,Model 3,35.3,30.4,13.25027,80.35564,3.74,13863.6
EV-079,Model Y,29.5,0.5,13.07152,80.23502,3.98,615.3
EV-023,Model 3,39.5,42.1,13.12548,80.4042,4.41,2272.8
EV-088,Ioniq 5,45.3,48.6,13.07032,80.23481,4.47,13726
EV-044,Ioniq 5,34.9,49.9,13.16384,80.2392,3.48,8734.5
EV-077,Ioniq 5,34.8,33.4,13.14828,80.27606,4.26,11928.8
EV-022,Ioniq 5,34.1,16.2,13.02986,80.23753,3.96,251
EV-043,Kona Electric,42.7,60.3,13.04163,80.30415,4.27,6289.3
EV-037,Model 3,35.8,17.1,13.19358,80.18712,4.92,14767.1
EV-061,Ioniq 5,38.1,13,13.03877,80.28561,4.73,8699.4
EV-097,Model Y,47.4,45.8,13.07376,80.21063,3.55,12746
EV-056,Kona Electric,34.2,45,13.1367,80.25426,3.66,14453.6
EV-003,XUV400,37.1,16.9,13.06945,80.16069,4.68,10277.2
EV-063,Model 3,37.4,31.9,13.20542,80.34048,3.96,4917.8
EV-019,Model 3,32.1,0,13.16535,80.24223,3.69,4632.6
EV-023,Model 3,36.2,9.4,13.01197,80.34399,3.45,1073.8
EV-029,Ioniq 5,38.6,66.4,13.03586,80.21174,3.63,6419.4
EV-030,XUV400,37,28.5,13.1297,80.26998,3.84,13731.3
EV-039,Model Y,28.8,27.7,13.07854,80.34478,4.16,7173.5
EV-025,XUV400,36.3,58.3,12.92746,80.17666,3.81,13665.4
EV-008,Kona Electric,40.9,30.2,13.00503,80.20011,3.51,12258
EV-058,Model Y,41,33.1,13.10143,80.33555,3.67,14762.9
EV-016,MG ZS EV,39.3,50.2,13.15394,80.37849,4.27,14215.7
EV-072,Kona Electric,35.7,49.7,13.15509,80.272,4.32,10598.7
EV-001,Kona Electric,39.2,25.5,13.23973,80.19313,3.85,13068.9
EV-005,MG ZS EV,45.4,60.5,13.02738,80.24527,3.75,11222.4
EV-003,XUV400,29.9,0,13.03121,80.42827,3.58,10552.4
EV-065,Model 3,31.3,54.5,13.08067,80.16402,3.79,10734.8
EV-004,Kona Electric,38.2,32.7,12.94862,80.31294,4.44,10817
EV-099,Kona Electric,43.8,59.9,13.08245,80.28074,4.37,5694.4
EV-096,Ioniq 5,37.7,22.8,13.06706,80.17819,3.95,6356.3
EV-064,Nexon EV,40.7,7.5,13.14604,80.2456,3.87,4414.6
EV-098,Ioniq 5,42.2,20,13.15962,80.12633,3.43,2228.2
EV-089,XUV400,35.6,42.4,13.11128,80.29376,3.76,6879.4
EV-010,MG ZS EV,39.9,57.7,13.08293,80.30534,3.72,13499.7
EV-021,Ioniq 5,31.7,18.6,13.11182,80.16141,3.93,9770.7
EV-046,Model Y,30.2,27.5,13.01927,80.31523,3.77,847.4
EV-091,Model 3,31,31.8,13.07609,80.21749,4.47,12168.9
EV-027,Model Y,37.8,18.6,13.08404,80.21024,4.17,14031.3
EV-066,XUV400,41.3,64.9,13.07669,80.19267,3.54,12442.2
EV-041,Ioniq 5,43.5,59,13.06902,80.32363,3.99,10914.5
EV-013,MG ZS EV,46.3,14,13.033,80.13679,3.97,2256.1
EV-009,Model 3,41.9,61.9,13.00065,80.14355,4.28,5238.3
EV-036,Kona Electric,34.3,51.7,13.06629,80.22333,3.55,8481.5
EV-086,Model 3,40,23.2,13.13025,80.22609,4.13,1157.5
EV-090,Kona Electric,29.7,14.8,12.94371,80.32083,3.15,1598.5
EV-058,Model Y,47.9,60.1,13.04292,80.26341,3.5,14014.1
EV-054,XUV400,25,23.5,13.24823,80.26355,4.06,10541.9
EV-012,MG ZS EV,36.5,60.4,13.06726,80.14112,3.56,4129.9
EV-081,Model Y,37.4,19.5,13.09481,80.25227,3.56,4913.8
EV-078,Nexon EV,40.1,18.3,13.2298,80.07807,3.72,5769.5
EV-014,XUV400,30.7,17.5,13.10825,80.2897,3.6,1130.7
EV-034,MG ZS EV,31.2,29,13.11008,80.32488,3.95,11089
EV-053,Kona Electric,38.7,49.6,13.00989,80.20834,4.22,2656.6
EV-020,Model Y,44.3,23,13.10773,80.30073,3.86,12077.8
EV-075,Kona Electric,26.7,19.8,13.08152,80.23558,4.72,12688.9
EV-016,MG ZS EV,37.5,58.5,13.15669,80.36927,3.82,9578.3
EV-095,Model 3,34.2,7.6,13.18489,80.28894,3.18,11549
EV-070,Kona Electric,31.3,27.5,13.08512,80.18761,4.13,2581.7
EV-056,Kona Electric,36.3,68.9,13.11327,80.36438,3.5,8641.2
EV-083,Ioniq 5,38.6,64.9,12.93151,80.33686,4.15,10153.6
EV-058,Model Y,35.7,18.8,12.90385,80.23773,3.99,9925.1
EV-004,Kona Electric,34.6,29.9,13.17016,80.31034,3.9,1763.8
EV-004,Kona Electric,42.7,28,12.88311,80.30906,4.83,5169
EV-020,Model Y,39.7,39.7,13.10889,80.23665,3.16,4878.9
EV-010,MG ZS EV,33.9,0,13.06881,80.27595,3.86,8590
EV-024,Model Y,41.5,36.1,13.18121,80.29026,4.11,11479.7
EV-099,Kona Electric,36.7,22.3,13.07989,80.21665,3.84,8561
EV-026,Nexon EV,31.9,17.6,13.22688,80.37842,3.16,11323.6
EV-037,Model 3,30.7,0,13.06639,80.11252,4.16,1489
EV-085,Ioniq 5,28.4,17.3,13.17441,80.32486,3.82,13172.7
EV-054,XUV400,47.4,44.6,12.96284,80.17323,3.91,8051.6
EV-021,Ioniq 5,42.7,50.1,12.89854,80.25122,4.4,567.3
EV-074,XUV400,20.9,14.2,13.08044,80.14284,4.12,9650
EV-038,Model Y,38.7,0,12.97065,80.16518,3.75,7762.6
EV-046,Model Y,27.9,26.8,13.07791,80.26373,4.16,3309.4
EV-004,Kona Electric,38.3,30.9,13.04964,80.27652,3.83,11467.6
EV-060,Model Y,23.7,22.4,13.13111,80.35548,3.88,14003.9
EV-057,Model 3,34.7,40,12.99755,80.23877,4.3,4843.6
EV-045,MG ZS EV,41,19.5,13.11667,80.32001,3.74,7411.3
EV-020,Model Y,45.3,52.5,13.15182,80.26988,4.07,1927
EV-017,Ioniq 5,36,20.3,13.06624,80.31693,3.91,13947.3
EV-071,Model Y,39.7,31,13.12096,80.18334,3.8,4785.3
EV-004,Kona Electric,32.2,60.6,13.00441,80.2778,3.49,2925.8
EV-093,Model Y,38.3,30,13.05209,80.30056,3.75,7179
EV-014,XUV400,36.3,0,12.97533,80.23097,4.04,654
EV-003,XUV400,47.7,23.8,13.2698,80.30117,3.85,3796.3
EV-088,Ioniq 5,30.3,11.6,13.181,80.30878,4.55,1019.5
EV-080,Model 3,38.4,52.4,13.21551,80.22927,3.5,1914.9
EV-058,Model Y,37.2,39.8,13.17986,80.33273,4.22,1686.8
EV-055,Nexon EV,39.7,35.1,13.02965,80.08647,4.46,13086.9
EV-004,Kona Electric,39.8,27.9,12.95994,80.11747,4.69,13956.9
EV-024,Model Y,37.3,0,13.04877,80.18796,3.68,7120.5
EV-034,MG ZS EV,43.2,51.9,13.12072,80.29321,4.27,9458.1
EV-030,XUV400,31.2,54.9,13.05948,80.2103,3.88,10440
EV-082,Model 3,21.5,21.2,12.90392,80.16368,4.42,5872.7
EV-019,Model 3,33.9,36.9,13.14247,80.26361,3.74,5556.3
EV-031,Model Y,33.8,16.6,12.95484,80.27873,3.95,10135.2
EV-060,Model Y,36.4,62.4,13.04891,80.21977,3.51,5653.8
EV-060,Model Y,29.7,0,13.2222,80.17594,3.82,8717.2
EV-019,Model 3,30.3,0,13.08663,80.27127,4.02,7730.3
EV-049,Nexon EV,37.3,19.7,13.16883,80.3343,5,7869.3
EV-063,Model 3,31.4,38.2,13.11045,80.17356,4.27,12441.2
EV-083,Ioniq 5,35.1,29.3,13.00199,80.39718,3.86,10562.3
EV-022,Ioniq 5,31.6,0,13.14105,80.22537,3.88,14410.4
EV-024,Model Y,36.9,17.5,13.07764,80.21976,4.23,11865.7
EV-076,MG ZS EV,40.4,21.9,12.96383,80.28144,3.93,2191.2
EV-030,XUV400,44.3,32.1,12.95041,80.27896,3.93,11078.6
EV-058,Model Y,34.4,51,13.11336,80.09198,3.44,9986.4
EV-031,Model Y,22,0,13.25401,80.26205,3.98,9692.4
EV-100,Kona Electric,33.8,25.2,12.9966,80.31694,2.99,7213.8
EV-064,Nexon EV,26.4,19.9,13.00614,80.35293,3.29,941.6
EV-019,Model 3,50.8,42.6,13.11452,80.26144,3.77,14272.5
EV-048,Model Y,33,44.3,12.97759,80.24221,4.26,12779.6
EV-045,MG ZS EV,42.8,66.7,13.27102,80.32867,4.21,7304.7
EV-100,Kona Electric,39.5,23.8,13.01345,80.41404,4.16,2382.9
EV-094,Model 3,39.9,51.8,13.04278,80.27818,4.08,12368
EV-055,Nexon EV,44.4,17.2,13.01834,80.25611,4.05,6462.9
EV-055,Nexon EV,35.8,40.4,13.15748,80.37125,4.34,5854.8
EV-097,Model Y,31.9,34.3,13.25568,80.18032,4.09,9982.4
EV-018,XUV400,31.7,34.8,13.02644,80.27571,4.15,11381.3
EV-063,Model 3,42.1,53,13.15203,80.46331,3.21,947.3
EV-092,Model 3,36,40.9,12.97823,80.30697,4.11,11514.5
EV-047,Kona Electric,32.7,42.8,13.15944,80.33204,4.01,11010.4
EV-075,Kona Electric,40.9,55.5,13.22337,80.2444,3.62,8840.2
EV-057,Model 3,41.6,50.8,13.19889,80.3176,3.75,5079.6
EV-045,MG ZS EV,35.6,18.6,13.09333,80.36797,3.47,2476.2
EV-033,Nexon EV,39.9,28.5,13.00007,80.14957,4.22,1544.3
EV-017,Ioniq 5,36.7,35.1,13.08276,80.263,4.09,22.7
EV-070,Kona Electric,29,0,13.05783,80.29868,4.03,3100.9
EV-004,Kona Electric,42,49.4,13.04696,80.26619,4,6173
EV-020,Model Y,29,11.9,13.09922,80.23173,3.5,3658.4
EV-047,Kona Electric,26.4,0,13.07738,80.38231,4.71,4638.1
EV-091,Model 3,37.8,0,13.13933,80.28699,4.38,5859.8
EV-015,Model Y,32.4,18.2,13.13985,80.21461,4.25,4627.4
EV-070,Kona Electric,42.1,14.6,13.07768,80.34944,4.59,10870.7
EV-047,Kona Electric,40,30.9,13.11728,80.38188,4.08,7378.4
EV-078,Nexon EV,32.9,25,13.18841,80.36196,3.89,294.8
EV-075,Kona Electric,39.7,43.8,13.04017,80.23745,4.11,3403.9
EV-009,Model 3,48.5,32.3,13.08397,80.24091,4.56,10646.3
EV-090,Kona Electric,40.9,43.1,13.00043,80.18749,3.64,4517.5
EV-016,MG ZS EV,34.9,0,13.12109,80.29102,4.61,13802.5
EV-069,Model Y,30.3,11,13.09858,80.35858,3.46,10691.4
EV-061,Ioniq 5,41.2,0,13.11957,80.31583,4.21,4352.5
EV-010,MG ZS EV,38.6,0,13.00359,80.41087,4.4,7748.6
EV-050,MG ZS EV,32.4,27.4,13.14395,80.11547,4.26,10010.2
EV-003,XUV400,41.4,0,13.09086,80.28191,4.42,2904.5
EV-077,Ioniq 5,36,26.2,13.16506,80.33723,3.95,3696.6
EV-094,Model 3,30.7,23.8,13.04768,80.22199,3.49,7609.3
EV-070,Kona Electric,32.1,26,13.13729,80.18018,4.42,13873.8
EV-081,Model Y,41.9,46,13.1183,80.17413,4.72,5163.4
EV-051,XUV400,31.5,30.6,13.20467,80.27905,3.93,6034.9
EV-019,Model 3,33.8,60.9,13.0734,80.17213,3.95,2863.4
EV-042,Ioniq 5,31.4,13,13.03831,80.38854,3.67,8900.2
EV-035,MG ZS EV,33.1,21.5,13.0432,80.31189,3.64,11103.6
EV-046,Model Y,31.3,22.1,12.99403,80.25464,4.04,6612.4
EV-026,Nexon EV,31.9,18.3,13.04245,80.26426,3.71,11255
EV-069,Model Y,38.2,13.4,12.89545,80.35725,4.04,4542.6
EV-093,Model Y,36.3,25.1,13.1922,80.37797,5.21,10606.2
EV-064,Nexon EV,29.4,0,13.23742,80.19599,3.72,3878.9
EV-037,Model 3,29.9,0,13.07089,80.21205,4.14,11710.8
