vehicle_id,vehicle_model,engine_temperature,speed,latitude,longitude,battery_efficiency,timestamp
VH_00001,Toyota Camry,65.1,10.9,-83.998138,-67.219404,95.4,2024-11-04 03:45:48
VH_00002,BMW X5,63.7,144.4,-80.138011,39.86591,83.0,2024-11-05 22:38:15
VH_00003,BMW X5,93.6,53.1,-21.338013,-145.501109,92.6,2024-11-12 07:35:42
VH_00004,Tesla Model 3,107.2,112.3,-8.385976,-12.884726,82.8,2024-11-05 21:59:50
VH_00005,Toyota Camry,116.3,140.9,-8.266183,-61.850279,75.8,2024-11-05 23:38:31
VH_00006,Tesla Model 3,,128.4,16.71957,122.680606,97.1,2024-11-07 02:46:45
VH_00007,Chevrolet Bolt,75.4,75.8,40.432147,-19.935247,77.3,2024-11-03 03:20:46
VH_00008,Toyota Camry,78.7,78.5,82.753443,91.574509,79.3,2024-11-27 06:28:41
VH_00009,Tesla Model 3,68.8,55.6,-28.277943,-47.221202,70.2,2024-11-29 11:15:07
VH_00010,Mercedes EQS,68.7,42.7,57.453082,21.40197,71.6,2024-11-17 16:34:29
VH_00011,Toyota Camry,72.0,163.5,51.347485,-57.041307,90.0,2024-11-23 16:33:47
VH_00012,Ford F-150,79.9,104.1,83.35168,41.797129,82.6,2024-11-08 21:04:11
VH_00013,Hyundai Ioniq,112.6,163.9,-0.732479,151.183293,89.2,2024-11-12 04:17:19
VH_00014,Honda Civic,72.8,86.5,48.302714,113.274961,94.2,2024-11-19 05:58:08
VH_00015,Toyota Camry,71.1,178.2,-24.692914,-153.456784,70.9,2024-11-06 14:12:18
VH_00016,Chevrolet Bolt,86.4,113.6,74.287578,-50.432675,99.3,2024-11-10 15:59:41
VH_00017,Ford F-150,70.4,159.4,39.390601,-57.665703,86.6,2024-11-09 16:00:57
VH_00018,Ford F-150,70.6,47.1,-71.785761,119.320465,74.1,2024-11-06 09:17:17
VH_00019,Ford F-150,72.6,82.1,-23.464682,-45.953907,75.1,2024-11-26 13:54:50
VH_00020,Ford F-150,119.9,158.7,68.109811,-156.464093,74.3,2024-11-07 08:23:12
VH_00021,Tesla Model 3,71.5,68.1,-22.634046,35.837699,99.3,2024-11-12 20:55:15
VH_00022,Chevrolet Bolt,105.8,105.7,63.798378,-74.094211,74.5,2024-11-12 23:58:33
VH_00023,Ford F-150,107.7,157.1,63.270475,168.618351,96.6,2024-11-11 03:46:45
VH_00024,Tesla Model 3,107.1,142.4,20.679561,-119.723925,81.6,2024-11-25 17:12:45
VH_00025,Hyundai Ioniq,91.1,32.2,38.247637,9.171242,84.5,2024-11-25 00:28:28
VH_00026,Honda Civic,94.9,114.9,52.312407,53.905414,76.2,2024-11-10 20:30:45
VH_00027,Tesla Model 3,74.1,39.3,-13.495886,-44.250133,74.7,2024-11-19 03:51:59
VH_00028,Chevrolet Bolt,65.1,135.3,-36.891357,6.775459,76.9,2024-11-02 23:56:05
VH_00029,Tesla Model 3,97.3,76.7,-5.840822,-32.777001,94.1,2024-11-16 09:21:20
VH_00030,Chevrolet Bolt,61.5,79.5,-42.187522,-152.680161,97.0,2024-11-15 07:08:17
VH_00031,Toyota Camry,90.8,115.9,51.457193,153.578131,73.0,2024-11-04 11:07:38
VH_00032,Honda Civic,92.8,60.1,31.519319,-89.991489,92.4,2024-11-14 07:46:27
VH_00033,Toyota Camry,96.2,24.8,63.899858,77.826729,86.3,2024-11-13 16:14:41
VH_00034,Tesla Model 3,,53.9,58.015594,101.926171,82.1,2024-11-20 16:44:34
VH_00035,BMW X5,105.5,2.1,27.736386,176.138866,98.5,2024-11-20 07:07:38
VH_00036,Ford F-150,103.4,37.8,-47.929826,31.32131,86.6,2024-11-23 18:07:11
VH_00037,Hyundai Ioniq,87.7,142.5,-33.64653,-112.375241,93.1,2024-11-21 06:38:29
VH_00038,Ford F-150,87.0,100.5,-22.55397,27.903042,73.9,2024-11-01 11:16:45
VH_00039,Ford F-150,99.5,63.8,-49.411685,-26.741035,92.6,2024-11-27 02:21:14
VH_00040,Tesla Model 3,95.2,102.2,-84.202381,-129.911495,99.3,2024-11-17 00:46:11
VH_00041,Tesla Model 3,107.9,164.5,13.298172,-39.28108,81.4,2024-11-19 23:07:26
VH_00042,Toyota Camry,83.2,85.5,-30.808555,166.297733,89.2,2024-11-15 18:56:15
VH_00043,Tesla Model 3,66.3,99.5,-84.229352,68.048838,84.7,2024-11-10 01:30:43
VH_00044,Honda Civic,114.7,69.5,-52.939387,-75.20201,85.7,2024-11-23 01:43:17
VH_00045,Chevrolet Bolt,91.1,30.9,64.747323,-32.089956,74.7,2024-11-06 09:01:33
VH_00046,Tesla Model 3,85.1,133.8,-19.981278,145.291502,76.2,2024-11-10 23:37:51
VH_00047,Tesla Model 3,109.1,119.7,-61.419375,27.032898,79.3,2024-11-10 20:28:49
VH_00048,Ford F-150,101.1,49.6,-88.660204,-128.630884,71.9,2024-11-20 09:08:40
VH_00049,Toyota Camry,74.8,59.2,12.461233,-3.254894,83.9,2024-11-02 21:32:13
VH_00050,Tesla Model 3,77.3,158.6,-7.864808,72.113954,91.3,2024-11-15 10:33:10
VH_00051,Honda Civic,109.4,153.0,-15.290503,-115.35188,88.5,2024-11-21 23:24:20
VH_00052,Honda Civic,114.6,33.0,12.350748,-38.321526,98.4,2024-11-12 15:15:54
VH_00053,Ford F-150,69.5,158.9,6.792758,59.996499,72.0,2024-11-11 13:07:12
VH_00054,Chevrolet Bolt,84.7,137.1,-68.178488,-47.256456,92.7,2024-11-25 11:39:45
VH_00055,Ford F-150,79.6,81.2,-44.502009,2.183246,83.9,2024-11-04 13:16:44
VH_00056,BMW X5,100.5,83.1,-28.141611,-36.236939,75.8,2024-11-02 20:00:38
VH_00057,Ford F-150,,20.6,75.084656,-62.240269,92.5,2024-11-24 12:47:07
VH_00058,Mercedes EQS,65.0,118.3,38.444677,-22.419485,84.1,2024-11-14 13:13:25
VH_00059,Tesla Model 3,70.2,3.3,-71.907278,-74.107925,86.0,2024-11-19 23:22:21
VH_00060,Honda Civic,100.3,2.0,-40.814592,-21.363123,75.3,2024-11-02 16:07:52
VH_00061,Ford F-150,91.9,79.6,-81.403916,48.524548,85.7,2024-11-05 23:45:46
VH_00062,Tesla Model 3,78.5,9.4,-89.160168,98.06749,93.0,2024-11-13 02:55:16
VH_00063,Tesla Model 3,74.3,16.4,-14.097109,176.144625,80.1,2024-11-10 07:52:23
VH_00064,Honda Civic,63.8,172.6,-72.611423,120.73863,89.9,2024-11-09 02:37:26
VH_00065,Honda Civic,90.8,146.8,-31.917676,45.643116,88.7,2024-11-27 07:07:45
VH_00066,Ford F-150,85.7,41.8,-70.940643,-63.587582,70.4,2024-11-16 08:26:47
VH_00067,Honda Civic,,38.3,-50.382685,56.866213,78.4,2024-11-18 21:53:34
VH_00068,Tesla Model 3,113.1,74.0,48.158124,-0.152631,99.7,2024-11-27 00:41:48
VH_00069,Toyota Camry,115.3,102.5,-44.650772,-145.891956,79.7,2024-11-19 20:42:41
VH_00070,Hyundai Ioniq,118.3,124.9,-30.231621,48.727243,96.5,2024-11-16 10:27:30
VH_00071,Chevrolet Bolt,100.0,12.2,-86.823216,148.357172,83.5,2024-11-25 19:23:18
VH_00072,Toyota Camry,73.9,105.7,87.908556,-96.261874,88.5,2024-11-07 00:32:09
VH_00073,Hyundai Ioniq,104.3,136.3,21.557921,-158.427714,81.2,2024-11-15 09:34:52
VH_00074,Tesla Model 3,82.5,115.6,-47.148486,81.111032,99.7,2024-11-22 12:58:42
VH_00075,Toyota Camry,79.7,50.1,25.848373,93.777798,85.6,2024-11-21 03:23:09
VH_00076,Toyota Camry,77.3,4.3,62.448272,-60.742702,77.3,2024-11-27 04:20:37
VH_00077,Hyundai Ioniq,115.1,177.9,54.261325,70.660097,76.7,2024-11-19 12:27:47
VH_00078,Chevrolet Bolt,71.0,113.4,-78.368962,-3.008776,98.6,2024-11-03 12:42:32
VH_00079,Chevrolet Bolt,68.5,36.8,-73.483309,33.347034,94.9,2024-11-10 22:06:43
VH_00080,Honda Civic,64.7,130.5,-33.936665,79.802556,77.3,2024-11-09 13:33:44
VH_00081,BMW X5,78.2,103.8,84.190646,-107.495638,95.9,2024-11-24 08:36:16
VH_00082,Hyundai Ioniq,118.4,71.7,-59.802113,-21.104614,85.2,2024-11-22 00:58:59
VH_00083,Ford F-150,109.2,142.8,-86.434006,-42.689048,95.6,2024-11-15 13:47:42
VH_00084,Ford F-150,69.2,130.8,-43.68749,-13.085556,83.6,2024-11-19 05:04:40
VH_00085,BMW X5,88.9,60.0,38.675407,-109.54233,97.5,2024-11-01 04:52:14
VH_00086,Toyota Camry,,90.1,40.562168,-3.076662,97.8,2024-11-20 03:48:00
VH_00087,Honda Civic,82.4,88.1,25.38877,31.791242,82.3,2024-11-02 21:14:11
VH_00088,BMW X5,67.5,167.8,-60.774771,94.662308,98.7,2024-11-17 22:07:24
VH_00089,Tesla Model 3,89.3,123.9,35.361974,54.32628,97.8,2024-11-12 23:31:59
VH_00090,Tesla Model 3,62.1,146.4,23.571488,63.513216,90.9,2024-11-08 04:17:51
VH_00091,Ford F-150,87.3,122.6,-44.228154,36.773758,98.6,2024-11-08 20:04:35
VH_00092,Tesla Model 3,,138.8,25.99153,150.077827,81.9,2024-11-29 10:55:35
VH_00093,Toyota Camry,64.8,163.8,67.68111,-120.303501,82.8,2024-11-15 16:06:40
VH_00094,Tesla Model 3,92.0,159.6,15.494359,84.216037,92.6,2024-11-05 07:32:42
VH_00095,Hyundai Ioniq,94.4,143.6,56.561044,-83.152318,76.3,2024-11-20 07:40:08
VH_00096,Chevrolet Bolt,60.4,30.3,-1.489813,-145.126562,93.2,2024-11-21 06:49:06
VH_00097,Toyota Camry,99.3,131.9,-59.285834,-45.1255,91.1,2024-11-10 14:42:38
VH_00098,Ford F-150,90.2,19.8,12.076584,-103.473586,76.0,2024-11-09 20:53:42
VH_00099,Toyota Camry,71.5,176.9,66.890798,-21.337038,97.4,2024-11-06 07:13:18
VH_00100,Honda Civic,70.0,52.8,-22.008863,-80.365607,80.3,2024-11-29 10:19:39
VH_00101,BMW X5,89.1,136.9,-88.288816,-84.21093,98.7,2024-11-29 06:35:53
VH_00102,Honda Civic,62.5,38.0,52.521577,-44.760311,85.6,2024-11-13 21:43:16
VH_00103,BMW X5,88.4,60.7,-12.698348,-46.517356,96.7,2024-11-16 07:15:44
VH_00104,Ford F-150,116.5,119.7,-21.881574,-159.393044,80.7,2024-11-17 00:46:30
VH_00105,Tesla Model 3,60.2,156.7,-17.674496,120.751617,97.8,2024-11-02 05:55:11
VH_00106,Honda Civic,112.1,50.3,35.867632,113.418633,81.1,2024-11-24 01:38:50
VH_00107,Honda Civic,99.6,0.6,24.853186,159.097574,79.7,2024-11-18 11:40:11
VH_00108,Chevrolet Bolt,118.2,132.4,32.027296,-95.918885,84.5,2024-11-30 17:43:18
VH_00109,BMW X5,80.9,169.0,79.46597,-8.59611,89.8,2024-11-05 21:02:21
VH_00110,Ford F-150,77.6,35.1,-64.23094,7.219594,87.2,2024-11-25 11:56:39
VH_00111,Tesla Model 3,89.9,15.7,59.82374,178.669706,99.6,2024-11-23 15:51:53
VH_00112,Tesla Model 3,86.8,20.8,29.27558,-93.275419,76.3,2024-11-05 08:11:44
VH_00113,Mercedes EQS,119.6,5.3,77.220626,-62.459714,81.5,2024-11-14 14:38:26
VH_00114,Ford F-150,75.5,85.7,71.551959,-135.68468,74.1,2024-11-26 22:47:17
VH_00115,Tesla Model 3,89.5,143.2,-30.095799,-99.429762,87.3,2024-11-30 03:50:32
VH_00116,Tesla Model 3,80.6,163.8,43.734208,81.010111,89.6,2024-11-28 06:39:39
VH_00117,Honda Civic,86.2,42.0,-43.363089,-75.248459,73.3,2024-11-17 12:24:20
VH_00118,Toyota Camry,116.2,134.0,-69.10088,-47.614671,95.6,2024-11-19 10:57:33
VH_00119,Honda Civic,60.1,11.1,6.408547,124.962695,99.4,2024-11-16 12:24:39
VH_00120,Toyota Camry,107.9,168.1,-67.264674,58.9474,87.7,2024-11-06 04:10:53
VH_00121,BMW X5,92.3,82.9,-63.953858,159.440367,95.1,2024-11-25 06:20:50
VH_00122,Honda Civic,68.8,51.0,44.470788,125.685889,94.8,2024-11-02 16:00:48
VH_00123,Chevrolet Bolt,78.5,178.3,-67.776478,178.865498,91.2,2024-11-24 05:14:23
VH_00124,Hyundai Ioniq,72.9,52.5,83.969227,-158.827468,94.3,2024-11-08 09:54:39
VH_00125,Toyota Camry,72.6,131.9,55.875357,72.146669,71.6,2024-11-09 16:34:25
VH_00126,BMW X5,103.6,53.8,56.702189,148.455494,74.8,2024-11-02 01:07:33
VH_00127,Tesla Model 3,80.2,122.0,88.256574,92.777107,81.7,2024-11-26 14:59:00
VH_00128,Tesla Model 3,76.9,166.2,36.199561,17.283611,72.9,2024-11-16 16:48:35
VH_00129,Honda Civic,94.8,144.9,62.96575,75.451511,83.7,2024-11-08 22:43:04
VH_00130,Honda Civic,86.5,86.8,71.499256,-104.484116,94.1,2024-11-10 11:57:16
VH_00131,Hyundai Ioniq,60.5,130.7,13.622777,64.19441,99.7,2024-11-08 03:58:22
VH_00132,Tesla Model 3,119.0,122.3,-59.719875,-159.720657,80.7,2024-11-24 00:06:18
VH_00133,Honda Civic,63.1,176.4,27.017605,33.62126,99.1,2024-11-20 14:41:13
VH_00134,Ford F-150,67.1,71.4,-35.51587,34.615973,75.2,2024-11-19 05:20:22
VH_00135,Toyota Camry,119.5,120.7,-73.869993,-13.07744,94.5,2024-11-19 13:10:47
VH_00136,Tesla Model 3,99.2,66.1,-68.399931,-150.250683,84.7,2024-11-25 17:54:00
VH_00137,BMW X5,95.2,177.7,-3.690294,69.741307,72.8,2024-11-29 18:45:14
VH_00138,Mercedes EQS,89.1,116.0,-11.941834,25.712316,73.0,2024-11-04 01:58:51
VH_00139,Ford F-150,111.7,96.8,-17.040507,72.267087,81.8,2024-11-27 00:58:15
VH_00140,Chevrolet Bolt,91.8,11.5,60.685909,14.033443,94.6,2024-11-07 00:34:28
VH_00141,Tesla Model 3,72.4,118.5,-68.881308,130.321239,90.9,2024-11-01 06:12:10
VH_00142,Toyota Camry,108.0,22.1,-66.813122,-105.757236,74.8,2024-11-28 07:21:20
VH_00143,Toyota Camry,105.2,15.2,-67.550918,-72.511948,99.0,2024-11-09 07:55:55
VH_00144,Ford F-150,116.7,0.0,-35.892004,160.637262,85.6,2024-11-15 05:49:55
VH_00145,Mercedes EQS,86.7,103.9,35.118269,8.159854,99.6,2024-11-18 02:14:46
VH_00146,BMW X5,90.6,123.8,29.271059,-163.895201,71.1,2024-11-07 21:03:15
VH_00147,Ford F-150,110.0,172.3,18.38599,-102.225612,80.8,2024-11-07 05:42:14
VH_00148,Honda Civic,85.3,99.0,-43.0786,53.916819,74.9,2024-11-23 03:21:26
VH_00149,Chevrolet Bolt,75.3,76.6,35.012767,12.925555,72.1,2024-11-14 01:52:24
VH_00150,Ford F-150,101.8,34.7,-23.014393,56.634499,94.6,2024-11-30 08:48:41
VH_00151,Toyota Camry,109.3,56.9,51.801132,-43.580916,98.9,2024-11-13 00:21:20
VH_00152,Ford F-150,67.5,19.8,8.706381,-156.254631,89.2,2024-11-18 14:42:55
VH_00153,Ford F-150,106.7,26.3,53.657526,-81.487157,72.9,2024-11-11 18:54:41
VH_00154,Toyota Camry,66.3,166.6,-58.368353,82.197869,79.2,2024-11-24 18:26:49
VH_00155,Tesla Model 3,80.9,103.0,-39.24059,-82.420572,73.0,2024-11-03 07:52:52
VH_00156,Mercedes EQS,116.8,70.1,-27.86888,86.86697,99.0,2024-11-26 19:27:16
VH_00157,Chevrolet Bolt,112.9,72.5,16.615822,-86.738029,90.6,2024-11-08 13:09:37
VH_00158,BMW X5,68.6,102.2,-41.873417,150.638992,89.2,2024-11-18 23:15:24
VH_00159,Mercedes EQS,74.9,109.6,37.221617,-114.082371,99.6,2024-11-23 18:02:06
VH_00160,BMW X5,76.5,77.0,79.501862,137.299576,94.4,2024-11-15 19:34:08
VH_00161,Mercedes EQS,65.2,55.0,48.704112,124.288419,89.0,2024-11-04 17:21:14
VH_00162,Honda Civic,116.7,29.7,-79.665926,87.627405,86.6,2024-11-24 22:12:44
VH_00163,Tesla Model 3,60.6,170.7,31.865951,155.678911,74.1,2024-11-25 03:59:06
VH_00164,Tesla Model 3,119.9,159.9,35.618752,-34.030277,88.5,2024-11-01 08:29:37
VH_00165,Mercedes EQS,102.2,134.9,-46.039276,86.033935,98.5,2024-11-26 15:17:39
VH_00166,Tesla Model 3,62.5,80.8,-59.664179,154.86673,92.9,2024-11-11 22:13:26
VH_00167,Ford F-150,82.0,24.0,-26.407524,-161.673637,84.9,2024-11-09 06:37:41
VH_00168,Toyota Camry,66.8,164.5,-45.04226,14.083064,93.0,2024-11-06 17:19:23
VH_00169,Honda Civic,89.0,47.7,-89.597825,47.223523,81.8,2024-11-15 19:08:26
VH_00170,BMW X5,117.5,92.8,70.815214,156.749179,96.8,2024-11-24 16:52:17
VH_00171,Chevrolet Bolt,60.4,82.9,-36.296883,-141.42094,80.5,2024-11-10 00:53:22
VH_00172,Chevrolet Bolt,60.5,77.5,-54.442002,10.474763,97.0,2024-11-20 22:31:20
VH_00173,Mercedes EQS,89.2,28.0,28.19402,-98.605716,81.9,2024-11-15 12:41:32
VH_00174,Mercedes EQS,113.5,96.6,-41.493299,176.172929,89.7,2024-11-22 07:53:15
VH_00175,Tesla Model 3,81.2,78.1,-25.337386,133.385065,76.0,2024-11-10 04:51:41
VH_00176,Ford F-150,68.0,75.8,-30.381568,-168.621645,90.0,2024-11-24 06:25:08
VH_00177,Chevrolet Bolt,119.0,21.4,-1.96779,-1.595665,90.5,2024-11-07 04:28:16
VH_00178,Tesla Model 3,105.9,158.7,0.334545,152.48205,95.3,2024-11-19 21:02:28
VH_00179,Hyundai Ioniq,117.5,142.7,-67.297756,-56.116602,70.4,2024-11-12 11:32:53
VH_00180,Chevrolet Bolt,109.8,77.3,17.475628,-177.109599,84.4,2024-11-14 16:48:50
VH_00181,Toyota Camry,105.7,44.6,-62.55077,4.046341,77.5,2024-11-06 14:00:28
VH_00182,Toyota Camry,119.7,44.5,57.709695,-108.571515,91.2,2024-11-06 00:04:45
VH_00183,Tesla Model 3,90.1,32.6,88.6593,32.830632,89.0,2024-11-12 03:15:07
VH_00184,Tesla Model 3,84.1,49.3,-55.408069,-127.364713,70.5,2024-11-10 16:36:05
VH_00185,Ford F-150,63.1,73.3,-34.83973,47.991591,76.9,2024-11-17 07:40:32
VH_00186,Ford F-150,63.7,76.9,-80.702012,-140.380218,80.9,2024-11-18 00:58:23
VH_00187,Ford F-150,74.8,161.1,-57.284708,-179.807066,89.8,2024-11-16 14:44:14
VH_00188,BMW X5,88.3,163.5,-71.862894,-113.457599,98.4,2024-11-18 15:36:10
VH_00189,Mercedes EQS,66.7,120.4,32.933072,97.366912,73.9,2024-11-18 12:05:34
VH_00190,Ford F-150,81.7,140.2,5.195171,-46.226777,89.5,2024-11-11 04:42:23
VH_00191,Tesla Model 3,65.2,19.1,23.320553,36.660645,71.2,2024-11-10 05:52:16
VH_00192,Chevrolet Bolt,86.7,17.8,79.527241,42.843733,79.0,2024-11-24 00:28:52
VH_00193,Toyota Camry,72.1,129.7,-82.114001,-110.985578,86.5,2024-11-13 06:12:48
VH_00194,BMW X5,105.6,152.3,10.862289,-54.957768,81.0,2024-11-06 16:48:52
VH_00195,Ford F-150,64.1,75.4,77.639819,1.392994,70.7,2024-11-30 02:03:52
VH_00196,Hyundai Ioniq,118.0,52.1,82.044526,-158.114379,99.2,2024-11-10 05:35:18
VH_00197,Tesla Model 3,83.8,123.2,66.64603,169.75383,75.0,2024-11-25 17:21:08
VH_00198,Toyota Camry,106.8,72.2,-41.131046,-113.736117,74.8,2024-11-11 13:45:51
VH_00199,Chevrolet Bolt,60.5,167.2,2.303222,1.374395,91.6,2024-11-13 13:33:51
VH_00200,Chevrolet Bolt,73.2,127.5,9.387166,-118.400725,71.4,2024-11-12 13:32:33
VH_00201,Chevrolet Bolt,98.4,169.6,-40.003829,-132.130298,96.2,2024-11-03 12:01:30
VH_00202,Honda Civic,74.9,148.2,6.227086,-179.496014,80.4,2024-11-30 09:03:43
VH_00203,Toyota Camry,79.5,170.4,69.11755,-84.946255,74.0,2024-11-30 16:25:41
VH_00204,Ford F-150,119.1,112.7,-88.126526,-52.026065,91.9,2024-11-14 13:51:44
VH_00205,Ford F-150,118.3,96.7,86.17723,100.146957,93.4,2024-11-06 04:00:53
VH_00206,Tesla Model 3,101.3,170.2,-43.67787,45.442671,88.1,2024-11-11 00:11:33
VH_00207,Ford F-150,73.2,48.4,14.699484,110.783866,92.6,2024-11-08 13:20:07
VH_00208,Hyundai Ioniq,103.8,78.1,-63.299846,-7.557521,84.9,2024-11-23 07:13:41
VH_00209,Honda Civic,111.7,34.0,-1.706691,82.612797,89.4,2024-11-02 00:31:18
VH_00210,Ford F-150,113.1,147.1,33.726029,-112.374714,74.3,2024-11-21 16:47:10
VH_00211,Honda Civic,114.5,174.7,-71.957916,9.640278,91.8,2024-11-01 13:44:04
VH_00212,Chevrolet Bolt,82.7,3.7,58.781205,94.840472,89.3,2024-11-03 02:57:39
VH_00213,Tesla Model 3,106.2,48.2,78.94771,35.869385,93.8,2024-11-01 10:56:50
VH_00214,Mercedes EQS,66.4,132.5,-29.089815,74.684072,76.1,2024-11-24 07:44:10
VH_00215,Toyota Camry,113.5,146.8,-34.670701,-7.592982,77.3,2024-11-27 09:15:15
VH_00216,Tesla Model 3,97.6,22.2,58.486482,-142.986488,78.9,2024-11-25 19:59:24
VH_00217,Chevrolet Bolt,84.9,0.2,-49.623706,-98.396949,81.6,2024-11-18 03:38:09
VH_00218,Toyota Camry,73.6,158.2,-20.746115,138.320609,94.7,2024-11-06 10:57:56
VH_00219,BMW X5,119.4,40.4,82.163968,-78.546862,72.3,2024-11-17 04:49:03
VH_00220,Tesla Model 3,115.4,165.6,71.205568,37.622298,75.3,2024-11-26 18:03:17
VH_00221,Toyota Camry,70.9,76.5,70.761159,67.377858,88.7,2024-11-14 22:23:08
VH_00222,BMW X5,66.2,164.9,29.111709,155.83746,94.3,2024-11-04 16:58:36
VH_00223,BMW X5,111.7,176.0,50.001127,-127.227928,74.4,2024-11-22 16:26:16
VH_00224,Chevrolet Bolt,107.1,86.1,-77.883546,28.023437,98.8,2024-11-14 12:26:53
VH_00225,Honda Civic,79.4,23.0,48.156374,-53.060847,84.8,2024-11-24 08:44:30
VH_00226,Chevrolet Bolt,84.8,142.8,-29.976274,108.770734,89.6,2024-11-12 22:30:13
VH_00227,Tesla Model 3,93.0,97.0,-1.331747,13.036522,76.9,2024-11-05 01:25:18
VH_00228,Chevrolet Bolt,85.3,104.0,34.829811,89.38206,91.1,2024-11-12 10:01:11
VH_00229,BMW X5,72.2,153.1,-24.76828,-9.386514,74.0,2024-11-06 08:20:29
VH_00230,Hyundai Ioniq,81.0,152.8,66.019052,114.843763,78.8,2024-11-07 23:56:07
VH_00231,Toyota Camry,93.1,167.6,-14.206145,-104.134547,76.7,2024-11-07 16:33:00
VH_00232,Ford F-150,101.7,25.8,41.954674,70.604112,82.7,2024-11-03 15:00:41
VH_00233,BMW X5,99.8,13.3,60.738695,133.371712,70.9,2024-11-18 17:32:25
VH_00234,BMW X5,74.7,2.2,59.592239,-30.061847,93.0,2024-11-23 19:18:56
VH_00235,Honda Civic,104.9,125.7,-36.088615,-31.851906,80.1,2024-11-01 15:23:24
VH_00236,BMW X5,69.4,158.6,-84.218561,90.407854,85.1,2024-11-01 12:39:41
VH_00237,Toyota Camry,85.4,170.7,-8.226628,76.106436,77.7,2024-11-28 18:30:15
VH_00238,BMW X5,102.6,76.3,-61.775885,170.324039,85.6,2024-11-07 01:47:27
VH_00239,Ford F-150,84.0,10.1,-19.387627,116.101788,99.3,2024-11-30 08:58:23
VH_00240,Tesla Model 3,109.0,84.3,-33.625861,51.0807,94.8,2024-11-09 00:02:03
VH_00241,Tesla Model 3,82.3,76.4,-41.414479,-142.415978,80.9,2024-11-17 06:51:10
VH_00242,Toyota Camry,76.9,97.5,-78.24255,34.959872,92.7,2024-11-16 00:09:03
VH_00243,Tesla Model 3,72.1,167.3,-46.739672,-149.385832,87.1,2024-11-03 04:16:57
VH_00244,Toyota Camry,107.4,8.2,-33.375547,159.663291,70.3,2024-11-18 07:31:34
VH_00245,Mercedes EQS,117.5,90.0,-33.39496,-39.369129,80.7,2024-11-07 06:53:53
VH_00246,BMW X5,65.8,73.3,43.461242,-143.638962,94.2,2024-11-08 06:58:48
VH_00247,Tesla Model 3,107.8,85.9,66.386223,-166.533017,74.8,2024-11-23 11:33:28
VH_00248,Hyundai Ioniq,97.6,171.5,-48.317386,-102.367009,90.4,2024-11-07 20:07:00
VH_00249,Chevrolet Bolt,69.7,173.5,2.934144,82.33943,89.5,2024-11-17 13:46:39
VH_00250,Honda Civic,67.9,52.4,22.224738,158.450809,71.2,2024-11-19 19:37:35
VH_00251,Chevrolet Bolt,119.8,109.2,82.442817,24.08431,99.8,2024-11-05 17:29:10
VH_00252,Mercedes EQS,68.6,156.7,8.484489,168.820963,93.4,2024-11-05 05:33:27
VH_00253,Toyota Camry,87.3,30.5,-36.790528,-155.461738,87.3,2024-11-18 03:42:14
VH_00254,Ford F-150,70.8,138.9,-43.570062,-9.626057,77.7,2024-11-22 11:01:12
VH_00255,BMW X5,68.4,22.3,12.372021,-165.746649,95.8,2024-11-20 11:07:40
VH_00256,Mercedes EQS,97.2,122.5,-10.651018,4.492531,88.7,2024-11-16 05:25:24
VH_00257,Tesla Model 3,100.9,91.1,-42.691062,135.193124,90.5,2024-11-03 18:28:41
VH_00258,Ford F-150,74.7,147.8,-88.57027,127.101522,78.7,2024-11-08 16:19:23
VH_00259,Hyundai Ioniq,111.2,40.1,67.348599,60.894202,80.5,2024-11-23 17:49:44
VH_00260,Mercedes EQS,114.0,83.7,-74.551942,83.440124,97.5,2024-11-20 06:28:27
VH_00261,Chevrolet Bolt,72.0,59.2,-32.888725,178.717764,84.6,2024-11-24 02:50:09
VH_00262,Tesla Model 3,87.3,98.1,80.736062,-127.615032,76.4,2024-11-28 14:00:31
VH_00263,Mercedes EQS,96.1,68.5,78.56274,-49.862607,82.9,2024-11-23 23:33:43
VH_00264,Chevrolet Bolt,72.7,4.1,46.550951,-27.748675,77.6,2024-11-09 13:10:40
VH_00265,Toyota Camry,64.2,72.9,-36.299375,76.394413,96.1,2024-11-26 11:24:38
VH_00266,Honda Civic,113.6,33.1,-80.326389,142.184372,82.9,2024-11-15 09:55:09
VH_00267,Ford F-150,81.0,75.4,-4.410105,67.978978,74.8,2024-11-22 04:53:24
VH_00268,Tesla Model 3,101.6,70.0,-88.212328,101.906055,87.9,2024-11-04 18:39:13
VH_00269,Tesla Model 3,94.7,26.0,29.531329,116.461376,92.0,2024-11-16 08:46:01
VH_00270,Toyota Camry,,161.4,78.087492,-0.199559,79.5,2024-11-20 17:28:29
VH_00271,BMW X5,103.3,177.9,79.798274,128.616144,89.0,2024-11-29 01:51:29
VH_00272,Tesla Model 3,73.1,176.2,-14.3683,16.591042,75.0,2024-11-19 07:53:07
VH_00273,Tesla Model 3,72.6,34.4,32.333084,163.837604,81.1,2024-11-18 15:51:04
VH_00274,Toyota Camry,,161.4,0.375336,132.392933,91.0,2024-11-23 03:16:32
VH_00275,Mercedes EQS,81.1,149.1,-13.347145,170.665258,80.1,2024-11-09 12:50:16
VH_00276,Hyundai Ioniq,82.4,99.5,-60.721715,-23.084581,78.6,2024-11-22 05:43:01
VH_00277,Tesla Model 3,102.1,168.8,73.058898,-144.278976,72.6,2024-11-06 00:56:59
VH_00278,Honda Civic,61.0,167.8,-71.338446,89.979725,88.7,2024-11-27 10:39:38
VH_00279,BMW X5,86.6,104.6,-84.125603,-75.634395,82.6,2024-11-11 19:40:23
VH_00280,Toyota Camry,93.1,20.6,64.141674,162.198539,80.5,2024-11-23 12:32:15
VH_00281,Chevrolet Bolt,109.2,126.7,43.40755,-177.262151,81.2,2024-11-11 20:54:18
VH_00282,Hyundai Ioniq,76.1,118.6,-34.668596,144.962303,97.3,2024-11-12 17:25:52
VH_00283,BMW X5,,163.6,-84.11857,-170.551146,93.7,2024-11-26 04:38:09
VH_00284,Tesla Model 3,96.0,60.3,82.648907,177.418485,77.3,2024-11-19 23:58:12
VH_00285,Mercedes EQS,98.7,149.1,54.239696,28.027302,73.9,2024-11-19 22:51:45
VH_00286,Chevrolet Bolt,70.4,162.8,3.109874,-22.535429,73.0,2024-11-07 03:11:07
VH_00287,Toyota Camry,97.9,141.2,61.745531,45.834617,77.8,2024-11-27 20:10:53
VH_00288,Tesla Model 3,79.3,16.8,-85.384759,-175.846276,93.1,2024-11-08 10:18:52
VH_00289,Tesla Model 3,102.5,165.7,-75.820949,-42.334254,92.3,2024-11-07 08:05:58
VH_00290,BMW X5,98.1,140.0,-56.420069,54.908179,76.7,2024-11-10 09:49:37
VH_00291,Tesla Model 3,74.7,140.4,51.488676,97.340971,89.8,2024-11-14 08:21:26
VH_00292,Mercedes EQS,68.6,4.2,87.263611,132.098057,73.3,2024-11-29 22:16:02
VH_00293,Ford F-150,68.5,47.2,-57.487015,-152.142686,95.3,2024-11-11 02:18:19
VH_00294,Mercedes EQS,89.5,4.0,-76.756325,165.318182,72.3,2024-11-21 09:13:38
VH_00295,Tesla Model 3,78.8,163.5,55.53883,-115.269683,70.3,2024-11-09 16:10:25
VH_00296,BMW X5,97.9,153.9,-68.902715,-56.588237,80.4,2024-11-30 19:22:03
VH_00297,Hyundai Ioniq,60.3,93.9,-44.189816,-136.2263,88.2,2024-11-27 00:25:54
VH_00298,Toyota Camry,90.7,27.4,66.037366,-138.676155,76.5,2024-11-16 21:36:41
VH_00299,Mercedes EQS,65.0,124.5,-67.215555,-81.480066,76.0,2024-11-05 11:09:09
VH_00300,Tesla Model 3,93.1,53.0,44.135002,-1.511386,85.4,2024-11-20 09:57:58
VH_00301,Honda Civic,75.0,35.6,62.28644,78.262609,98.9,2024-11-05 23:52:51
VH_00302,Tesla Model 3,106.0,56.1,52.937915,163.354347,84.6,2024-11-22 15:48:41
VH_00303,Tesla Model 3,104.8,146.9,22.123973,38.626434,82.9,2024-11-28 12:46:06
VH_00304,Tesla Model 3,113.9,147.5,-9.107391,140.201887,98.7,2024-11-13 06:50:25
VH_00305,Ford F-150,77.6,148.8,26.117635,167.45229,80.6,2024-11-02 10:52:57
VH_00306,Ford F-150,108.5,77.3,-56.53532,-91.685468,76.5,2024-11-19 01:00:56
VH_00307,Tesla Model 3,106.8,22.0,-32.653955,-176.075631,79.9,2024-11-23 14:12:11
VH_00308,Chevrolet Bolt,79.3,41.9,-78.077674,-77.898869,76.4,2024-11-11 13:21:47
VH_00309,Tesla Model 3,76.7,109.4,69.004822,129.56855,72.2,2024-11-21 11:22:28
VH_00310,Tesla Model 3,86.1,146.4,-54.332926,-162.122493,84.8,2024-11-03 06:30:59
VH_00311,BMW X5,85.3,22.3,-59.194849,-62.325086,81.5,2024-11-28 23:34:14
VH_00312,Hyundai Ioniq,61.1,141.0,13.636573,-178.327074,83.9,2024-11-07 08:41:37
VH_00313,Chevrolet Bolt,84.2,161.2,75.246207,-165.916712,89.3,2024-11-04 08:55:11
VH_00314,Honda Civic,109.8,74.7,-35.820311,-65.811722,80.4,2024-11-04 20:56:07
VH_00315,Ford F-150,78.8,110.2,-19.201051,70.724498,83.6,2024-11-06 21:27:22
VH_00316,Mercedes EQS,116.3,18.5,-49.677416,117.164351,74.2,2024-11-16 16:09:28
VH_00317,Tesla Model 3,103.5,40.7,-74.15699,80.678849,94.4,2024-11-27 02:18:03
VH_00318,Ford F-150,116.0,156.2,-43.256216,102.579853,73.3,2024-11-15 18:31:25
VH_00319,Toyota Camry,79.8,110.3,56.247395,-82.83166,75.1,2024-11-07 16:30:21
VH_00320,Ford F-150,67.2,57.5,-63.359733,30.286908,95.5,2024-11-21 01:31:20
VH_00321,Toyota Camry,100.1,93.9,-46.70578,-7.946346,84.7,2024-11-14 14:51:16
VH_00322,BMW X5,103.9,40.6,-42.513834,-73.355692,72.5,2024-11-28 02:43:02
VH_00323,Honda Civic,74.5,116.5,64.055426,70.187423,72.3,2024-11-25 00:15:26
VH_00324,Ford F-150,60.8,38.9,57.33206,-112.349725,73.1,2024-11-11 03:06:29
VH_00325,Ford F-150,105.7,92.5,-33.595375,159.977289,91.3,2024-11-08 11:25:18
VH_00326,Tesla Model 3,66.3,23.4,75.005504,-41.19273,83.6,2024-11-25 22:13:44
VH_00327,Hyundai Ioniq,84.0,12.4,-13.843083,67.05576,98.5,2024-11-29 00:32:09
VH_00328,Tesla Model 3,68.8,157.7,44.104679,-93.397514,96.8,2024-11-10 01:54:19
VH_00329,Chevrolet Bolt,88.6,95.6,-26.647772,-137.40257,86.5,2024-11-18 04:56:13
VH_00330,Ford F-150,69.0,90.4,1.426828,-160.863454,78.2,2024-11-05 17:57:36
VH_00331,Honda Civic,83.0,167.0,-55.092307,-111.798132,75.3,2024-11-14 09:28:36
VH_00332,Tesla Model 3,89.6,78.0,32.608894,52.684149,98.8,2024-11-11 15:49:44
VH_00333,Toyota Camry,113.7,103.5,-47.021916,11.567421,78.3,2024-11-20 15:20:45
VH_00334,BMW X5,66.1,132.1,68.314981,-83.423898,76.2,2024-11-10 21:10:57
VH_00335,Tesla Model 3,77.3,107.3,42.098809,-146.072676,85.1,2024-11-24 03:27:49
VH_00336,Tesla Model 3,111.2,123.8,-59.358137,65.319295,75.0,2024-11-17 02:59:20
VH_00337,Toyota Camry,68.5,2.3,-4.571876,-59.740506,75.3,2024-11-13 19:23:12
VH_00338,Tesla Model 3,70.2,136.8,-88.247902,-53.228288,84.2,2024-11-01 01:10:21
VH_00339,Hyundai Ioniq,74.9,19.7,57.406759,24.216023,99.7,2024-11-12 01:58:27
VH_00340,Tesla Model 3,70.0,26.4,-73.096182,-70.343182,92.1,2024-11-22 23:20:10
VH_00341,Tesla Model 3,81.0,98.2,29.413534,-88.726736,83.8,2024-11-18 02:50:22
VH_00342,Honda Civic,80.0,93.2,29.508664,131.445987,95.3,2024-11-24 12:18:51
VH_00343,Tesla Model 3,101.1,131.1,-86.26909,172.309478,95.7,2024-11-07 21:00:52
VH_00344,Honda Civic,61.9,104.0,35.245095,-24.940616,76.2,2024-11-05 08:00:42
VH_00345,Tesla Model 3,117.3,115.0,83.781551,135.771853,90.4,2024-11-22 19:26:12
VH_00346,Toyota Camry,112.6,31.5,73.85892,-54.41578,79.9,2024-11-29 14:24:25
VH_00347,Tesla Model 3,119.6,55.7,-82.602004,7.227984,80.3,2024-11-30 17:27:35
VH_00348,Toyota Camry,107.7,102.0,52.654602,-55.080787,73.3,2024-11-01 09:42:39
VH_00349,Tesla Model 3,101.1,83.9,-62.959005,168.001729,88.7,2024-11-08 21:27:02
VH_00350,Ford F-150,77.3,144.0,-87.193368,-165.256886,78.5,2024-11-29 18:58:42
VH_00351,Tesla Model 3,89.3,0.9,-26.594006,120.279619,71.5,2024-11-07 16:27:14
VH_00352,Ford F-150,77.0,154.6,29.75868,96.798736,74.7,2024-11-05 04:12:04
VH_00353,Chevrolet Bolt,68.6,131.9,-12.230859,150.573541,78.7,2024-11-02 13:26:31
VH_00354,Chevrolet Bolt,81.3,146.1,24.668037,-27.877216,99.0,2024-11-05 18:20:23
VH_00355,Tesla Model 3,115.2,107.5,-58.805646,-23.106143,96.3,2024-11-29 01:36:49
VH_00356,BMW X5,106.1,45.0,-15.063785,-108.171657,79.1,2024-11-15 10:25:09
VH_00357,Tesla Model 3,97.7,98.2,-22.32613,135.331732,83.1,2024-11-07 17:29:31
VH_00358,Tesla Model 3,101.6,90.7,33.32939,-51.278763,80.6,2024-11-23 15:34:23
VH_00359,Tesla Model 3,84.6,5.0,10.603639,164.697031,82.6,2024-11-07 19:47:38
VH_00360,Tesla Model 3,78.1,43.7,2.197223,-134.18105,86.3,2024-11-28 10:56:31
VH_00361,Chevrolet Bolt,63.2,152.1,-67.331549,61.228523,83.9,2024-11-26 03:31:24
VH_00362,Tesla Model 3,63.3,9.8,59.380972,53.956779,80.0,2024-11-05 17:28:41
VH_00363,Tesla Model 3,93.9,124.3,65.576542,-136.280635,87.5,2024-11-25 19:08:58
VH_00364,Tesla Model 3,63.2,36.9,-64.052658,86.552683,84.9,2024-11-11 20:26:49
VH_00365,Honda Civic,98.4,27.9,23.083103,78.891135,98.1,2024-11-24 13:00:49
VH_00366,Ford F-150,72.0,12.1,-62.456025,136.763663,85.6,2024-11-13 00:00:57
VH_00367,Toyota Camry,88.4,149.9,-10.113143,-159.964862,73.7,2024-11-20 15:20:36
VH_00368,Tesla Model 3,71.0,42.3,62.591092,-86.302251,88.4,2024-11-22 07:37:24
VH_00369,Honda Civic,97.0,77.8,24.51549,-113.469173,94.6,2024-11-12 16:24:53
VH_00370,Chevrolet Bolt,104.5,98.4,-4.291488,-75.586972,90.0,2024-11-29 13:57:34
VH_00371,Ford F-150,100.1,70.4,35.577487,-141.359098,82.5,2024-11-21 14:57:58
VH_00372,Tesla Model 3,77.0,21.6,-19.902708,28.993707,71.0,2024-11-22 13:51:21
VH_00373,Toyota Camry,114.4,173.3,-5.776721,80.303496,78.3,2024-11-08 16:26:59
VH_00374,Hyundai Ioniq,111.4,90.6,-27.209865,74.240862,81.7,2024-11-04 01:07:38
VH_00375,Mercedes EQS,69.1,118.1,11.366597,-14.586572,95.8,2024-11-07 19:09:27
VH_00376,Chevrolet Bolt,105.8,54.5,-19.092829,149.817608,89.4,2024-11-19 06:40:50
VH_00377,BMW X5,96.4,32.5,37.530033,2.512881,89.8,2024-11-13 14:01:12
VH_00378,Ford F-150,79.4,171.9,-27.34286,42.291009,82.1,2024-11-03 04:20:46
VH_00379,Tesla Model 3,104.0,41.7,29.746975,-0.203794,90.4,2024-11-16 17:05:25
VH_00380,Ford F-150,118.9,145.5,41.876469,-94.817813,97.0,2024-11-09 10:43:20
VH_00381,Tesla Model 3,83.0,175.2,76.027644,-157.706408,77.5,2024-11-02 19:35:43
VH_00382,Chevrolet Bolt,64.4,137.4,19.175994,122.644568,97.7,2024-11-16 14:10:39
VH_00383,Mercedes EQS,87.0,24.0,24.731239,20.328559,75.9,2024-11-24 20:10:35
VH_00384,Tesla Model 3,77.2,36.2,-60.823875,112.981587,94.3,2024-11-10 08:02:27
VH_00385,Tesla Model 3,61.5,172.8,-72.682899,-168.033891,74.2,2024-11-01 06:06:02
VH_00386,BMW X5,84.5,98.4,-77.046279,-113.290432,91.9,2024-11-26 15:20:40
VH_00387,Ford F-150,109.9,102.7,-4.728083,-53.241821,88.6,2024-11-28 02:55:46
VH_00388,Ford F-150,108.1,79.0,22.584726,134.631685,87.1,2024-11-07 04:11:23
VH_00389,Tesla Model 3,77.9,21.2,-48.496769,36.536251,79.9,2024-11-11 21:00:13
VH_00390,Ford F-150,77.4,149.1,-19.723246,-51.15413,96.2,2024-11-08 15:55:25
VH_00391,Tesla Model 3,64.5,103.6,63.575139,155.451258,85.0,2024-11-20 09:07:28
VH_00392,Ford F-150,92.8,160.5,14.899052,157.293679,99.5,2024-11-02 10:55:36
VH_00393,Tesla Model 3,85.3,36.1,69.845046,-158.618891,76.1,2024-11-17 00:01:21
VH_00394,Chevrolet Bolt,99.8,158.1,-47.588904,-153.751715,98.4,2024-11-30 14:42:12
VH_00395,Mercedes EQS,105.9,6.4,86.590088,161.966802,87.9,2024-11-30 17:32:08
VH_00396,Honda Civic,113.3,86.2,-66.696376,80.398719,73.1,2024-11-25 02:34:37
VH_00397,Toyota Camry,99.0,77.7,-35.384697,125.940061,99.1,2024-11-02 00:58:59
VH_00398,BMW X5,61.6,140.7,-54.688629,38.930002,81.4,2024-11-01 21:04:55
VH_00399,Tesla Model 3,63.1,137.8,35.179296,-25.301286,82.8,2024-11-07 16:30:51
VH_00400,Toyota Camry,67.1,110.8,72.639232,-53.355925,80.3,2024-11-03 19:29:04
VH_00401,Ford F-150,65.5,1.8,-15.648213,90.924863,94.2,2024-11-27 00:44:19
VH_00402,Hyundai Ioniq,119.5,2.7,39.568833,112.543881,72.3,2024-11-07 03:38:04
VH_00403,Honda Civic,77.0,56.5,18.434882,140.552892,99.9,2024-11-07 07:07:49
VH_00404,Tesla Model 3,88.7,22.0,-76.17531,-89.928412,86.3,2024-11-25 00:38:03
VH_00405,Ford F-150,108.8,161.6,64.576828,-20.324938,79.1,2024-11-18 19:30:31
VH_00406,Ford F-150,77.6,117.7,4.831954,-83.68731,90.9,2024-11-25 10:33:23
VH_00407,Hyundai Ioniq,80.8,74.0,81.101422,-4.965229,72.4,2024-11-07 15:46:11
VH_00408,Honda Civic,91.3,54.9,9.53382,-135.810702,91.7,2024-11-07 21:23:48
VH_00409,Toyota Camry,74.1,79.2,47.554557,163.096188,70.6,2024-11-02 15:19:43
VH_00410,Tesla Model 3,95.3,54.1,83.717365,-158.500785,95.6,2024-11-19 15:19:05
VH_00411,BMW X5,111.8,69.2,-82.005201,-105.937157,75.5,2024-11-21 22:15:01
VH_00412,Toyota Camry,99.6,5.6,47.339336,157.4006,97.3,2024-11-17 07:43:21
VH_00413,Tesla Model 3,114.4,145.8,16.372553,92.610798,80.2,2024-11-22 01:44:06
VH_00414,BMW X5,107.0,167.1,45.432129,110.66281,86.6,2024-11-14 22:52:00
VH_00415,Chevrolet Bolt,116.3,83.4,13.06846,24.5891,85.6,2024-11-08 21:22:59
VH_00416,Ford F-150,88.0,178.7,-47.119157,146.776534,78.4,2024-11-14 07:41:26
VH_00417,Mercedes EQS,75.0,97.7,-29.244176,-37.943567,88.5,2024-11-18 13:24:18
VH_00418,Tesla Model 3,75.0,117.5,48.881507,-175.557918,79.2,2024-11-16 13:58:47
VH_00419,Tesla Model 3,110.9,79.9,-86.891996,-176.806547,71.1,2024-11-18 09:56:36
VH_00420,Tesla Model 3,110.7,39.2,-79.45473,157.980333,78.3,2024-11-30 15:05:03
VH_00421,Tesla Model 3,117.2,79.3,-43.558747,103.224855,77.8,2024-11-25 00:38:02
VH_00422,Tesla Model 3,97.8,26.4,21.230875,-162.151317,73.4,2024-11-02 20:51:28
VH_00423,Toyota Camry,90.4,79.3,-32.879801,19.226782,76.8,2024-11-13 13:49:14
VH_00424,Honda Civic,61.0,152.1,62.893319,14.558888,71.3,2024-11-12 09:26:29
VH_00425,Toyota Camry,64.6,79.9,1.986393,-94.687664,79.8,2024-11-19 00:39:54
VH_00426,Ford F-150,100.9,12.9,-13.234441,-78.089616,70.7,2024-11-30 11:10:03
VH_00427,Chevrolet Bolt,80.1,73.5,27.356078,-10.553388,99.2,2024-11-02 12:18:03
VH_00428,BMW X5,62.7,167.5,74.137079,-170.807297,88.3,2024-11-16 04:47:40
VH_00429,Ford F-150,106.9,91.5,14.66757,-56.141011,76.4,2024-11-29 06:52:43
VH_00430,Tesla Model 3,103.6,68.6,89.607753,-151.75981,72.3,2024-11-11 21:39:21
VH_00431,Tesla Model 3,119.9,113.5,42.111225,14.028258,73.6,2024-11-26 14:52:50
VH_00432,Toyota Camry,96.4,118.7,3.66048,-65.901832,75.9,2024-11-28 22:12:27
VH_00433,Chevrolet Bolt,74.6,43.8,48.175815,-49.692615,83.7,2024-11-06 14:28:13
VH_00434,BMW X5,86.7,172.4,-16.213354,-151.311574,86.8,2024-11-04 17:03:48
VH_00435,Hyundai Ioniq,99.2,108.9,-9.185756,-29.213917,87.1,2024-11-07 01:57:47
VH_00436,Toyota Camry,74.7,163.7,31.338923,59.724955,88.2,2024-11-14 22:14:43
VH_00437,Ford F-150,67.1,73.5,0.904669,-126.576513,84.8,2024-11-10 14:48:29
VH_00438,Tesla Model 3,112.6,2.8,-68.258008,-85.184596,86.6,2024-11-23 19:25:36
VH_00439,Honda Civic,67.6,6.1,-12.344424,68.416763,99.7,2024-11-07 10:13:52
VH_00440,Mercedes EQS,91.8,69.9,-13.975436,-134.116925,90.9,2024-11-12 17:17:31
VH_00441,Tesla Model 3,67.1,161.5,71.703701,32.932081,88.5,2024-11-03 04:42:20
VH_00442,Honda Civic,115.2,171.0,73.92136,47.099519,92.2,2024-11-22 03:36:56
VH_00443,Chevrolet Bolt,88.6,24.2,-56.97886,95.744057,97.5,2024-11-25 17:27:49
VH_00444,Tesla Model 3,113.7,106.8,-23.422696,53.785714,81.4,2024-11-22 06:59:27
VH_00445,Chevrolet Bolt,103.4,50.3,49.141138,-96.385124,84.8,2024-11-03 08:15:34
VH_00446,BMW X5,113.8,104.4,61.931777,-26.391769,79.7,2024-11-16 11:10:14
VH_00447,Honda Civic,117.2,7.5,80.109479,137.6583,91.9,2024-11-21 21:36:45
VH_00448,Honda Civic,94.5,110.8,-72.096024,-77.475256,73.6,2024-11-14 07:03:23
VH_00449,Chevrolet Bolt,73.4,30.5,79.056878,-86.605555,88.2,2024-11-06 03:38:17
VH_00450,Toyota Camry,100.0,25.4,-52.76824,121.964398,92.6,2024-11-02 07:51:54
VH_00451,Hyundai Ioniq,62.4,160.3,6.824866,-109.75224,84.7,2024-11-02 06:01:57
VH_00452,Ford F-150,76.9,170.6,-13.229539,-19.863116,73.8,2024-11-23 00:46:22
VH_00453,Tesla Model 3,66.6,127.1,62.053942,-20.014177,83.0,2024-11-13 18:28:59
VH_00454,Tesla Model 3,68.2,50.1,30.368803,168.638247,94.1,2024-11-11 19:09:48
VH_00455,Chevrolet Bolt,79.6,91.3,-40.300555,47.024619,85.4,2024-11-04 14:19:09
VH_00456,Honda Civic,78.9,166.5,-11.992028,155.65248,93.8,2024-11-16 09:56:45
VH_00457,Tesla Model 3,93.5,150.8,22.694543,161.705716,88.8,2024-11-12 22:30:36
VH_00458,Hyundai Ioniq,82.6,169.8,31.202574,-84.497023,74.5,2024-11-10 01:59:34
VH_00459,Chevrolet Bolt,77.0,35.7,67.655511,162.299793,95.7,2024-11-11 09:32:54
VH_00460,Tesla Model 3,,12.1,10.392689,-104.92309,75.3,2024-11-21 07:11:27
VH_00461,Tesla Model 3,96.8,113.6,-47.751158,-54.466641,85.9,2024-11-09 17:47:24
VH_00462,BMW X5,110.4,157.5,30.235644,-3.520089,88.9,2024-11-30 00:32:11
VH_00463,Hyundai Ioniq,88.9,17.4,-69.773864,137.122268,92.6,2024-11-14 22:41:43
VH_00464,Toyota Camry,86.8,44.5,-13.524249,-116.570001,98.7,2024-11-06 12:16:45
VH_00465,Tesla Model 3,83.9,23.1,68.790861,122.443498,95.9,2024-11-30 04:17:03
VH_00466,Tesla Model 3,74.1,52.4,1.347733,140.331821,93.5,2024-11-03 22:50:27
VH_00467,Mercedes EQS,79.4,121.5,-15.978765,111.250996,82.8,2024-11-13 15:44:12
VH_00468,BMW X5,76.1,131.1,-28.82852,114.66885,79.3,2024-11-20 21:27:54
VH_00469,Chevrolet Bolt,112.5,96.5,50.31936,-140.286377,99.0,2024-11-30 15:34:37
VH_00470,Honda Civic,96.3,3.6,40.00117,108.868636,72.7,2024-11-17 04:18:31
VH_00471,Chevrolet Bolt,106.0,99.5,27.887685,6.713639,80.9,2024-11-10 15:11:56
VH_00472,Tesla Model 3,110.3,71.2,39.207691,-75.532506,74.8,2024-11-19 03:36:06
VH_00473,Tesla Model 3,72.9,132.0,79.202483,-167.01301,70.6,2024-11-26 13:28:53
VH_00474,Ford F-150,83.9,87.3,-61.749809,-71.472083,76.9,2024-11-13 00:08:08
VH_00475,Ford F-150,105.0,146.3,-21.985787,-35.729663,94.5,2024-11-14 02:34:16
VH_00476,Chevrolet Bolt,64.6,90.8,36.628064,83.749979,70.6,2024-11-27 07:07:25
VH_00477,Toyota Camry,69.1,132.5,52.671601,-110.057731,88.2,2024-11-16 03:43:38
VH_00478,Tesla Model 3,85.5,133.8,-35.612284,-14.79397,73.0,2024-11-28 23:19:22
VH_00479,Tesla Model 3,77.5,16.8,84.039539,21.958653,84.5,2024-11-26 21:13:39
VH_00480,Tesla Model 3,82.9,178.8,40.960342,162.524658,92.9,2024-11-06 06:11:01
VH_00481,Mercedes EQS,94.7,4.5,48.817043,-19.049297,84.3,2024-11-06 06:56:02
VH_00482,Chevrolet Bolt,79.9,145.7,85.647137,-145.659947,75.1,2024-11-24 18:40:18
VH_00483,Toyota Camry,65.0,72.6,60.852671,8.426041,95.2,2024-11-12 06:48:01
VH_00484,Tesla Model 3,89.6,74.1,43.292003,120.356432,71.1,2024-11-28 10:38:11
VH_00485,Chevrolet Bolt,112.3,48.3,-52.339648,22.467419,84.7,2024-11-25 06:19:38
VH_00486,Mercedes EQS,99.1,57.9,37.596271,5.195202,95.8,2024-11-04 22:52:40
VH_00487,Toyota Camry,85.5,14.0,-67.089153,-175.095173,85.6,2024-11-06 21:31:54
VH_00488,Toyota Camry,86.3,174.9,-82.968849,-27.294399,75.1,2024-11-26 11:11:26
VH_00489,Toyota Camry,104.9,98.5,-18.106982,-73.169632,83.1,2024-11-15 06:47:43
VH_00490,Toyota Camry,112.8,48.8,-31.970494,140.236234,86.9,2024-11-09 01:20:26
VH_00491,Tesla Model 3,91.4,36.8,20.519968,77.210928,85.6,2024-11-13 04:42:54
VH_00492,Toyota Camry,72.6,59.4,44.417563,178.627154,97.8,2024-11-08 23:21:04
VH_00493,Mercedes EQS,109.8,1.8,-15.06547,-125.874332,72.0,2024-11-01 06:31:38
VH_00494,Tesla Model 3,71.3,124.9,6.791669,-60.827353,71.8,2024-11-23 18:04:05
VH_00495,Ford F-150,64.0,114.5,69.001773,-55.81532,70.4,2024-11-10 08:26:33
VH_00496,Ford F-150,109.2,156.3,15.204309,-69.929885,88.7,2024-11-20 13:50:30
VH_00497,Honda Civic,93.7,115.5,-53.53414,33.350086,73.1,2024-11-11 12:10:21
VH_00498,Honda Civic,75.8,18.4,53.439207,31.434142,93.0,2024-11-17 00:39:52
VH_00499,Tesla Model 3,111.2,108.9,83.9986,85.415589,88.5,2024-11-23 23:33:32
VH_00500,Toyota Camry,60.2,41.7,-51.040178,154.636961,88.4,2024-11-07 22:59:43
VH_00501,Honda Civic,112.5,58.2,71.271602,-161.211893,85.4,2024-11-22 08:16:29
VH_00502,Tesla Model 3,88.3,54.5,46.801337,-93.321759,81.8,2024-11-19 17:10:29
VH_00503,Toyota Camry,81.3,151.0,-32.945054,-151.848122,88.2,2024-11-11 09:12:38
VH_00504,BMW X5,116.7,150.0,38.042582,122.355397,86.8,2024-11-24 19:00:01
VH_00505,Honda Civic,75.0,21.6,71.957184,54.753165,75.3,2024-11-18 18:03:23
VH_00506,Tesla Model 3,106.2,62.3,-13.665973,42.11071,96.3,2024-11-10 06:30:45
VH_00507,Tesla Model 3,70.7,134.6,-88.078964,-20.850996,85.8,2024-11-01 06:32:29
VH_00508,Mercedes EQS,79.7,164.0,74.845278,1.005608,70.4,2024-11-14 06:06:01
VH_00509,Ford F-150,76.5,86.2,-82.09487,70.379667,77.6,2024-11-03 18:40:27
VH_00510,Tesla Model 3,109.4,155.4,76.963471,179.003368,89.0,2024-11-24 19:14:29
VH_00511,Toyota Camry,105.0,116.6,8.205721,-142.600578,81.1,2024-11-30 18:06:14
VH_00512,Mercedes EQS,69.2,132.5,66.76438,-132.606646,82.6,2024-11-06 19:08:32
VH_00513,Tesla Model 3,98.2,11.2,-72.454417,15.870055,99.5,2024-11-10 10:14:19
VH_00514,Toyota Camry,104.2,59.9,30.958366,143.879934,96.9,2024-11-09 05:08:53
VH_00515,Mercedes EQS,95.2,170.0,2.941281,158.596258,82.1,2024-11-03 23:38:00
VH_00516,Mercedes EQS,109.5,90.3,41.212272,-149.771268,83.3,2024-11-14 09:00:37
VH_00517,Honda Civic,101.3,73.7,24.353948,123.16465,98.2,2024-11-16 02:31:58
VH_00518,Toyota Camry,81.0,61.5,12.271188,70.665187,87.0,2024-11-23 11:26:25
VH_00519,BMW X5,115.1,32.9,-74.444822,-65.699536,88.8,2024-11-01 23:25:36
VH_00520,Ford F-150,107.3,39.2,-22.584679,-150.741024,91.7,2024-11-12 23:27:49
VH_00521,Ford F-150,100.9,169.7,65.625463,89.067036,92.1,2024-11-16 01:44:37
VH_00522,Tesla Model 3,102.4,32.0,-64.723307,-66.405247,76.8,2024-11-10 03:19:17
VH_00523,Ford F-150,72.0,176.3,-43.316264,-21.744603,72.8,2024-11-18 05:47:00
VH_00524,BMW X5,80.9,115.5,-9.058834,47.169507,95.0,2024-11-02 18:47:41
VH_00525,Tesla Model 3,95.1,28.0,12.368035,177.752029,83.0,2024-11-15 00:20:49
VH_00526,Tesla Model 3,102.0,90.7,59.374383,105.946211,72.7,2024-11-11 05:30:32
VH_00527,Toyota Camry,88.1,5.7,-69.246327,56.999585,75.6,2024-11-07 18:53:47
VH_00528,Chevrolet Bolt,79.4,101.5,28.494865,144.458963,79.7,2024-11-06 01:52:58
VH_00529,Honda Civic,112.2,1.4,-14.146603,-59.503508,89.4,2024-11-05 20:45:01
VH_00530,Chevrolet Bolt,81.5,29.3,8.420059,90.736264,83.2,2024-11-30 22:24:19
VH_00531,Honda Civic,94.6,78.3,-18.119974,120.274708,77.6,2024-11-19 02:49:36
VH_00532,Toyota Camry,89.0,72.2,-82.776786,154.436233,77.0,2024-11-25 14:39:07
VH_00533,Ford F-150,85.6,48.5,13.947839,33.507378,74.9,2024-11-09 01:51:08
VH_00534,Mercedes EQS,113.2,173.7,79.71234,-108.553628,99.2,2024-11-07 18:35:11
VH_00535,Hyundai Ioniq,80.0,172.8,84.658523,-68.661526,93.0,2024-11-17 19:14:18
VH_00536,Toyota Camry,69.9,0.2,-63.451618,137.863707,79.0,2024-11-04 21:38:38
VH_00537,Toyota Camry,111.5,78.6,40.34419,-124.510343,86.7,2024-11-19 04:02:31
VH_00538,Tesla Model 3,,28.7,-72.015575,17.938466,81.8,2024-11-11 07:34:15
VH_00539,Toyota Camry,100.1,149.6,37.120338,94.700222,72.9,2024-11-07 05:42:58
VH_00540,Ford F-150,116.1,72.0,-31.119869,-78.049944,90.2,2024-11-21 14:41:09
VH_00541,Toyota Camry,92.0,62.4,30.577802,169.28124,70.8,2024-11-30 12:58:47
VH_00542,Tesla Model 3,74.1,65.2,0.262068,-179.427046,88.0,2024-11-20 07:54:51
VH_00543,Tesla Model 3,98.7,24.9,-56.165301,-103.956356,83.1,2024-11-17 11:38:49
VH_00544,Ford F-150,70.8,27.1,-34.003427,63.098256,84.4,2024-11-13 16:06:35
VH_00545,Toyota Camry,85.3,29.4,32.82116,120.323698,83.9,2024-11-05 00:16:59
VH_00546,Toyota Camry,104.0,118.1,-17.194761,110.489623,74.8,2024-11-07 05:59:32
VH_00547,Tesla Model 3,83.0,81.8,-2.494911,165.571579,82.1,2024-11-03 15:30:36
VH_00548,Tesla Model 3,75.5,114.1,18.654489,108.870622,83.5,2024-11-19 02:22:22
VH_00549,Honda Civic,102.7,152.0,84.918644,-139.79803,75.4,2024-11-21 14:04:18
VH_00550,Mercedes EQS,83.0,121.4,-62.9303,-58.638352,98.0,2024-11-29 15:34:41
VH_00551,BMW X5,90.9,110.6,66.996935,-23.440305,83.9,2024-11-02 22:25:19
VH_00552,Tesla Model 3,89.4,66.1,70.049868,67.09955,77.6,2024-11-17 09:10:17
VH_00553,Tesla Model 3,106.0,4.2,-41.897607,-74.433713,82.5,2024-11-22 16:31:29
VH_00554,Chevrolet Bolt,98.2,107.2,-25.695993,-166.819554,92.2,2024-11-13 01:40:16
VH_00555,Chevrolet Bolt,92.1,22.7,-63.964023,-2.357894,96.8,2024-11-17 18:24:15
VH_00556,Hyundai Ioniq,101.3,43.9,58.602854,120.570445,92.0,2024-11-26 09:59:24
VH_00557,Hyundai Ioniq,62.4,58.8,-83.108272,39.367256,91.7,2024-11-05 21:48:59
VH_00558,Tesla Model 3,118.8,14.2,76.939299,89.73612,82.7,2024-11-02 02:04:43
VH_00559,Mercedes EQS,104.8,129.9,43.683285,-151.458019,97.4,2024-11-06 15:38:43
VH_00560,Ford F-150,94.3,179.1,20.804665,14.096746,93.8,2024-11-03 08:53:32
VH_00561,Honda Civic,88.4,136.9,-11.349786,88.873125,93.3,2024-11-14 10:33:29
VH_00562,BMW X5,62.7,71.8,-57.373126,-77.431498,70.2,2024-11-11 01:19:52
VH_00563,Toyota Camry,,74.6,-66.64195,-83.860819,88.0,2024-11-16 10:40:57
VH_00564,Toyota Camry,73.5,127.6,-50.209612,40.09906,91.8,2024-11-30 13:54:17
VH_00565,Hyundai Ioniq,95.3,114.3,-30.824637,-39.945775,97.9,2024-11-01 14:38:30
VH_00566,Ford F-150,79.2,148.1,-62.679847,127.568156,85.0,2024-11-26 20:06:17
VH_00567,Ford F-150,100.4,46.0,-84.192028,126.825004,99.0,2024-11-24 14:51:30
VH_00568,Tesla Model 3,80.7,37.4,87.276349,-47.091076,78.8,2024-11-16 07:23:43
VH_00569,Honda Civic,88.0,28.1,15.28864,44.735449,86.9,2024-11-21 03:58:04
VH_00570,Toyota Camry,61.4,175.2,10.159108,-3.327524,77.0,2024-11-27 02:20:27
VH_00571,Mercedes EQS,96.4,152.9,-72.543632,-101.410063,99.8,2024-11-28 16:57:58
VH_00572,Ford F-150,111.9,138.0,87.188888,172.402741,86.5,2024-11-18 02:08:18
VH_00573,Toyota Camry,85.1,107.9,-32.50737,-49.257115,73.2,2024-11-16 10:14:05
VH_00574,Chevrolet Bolt,92.0,40.5,-17.286126,92.458147,78.6,2024-11-22 19:39:14
VH_00575,Hyundai Ioniq,112.4,72.0,-89.399272,118.751868,92.9,2024-11-09 08:42:35
VH_00576,Tesla Model 3,65.9,104.4,-14.742018,-29.422952,75.7,2024-11-02 09:50:06
VH_00577,Toyota Camry,68.3,111.6,89.803779,35.844541,92.0,2024-11-02 02:36:11
VH_00578,Tesla Model 3,75.0,102.5,-5.055562,-147.252081,81.1,2024-11-30 04:36:53
VH_00579,Honda Civic,99.2,99.4,65.418889,126.111245,74.8,2024-11-18 21:59:27
VH_00580,Tesla Model 3,74.4,85.0,38.302654,-108.077291,74.0,2024-11-04 03:30:44
VH_00581,BMW X5,72.4,83.0,-45.891545,37.169635,99.7,2024-11-09 14:04:39
VH_00582,Tesla Model 3,90.0,20.0,18.721223,-60.746675,97.6,2024-11-08 17:33:32
VH_00583,Honda Civic,103.3,12.6,44.749543,65.528495,82.2,2024-11-26 05:34:22
VH_00584,Toyota Camry,111.7,12.7,-14.92387,-86.389471,91.5,2024-11-06 20:57:15
VH_00585,Hyundai Ioniq,96.4,178.1,38.657559,-22.132397,94.8,2024-11-03 21:39:21
VH_00586,Honda Civic,83.9,148.0,48.377073,-49.185624,91.5,2024-11-25 20:00:36
VH_00587,Honda Civic,86.4,141.7,-71.347858,124.945338,92.7,2024-11-29 03:31:47
VH_00588,Toyota Camry,66.7,30.4,-15.67925,-57.659535,97.4,2024-11-24 10:15:33
VH_00589,Mercedes EQS,65.8,115.6,-76.66748,143.710312,84.7,2024-11-12 21:07:45
VH_00590,BMW X5,80.5,124.1,-30.480982,-17.864583,77.7,2024-11-14 08:44:47
VH_00591,BMW X5,105.7,26.6,-38.082523,-100.432246,81.1,2024-11-18 14:36:15
VH_00592,Ford F-150,78.4,128.9,12.175187,-70.293109,91.4,2024-11-15 07:33:34
VH_00593,BMW X5,108.3,23.1,19.340896,129.293145,77.7,2024-11-12 01:32:37
VH_00594,Mercedes EQS,72.7,54.5,15.162259,-86.608378,91.6,2024-11-26 02:08:11
VH_00595,Chevrolet Bolt,97.1,30.7,-28.041562,-123.884331,95.6,2024-11-16 06:10:53
VH_00596,Tesla Model 3,82.7,166.7,26.707771,133.481614,84.5,2024-11-24 11:53:56
VH_00597,Chevrolet Bolt,60.9,170.5,-28.373941,-68.649018,76.7,2024-11-14 12:15:40
VH_00598,Tesla Model 3,103.7,21.5,-54.550403,-0.435512,87.1,2024-11-01 14:12:53
VH_00599,Toyota Camry,110.7,141.0,4.3413,-97.786325,76.1,2024-11-02 14:15:43
VH_00600,Ford F-150,65.9,59.3,-77.904409,19.182413,86.0,2024-11-27 02:29:59
VH_00601,BMW X5,118.2,10.1,12.006389,-90.730099,77.7,2024-11-09 20:50:34
VH_00602,Toyota Camry,99.0,44.1,34.134741,-15.816222,71.2,2024-11-30 13:41:48
VH_00603,BMW X5,76.6,133.8,42.000705,150.28806,97.2,2024-11-07 10:25:50
VH_00604,Mercedes EQS,63.7,41.0,15.42193,29.257358,83.9,2024-11-27 01:34:22
VH_00605,Mercedes EQS,63.1,142.2,-76.850182,-7.812344,83.3,2024-11-24 02:37:18
VH_00606,Ford F-150,92.5,38.7,-2.29848,24.958537,87.5,2024-11-06 09:56:05
VH_00607,Hyundai Ioniq,86.6,115.7,16.008758,48.575719,92.7,2024-11-01 00:34:36
VH_00608,Ford F-150,84.4,48.7,23.603075,-61.689816,84.5,2024-11-14 18:35:57
VH_00609,Honda Civic,78.0,156.1,-45.17604,-80.896195,86.8,2024-11-15 23:46:57
VH_00610,Toyota Camry,66.7,136.2,-57.207549,-177.653777,96.8,2024-11-25 17:39:58
VH_00611,Tesla Model 3,69.8,11.8,-12.237315,-70.329247,97.8,2024-11-22 12:21:48
VH_00612,Toyota Camry,101.2,148.1,-55.152809,-140.863787,77.0,2024-11-15 21:54:51
VH_00613,BMW X5,79.2,95.5,-71.474919,-71.977889,88.3,2024-11-28 17:16:22
VH_00614,Ford F-150,79.4,34.5,-18.676802,-118.160175,74.7,2024-11-08 15:04:22
VH_00615,Tesla Model 3,91.0,85.3,17.141336,-29.912701,91.8,2024-11-12 02:28:56
VH_00616,Mercedes EQS,88.3,154.1,-35.348738,-127.80485,80.0,2024-11-18 04:21:44
VH_00617,Toyota Camry,78.9,55.4,11.391553,94.570289,70.2,2024-11-20 14:47:19
VH_00618,Chevrolet Bolt,84.5,116.2,-64.812549,-15.519702,78.2,2024-11-10 19:35:43
VH_00619,Mercedes EQS,103.0,53.1,-22.774466,-64.135514,93.7,2024-11-16 19:27:02
VH_00620,Toyota Camry,104.3,143.5,21.160051,-21.562866,78.2,2024-11-04 14:42:49
VH_00621,Tesla Model 3,79.5,86.3,39.827516,-10.846167,99.1,2024-11-03 05:35:37
VH_00622,Ford F-150,83.4,172.8,37.167958,-90.055395,99.6,2024-11-29 10:52:21
VH_00623,Toyota Camry,66.1,115.1,-40.31168,-46.998422,97.7,2024-11-06 09:21:36
VH_00624,Ford F-150,112.9,13.3,85.892176,83.681647,94.7,2024-11-08 07:15:05
VH_00625,Toyota Camry,94.4,101.1,-11.112984,-61.976839,86.4,2024-11-13 15:45:35
VH_00626,Tesla Model 3,109.0,124.1,-64.715838,97.166117,96.1,2024-11-16 05:47:28
VH_00627,Ford F-150,81.7,139.1,44.509176,-102.667386,79.6,2024-11-12 01:16:08
VH_00628,Tesla Model 3,80.0,122.0,36.730856,-88.0712,92.4,2024-11-02 02:57:29
VH_00629,Toyota Camry,98.5,76.9,55.091666,107.31492,95.0,2024-11-03 22:14:19
VH_00630,Tesla Model 3,90.7,2.9,-11.302755,-168.449754,85.1,2024-11-16 21:03:51
VH_00631,Ford F-150,89.5,103.5,24.187292,84.396171,87.0,2024-11-28 02:27:20
VH_00632,BMW X5,91.9,143.7,62.333882,-148.417108,97.7,2024-11-30 14:44:17
VH_00633,Tesla Model 3,71.5,13.2,33.111566,114.392077,84.0,2024-11-08 09:19:55
VH_00634,Toyota Camry,64.4,116.6,-28.834251,9.977028,90.8,2024-11-21 23:46:45
VH_00635,Toyota Camry,84.1,52.9,22.264154,-39.618901,70.3,2024-11-16 15:36:17
VH_00636,Chevrolet Bolt,75.5,40.1,31.416896,-62.41706,83.7,2024-11-10 17:24:11
VH_00637,BMW X5,94.5,63.8,68.456113,132.207524,74.6,2024-11-08 04:45:47
VH_00638,Tesla Model 3,70.9,4.7,18.345864,124.091394,93.4,2024-11-27 05:14:03
VH_00639,Honda Civic,64.2,156.7,77.12379,56.940136,76.1,2024-11-08 22:14:43
VH_00640,Ford F-150,76.3,168.5,-50.897554,-52.075885,74.1,2024-11-22 08:13:07
VH_00641,Toyota Camry,116.9,4.6,66.155902,127.50772,76.3,2024-11-03 09:20:19
VH_00642,Honda Civic,84.0,37.0,-21.50912,113.21979,72.8,2024-11-09 12:00:09
VH_00643,Tesla Model 3,94.7,93.0,-60.681061,-104.530331,98.2,2024-11-30 08:41:58
VH_00644,Toyota Camry,119.7,74.7,-52.141057,-147.315248,85.2,2024-11-24 04:53:09
VH_00645,Tesla Model 3,66.7,82.3,-88.693993,109.228202,82.0,2024-11-05 20:35:07
VH_00646,Tesla Model 3,116.7,150.6,-11.853201,125.210937,79.0,2024-11-05 02:23:35
VH_00647,BMW X5,108.6,157.7,-87.146995,167.124408,91.9,2024-11-16 16:38:16
VH_00648,Ford F-150,110.8,31.9,-88.330689,6.703927,74.2,2024-11-23 19:22:17
VH_00649,Hyundai Ioniq,63.7,144.4,65.942111,57.942788,81.2,2024-11-21 03:21:57
VH_00650,Ford F-150,85.2,31.4,3.347943,-125.50302,94.3,2024-11-09 19:35:47
VH_00651,Tesla Model 3,115.5,141.6,-84.603577,-106.532317,82.1,2024-11-19 02:47:27
VH_00652,Chevrolet Bolt,75.9,57.8,50.988402,-60.630463,96.7,2024-11-02 15:52:20
VH_00653,Toyota Camry,68.7,73.4,7.105486,94.500826,91.7,2024-11-09 05:45:42
VH_00654,Toyota Camry,60.9,161.5,-73.417698,175.748943,73.4,2024-11-24 02:13:05
VH_00655,Honda Civic,84.9,161.7,-10.725151,128.489642,94.3,2024-11-01 00:50:26
VH_00656,Toyota Camry,88.2,162.5,-66.92425,56.294738,81.0,2024-11-30 18:54:25
VH_00657,Chevrolet Bolt,65.8,88.7,59.596084,25.646232,73.8,2024-11-25 23:42:31
VH_00658,Tesla Model 3,116.5,40.6,-75.205983,-145.875892,82.1,2024-11-30 20:32:38
VH_00659,Tesla Model 3,73.6,33.2,28.686485,-61.694727,99.2,2024-11-29 16:18:50
VH_00660,Tesla Model 3,94.6,159.0,46.780851,-132.585445,82.7,2024-11-08 01:11:41
VH_00661,Chevrolet Bolt,116.1,6.2,73.082615,-41.389195,71.4,2024-11-10 14:33:56
VH_00662,Mercedes EQS,60.9,114.2,60.368237,-94.381442,81.9,2024-11-01 13:38:45
VH_00663,Chevrolet Bolt,89.0,61.9,23.168326,114.116216,87.3,2024-11-22 22:44:22
VH_00664,Honda Civic,87.2,47.3,-10.824661,88.185755,89.7,2024-11-25 23:25:31
VH_00665,Tesla Model 3,80.2,160.7,-44.048804,110.51586,84.6,2024-11-27 15:30:56
VH_00666,Honda Civic,65.8,154.1,47.388478,-85.369195,93.5,2024-11-21 16:55:31
VH_00667,Tesla Model 3,117.9,22.7,-49.11749,-15.323962,73.3,2024-11-27 17:20:16
VH_00668,Tesla Model 3,67.6,62.6,-8.538332,19.187475,98.2,2024-11-25 12:02:44
VH_00669,Chevrolet Bolt,109.2,159.4,1.962831,-128.984967,90.4,2024-11-01 19:28:45
VH_00670,Mercedes EQS,104.7,94.6,50.388785,22.637881,85.9,2024-11-03 06:45:12
VH_00671,Toyota Camry,81.8,41.5,80.48943,11.113227,81.2,2024-11-05 20:40:09
VH_00672,Honda Civic,98.1,154.6,-49.273651,155.033595,91.5,2024-11-27 06:06:10
VH_00673,Tesla Model 3,96.6,154.5,-39.884152,165.260435,98.5,2024-11-15 09:26:36
VH_00674,Tesla Model 3,91.3,75.8,-4.221751,-64.108338,91.6,2024-11-15 13:31:02
VH_00675,Chevrolet Bolt,,45.2,10.036328,-67.822074,97.7,2024-11-30 18:20:00
VH_00676,Tesla Model 3,64.0,135.9,-64.745411,-6.864436,74.8,2024-11-12 18:29:23
VH_00677,Ford F-150,69.6,75.4,16.454953,-90.513611,80.5,2024-11-11 23:39:52
VH_00678,Toyota Camry,76.6,160.7,-67.775144,86.275795,98.3,2024-11-08 08:54:49
VH_00679,Chevrolet Bolt,68.5,49.6,-31.0555,49.232379,85.6,2024-11-26 10:47:05
VH_00680,Toyota Camry,97.7,84.8,28.875858,-72.424002,73.7,2024-11-30 14:44:35
VH_00681,Tesla Model 3,64.2,176.2,73.89111,-57.104211,78.2,2024-11-02 23:44:07
VH_00682,Honda Civic,113.5,20.3,-6.025377,30.592287,96.3,2024-11-24 15:45:01
VH_00683,Toyota Camry,73.5,18.5,89.568955,37.193785,88.0,2024-11-18 14:24:02
VH_00684,Mercedes EQS,111.0,89.0,36.287828,-24.308167,71.7,2024-11-06 02:33:19
VH_00685,BMW X5,76.8,130.3,-40.344186,-89.39851,85.2,2024-11-21 08:55:20
VH_00686,Tesla Model 3,75.1,64.2,-87.6733,76.714423,84.6,2024-11-29 10:29:16
VH_00687,BMW X5,95.5,119.8,-71.286218,101.131894,91.3,2024-11-28 05:13:43
VH_00688,Toyota Camry,93.9,109.2,66.670823,60.320532,71.3,2024-11-06 05:35:36
VH_00689,Mercedes EQS,107.6,171.7,13.612594,-137.709589,92.9,2024-11-18 12:14:48
VH_00690,Honda Civic,102.6,108.7,56.751037,78.58404,71.2,2024-11-22 08:55:21
VH_00691,Tesla Model 3,94.4,94.1,79.23546,112.737842,88.8,2024-11-21 23:04:49
VH_00692,Chevrolet Bolt,61.5,102.0,-85.654004,160.541913,73.0,2024-11-21 00:10:56
VH_00693,BMW X5,103.7,152.9,-44.367439,114.612636,80.3,2024-11-13 01:45:27
VH_00694,Tesla Model 3,107.0,58.4,35.838797,48.530638,93.1,2024-11-08 19:06:12
VH_00695,Toyota Camry,106.2,98.5,-32.061393,-35.524486,80.5,2024-11-09 08:27:43
VH_00696,Mercedes EQS,111.4,60.1,20.952491,86.349357,95.1,2024-11-12 01:08:21
VH_00697,Mercedes EQS,78.4,164.6,-73.722153,-33.816505,88.7,2024-11-10 00:55:46
VH_00698,Chevrolet Bolt,72.1,154.1,-2.620687,-58.679551,83.1,2024-11-18 13:08:06
VH_00699,Honda Civic,117.6,58.1,-69.933492,29.464861,97.3,2024-11-28 05:00:45
VH_00700,Ford F-150,93.6,32.0,21.324776,-152.663274,72.8,2024-11-30 00:41:05
VH_00701,Ford F-150,99.8,153.4,-63.76222,-57.540978,80.6,2024-11-07 10:59:37
VH_00702,Honda Civic,66.2,172.1,56.623155,139.482397,78.8,2024-11-28 16:13:21
VH_00703,Toyota Camry,79.4,40.5,58.704126,-91.474707,74.7,2024-11-14 06:59:11
VH_00704,Tesla Model 3,73.5,125.1,-50.584471,135.048943,83.2,2024-11-11 11:37:15
VH_00705,Chevrolet Bolt,77.8,173.6,64.355642,-6.021616,83.2,2024-11-28 00:09:45
VH_00706,Toyota Camry,94.1,74.2,62.62286,29.122421,88.8,2024-11-19 19:00:30
VH_00707,Chevrolet Bolt,102.4,176.7,54.616695,-85.119357,81.1,2024-11-12 09:27:07
VH_00708,Mercedes EQS,81.4,172.5,-65.791296,129.580092,99.6,2024-11-12 23:39:14
VH_00709,Toyota Camry,94.7,17.4,75.146302,174.78152,91.3,2024-11-26 23:44:22
VH_00710,Toyota Camry,108.4,108.7,39.619124,78.323233,89.3,2024-11-27 21:32:29
VH_00711,Tesla Model 3,73.4,48.4,60.590414,-14.314006,83.1,2024-11-29 16:38:17
VH_00712,Toyota Camry,117.2,30.8,10.792571,21.238575,71.7,2024-11-17 20:59:13
VH_00713,BMW X5,102.4,11.5,-26.205791,163.70433,78.3,2024-11-13 05:36:55
VH_00714,Toyota Camry,103.7,128.5,-1.654233,73.518415,98.3,2024-11-20 05:39:36
VH_00715,Toyota Camry,87.1,96.9,31.440172,-61.008032,87.1,2024-11-25 15:48:37
VH_00716,Ford F-150,68.7,97.1,32.637911,-66.794907,70.2,2024-11-30 14:13:44
VH_00717,Tesla Model 3,105.3,105.7,49.431766,-154.435178,71.9,2024-11-21 02:00:31
VH_00718,Ford F-150,104.0,44.8,18.274584,93.175561,75.4,2024-11-09 19:09:27
VH_00719,Toyota Camry,115.7,131.2,-30.27778,-146.101886,82.1,2024-11-19 19:24:47
VH_00720,Chevrolet Bolt,82.9,85.4,62.507798,-114.123745,79.3,2024-11-09 14:41:55
VH_00721,Mercedes EQS,112.7,89.9,-56.778052,-35.486008,76.8,2024-11-04 23:02:02
VH_00722,Chevrolet Bolt,105.1,94.3,-86.327863,38.217394,99.5,2024-11-03 20:54:37
VH_00723,Ford F-150,65.7,0.3,87.32317,-175.471747,79.8,2024-11-15 20:49:23
VH_00724,Chevrolet Bolt,114.3,101.4,64.684552,164.056212,75.7,2024-11-25 04:26:47
VH_00725,Tesla Model 3,73.1,62.1,66.977477,148.541267,88.0,2024-11-28 20:44:27
VH_00726,Tesla Model 3,86.4,152.3,48.95705,2.638342,94.4,2024-11-22 14:35:11
VH_00727,Chevrolet Bolt,62.3,96.8,82.445647,158.653444,94.2,2024-11-16 03:06:59
VH_00728,Toyota Camry,66.5,122.9,16.219139,-119.741289,73.0,2024-11-10 09:02:50
VH_00729,Tesla Model 3,119.8,165.6,78.807287,154.298329,86.4,2024-11-19 21:02:17
VH_00730,Tesla Model 3,116.6,120.4,-78.216555,-91.360018,74.2,2024-11-24 19:47:10
VH_00731,Tesla Model 3,84.3,64.5,74.98989,151.604873,94.3,2024-11-29 16:43:12
VH_00732,Chevrolet Bolt,91.2,119.4,-32.300449,9.841496,87.3,2024-11-26 19:44:18
VH_00733,Ford F-150,105.4,115.8,-39.13892,-131.228759,92.9,2024-11-15 05:19:19
VH_00734,Mercedes EQS,85.6,78.3,-75.17,-171.419706,73.1,2024-11-28 05:54:25
VH_00735,Toyota Camry,83.3,89.6,51.544794,-76.610183,90.5,2024-11-03 16:12:51
VH_00736,Ford F-150,62.5,170.4,-34.71843,31.489149,97.0,2024-11-27 08:23:33
VH_00737,Toyota Camry,78.8,8.6,-84.966642,168.036552,81.5,2024-11-18 01:50:11
VH_00738,Ford F-150,63.1,148.6,67.266937,85.874431,85.7,2024-11-09 15:43:22
VH_00739,Tesla Model 3,100.9,8.0,-51.391231,-15.395848,75.6,2024-11-11 18:08:39
VH_00740,Tesla Model 3,64.4,36.6,-52.787351,50.551611,70.5,2024-11-19 12:27:59
VH_00741,Chevrolet Bolt,101.4,166.4,-89.147019,-93.460541,94.4,2024-11-17 01:21:08
VH_00742,Mercedes EQS,119.2,148.8,-23.07892,121.603432,71.3,2024-11-07 21:03:24
VH_00743,Ford F-150,97.3,46.5,75.992,64.942459,91.3,2024-11-16 00:52:20
VH_00744,Chevrolet Bolt,112.7,132.6,-40.929311,68.501253,82.5,2024-11-21 01:55:31
VH_00745,Tesla Model 3,110.6,34.1,50.260562,-88.766826,70.3,2024-11-20 04:45:15
VH_00746,Ford F-150,106.0,23.2,34.109887,-154.611232,73.4,2024-11-08 17:09:34
VH_00747,Toyota Camry,89.3,33.0,-31.071858,159.661125,77.7,2024-11-20 07:56:30
VH_00748,Toyota Camry,77.2,154.0,-42.930146,93.956143,81.8,2024-11-10 19:29:38
VH_00749,Toyota Camry,93.3,89.6,-67.119295,178.401047,84.1,2024-11-06 07:23:41
VH_00750,Tesla Model 3,62.3,69.9,-74.950555,69.702045,72.0,2024-11-22 03:55:01
VH_00751,Honda Civic,86.3,25.7,17.460266,-165.221314,98.0,2024-11-10 04:09:55
VH_00752,Tesla Model 3,103.5,7.9,-87.441995,-125.024209,95.8,2024-11-13 04:12:20
VH_00753,Hyundai Ioniq,81.0,36.1,25.944331,-39.127729,74.6,2024-11-15 03:58:41
VH_00754,Honda Civic,73.5,112.9,-29.540047,79.62519,70.8,2024-11-22 09:15:18
VH_00755,Hyundai Ioniq,74.7,95.1,10.233564,-128.389158,98.9,2024-11-03 18:04:32
VH_00756,Tesla Model 3,63.9,93.2,-86.856874,79.373686,91.7,2024-11-16 14:45:24
VH_00757,Tesla Model 3,68.6,18.7,-47.940846,-42.76318,86.9,2024-11-19 19:30:07
VH_00758,Mercedes EQS,67.2,40.4,23.091587,22.909953,72.2,2024-11-24 03:04:44
VH_00759,Toyota Camry,98.7,50.8,20.888836,-18.118365,92.4,2024-11-24 19:32:47
VH_00760,BMW X5,80.7,177.8,-8.102829,150.993548,74.6,2024-11-27 01:00:53
VH_00761,Chevrolet Bolt,73.4,51.6,41.576136,166.694288,81.7,2024-11-13 11:40:20
VH_00762,Tesla Model 3,82.1,3.8,54.981086,-128.165841,83.8,2024-11-27 06:53:29
VH_00763,Honda Civic,119.2,22.5,22.769984,-105.083668,82.2,2024-11-21 06:41:08
VH_00764,Tesla Model 3,87.1,171.4,-6.566912,-58.39152,90.0,2024-11-07 11:05:23
VH_00765,Chevrolet Bolt,72.4,39.1,-55.626286,-109.943302,96.2,2024-11-18 15:24:32
VH_00766,Toyota Camry,92.9,137.5,-16.522544,51.840017,76.4,2024-11-07 20:39:47
VH_00767,Mercedes EQS,92.6,81.4,72.841691,164.063824,96.1,2024-11-21 00:09:07
VH_00768,Ford F-150,73.0,99.3,-61.790518,-41.65542,85.5,2024-11-09 18:04:56
VH_00769,Toyota Camry,61.4,37.2,12.130723,-117.957316,99.5,2024-11-28 08:21:59
VH_00770,Tesla Model 3,98.5,103.5,54.150625,-125.754027,79.5,2024-11-12 22:15:34
VH_00771,Tesla Model 3,67.8,167.6,-33.081371,155.887278,88.4,2024-11-02 17:07:45
VH_00772,Ford F-150,107.2,15.4,-88.439637,130.409737,71.6,2024-11-05 08:47:44
VH_00773,Tesla Model 3,114.1,36.5,-62.891471,-103.315732,95.2,2024-11-18 14:51:20
VH_00774,Tesla Model 3,78.9,162.8,-9.608935,-58.096522,75.3,2024-11-15 17:18:02
VH_00775,Mercedes EQS,93.7,162.1,-62.636959,-30.533087,86.0,2024-11-20 21:18:42
VH_00776,Tesla Model 3,93.1,84.5,86.994544,68.386936,97.1,2024-11-06 12:04:28
VH_00777,Tesla Model 3,68.8,80.1,46.021232,-131.184453,81.4,2024-11-19 09:59:52
VH_00778,Toyota Camry,106.0,105.5,87.799149,-49.541677,83.2,2024-11-28 18:19:25
VH_00779,Toyota Camry,113.6,174.7,80.388734,24.041882,96.6,2024-11-05 03:02:39
VH_00780,Tesla Model 3,64.1,24.3,-35.981183,-38.298329,74.5,2024-11-10 13:40:30
VH_00781,Honda Civic,79.2,128.1,80.777119,-150.09383,88.1,2024-11-25 00:25:31
VH_00782,Ford F-150,,160.4,-14.807041,-119.138343,95.5,2024-11-10 07:43:23
VH_00783,Ford F-150,118.9,162.8,-85.780018,-65.315682,75.0,2024-11-12 14:13:36
VH_00784,Tesla Model 3,75.8,179.3,-29.246791,-81.778842,99.9,2024-11-23 05:42:38
VH_00785,Toyota Camry,80.0,5.6,66.967205,153.556256,70.3,2024-11-28 20:21:13
VH_00786,Chevrolet Bolt,,68.5,72.816268,-43.193904,71.1,2024-11-14 02:54:11
VH_00787,Honda Civic,80.1,144.6,63.652799,102.283328,82.2,2024-11-17 14:36:31
VH_00788,Toyota Camry,80.8,47.1,-55.277382,-78.609191,72.5,2024-11-22 20:08:29
VH_00789,Tesla Model 3,65.1,119.9,-32.649494,3.164862,73.4,2024-11-07 05:44:36
VH_00790,Chevrolet Bolt,66.4,13.4,-22.790108,-124.557794,94.0,2024-11-05 05:48:47
VH_00791,BMW X5,60.6,2.4,55.257524,133.257454,88.5,2024-11-08 14:02:13
VH_00792,Ford F-150,117.9,174.4,23.580525,-60.87577,89.9,2024-11-30 17:41:24
VH_00793,BMW X5,102.2,35.9,44.291535,-150.783984,72.8,2024-11-05 10:42:19
VH_00794,Honda Civic,,142.5,-48.046366,-162.000493,72.4,2024-11-16 13:17:55
VH_00795,Ford F-150,71.6,147.2,37.482773,-1.691863,91.2,2024-11-23 18:40:11
VH_00796,Chevrolet Bolt,100.6,155.7,-78.972058,-113.425975,70.2,2024-11-09 12:52:52
VH_00797,Toyota Camry,75.8,158.1,13.578135,-111.835588,73.7,2024-11-04 16:17:23
VH_00798,Honda Civic,110.9,136.1,-49.011202,-37.91953,95.1,2024-11-15 09:42:11
VH_00799,Mercedes EQS,90.4,51.4,-13.225805,116.808685,92.1,2024-11-26 18:08:11
VH_00800,Toyota Camry,,160.3,33.035585,-78.678311,74.8,2024-11-03 23:47:31
VH_00801,Toyota Camry,80.7,131.9,21.57217,114.373264,72.4,2024-11-22 15:32:54
VH_00802,Ford F-150,,134.0,-74.118297,31.729904,97.5,2024-11-18 13:09:16
VH_00803,Ford F-150,96.3,172.7,12.456203,81.773614,79.6,2024-11-18 09:13:52
VH_00804,Ford F-150,88.8,89.9,47.414246,-67.149117,100.0,2024-11-10 05:41:53
VH_00805,BMW X5,70.2,124.4,-16.248168,136.790875,79.7,2024-11-20 13:48:38
VH_00806,Tesla Model 3,113.9,81.4,-64.42508,90.19875,82.6,2024-11-02 04:31:15
VH_00807,Tesla Model 3,107.3,68.7,66.645091,-126.221786,81.0,2024-11-22 02:05:27
VH_00808,Ford F-150,99.7,31.1,16.728689,-113.792537,72.8,2024-11-19 23:53:16
VH_00809,Tesla Model 3,76.3,35.6,-0.481962,-123.006118,94.9,2024-11-27 16:00:51
VH_00810,Tesla Model 3,71.4,109.2,-0.15536,-23.361274,95.5,2024-11-24 15:47:41
VH_00811,Tesla Model 3,63.6,173.1,-77.956906,-63.6183,84.3,2024-11-15 01:05:03
VH_00812,Tesla Model 3,91.1,89.0,-51.047307,-3.417526,98.7,2024-11-08 16:47:06
VH_00813,Tesla Model 3,78.6,111.3,20.092817,35.681695,85.9,2024-11-17 13:24:25
VH_00814,Honda Civic,108.4,155.5,-23.477843,169.355054,71.9,2024-11-22 16:53:01
VH_00815,Chevrolet Bolt,74.8,170.0,33.89072,147.652605,97.1,2024-11-24 02:47:55
VH_00816,Chevrolet Bolt,93.3,103.9,-30.40907,-110.024002,73.8,2024-11-16 14:57:44
VH_00817,Mercedes EQS,94.3,164.0,37.458879,39.379362,94.4,2024-11-13 02:13:17
VH_00818,Tesla Model 3,88.2,3.5,1.972884,-145.590243,92.5,2024-11-16 14:45:18
VH_00819,Ford F-150,89.5,108.5,70.363903,164.978188,78.0,2024-11-22 19:41:16
VH_00820,Tesla Model 3,71.6,138.6,38.143371,-49.038316,93.3,2024-11-23 23:57:18
VH_00821,Tesla Model 3,98.0,58.9,58.47062,-6.280876,74.4,2024-11-14 05:47:08
VH_00822,Mercedes EQS,89.1,56.6,68.97843,-107.978998,94.3,2024-11-10 03:15:47
VH_00823,Honda Civic,95.9,21.7,42.015585,84.778157,75.8,2024-11-25 11:21:11
VH_00824,Ford F-150,107.4,76.1,57.345576,-176.070955,77.8,2024-11-07 23:50:29
VH_00825,Ford F-150,61.7,115.9,-14.143819,-47.292606,93.3,2024-11-08 03:59:01
VH_00826,Chevrolet Bolt,82.9,28.3,-10.05493,-66.928676,98.1,2024-11-23 03:12:44
VH_00827,Mercedes EQS,102.4,81.6,-60.677803,-133.727154,98.7,2024-11-07 00:22:16
VH_00828,Toyota Camry,79.6,85.9,-64.484489,119.449563,81.3,2024-11-02 05:40:09
VH_00829,Ford F-150,98.8,71.2,-31.210116,120.986396,71.0,2024-11-14 17:36:46
VH_00830,Tesla Model 3,105.4,7.1,2.107507,80.199602,91.4,2024-11-25 02:40:12
VH_00831,Chevrolet Bolt,64.1,27.3,4.100505,158.444204,77.1,2024-11-18 11:47:58
VH_00832,Ford F-150,80.3,74.3,45.153125,-2.715947,86.4,2024-11-26 11:17:44
VH_00833,Ford F-150,107.4,125.0,8.657554,-147.78946,76.2,2024-11-08 17:19:07
VH_00834,Ford F-150,114.7,46.9,-46.932232,52.113089,86.7,2024-11-03 13:08:50
VH_00835,Mercedes EQS,101.8,86.2,-82.408342,93.069987,98.5,2024-11-07 16:24:02
VH_00836,Toyota Camry,79.4,136.1,30.647341,-173.067937,93.0,2024-11-24 21:29:10
VH_00837,Toyota Camry,102.9,74.7,-77.766923,-107.955215,71.1,2024-11-12 03:23:37
VH_00838,Tesla Model 3,60.4,126.3,14.684979,-47.477437,97.0,2024-11-08 23:16:57
VH_00839,Hyundai Ioniq,69.1,1.3,22.982363,44.205066,78.0,2024-11-19 04:05:30
VH_00840,Hyundai Ioniq,69.6,36.3,19.371332,-59.585133,79.8,2024-11-13 15:19:12
VH_00841,Tesla Model 3,99.0,81.3,-9.80218,168.384519,90.2,2024-11-20 16:39:50
VH_00842,BMW X5,66.8,69.7,-70.788668,155.910075,76.2,2024-11-28 16:20:21
VH_00843,Tesla Model 3,77.9,124.2,-51.418363,33.572942,79.1,2024-11-23 12:20:33
VH_00844,Tesla Model 3,97.6,102.0,69.188477,-89.160272,85.3,2024-11-16 01:03:41
VH_00845,Chevrolet Bolt,,149.3,64.864442,-105.713028,98.4,2024-11-19 20:43:07
VH_00846,Honda Civic,87.5,70.3,45.694556,151.494822,84.4,2024-11-29 23:15:10
VH_00847,Ford F-150,119.2,154.3,-45.26668,41.893313,96.5,2024-11-02 12:21:02
VH_00848,Chevrolet Bolt,111.4,170.4,77.428697,-70.759242,81.4,2024-11-28 13:53:49
VH_00849,Ford F-150,65.8,66.2,26.238981,169.538471,92.3,2024-11-19 02:22:04
VH_00850,Tesla Model 3,85.0,4.0,48.679863,143.467812,79.1,2024-11-13 18:05:51
VH_00851,Tesla Model 3,115.9,177.0,74.621892,-136.682992,89.1,2024-11-02 11:22:50
VH_00852,Tesla Model 3,115.9,31.4,-69.734382,80.931251,83.7,2024-11-29 03:29:21
VH_00853,Honda Civic,76.4,4.1,11.381517,-157.217816,90.8,2024-11-11 11:02:50
VH_00854,Honda Civic,100.7,5.4,-0.463782,118.962438,82.4,2024-11-01 15:27:34
VH_00855,Toyota Camry,62.6,11.3,48.515949,-78.903748,78.4,2024-11-24 06:16:29
VH_00856,Tesla Model 3,76.0,120.8,83.37413,-112.294867,90.7,2024-11-01 02:16:12
VH_00857,BMW X5,62.6,101.4,64.259679,21.219983,91.1,2024-11-12 05:44:28
VH_00858,Honda Civic,104.6,51.6,-74.08512,-47.773025,94.6,2024-11-27 10:29:39
VH_00859,Toyota Camry,99.5,66.8,9.184331,-127.549549,92.1,2024-11-17 20:02:13
VH_00860,Chevrolet Bolt,94.8,67.0,87.032302,96.232784,74.4,2024-11-25 00:08:48
VH_00861,Toyota Camry,84.5,173.0,-74.439799,-88.84789,74.1,2024-11-18 09:52:45
VH_00862,Tesla Model 3,87.0,97.1,32.46078,140.306727,80.3,2024-11-08 00:59:45
VH_00863,Ford F-150,92.4,149.8,-61.302965,107.544797,74.2,2024-11-10 23:47:21
VH_00864,Mercedes EQS,83.8,148.2,68.530143,176.581416,86.3,2024-11-26 05:20:29
VH_00865,Tesla Model 3,60.2,168.2,29.634649,-120.707316,76.8,2024-11-17 06:11:11
VH_00866,Hyundai Ioniq,79.5,150.6,-22.802017,157.294104,85.7,2024-11-20 01:38:41
VH_00867,Ford F-150,81.1,73.4,45.281793,-141.686414,89.2,2024-11-23 00:32:43
VH_00868,Chevrolet Bolt,101.6,135.6,38.91634,141.546073,99.1,2024-11-06 05:35:49
VH_00869,Chevrolet Bolt,115.0,125.1,-34.819933,92.088205,79.1,2024-11-11 03:47:13
VH_00870,Ford F-150,65.8,146.6,-85.76899,-168.80492,73.6,2024-11-10 00:22:21
VH_00871,Honda Civic,100.8,12.1,-8.532115,-137.176944,98.3,2024-11-20 13:31:47
VH_00872,Hyundai Ioniq,,107.6,-28.229474,-45.030263,79.1,2024-11-29 15:02:22
VH_00873,Ford F-150,98.1,106.8,32.241136,171.724846,85.0,2024-11-18 01:31:25
VH_00874,Tesla Model 3,102.0,155.0,-20.924051,14.046229,72.9,2024-11-29 12:02:59
VH_00875,Tesla Model 3,81.1,174.8,-1.744477,-170.161874,71.2,2024-11-24 15:55:06
VH_00876,Mercedes EQS,65.2,45.4,-73.431209,-91.659773,94.9,2024-11-05 13:31:28
VH_00877,Honda Civic,104.9,43.4,87.120044,-167.636826,79.3,2024-11-22 21:41:05
VH_00878,Chevrolet Bolt,84.6,1.9,-66.890852,130.578007,93.4,2024-11-25 13:52:33
VH_00879,Ford F-150,90.1,83.4,35.483589,-40.255881,97.7,2024-11-03 08:45:25
VH_00880,Tesla Model 3,67.1,93.0,-58.694638,-17.378664,95.6,2024-11-02 22:23:22
VH_00881,Tesla Model 3,79.9,19.7,-62.136686,121.454796,76.0,2024-11-24 14:31:09
VH_00882,Chevrolet Bolt,83.2,134.0,27.696876,-116.412622,81.3,2024-11-15 16:10:40
VH_00883,Honda Civic,80.4,122.9,62.196915,-97.656291,83.3,2024-11-06 15:15:14
VH_00884,Chevrolet Bolt,68.4,133.3,80.401037,22.597472,83.1,2024-11-18 19:12:29
VH_00885,Tesla Model 3,85.8,127.5,71.584104,-47.416213,86.3,2024-11-21 07:43:58
VH_00886,Hyundai Ioniq,76.7,100.3,-13.994058,-156.536878,77.9,2024-11-18 08:41:01
VH_00887,Toyota Camry,90.4,43.8,77.016197,-130.490182,70.7,2024-11-05 04:38:13
VH_00888,Ford F-150,99.9,80.3,89.373679,-45.605928,77.9,2024-11-04 05:50:58
VH_00889,Chevrolet Bolt,99.4,104.8,-69.147031,-165.687925,76.1,2024-11-15 13:55:30
VH_00890,Ford F-150,102.1,2.0,-79.201082,103.711353,73.4,2024-11-13 21:46:53
VH_00891,Ford F-150,60.5,158.5,-65.328877,151.463397,95.8,2024-11-11 08:48:59
VH_00892,Toyota Camry,88.5,86.2,-72.171537,-40.371286,89.0,2024-11-27 06:46:48
VH_00893,Ford F-150,64.3,120.1,64.412214,-127.655058,92.8,2024-11-24 04:32:50
VH_00894,Hyundai Ioniq,119.2,101.9,-45.527792,91.228949,95.2,2024-11-18 13:26:14
VH_00895,Honda Civic,109.7,73.2,45.426771,-164.552794,79.6,2024-11-20 03:46:33
VH_00896,Ford F-150,100.3,167.5,-19.660279,38.317144,96.0,2024-11-07 04:20:45
VH_00897,Toyota Camry,117.0,91.7,-16.824271,133.87363,89.1,2024-11-12 17:10:55
VH_00898,Toyota Camry,77.3,139.2,-12.106525,-168.870956,72.0,2024-11-05 02:50:55
VH_00899,Tesla Model 3,106.6,139.1,-82.809261,-80.139804,78.4,2024-11-17 13:51:21
VH_00900,Ford F-150,92.1,58.9,-34.534465,161.458539,85.3,2024-11-19 17:49:54
VH_00901,Honda Civic,110.4,106.1,10.833783,65.586165,88.0,2024-11-28 20:44:40
VH_00902,Honda Civic,80.2,124.5,85.540797,11.786081,88.5,2024-11-04 01:19:25
VH_00903,Toyota Camry,76.1,48.8,-37.989547,4.866448,79.4,2024-11-16 17:40:43
VH_00904,Tesla Model 3,94.0,62.7,-34.857426,117.264677,85.5,2024-11-20 23:28:40
VH_00905,Tesla Model 3,95.9,120.5,-56.096499,40.699343,93.6,2024-11-15 07:43:03
VH_00906,BMW X5,101.2,128.3,9.522575,-106.392785,83.9,2024-11-26 05:58:30
VH_00907,Tesla Model 3,103.5,157.7,24.947165,-105.935823,93.7,2024-11-17 09:04:01
VH_00908,BMW X5,98.8,89.5,-45.785914,-5.636406,78.1,2024-11-28 13:59:19
VH_00909,Honda Civic,80.5,45.9,-77.030956,-135.20546,81.3,2024-11-27 17:35:33
VH_00910,Toyota Camry,60.2,34.0,78.14196,154.010056,83.6,2024-11-27 17:32:49
VH_00911,BMW X5,76.6,102.1,-54.145797,-161.642506,82.8,2024-11-24 18:22:41
VH_00912,Mercedes EQS,88.6,69.6,-68.499941,-114.802298,80.8,2024-11-03 15:29:58
VH_00913,Tesla Model 3,64.2,19.3,6.340075,-134.128039,72.9,2024-11-21 13:08:17
VH_00914,BMW X5,113.5,102.0,-88.225902,-58.461878,88.7,2024-11-14 10:55:51
VH_00915,Hyundai Ioniq,74.4,39.7,18.659033,90.621562,97.8,2024-11-18 03:55:02
VH_00916,Tesla Model 3,69.1,99.7,-32.990797,-100.84597,94.2,2024-11-19 14:32:39
VH_00917,Tesla Model 3,97.0,171.8,-73.588005,86.564199,99.4,2024-11-14 02:15:26
VH_00918,Mercedes EQS,67.5,44.3,-16.847604,-92.871177,88.3,2024-11-09 10:11:32
VH_00919,BMW X5,76.8,0.6,30.809087,-23.330418,95.8,2024-11-19 18:32:31
VH_00920,Honda Civic,73.9,152.5,-16.463769,-20.112095,74.5,2024-11-19 15:56:47
VH_00921,Tesla Model 3,105.0,4.1,47.710051,-106.153644,90.2,2024-11-22 04:44:04
VH_00922,Hyundai Ioniq,91.4,58.0,-0.174213,41.62962,95.1,2024-11-30 10:41:11
VH_00923,Ford F-150,68.7,13.9,60.649155,65.98024,75.1,2024-11-20 14:42:05
VH_00924,Tesla Model 3,78.9,72.9,-45.222181,-75.355627,76.9,2024-11-30 03:33:29
VH_00925,Ford F-150,117.6,123.6,11.39564,52.371812,71.9,2024-11-02 01:29:28
VH_00926,Honda Civic,80.7,68.6,-1.627655,80.704256,97.3,2024-11-05 08:13:46
VH_00927,Honda Civic,80.9,48.4,74.087756,-86.450728,74.7,2024-11-11 15:18:46
VH_00928,Tesla Model 3,98.7,107.8,55.825588,124.524917,99.4,2024-11-18 16:45:25
VH_00929,Tesla Model 3,73.7,127.3,-61.424339,41.561984,86.6,2024-11-13 03:43:36
VH_00930,Tesla Model 3,115.9,81.6,-37.232494,129.060091,78.4,2024-11-10 00:43:44
VH_00931,Ford F-150,78.7,93.7,-48.273186,-146.782446,71.6,2024-11-09 12:59:22
VH_00932,Honda Civic,88.2,76.2,-59.773281,-173.814548,98.8,2024-11-30 06:07:11
VH_00933,Ford F-150,64.0,18.3,57.112157,-115.656985,73.7,2024-11-23 10:53:41
VH_00934,Honda Civic,82.1,32.2,6.058322,-112.749584,93.6,2024-11-16 19:12:33
VH_00935,Hyundai Ioniq,106.0,92.4,-86.270767,1.623509,71.7,2024-11-07 13:13:37
VH_00936,Hyundai Ioniq,88.1,152.4,-46.453398,39.228878,81.0,2024-11-14 13:22:52
VH_00937,Toyota Camry,87.3,127.8,38.417344,-121.648716,88.2,2024-11-03 01:15:08
VH_00938,Chevrolet Bolt,82.6,0.1,-7.060913,107.581699,90.3,2024-11-20 04:13:41
VH_00939,Toyota Camry,103.6,160.0,-6.008361,53.047171,85.6,2024-11-30 09:28:43
VH_00940,Honda Civic,110.3,72.9,-44.742633,157.273239,75.0,2024-11-25 06:13:25
VH_00941,Tesla Model 3,62.2,13.2,89.048626,123.100566,73.5,2024-11-21 00:29:45
VH_00942,BMW X5,78.0,4.3,-2.300113,90.112095,76.5,2024-11-08 03:27:56
VH_00943,Tesla Model 3,95.4,136.6,-64.827879,105.753789,81.9,2024-11-07 21:48:33
VH_00944,Mercedes EQS,,40.9,-10.975313,-4.7607,84.0,2024-11-23 14:00:09
VH_00945,BMW X5,72.3,23.5,82.731305,-91.668238,74.4,2024-11-05 22:00:19
VH_00946,Honda Civic,63.2,83.7,-20.419767,55.235527,83.0,2024-11-30 00:59:45
VH_00947,BMW X5,109.3,99.3,-82.705605,173.288686,95.4,2024-11-04 06:56:27
VH_00948,Hyundai Ioniq,71.6,166.0,-60.129829,177.155842,74.4,2024-11-28 06:17:59
VH_00949,Honda Civic,61.5,39.4,3.796386,-171.309655,82.1,2024-11-30 18:06:38
VH_00950,Ford F-150,97.3,51.3,-80.835057,6.119107,73.7,2024-11-22 06:46:13
VH_00951,Hyundai Ioniq,86.0,92.5,29.937603,17.276309,92.5,2024-11-25 13:28:18
VH_00952,Mercedes EQS,118.1,167.9,-21.973502,57.821854,83.2,2024-11-13 23:12:03
VH_00953,Tesla Model 3,105.7,35.3,21.037384,-80.726462,76.6,2024-11-03 03:16:45
VH_00954,BMW X5,117.2,35.0,12.473078,-29.667941,94.8,2024-11-08 08:40:51
VH_00955,BMW X5,94.1,178.3,-52.089123,176.76954,74.9,2024-11-02 19:38:42
VH_00956,Tesla Model 3,89.0,11.9,-5.704809,173.231017,97.7,2024-11-24 22:56:54
VH_00957,BMW X5,100.2,146.1,-28.307316,82.051882,81.2,2024-11-23 18:20:19
VH_00958,Hyundai Ioniq,75.5,100.5,70.050655,113.176954,79.9,2024-11-16 20:26:18
VH_00959,Tesla Model 3,100.1,150.4,16.160325,65.736515,94.2,2024-11-12 21:47:28
VH_00960,Tesla Model 3,61.3,87.0,-30.932348,3.18061,85.0,2024-11-20 15:31:12
VH_00961,BMW X5,95.5,144.3,-43.62439,116.664838,86.7,2024-11-11 15:05:53
VH_00962,Mercedes EQS,74.9,162.9,76.689294,71.057421,85.2,2024-11-21 00:45:58
VH_00963,BMW X5,85.2,59.6,-75.396744,-121.519629,84.4,2024-11-04 05:16:08
VH_00964,Chevrolet Bolt,115.6,10.2,-16.933553,-24.419624,82.4,2024-11-02 11:38:46
VH_00965,Mercedes EQS,82.2,55.4,-2.426407,179.207468,97.8,2024-11-20 05:46:30
VH_00966,Tesla Model 3,84.3,152.9,-38.435834,39.806181,74.9,2024-11-08 17:28:19
VH_00967,Ford F-150,95.6,153.6,-71.88123,-150.368307,92.1,2024-11-08 06:48:59
VH_00968,Chevrolet Bolt,89.6,16.6,84.610838,110.915457,89.4,2024-11-03 11:50:10
VH_00969,Chevrolet Bolt,,32.0,-65.973006,174.132383,81.0,2024-11-18 08:13:37
VH_00970,Hyundai Ioniq,65.3,29.7,-34.24187,-144.010329,99.9,2024-11-04 23:56:23
VH_00971,BMW X5,96.9,147.9,-55.395333,-118.823619,81.7,2024-11-24 19:18:39
VH_00972,Tesla Model 3,95.6,110.8,4.695749,119.448798,78.5,2024-11-04 03:39:48
VH_00973,Honda Civic,111.1,28.3,49.69353,5.360923,84.9,2024-11-11 20:44:11
VH_00974,Toyota Camry,61.9,153.4,29.701544,70.167158,94.3,2024-11-18 09:58:34
VH_00975,Ford F-150,78.4,117.6,56.634844,-29.530945,97.9,2024-11-16 00:23:27
VH_00976,Ford F-150,72.6,83.0,36.582231,-166.752846,71.8,2024-11-06 17:09:05
VH_00977,Tesla Model 3,119.9,22.7,40.098551,-78.308906,80.0,2024-11-16 12:46:09
VH_00978,Tesla Model 3,103.1,78.4,-67.928669,51.951968,98.3,2024-11-27 19:16:00
VH_00979,Toyota Camry,78.2,127.6,71.206135,56.225399,80.9,2024-11-19 23:18:30
VH_00980,BMW X5,64.0,5.6,63.552165,-89.214495,75.6,2024-11-25 03:45:56
VH_00981,Tesla Model 3,118.0,141.1,65.263392,-18.139591,94.5,2024-11-21 12:04:17
VH_00982,Ford F-150,117.5,135.3,66.264095,-113.773722,96.1,2024-11-08 23:16:57
VH_00983,Toyota Camry,84.9,87.6,87.906391,-126.659601,96.5,2024-11-12 15:38:51
VH_00984,Honda Civic,89.7,50.0,-53.59403,-115.015348,71.2,2024-11-01 10:44:53
VH_00985,Honda Civic,102.7,144.0,-22.855699,-179.01457,84.5,2024-11-25 07:47:48
VH_00986,Tesla Model 3,68.9,122.5,64.399335,87.858885,78.2,2024-11-19 23:11:13
VH_00987,Mercedes EQS,119.6,110.2,20.200411,-23.422442,98.5,2024-11-02 21:56:01
VH_00988,Toyota Camry,103.1,98.5,6.982605,92.078488,71.3,2024-11-17 03:30:48
VH_00989,BMW X5,,106.1,83.715435,-157.392552,94.9,2024-11-21 06:07:32
VH_00990,Tesla Model 3,114.8,109.6,-48.429857,-66.535363,87.7,2024-11-22 19:26:20
VH_00991,Tesla Model 3,113.5,153.4,57.012528,60.635602,87.4,2024-11-20 03:59:23
VH_00992,Honda Civic,91.8,7.3,81.361546,-18.270024,81.9,2024-11-21 20:59:55
VH_00993,Ford F-150,64.6,144.6,6.346375,143.817801,98.2,2024-11-01 19:02:29
VH_00994,Hyundai Ioniq,117.2,143.0,25.203538,-69.766516,88.0,2024-11-03 11:38:50
VH_00995,Honda Civic,94.8,96.1,9.424666,100.682928,95.7,2024-11-19 21:14:55
VH_00996,BMW X5,79.7,98.1,-53.953726,66.630255,72.4,2024-11-12 22:08:25
VH_00997,Honda Civic,61.2,23.4,44.893845,-87.050441,89.7,2024-11-13 11:32:04
VH_00998,Tesla Model 3,114.4,36.7,-60.496686,-144.862448,98.0,2024-11-16 00:35:05
VH_00999,BMW X5,101.5,115.0,-76.279361,-123.995296,73.6,2024-11-01 03:52:39
VH_01000,Tesla Model 3,64.0,138.7,46.520621,-82.781602,75.4,2024-11-22 21:47:34
VH_01001,Tesla Model 3,90.0,150.3,6.22654,3.880655,84.4,2024-11-30 19:47:17
VH_01002,Toyota Camry,65.0,142.0,-26.416771,-40.362955,75.7,2024-11-13 03:35:33
VH_01003,Mercedes EQS,114.7,111.7,84.495981,95.934213,99.8,2024-11-08 21:05:02
VH_01004,BMW X5,69.6,146.7,6.265661,-7.671472,97.7,2024-11-18 01:23:25
VH_01005,Honda Civic,111.2,142.7,-12.16772,110.619014,93.3,2024-11-20 12:53:57
VH_01006,Mercedes EQS,71.4,114.7,49.223408,89.184364,72.0,2024-11-12 00:11:03
VH_01007,Toyota Camry,116.0,140.5,10.342398,-15.172853,79.7,2024-11-18 21:45:56
VH_01008,Chevrolet Bolt,62.5,81.5,-89.330087,-52.048274,99.6,2024-11-19 02:02:15
VH_01009,Toyota Camry,84.9,150.8,84.525071,130.322465,72.6,2024-11-05 15:49:18
VH_01010,Tesla Model 3,93.7,21.0,-65.561346,-2.035653,99.9,2024-11-17 12:56:53
VH_01011,Honda Civic,108.6,141.5,24.854453,-91.426473,86.1,2024-11-21 15:54:26
VH_01012,Tesla Model 3,111.5,9.9,-35.963079,167.068081,74.1,2024-11-13 12:55:10
VH_01013,Tesla Model 3,120.0,50.5,62.95266,173.271695,99.3,2024-11-18 15:50:25
VH_01014,Mercedes EQS,78.5,54.0,-85.908198,173.251391,79.8,2024-11-05 12:26:30
VH_01015,Mercedes EQS,115.9,108.5,63.282581,-49.488422,72.9,2024-11-13 19:48:54
VH_01016,Toyota Camry,79.1,22.3,13.754045,29.602151,72.4,2024-11-03 09:10:51
VH_01017,Ford F-150,110.5,99.0,7.43514,129.330929,94.3,2024-11-27 15:33:26
VH_01018,Tesla Model 3,112.2,98.3,73.137494,56.843896,73.0,2024-11-20 14:17:09
VH_01019,Ford F-150,62.4,165.4,-14.369192,56.843104,78.1,2024-11-03 12:38:48
VH_01020,Chevrolet Bolt,65.7,170.0,-89.278299,140.904855,71.3,2024-11-18 12:44:41
VH_01021,Chevrolet Bolt,66.4,28.6,79.138291,142.208828,77.4,2024-11-17 05:12:41
VH_01022,Honda Civic,98.9,102.4,66.004595,47.101996,70.5,2024-11-11 14:28:30
VH_01023,Toyota Camry,67.6,132.8,57.991614,65.681324,77.2,2024-11-20 19:15:00
VH_01024,Honda Civic,,94.1,-40.803406,106.077965,93.3,2024-11-10 02:30:41
VH_01025,Honda Civic,74.3,77.4,20.386432,-40.16119,94.8,2024-11-15 05:01:39
VH_01026,Toyota Camry,84.3,106.3,73.934322,-76.441409,77.5,2024-11-07 01:13:34
VH_01027,Toyota Camry,75.3,108.9,-89.738525,-138.740141,87.7,2024-11-13 06:41:31
VH_01028,Tesla Model 3,94.6,146.6,14.436741,168.182771,77.5,2024-11-02 22:50:37
VH_01029,BMW X5,75.0,8.4,-77.004134,-37.901244,99.0,2024-11-14 10:12:10
VH_01030,Toyota Camry,94.5,117.3,39.102571,118.789455,70.4,2024-11-06 04:36:36
VH_01031,Ford F-150,86.8,26.5,26.633402,-135.632103,81.1,2024-11-20 22:59:50
VH_01032,Toyota Camry,91.1,49.5,29.361552,128.792244,74.4,2024-11-19 21:27:49
VH_01033,Ford F-150,112.2,154.5,29.21464,-3.6312,98.5,2024-11-22 05:40:01
VH_01034,Tesla Model 3,60.2,83.4,-78.947172,140.017208,71.8,2024-11-23 06:28:46
VH_01035,Tesla Model 3,72.2,19.9,-38.302211,-77.959378,75.3,2024-11-01 16:02:25
VH_01036,Toyota Camry,105.8,11.8,-8.20277,-70.849552,76.7,2024-11-10 18:05:36
VH_01037,Tesla Model 3,76.5,85.8,-19.692918,-122.235015,76.6,2024-11-07 11:31:23
VH_01038,Honda Civic,,42.2,-2.537538,-101.20576,98.5,2024-11-25 17:50:27
VH_01039,Tesla Model 3,68.7,48.2,-23.249866,-88.267975,73.0,2024-11-26 01:44:36
VH_01040,Honda Civic,104.8,3.7,12.088056,138.531104,77.2,2024-11-14 17:30:05
VH_01041,Tesla Model 3,74.7,172.4,77.646893,128.106057,87.2,2024-11-26 17:24:02
VH_01042,Honda Civic,97.7,175.9,-89.393249,165.103746,79.8,2024-11-27 21:18:29
VH_01043,Mercedes EQS,80.5,86.6,-56.273064,83.742818,91.6,2024-11-21 14:59:04
VH_01044,Toyota Camry,108.3,105.5,23.192468,61.141061,98.8,2024-11-28 10:31:26
VH_01045,Chevrolet Bolt,65.8,84.9,-54.671626,-91.841738,71.4,2024-11-17 07:38:26
VH_01046,Tesla Model 3,105.5,95.8,-1.232901,-24.903651,86.9,2024-11-04 16:51:32
VH_01047,BMW X5,113.8,41.6,65.97928,-106.214634,82.4,2024-11-04 12:35:23
VH_01048,BMW X5,119.4,98.7,39.317574,-100.536423,76.4,2024-11-19 00:06:10
VH_01049,Mercedes EQS,75.4,165.3,-16.355127,176.87361,89.3,2024-11-22 20:05:52
VH_01050,Hyundai Ioniq,65.6,166.2,20.119326,-146.336344,77.5,2024-11-30 01:05:50
VH_01051,Ford F-150,97.7,137.0,-82.0493,68.038811,86.2,2024-11-01 07:24:21
VH_01052,Honda Civic,89.4,178.6,53.230012,139.488578,73.0,2024-11-25 10:51:12
VH_01053,Chevrolet Bolt,115.5,50.0,-13.120971,-54.374828,80.7,2024-11-22 23:01:57
VH_01054,Hyundai Ioniq,69.9,133.0,86.526882,25.813521,90.0,2024-11-10 08:19:50
VH_01055,Ford F-150,69.4,132.7,41.839241,-109.49182,76.3,2024-11-07 10:31:22
VH_01056,Toyota Camry,63.7,80.9,21.356318,-168.663276,91.8,2024-11-10 21:52:04
VH_01057,Tesla Model 3,105.4,137.0,60.254351,-24.543891,90.6,2024-11-08 17:19:43
VH_01058,Honda Civic,60.5,67.4,5.945339,66.398271,96.8,2024-11-06 06:26:24
VH_01059,BMW X5,69.5,13.2,-15.290489,-23.537354,91.0,2024-11-09 01:37:27
VH_01060,Tesla Model 3,91.2,99.9,31.885514,161.988076,98.0,2024-11-29 10:17:50
VH_01061,Ford F-150,113.2,28.3,89.499179,11.825201,87.0,2024-11-22 19:11:28
VH_01062,Honda Civic,96.7,143.0,-39.74843,-86.317679,76.4,2024-11-01 23:20:02
VH_01063,Hyundai Ioniq,77.7,139.1,-6.32369,-147.231091,87.4,2024-11-07 03:42:29
VH_01064,Toyota Camry,73.8,126.0,80.921271,-139.260639,84.4,2024-11-29 04:31:14
VH_01065,Chevrolet Bolt,109.0,9.5,-57.637333,135.28767,94.0,2024-11-12 16:10:58
VH_01066,Hyundai Ioniq,90.5,109.2,69.195782,-93.061896,86.6,2024-11-17 11:05:38
VH_01067,Tesla Model 3,65.6,47.0,8.803337,118.119639,71.3,2024-11-24 19:29:01
VH_01068,Chevrolet Bolt,72.3,144.5,-50.308592,49.049779,85.5,2024-11-22 11:22:20
VH_01069,Ford F-150,103.3,98.4,42.7934,-64.136731,74.9,2024-11-14 09:55:33
VH_01070,Ford F-150,80.3,6.0,-87.924669,-170.16415,89.9,2024-11-02 04:12:12
VH_01071,Chevrolet Bolt,103.4,15.1,-60.313692,87.191295,89.1,2024-11-04 22:26:43
VH_01072,Toyota Camry,71.4,171.6,-72.313092,102.113886,86.2,2024-11-19 00:52:29
VH_01073,Tesla Model 3,97.9,174.4,-85.348573,-126.080909,80.6,2024-11-19 09:37:10
VH_01074,Tesla Model 3,107.7,90.7,-37.824877,-74.830345,74.8,2024-11-27 11:52:27
VH_01075,BMW X5,96.0,103.7,-4.179899,-3.189896,97.3,2024-11-04 17:14:59
VH_01076,Toyota Camry,109.5,52.0,21.897893,-164.71446,81.4,2024-11-02 23:02:59
VH_01077,Tesla Model 3,88.0,7.9,-81.206434,58.333361,96.6,2024-11-19 08:16:49
VH_01078,BMW X5,80.5,65.1,2.860327,10.81268,82.2,2024-11-28 07:56:39
VH_01079,Ford F-150,84.8,143.6,2.102863,176.640314,81.1,2024-11-03 09:05:12
VH_01080,Chevrolet Bolt,109.3,141.3,-22.441405,-164.925665,91.4,2024-11-23 19:19:14
VH_01081,Toyota Camry,72.5,73.8,64.084611,20.974455,88.5,2024-11-01 19:47:59
VH_01082,Mercedes EQS,106.7,171.6,64.108143,9.29585,73.8,2024-11-03 22:44:03
VH_01083,Toyota Camry,62.8,22.0,-19.498219,120.563357,73.7,2024-11-27 23:32:46
VH_01084,Ford F-150,104.3,47.1,41.991299,166.374737,89.3,2024-11-27 13:51:27
VH_01085,Ford F-150,89.9,167.6,2.819403,-43.888349,92.9,2024-11-26 15:32:20
VH_01086,BMW X5,84.0,43.6,31.139963,-129.059656,82.0,2024-11-15 07:52:33
VH_01087,Hyundai Ioniq,91.3,116.1,30.056214,-69.301226,78.9,2024-11-02 00:07:41
VH_01088,Ford F-150,85.2,129.1,-23.713827,81.082277,85.8,2024-11-11 09:10:53
VH_01089,Toyota Camry,117.6,45.3,-6.846249,-165.319611,81.7,2024-11-19 22:14:38
VH_01090,Tesla Model 3,116.8,67.3,-37.689859,134.448101,75.6,2024-11-12 02:53:47
VH_01091,Toyota Camry,82.1,97.8,-56.348044,-110.99806,96.0,2024-11-02 03:06:16
VH_01092,Tesla Model 3,88.2,55.4,52.576879,130.710306,85.4,2024-11-26 17:54:29
VH_01093,Ford F-150,115.1,139.0,41.540413,-47.386154,86.7,2024-11-25 07:40:19
VH_01094,Ford F-150,109.8,49.6,40.58904,-131.668615,88.3,2024-11-03 23:41:15
VH_01095,Tesla Model 3,80.4,52.1,25.034631,177.525369,78.7,2024-11-10 22:25:21
VH_01096,BMW X5,72.5,137.7,-26.088577,118.269208,77.7,2024-11-16 07:05:15
VH_01097,Toyota Camry,67.3,131.1,55.206898,110.141276,72.7,2024-11-30 02:52:55
VH_01098,Toyota Camry,88.0,158.1,-67.719816,-162.60108,99.3,2024-11-12 16:53:51
VH_01099,BMW X5,97.9,35.6,-50.979194,-34.201977,79.7,2024-11-11 22:58:48
VH_01100,Honda Civic,84.4,6.3,-76.168689,-149.808495,92.5,2024-11-25 12:14:07
VH_01101,Toyota Camry,117.7,178.5,-72.844597,165.866377,95.8,2024-11-27 19:46:01
VH_01102,Toyota Camry,91.5,1.5,74.071962,-104.866721,70.8,2024-11-02 10:15:05
VH_01103,Tesla Model 3,80.1,74.7,8.953278,121.534832,85.7,2024-11-01 15:17:10
VH_01104,Ford F-150,82.6,85.0,36.510949,-85.000626,78.5,2024-11-29 22:28:27
VH_01105,BMW X5,103.5,74.8,-89.44666,43.580917,76.4,2024-11-18 20:38:24
VH_01106,Tesla Model 3,80.7,159.5,-76.274651,37.328907,94.3,2024-11-26 12:47:22
VH_01107,Toyota Camry,94.5,19.6,-37.396172,-96.714177,85.9,2024-11-17 15:33:57
VH_01108,Mercedes EQS,95.2,136.2,-16.689776,-118.583752,91.7,2024-11-11 11:10:31
VH_01109,Toyota Camry,90.4,13.2,-8.767452,-59.331144,82.5,2024-11-05 11:26:58
VH_01110,Ford F-150,62.2,134.3,41.530902,-133.181118,86.1,2024-11-03 01:55:40
VH_01111,Tesla Model 3,97.8,140.0,-29.251474,-2.744809,81.9,2024-11-22 03:14:39
VH_01112,Mercedes EQS,104.6,93.5,-72.72264,88.683449,82.8,2024-11-01 20:56:06
VH_01113,Honda Civic,116.6,157.5,-80.030258,138.57744,80.8,2024-11-20 07:30:21
VH_01114,Tesla Model 3,65.3,156.8,-85.091486,-124.562946,83.7,2024-11-16 13:16:03
VH_01115,Tesla Model 3,72.8,171.5,48.167035,-88.550309,80.2,2024-11-03 12:38:42
VH_01116,Toyota Camry,90.5,33.0,12.967471,-5.260996,95.4,2024-11-21 14:32:51
VH_01117,Tesla Model 3,98.6,25.7,-52.04545,8.817169,77.9,2024-11-02 23:00:05
VH_01118,Toyota Camry,78.2,99.8,52.886047,174.652883,93.4,2024-11-17 15:10:07
VH_01119,Tesla Model 3,88.6,120.1,9.051878,141.740959,74.1,2024-11-03 05:44:03
VH_01120,Ford F-150,98.7,110.6,-67.655317,-143.109094,81.1,2024-11-01 21:02:04
VH_01121,Hyundai Ioniq,62.8,66.3,11.60312,74.716999,94.1,2024-11-14 20:56:22
VH_01122,Ford F-150,116.1,128.6,-8.440571,-88.112155,94.2,2024-11-20 13:21:36
VH_01123,Hyundai Ioniq,102.4,112.3,22.673243,95.986258,87.2,2024-11-19 05:55:04
VH_01124,Toyota Camry,99.4,149.5,25.514878,93.418072,92.4,2024-11-23 03:30:50
VH_01125,Honda Civic,91.3,26.1,51.035537,28.54065,89.1,2024-11-28 14:39:17
VH_01126,Hyundai Ioniq,79.8,18.5,-86.170794,0.157818,79.3,2024-11-10 10:33:06
VH_01127,Chevrolet Bolt,113.4,19.5,61.053548,110.547869,76.7,2024-11-07 20:37:02
VH_01128,Tesla Model 3,85.8,101.5,82.913046,-160.281892,88.7,2024-11-02 02:45:04
VH_01129,Tesla Model 3,88.4,71.6,-68.811,94.964982,99.2,2024-11-02 11:33:31
VH_01130,Ford F-150,70.4,38.9,11.098738,178.089076,76.8,2024-11-30 10:53:34
VH_01131,Toyota Camry,100.2,108.4,-24.875691,-92.173754,98.5,2024-11-07 17:23:27
VH_01132,Mercedes EQS,93.7,3.1,57.379138,-77.507486,70.1,2024-11-17 17:35:04
VH_01133,Tesla Model 3,113.2,21.2,-64.35787,70.251497,88.3,2024-11-17 13:41:22
VH_01134,Mercedes EQS,108.3,141.1,-16.878432,94.717897,86.3,2024-11-08 02:48:56
VH_01135,Mercedes EQS,76.0,141.0,-21.1619,-43.813401,82.2,2024-11-04 12:49:22
VH_01136,Honda Civic,73.0,101.1,55.573585,-144.629,94.9,2024-11-08 01:46:23
VH_01137,Toyota Camry,108.4,56.5,-29.366552,152.577357,73.6,2024-11-10 07:44:37
VH_01138,Ford F-150,83.9,26.8,15.770018,98.332146,95.5,2024-11-14 04:47:17
VH_01139,Toyota Camry,62.4,5.3,82.660057,-7.769762,76.7,2024-11-01 07:35:18
VH_01140,Toyota Camry,90.8,108.1,73.321024,-39.856936,100.0,2024-11-06 16:03:47
VH_01141,Tesla Model 3,105.8,90.7,-76.489787,60.593417,94.4,2024-11-17 06:07:04
VH_01142,Toyota Camry,109.4,4.6,80.161833,-44.931082,71.7,2024-11-14 13:20:47
VH_01143,Ford F-150,97.8,13.2,42.791463,-160.443527,82.2,2024-11-09 14:26:25
VH_01144,Ford F-150,91.3,156.9,80.896268,51.146358,88.8,2024-11-03 10:36:10
VH_01145,Ford F-150,73.2,50.4,-86.972777,-1.703234,83.3,2024-11-14 15:58:20
VH_01146,Hyundai Ioniq,63.5,169.7,69.378393,81.367636,92.9,2024-11-20 23:36:08
VH_01147,Tesla Model 3,95.8,62.0,9.983608,-146.854973,96.2,2024-11-24 00:24:44
VH_01148,Ford F-150,115.4,176.8,11.775847,155.69466,72.0,2024-11-13 19:03:11
VH_01149,Chevrolet Bolt,116.2,121.4,-42.696166,169.30691,76.0,2024-11-23 00:47:33
VH_01150,Honda Civic,116.2,171.8,-33.443973,77.370808,75.1,2024-11-17 17:39:09
VH_01151,Chevrolet Bolt,84.1,84.1,76.890025,-12.868187,76.1,2024-11-08 23:23:30
VH_01152,Mercedes EQS,64.7,29.4,-21.630681,-101.206415,82.7,2024-11-25 22:01:52
VH_01153,Toyota Camry,79.1,84.2,8.300302,171.515919,81.3,2024-11-10 05:49:01
VH_01154,Hyundai Ioniq,64.5,120.2,-36.588931,-84.744478,71.5,2024-11-09 04:32:32
VH_01155,Chevrolet Bolt,79.4,25.4,-18.794062,3.696704,99.2,2024-11-05 14:07:09
VH_01156,Mercedes EQS,77.1,9.5,-8.687044,65.537546,95.0,2024-11-20 08:07:21
VH_01157,Mercedes EQS,66.5,25.5,-6.623085,104.737257,90.0,2024-11-09 06:26:06
VH_01158,Hyundai Ioniq,64.5,150.1,25.031244,136.145334,96.8,2024-11-29 14:13:36
VH_01159,Toyota Camry,70.9,113.1,-43.002294,155.010795,82.6,2024-11-28 19:02:02
VH_01160,Hyundai Ioniq,104.1,88.4,41.621135,38.337871,77.0,2024-11-21 16:20:59
VH_01161,Mercedes EQS,73.9,148.1,-46.254709,-138.605233,85.5,2024-11-27 09:14:13
VH_01162,Toyota Camry,79.1,5.2,-48.796508,90.097642,98.8,2024-11-02 02:42:07
VH_01163,Tesla Model 3,102.2,98.0,24.597028,-34.998698,97.8,2024-11-06 18:38:21
VH_01164,Tesla Model 3,102.0,72.5,78.874989,-95.05803,82.2,2024-11-08 02:44:10
VH_01165,Ford F-150,60.9,137.6,-22.29897,-128.293388,89.8,2024-11-09 07:09:35
VH_01166,BMW X5,97.8,59.0,-61.340913,177.174288,90.4,2024-11-18 18:28:05
VH_01167,Mercedes EQS,,60.3,87.997207,157.341154,90.6,2024-11-20 15:46:59
VH_01168,Chevrolet Bolt,103.9,94.1,48.616237,-117.282698,99.5,2024-11-07 17:38:54
VH_01169,Toyota Camry,83.9,82.2,16.95081,-165.803466,87.7,2024-11-14 00:50:43
VH_01170,Ford F-150,97.4,97.5,51.00288,132.507954,98.6,2024-11-07 03:49:08
VH_01171,Tesla Model 3,62.3,59.6,-83.896014,37.859951,91.9,2024-11-27 07:48:16
VH_01172,Tesla Model 3,103.2,129.0,-44.861165,168.863622,89.5,2024-11-15 11:21:18
VH_01173,Ford F-150,80.3,132.4,2.197014,46.62577,89.4,2024-11-14 18:22:41
VH_01174,Toyota Camry,97.6,91.4,83.237398,90.42278,71.1,2024-11-22 10:16:29
VH_01175,BMW X5,115.4,42.4,7.914403,-18.871499,84.3,2024-11-27 04:17:42
VH_01176,Tesla Model 3,99.4,4.7,20.804917,-81.035984,93.4,2024-11-30 19:23:24
VH_01177,Ford F-150,97.7,175.2,-0.918314,11.591031,81.5,2024-11-08 06:39:57
VH_01178,Tesla Model 3,94.5,78.6,-0.499306,124.384061,95.1,2024-11-07 06:51:50
VH_01179,Toyota Camry,94.6,88.9,44.957606,104.590084,86.0,2024-11-26 10:57:17
VH_01180,Chevrolet Bolt,,115.8,32.820971,105.265884,81.1,2024-11-14 01:47:20
VH_01181,Tesla Model 3,99.8,156.2,46.002087,-39.544405,91.8,2024-11-17 02:39:52
VH_01182,Ford F-150,94.2,5.5,-67.531414,-79.345048,86.3,2024-11-17 15:11:40
VH_01183,Tesla Model 3,76.1,32.9,4.245278,-14.153106,81.8,2024-11-07 19:31:28
VH_01184,Chevrolet Bolt,108.9,52.9,24.894219,48.221647,74.0,2024-11-26 20:38:38
VH_01185,Hyundai Ioniq,110.8,142.1,59.455506,-100.009025,98.2,2024-11-27 12:20:53
VH_01186,Mercedes EQS,115.4,168.2,-28.766507,-120.808249,72.4,2024-11-16 22:00:31
VH_01187,Hyundai Ioniq,105.7,130.0,77.789,-115.956512,98.4,2024-11-19 21:18:25
VH_01188,Mercedes EQS,94.5,72.7,16.042362,132.600347,76.7,2024-11-26 17:11:34
VH_01189,Tesla Model 3,101.2,18.4,64.881036,158.248598,73.2,2024-11-19 23:48:12
VH_01190,Honda Civic,61.5,116.2,3.408298,164.253232,98.5,2024-11-28 02:54:54
VH_01191,Tesla Model 3,96.6,136.1,49.140583,-76.57029,77.9,2024-11-01 08:51:26
VH_01192,Hyundai Ioniq,97.7,21.6,31.576808,4.431671,87.3,2024-11-06 11:53:02
VH_01193,Tesla Model 3,95.9,29.7,-54.153393,119.888831,80.0,2024-11-12 10:58:51
VH_01194,Honda Civic,62.3,150.9,-52.166544,-69.271028,79.8,2024-11-23 00:34:18
VH_01195,Toyota Camry,109.7,36.4,-51.012743,-117.536522,88.6,2024-11-11 09:52:22
VH_01196,BMW X5,88.6,152.3,4.41446,-94.266419,82.8,2024-11-16 09:42:17
VH_01197,Ford F-150,117.6,47.8,62.388914,70.965331,89.3,2024-11-06 07:06:58
VH_01198,Toyota Camry,106.2,15.7,49.740067,-116.163089,81.5,2024-11-26 16:34:36
VH_01199,Toyota Camry,67.3,106.5,-4.880211,-158.348762,92.0,2024-11-07 09:21:54
VH_01200,Toyota Camry,60.4,65.0,-47.698211,5.132078,86.7,2024-11-17 21:49:04
VH_01201,BMW X5,113.4,168.3,10.333186,148.641428,93.3,2024-11-21 04:46:19
VH_01202,Toyota Camry,79.5,139.1,1.159098,105.226414,83.5,2024-11-22 11:12:07
VH_01203,BMW X5,111.8,24.9,37.098297,3.675011,99.5,2024-11-14 13:46:25
VH_01204,Honda Civic,80.4,105.9,83.616373,106.776882,79.5,2024-11-30 18:57:05
VH_01205,Toyota Camry,90.1,54.8,20.588855,-137.283201,72.5,2024-11-21 18:46:52
VH_01206,Chevrolet Bolt,61.5,167.9,-88.87364,-165.815213,74.7,2024-11-15 21:29:45
VH_01207,Mercedes EQS,73.8,116.5,-48.223878,165.046077,73.9,2024-11-06 14:50:21
VH_01208,Honda Civic,112.1,12.5,-88.997453,-57.625283,71.0,2024-11-10 21:47:00
VH_01209,Toyota Camry,85.5,132.9,32.759089,-77.792587,78.5,2024-11-26 05:37:17
VH_01210,BMW X5,83.0,105.6,89.118076,-3.373414,85.0,2024-11-11 18:44:54
VH_01211,BMW X5,113.9,142.0,39.484941,-74.639451,82.4,2024-11-01 07:24:58
VH_01212,Ford F-150,110.8,177.3,36.663176,150.926797,78.6,2024-11-04 09:04:55
VH_01213,Tesla Model 3,108.3,31.1,7.805649,113.88817,92.1,2024-11-10 05:51:34
VH_01214,Mercedes EQS,67.6,109.2,68.159524,52.25324,88.8,2024-11-05 11:53:29
VH_01215,Tesla Model 3,104.3,159.4,3.526307,-30.46752,84.7,2024-11-10 21:37:37
VH_01216,Ford F-150,87.8,4.4,-60.289355,-10.202132,85.6,2024-11-05 05:28:09
VH_01217,Honda Civic,70.6,32.5,-26.984213,-12.865885,77.8,2024-11-18 15:08:38
VH_01218,Toyota Camry,75.9,24.4,-62.144112,25.638774,71.0,2024-11-07 21:57:40
VH_01219,Ford F-150,90.7,139.6,30.561162,-16.713619,97.0,2024-11-27 21:13:24
VH_01220,Tesla Model 3,66.1,9.6,66.425464,78.584072,98.8,2024-11-23 18:09:34
VH_01221,Chevrolet Bolt,87.4,38.7,-10.278304,78.189967,76.5,2024-11-28 09:40:21
VH_01222,Mercedes EQS,118.0,172.2,76.695684,-62.703861,75.2,2024-11-28 23:50:37
VH_01223,Tesla Model 3,114.6,38.5,-15.85075,-118.370672,73.0,2024-11-21 17:36:27
VH_01224,Toyota Camry,99.4,105.3,25.264352,-94.942057,86.5,2024-11-12 11:29:22
VH_01225,Mercedes EQS,79.5,65.5,83.547271,104.166609,95.7,2024-11-27 05:20:10
VH_01226,Chevrolet Bolt,93.4,55.5,-14.782429,-3.922839,89.3,2024-11-24 22:30:18
VH_01227,Chevrolet Bolt,108.5,52.2,79.541702,25.575738,77.8,2024-11-13 07:48:38
VH_01228,Tesla Model 3,117.2,89.7,38.78836,-138.067594,96.8,2024-11-30 07:15:13
VH_01229,Chevrolet Bolt,111.6,79.0,-56.37695,-117.240996,72.1,2024-11-03 16:35:21
VH_01230,Chevrolet Bolt,100.0,107.3,46.754214,147.838853,91.6,2024-11-11 09:36:15
VH_01231,Honda Civic,113.7,58.8,14.32414,20.992411,97.4,2024-11-12 19:08:49
VH_01232,BMW X5,61.7,121.5,84.97534,-131.502134,80.9,2024-11-03 15:15:11
VH_01233,Mercedes EQS,70.4,159.0,-42.243918,19.515607,88.2,2024-11-23 14:27:56
VH_01234,Toyota Camry,90.4,102.4,-27.123674,-104.189136,92.2,2024-11-19 01:38:10
VH_01235,Honda Civic,81.4,42.6,6.298122,152.748928,94.0,2024-11-02 23:06:48
VH_01236,Hyundai Ioniq,76.7,54.4,76.058039,52.346463,94.4,2024-11-28 20:35:11
VH_01237,Hyundai Ioniq,87.6,62.4,66.928541,163.47391,96.2,2024-11-28 16:41:58
VH_01238,Tesla Model 3,112.1,4.1,-63.141232,27.787839,93.4,2024-11-29 11:45:51
VH_01239,Hyundai Ioniq,99.8,16.6,-54.208891,-80.213693,96.0,2024-11-25 19:48:07
VH_01240,Hyundai Ioniq,96.7,35.3,-89.115754,-30.389613,84.1,2024-11-11 05:09:13
VH_01241,Tesla Model 3,90.0,109.6,-69.269375,-36.784978,89.0,2024-11-08 08:50:42
VH_01242,Chevrolet Bolt,69.4,156.0,76.317752,165.641039,82.3,2024-11-07 18:41:11
VH_01243,Toyota Camry,96.4,134.3,-73.937414,-139.42455,82.1,2024-11-07 06:52:52
VH_01244,Honda Civic,62.5,111.2,-84.254875,-131.044762,80.3,2024-11-26 16:30:37
VH_01245,Hyundai Ioniq,115.9,35.6,22.135322,82.685136,71.1,2024-11-28 18:17:34
VH_01246,Tesla Model 3,82.8,37.5,-87.586368,-115.618432,89.5,2024-11-15 15:13:56
VH_01247,BMW X5,66.2,137.6,-39.231903,-143.834877,78.5,2024-11-28 02:34:03
VH_01248,Toyota Camry,97.5,25.3,-29.311988,-176.852823,89.9,2024-11-07 12:51:36
VH_01249,Chevrolet Bolt,77.2,23.2,61.198449,32.904437,91.0,2024-11-18 19:16:05
VH_01250,Hyundai Ioniq,81.0,68.5,52.37561,111.76726,92.1,2024-11-01 01:26:24
VH_01251,Mercedes EQS,72.9,120.1,17.316495,-133.846801,90.8,2024-11-25 02:31:55
VH_01252,Tesla Model 3,106.6,41.2,-8.32782,-128.923554,75.7,2024-11-18 10:17:02
VH_01253,Tesla Model 3,92.4,69.7,47.262984,-133.079903,95.4,2024-11-13 14:10:23
VH_01254,Tesla Model 3,113.3,140.1,-85.383801,176.436,97.9,2024-11-21 12:12:04
VH_01255,Chevrolet Bolt,96.9,86.3,10.355112,-79.944921,75.0,2024-11-03 23:40:27
VH_01256,Toyota Camry,103.3,15.4,-13.284202,32.692561,82.4,2024-11-07 07:26:47
VH_01257,Toyota Camry,76.9,117.0,72.2016,-56.739484,77.8,2024-11-08 16:46:50
VH_01258,Ford F-150,101.1,115.6,-50.069357,75.71942,78.6,2024-11-13 02:55:06
VH_01259,Chevrolet Bolt,61.0,65.4,72.917328,164.372065,86.9,2024-11-22 22:00:17
VH_01260,Chevrolet Bolt,113.6,55.5,-78.321171,-20.587583,90.3,2024-11-17 21:29:12
VH_01261,Honda Civic,85.5,31.0,-45.702443,-7.354261,73.2,2024-11-13 04:33:07
VH_01262,Ford F-150,60.2,7.9,-79.308274,-137.336548,93.5,2024-11-06 22:52:56
VH_01263,Honda Civic,61.6,164.1,52.655386,19.383606,73.0,2024-11-20 08:26:50
VH_01264,Chevrolet Bolt,116.6,88.0,-13.71505,-164.655561,70.4,2024-11-05 17:30:44
VH_01265,Honda Civic,100.2,80.6,-63.336214,-169.026461,91.6,2024-11-17 15:17:47
VH_01266,Mercedes EQS,87.8,35.2,-82.358888,-16.933273,77.4,2024-11-23 10:12:22
VH_01267,Tesla Model 3,79.9,174.4,56.339488,-76.418891,99.1,2024-11-14 09:02:11
VH_01268,Tesla Model 3,72.0,72.1,-69.442946,-109.240708,70.5,2024-11-22 02:55:25
VH_01269,Tesla Model 3,91.9,95.1,-26.039967,-26.672979,82.9,2024-11-13 07:39:09
VH_01270,Ford F-150,72.3,101.0,-29.922713,179.913144,94.1,2024-11-10 17:26:34
VH_01271,Mercedes EQS,69.4,145.8,78.973278,151.908931,95.1,2024-11-20 02:36:19
VH_01272,Chevrolet Bolt,68.9,63.6,-78.466581,-93.40278,74.1,2024-11-24 01:25:08
VH_01273,Honda Civic,,10.4,-42.119212,-30.670552,73.0,2024-11-17 00:51:51
VH_01274,Ford F-150,61.5,12.2,-69.033684,-19.104703,84.6,2024-11-23 16:30:44
VH_01275,Tesla Model 3,75.1,3.5,27.918575,30.803256,86.3,2024-11-27 19:10:01
VH_01276,Toyota Camry,102.9,136.3,64.425657,47.186847,78.1,2024-11-01 03:31:35
VH_01277,Mercedes EQS,100.1,127.4,-33.000136,-118.036594,77.7,2024-11-30 13:21:38
VH_01278,Ford F-150,108.5,53.6,59.423572,115.816199,97.9,2024-11-20 04:12:30
VH_01279,Toyota Camry,91.8,88.7,-49.73747,-156.557286,83.9,2024-11-22 07:29:32
VH_01280,Mercedes EQS,108.8,68.8,10.177563,-74.658234,82.3,2024-11-19 13:04:00
VH_01281,Chevrolet Bolt,68.9,87.3,81.458346,-5.392298,87.1,2024-11-13 01:13:21
VH_01282,Honda Civic,70.5,58.0,-57.05724,85.308467,99.0,2024-11-29 16:32:09
VH_01283,Mercedes EQS,95.0,164.2,89.220702,-19.415527,70.4,2024-11-13 19:42:53
VH_01284,Hyundai Ioniq,85.8,177.8,28.858013,-170.529498,84.0,2024-11-26 00:41:02
VH_01285,Tesla Model 3,114.2,152.0,-70.975586,-32.132909,95.2,2024-11-02 07:57:27
VH_01286,Tesla Model 3,99.6,46.7,62.931486,144.697097,86.4,2024-11-05 01:30:14
VH_01287,Hyundai Ioniq,101.1,135.2,12.881244,34.370619,96.5,2024-11-29 09:14:23
VH_01288,Mercedes EQS,68.8,20.2,85.682034,166.506922,91.9,2024-11-27 02:14:06
VH_01289,Honda Civic,95.3,52.2,29.067542,-169.007117,94.6,2024-11-04 10:15:57
VH_01290,Tesla Model 3,115.7,160.9,-35.259466,-130.233368,92.7,2024-11-22 21:47:33
VH_01291,Ford F-150,113.0,94.0,42.740203,-96.070385,99.5,2024-11-25 14:31:14
VH_01292,Ford F-150,116.0,97.0,-78.891393,-170.750541,86.2,2024-11-21 07:55:22
VH_01293,Toyota Camry,88.4,16.9,61.666672,123.162755,81.4,2024-11-05 03:10:52
VH_01294,Chevrolet Bolt,84.2,137.6,30.237075,156.293521,85.3,2024-11-25 06:10:28
VH_01295,Tesla Model 3,95.4,142.5,17.982308,-27.549174,97.1,2024-11-08 07:16:18
VH_01296,Tesla Model 3,105.1,104.1,89.828665,154.8774,84.3,2024-11-03 10:17:01
VH_01297,Tesla Model 3,95.3,41.3,-68.775483,145.699744,72.7,2024-11-29 04:53:04
VH_01298,Honda Civic,81.3,7.9,71.925658,51.237652,75.3,2024-11-14 19:01:15
VH_01299,BMW X5,108.5,99.6,-49.656475,80.231511,80.6,2024-11-23 08:13:04
VH_01300,Ford F-150,111.5,118.6,25.411843,-114.57891,89.2,2024-11-30 08:34:51
VH_01301,Mercedes EQS,102.1,50.9,19.768464,-41.856957,77.5,2024-11-13 20:33:03
VH_01302,Mercedes EQS,85.8,47.8,2.106111,-125.391818,83.3,2024-11-08 10:11:55
VH_01303,Honda Civic,66.1,25.6,86.620732,-51.994309,92.8,2024-11-20 17:45:33
VH_01304,Honda Civic,92.8,0.1,84.179027,165.655471,93.4,2024-11-13 21:49:01
VH_01305,Tesla Model 3,92.0,90.3,20.534444,136.920339,74.1,2024-11-13 13:12:40
VH_01306,Tesla Model 3,69.1,177.8,4.897674,36.699286,72.0,2024-11-02 01:41:44
VH_01307,Chevrolet Bolt,63.8,54.0,-51.398676,118.690651,87.6,2024-11-13 01:16:23
VH_01308,Toyota Camry,105.3,107.9,56.675407,179.488435,96.2,2024-11-20 18:37:53
VH_01309,Tesla Model 3,72.8,129.5,70.999644,-56.977554,99.4,2024-11-03 03:01:12
VH_01310,Toyota Camry,79.3,92.0,-17.890507,100.713188,91.0,2024-11-09 00:54:25
VH_01311,Ford F-150,117.4,135.1,-0.793447,-85.614215,88.5,2024-11-21 19:43:31
VH_01312,Tesla Model 3,61.9,34.8,-37.952609,-169.828214,87.0,2024-11-20 12:26:21
VH_01313,Tesla Model 3,88.2,133.3,71.383627,155.288877,72.0,2024-11-26 00:56:08
VH_01314,Tesla Model 3,75.5,96.9,45.541469,46.975291,86.4,2024-11-01 03:19:20
VH_01315,Mercedes EQS,87.7,99.2,-72.55834,-151.336996,78.1,2024-11-26 02:18:56
VH_01316,Hyundai Ioniq,66.3,40.8,-31.239354,-113.505131,81.8,2024-11-19 06:41:28
VH_01317,Toyota Camry,92.8,111.0,6.912676,109.715886,77.5,2024-11-29 05:48:38
VH_01318,Hyundai Ioniq,97.1,79.3,77.455762,-42.78153,79.4,2024-11-05 09:12:08
VH_01319,Tesla Model 3,95.3,176.2,54.644272,-162.251809,73.7,2024-11-07 13:00:56
VH_01320,Honda Civic,100.8,10.5,33.741473,-8.007582,80.8,2024-11-19 12:28:04
VH_01321,BMW X5,62.7,20.4,-4.59345,-27.906422,91.8,2024-11-12 00:33:17
VH_01322,Mercedes EQS,92.3,138.8,55.350703,-105.429047,79.4,2024-11-20 22:36:16
VH_01323,BMW X5,98.9,18.0,14.268393,-62.044617,88.0,2024-11-19 09:32:49
VH_01324,Tesla Model 3,62.9,106.9,27.238924,-71.592207,74.1,2024-11-26 17:54:21
VH_01325,Tesla Model 3,75.0,8.5,75.69152,179.510404,90.5,2024-11-14 07:12:00
VH_01326,Toyota Camry,104.4,100.2,-11.716558,-0.898759,71.5,2024-11-22 03:44:54
VH_01327,Tesla Model 3,60.9,142.3,-34.066425,-27.507355,80.9,2024-11-22 12:14:39
VH_01328,Hyundai Ioniq,113.5,102.8,50.853031,-68.932295,79.6,2024-11-11 17:10:19
VH_01329,Honda Civic,90.4,109.5,-13.472737,-92.694011,93.5,2024-11-13 12:41:41
VH_01330,Mercedes EQS,112.6,141.0,63.771881,-113.642871,82.6,2024-11-15 00:55:52
VH_01331,Toyota Camry,83.8,60.1,19.483226,-97.595238,71.6,2024-11-21 15:44:18
VH_01332,Toyota Camry,71.2,31.5,-37.059781,166.780429,93.9,2024-11-21 18:52:05
VH_01333,Tesla Model 3,88.7,118.2,-34.089072,-131.638839,79.5,2024-11-04 06:26:52
VH_01334,Mercedes EQS,66.2,31.8,37.645375,-144.030708,81.2,2024-11-25 10:27:26
VH_01335,Tesla Model 3,75.1,143.4,25.095217,177.614462,70.2,2024-11-27 01:28:33
VH_01336,Hyundai Ioniq,,85.4,2.928668,-37.410855,91.3,2024-11-28 03:05:00
VH_01337,Tesla Model 3,112.5,31.1,17.194391,159.036687,83.3,2024-11-01 15:52:06
VH_01338,Honda Civic,76.4,24.3,39.290098,105.310195,95.6,2024-11-21 15:08:49
VH_01339,Chevrolet Bolt,103.8,165.5,-80.375181,10.35428,76.9,2024-11-24 05:45:04
VH_01340,Ford F-150,85.8,125.4,41.309321,131.903416,86.0,2024-11-23 09:20:30
VH_01341,Chevrolet Bolt,118.4,114.4,-23.670759,-84.698244,85.4,2024-11-16 00:53:59
VH_01342,Chevrolet Bolt,100.3,125.0,-48.139069,-63.252403,77.6,2024-11-14 00:39:21
VH_01343,Tesla Model 3,100.5,77.3,-35.009445,-47.726196,89.6,2024-11-17 10:25:36
VH_01344,Chevrolet Bolt,112.2,152.2,-76.193318,-129.620267,75.8,2024-11-22 17:18:58
VH_01345,Toyota Camry,92.2,137.8,41.574999,-3.148756,98.2,2024-11-05 02:52:37
VH_01346,Honda Civic,114.1,71.7,-52.869612,59.219297,89.4,2024-11-09 01:49:14
VH_01347,Tesla Model 3,61.8,156.2,9.915992,-43.37749,75.1,2024-11-04 12:47:24
VH_01348,Tesla Model 3,81.2,2.3,7.722357,108.430603,72.0,2024-11-19 18:54:59
VH_01349,Chevrolet Bolt,109.6,45.9,38.656473,-110.02971,81.6,2024-11-12 03:26:19
VH_01350,Tesla Model 3,92.7,149.4,-41.98224,141.765924,79.9,2024-11-12 03:24:29
VH_01351,Mercedes EQS,60.7,154.4,65.380105,103.622131,92.2,2024-11-25 23:40:17
VH_01352,Mercedes EQS,112.4,79.3,0.928167,5.107891,72.0,2024-11-21 15:08:34
VH_01353,BMW X5,70.3,45.7,75.022158,163.984142,77.8,2024-11-21 18:04:14
VH_01354,Tesla Model 3,91.9,147.5,68.221473,67.83625,84.3,2024-11-11 13:20:20
VH_01355,BMW X5,107.1,19.3,25.521657,54.327942,97.3,2024-11-16 13:24:28
VH_01356,Ford F-150,95.7,26.5,-7.831201,0.842121,89.8,2024-11-27 03:49:30
VH_01357,Chevrolet Bolt,108.2,102.2,-13.394708,31.077304,85.4,2024-11-08 12:35:32
VH_01358,Honda Civic,105.9,107.8,-34.906491,174.702171,84.4,2024-11-07 10:46:31
VH_01359,Toyota Camry,66.3,151.2,32.584273,-88.634478,77.0,2024-11-05 08:19:25
VH_01360,Tesla Model 3,119.2,97.3,83.431242,75.770136,75.3,2024-11-07 10:01:31
VH_01361,Honda Civic,109.9,116.8,16.630721,-121.415747,77.1,2024-11-28 13:46:59
VH_01362,Honda Civic,69.1,20.3,26.292843,17.894026,70.9,2024-11-08 15:03:13
VH_01363,Chevrolet Bolt,94.0,177.0,3.074599,5.286218,71.5,2024-11-29 01:30:18
VH_01364,Mercedes EQS,72.7,26.2,-81.939222,-137.889729,75.6,2024-11-09 12:44:21
VH_01365,Toyota Camry,61.0,124.5,-20.530833,-23.770612,73.4,2024-11-02 10:43:12
VH_01366,Ford F-150,97.9,120.9,10.459514,108.73374,84.4,2024-11-19 17:59:42
VH_01367,Tesla Model 3,92.9,147.2,-55.91685,-41.862277,72.8,2024-11-03 23:53:58
VH_01368,Toyota Camry,74.1,99.5,77.140112,53.955231,89.2,2024-11-05 03:05:35
VH_01369,Honda Civic,105.3,141.5,-40.254555,101.893815,93.0,2024-11-27 17:10:57
VH_01370,Honda Civic,71.7,55.7,65.943823,31.932574,95.0,2024-11-05 17:46:47
VH_01371,Toyota Camry,71.9,139.2,-86.957694,120.708388,82.1,2024-11-09 20:29:14
VH_01372,Tesla Model 3,,147.1,-39.789413,-61.407368,92.3,2024-11-19 09:47:15
VH_01373,Tesla Model 3,64.5,3.5,34.02569,-23.071803,99.2,2024-11-19 22:18:21
VH_01374,Toyota Camry,65.5,2.3,26.51487,149.810355,79.0,2024-11-05 04:49:42
VH_01375,Toyota Camry,102.2,160.5,79.667306,175.241362,70.0,2024-11-22 16:49:01
VH_01376,Ford F-150,66.0,110.5,76.031069,32.933263,93.2,2024-11-23 18:55:47
VH_01377,Tesla Model 3,96.9,66.1,11.105611,-109.926958,82.6,2024-11-10 19:41:56
VH_01378,BMW X5,68.4,96.2,12.144249,43.858828,74.8,2024-11-30 11:07:42
VH_01379,Chevrolet Bolt,60.9,42.1,-11.979174,19.951484,96.9,2024-11-28 11:08:58
VH_01380,Honda Civic,91.7,122.8,25.350969,101.372141,72.2,2024-11-02 11:41:31
VH_01381,Ford F-150,95.5,32.5,-8.363827,-152.087628,83.6,2024-11-19 07:18:01
VH_01382,Toyota Camry,95.7,22.8,79.788243,-132.227622,96.4,2024-11-18 09:41:26
VH_01383,Ford F-150,117.8,94.0,10.632205,134.165437,81.4,2024-11-15 16:42:03
VH_01384,Mercedes EQS,93.2,1.1,79.849459,143.036045,81.1,2024-11-07 18:10:47
VH_01385,BMW X5,107.0,65.0,1.889417,169.745553,73.5,2024-11-24 14:59:51
VH_01386,Toyota Camry,102.4,120.8,-65.165446,-73.152771,88.1,2024-11-04 14:56:53
VH_01387,Tesla Model 3,100.4,150.3,9.256647,-79.080882,88.3,2024-11-29 17:59:13
VH_01388,Hyundai Ioniq,68.3,47.9,-60.710618,37.137075,84.3,2024-11-25 20:47:14
VH_01389,Ford F-150,87.0,146.0,68.695461,148.828662,77.9,2024-11-18 18:56:06
VH_01390,Tesla Model 3,67.9,148.2,-27.60994,-74.286548,84.6,2024-11-03 04:51:41
VH_01391,Tesla Model 3,106.8,22.8,62.085931,-129.047062,95.3,2024-11-18 19:46:57
VH_01392,Toyota Camry,60.0,103.4,78.857449,-162.078826,89.0,2024-11-11 15:48:10
VH_01393,BMW X5,113.9,73.8,81.115046,-14.631063,76.3,2024-11-07 14:27:57
VH_01394,Hyundai Ioniq,111.9,178.5,0.557763,151.035258,88.3,2024-11-14 14:13:19
VH_01395,Ford F-150,,16.0,3.630717,160.315152,94.5,2024-11-09 20:56:25
VH_01396,Hyundai Ioniq,75.7,81.5,-73.783897,177.726888,72.2,2024-11-27 07:45:40
VH_01397,Tesla Model 3,107.7,67.2,-3.335342,-158.789717,80.5,2024-11-28 07:18:40
VH_01398,Tesla Model 3,105.2,10.6,-69.089643,-46.151459,70.0,2024-11-09 15:23:07
VH_01399,Mercedes EQS,113.2,19.7,56.930691,-148.977487,75.6,2024-11-04 22:13:16
VH_01400,Tesla Model 3,62.6,65.3,80.460769,130.390071,83.2,2024-11-28 15:31:45
VH_01401,Toyota Camry,62.6,83.2,55.739158,33.713437,90.4,2024-11-01 05:21:48
VH_01402,Ford F-150,75.4,126.1,87.835367,-148.815466,85.1,2024-11-16 03:48:26
VH_01403,Tesla Model 3,79.6,52.7,55.93107,-129.294271,87.0,2024-11-23 17:38:18
VH_01404,BMW X5,93.3,38.4,64.343388,-55.93904,87.9,2024-11-14 13:05:30
VH_01405,Mercedes EQS,106.0,74.4,41.886442,165.36102,93.8,2024-11-25 23:38:04
VH_01406,Chevrolet Bolt,118.6,36.4,-34.046167,13.83113,76.4,2024-11-04 10:23:54
VH_01407,Toyota Camry,79.9,27.7,49.442975,59.035621,82.1,2024-11-09 21:24:55
VH_01408,Ford F-150,113.5,38.4,68.696757,104.640435,80.8,2024-11-13 10:18:02
VH_01409,Chevrolet Bolt,112.9,43.6,66.84428,-125.501784,85.9,2024-11-20 16:35:42
VH_01410,Mercedes EQS,118.7,78.4,44.159745,-18.790325,87.6,2024-11-11 15:11:15
VH_01411,BMW X5,119.8,160.4,77.570809,1.216736,86.4,2024-11-09 14:04:34
VH_01412,Toyota Camry,73.7,165.8,53.602853,47.023912,95.5,2024-11-20 16:53:55
VH_01413,Tesla Model 3,92.4,59.6,-80.446865,113.869585,97.8,2024-11-03 10:23:42
VH_01414,BMW X5,86.9,60.4,-75.588908,165.931536,74.8,2024-11-28 09:46:22
VH_01415,Ford F-150,109.5,106.9,7.351587,-60.009661,93.0,2024-11-06 04:49:38
VH_01416,Honda Civic,97.7,55.7,-85.039858,176.440624,73.1,2024-11-12 08:07:47
VH_01417,Hyundai Ioniq,65.0,18.0,50.203652,158.905363,72.8,2024-11-01 22:14:56
VH_01418,Honda Civic,108.3,126.7,-9.866662,-39.936569,90.6,2024-11-09 14:23:30
VH_01419,Ford F-150,61.4,129.1,-23.229173,-95.829177,94.5,2024-11-14 00:18:00
VH_01420,Hyundai Ioniq,65.0,31.9,-89.882994,-150.23052,74.1,2024-11-22 06:00:03
VH_01421,Honda Civic,107.1,162.0,-25.678009,166.312414,70.3,2024-11-21 06:38:00
VH_01422,Ford F-150,102.0,9.1,-32.488643,-58.586185,95.9,2024-11-09 21:19:06
VH_01423,Tesla Model 3,80.8,143.6,33.549369,31.752198,83.2,2024-11-30 23:35:49
VH_01424,BMW X5,86.3,7.9,60.255636,-144.038498,83.3,2024-11-10 06:50:14
VH_01425,Toyota Camry,87.8,99.1,77.535059,74.986916,87.7,2024-11-18 18:36:15
VH_01426,Chevrolet Bolt,114.8,120.0,59.262046,-162.667981,99.5,2024-11-14 23:21:52
VH_01427,Tesla Model 3,97.3,174.6,49.115043,-175.606265,90.7,2024-11-29 02:33:30
VH_01428,Tesla Model 3,76.6,22.7,-84.34211,-102.775334,71.4,2024-11-30 16:32:10
VH_01429,Tesla Model 3,105.6,11.6,7.696992,45.669958,97.3,2024-11-11 17:55:40
VH_01430,BMW X5,80.2,110.8,70.54324,165.543968,80.8,2024-11-12 19:51:02
VH_01431,Mercedes EQS,101.2,61.3,-81.773171,-40.347955,71.0,2024-11-20 18:50:18
VH_01432,Tesla Model 3,94.2,104.0,25.942558,-36.797954,82.9,2024-11-27 13:52:53
VH_01433,Honda Civic,92.8,129.1,-4.049883,-164.128021,90.9,2024-11-12 17:31:34
VH_01434,BMW X5,90.1,125.0,-67.44485,140.31484,76.5,2024-11-10 09:50:46
VH_01435,BMW X5,77.3,104.6,83.372428,-45.01129,76.8,2024-11-01 03:14:16
VH_01436,Ford F-150,87.5,136.6,62.372038,-59.69726,70.2,2024-11-08 19:12:21
VH_01437,Ford F-150,109.7,13.1,-51.747018,-43.386141,77.7,2024-11-19 23:44:16
VH_01438,Tesla Model 3,66.3,96.7,-56.921355,-157.98661,75.6,2024-11-28 19:13:23
VH_01439,Mercedes EQS,69.0,142.1,-34.611252,128.164128,72.1,2024-11-02 13:13:20
VH_01440,BMW X5,98.6,160.6,61.007447,-163.297854,77.3,2024-11-27 06:19:36
VH_01441,Honda Civic,84.8,45.6,-87.489991,139.103442,73.5,2024-11-19 15:25:22
VH_01442,BMW X5,73.2,24.5,76.95331,-78.627641,90.4,2024-11-23 03:54:21
VH_01443,Toyota Camry,112.6,101.3,52.191791,15.490936,79.7,2024-11-28 10:57:51
VH_01444,Tesla Model 3,65.3,106.8,16.847405,-27.540817,75.0,2024-11-03 06:05:25
VH_01445,Chevrolet Bolt,110.6,75.4,54.739234,-115.494861,70.3,2024-11-07 20:49:08
VH_01446,Tesla Model 3,81.2,33.6,-43.949788,173.989211,96.7,2024-11-29 22:12:04
VH_01447,Toyota Camry,114.4,20.6,54.207559,123.067341,76.8,2024-11-27 17:38:52
VH_01448,Chevrolet Bolt,,34.0,36.076327,-119.430544,89.4,2024-11-30 12:21:53
VH_01449,Tesla Model 3,70.3,63.5,73.869438,102.843485,85.7,2024-11-24 17:31:54
VH_01450,Honda Civic,101.2,101.8,-11.927727,98.20892,85.1,2024-11-11 06:20:26
VH_01451,Tesla Model 3,79.9,99.1,41.459404,137.060841,87.1,2024-11-23 12:18:28
VH_01452,BMW X5,88.2,126.7,-73.044653,20.164669,71.3,2024-11-03 10:39:17
VH_01453,Tesla Model 3,106.4,165.1,-3.824962,95.611637,91.0,2024-11-11 11:35:48
VH_01454,Tesla Model 3,118.7,109.6,-62.176823,147.101353,84.4,2024-11-09 08:50:06
VH_01455,Tesla Model 3,76.6,173.1,-34.021487,-160.76864,72.9,2024-11-25 22:45:10
VH_01456,Mercedes EQS,103.3,85.8,-89.780552,-116.052386,76.4,2024-11-15 07:10:13
VH_01457,Tesla Model 3,97.5,151.0,-48.845077,58.49473,74.7,2024-11-13 05:33:25
VH_01458,Tesla Model 3,76.7,177.7,27.870063,83.211217,97.7,2024-11-26 11:33:12
VH_01459,Chevrolet Bolt,64.0,175.3,82.18053,27.818758,91.3,2024-11-01 11:53:34
VH_01460,Toyota Camry,104.1,132.3,-67.035479,48.255792,99.4,2024-11-14 10:43:34
VH_01461,Chevrolet Bolt,101.8,39.4,-66.383902,78.098227,84.9,2024-11-07 04:11:22
VH_01462,Toyota Camry,66.2,67.1,-55.086607,143.464013,92.8,2024-11-25 10:25:53
VH_01463,Toyota Camry,80.1,8.5,-44.376182,-109.065077,90.5,2024-11-03 18:55:25
VH_01464,Honda Civic,107.6,41.5,59.071825,-15.5095,80.7,2024-11-29 09:03:51
VH_01465,Tesla Model 3,92.2,23.8,-77.213221,-171.749606,74.9,2024-11-30 00:58:15
VH_01466,Tesla Model 3,101.0,146.3,86.090437,-153.350088,79.0,2024-11-30 12:30:33
VH_01467,Hyundai Ioniq,116.7,104.8,82.041597,-101.458885,98.3,2024-11-02 09:59:14
VH_01468,Mercedes EQS,110.5,133.5,57.812033,-155.9229,81.6,2024-11-08 20:58:46
VH_01469,Tesla Model 3,64.9,156.4,78.999476,-28.872158,70.4,2024-11-03 17:06:05
VH_01470,Hyundai Ioniq,93.4,66.3,61.422941,122.916458,97.2,2024-11-23 08:31:36
VH_01471,BMW X5,112.6,7.3,-47.903781,-38.15956,74.6,2024-11-28 16:28:48
VH_01472,Toyota Camry,83.6,65.1,-35.424595,-76.701699,92.9,2024-11-13 08:47:19
VH_01473,Toyota Camry,62.2,173.8,-19.527076,-109.315017,79.2,2024-11-10 03:41:36
VH_01474,Tesla Model 3,94.1,61.9,-35.585844,37.626627,75.0,2024-11-10 05:06:04
VH_01475,BMW X5,70.1,24.2,68.771556,-137.710388,78.9,2024-11-08 03:06:07
VH_01476,Tesla Model 3,107.1,119.8,75.534328,85.983833,98.2,2024-11-27 22:23:41
VH_01477,Mercedes EQS,76.0,27.2,32.252004,126.054129,89.1,2024-11-02 21:46:37
VH_01478,BMW X5,89.6,177.5,81.066782,42.37173,92.2,2024-11-20 18:50:46
VH_01479,Chevrolet Bolt,74.4,56.0,57.71891,-149.53126,88.0,2024-11-19 11:02:32
VH_01480,Tesla Model 3,72.1,61.0,-46.904051,-131.767955,99.0,2024-11-14 16:14:35
VH_01481,Ford F-150,118.4,33.6,-24.186006,-159.262851,85.9,2024-11-11 22:02:32
VH_01482,Tesla Model 3,117.0,170.9,-83.747793,68.22876,72.3,2024-11-18 18:14:22
VH_01483,Honda Civic,91.7,73.0,-22.704831,78.75647,81.1,2024-11-23 15:58:59
VH_01484,Hyundai Ioniq,83.4,124.2,31.525112,-0.223384,93.9,2024-11-20 11:38:15
VH_01485,Tesla Model 3,113.7,143.5,-41.714791,97.951926,97.0,2024-11-17 06:53:23
VH_01486,Honda Civic,81.6,43.2,-23.270611,-10.012271,95.7,2024-11-20 01:54:36
VH_01487,Ford F-150,103.7,139.8,-21.184602,110.481582,82.9,2024-11-14 14:38:23
VH_01488,Honda Civic,70.6,51.4,-86.017319,71.186889,70.2,2024-11-17 02:51:18
VH_01489,Toyota Camry,116.2,165.1,-34.85709,-148.48619,80.3,2024-11-20 08:59:10
VH_01490,Mercedes EQS,79.4,169.2,13.628984,-37.05304,95.3,2024-11-09 19:43:25
VH_01491,BMW X5,115.4,2.4,66.620835,-80.573803,77.2,2024-11-29 13:39:13
VH_01492,Tesla Model 3,75.9,69.3,77.962533,-77.070519,99.9,2024-11-13 20:28:53
VH_01493,BMW X5,95.0,44.6,71.506912,158.745109,94.5,2024-11-15 14:41:14
VH_01494,BMW X5,113.2,38.4,55.726783,-16.990135,82.4,2024-11-23 05:29:22
VH_01495,Honda Civic,117.7,122.5,-86.747045,12.296846,90.6,2024-11-06 22:07:09
VH_01496,Ford F-150,91.8,64.1,-59.937804,155.491629,72.4,2024-11-27 15:36:40
VH_01497,Ford F-150,115.0,100.3,-32.699584,-104.718506,94.5,2024-11-14 13:28:41
VH_01498,Toyota Camry,70.6,160.1,0.987471,-14.164321,78.0,2024-11-25 04:16:35
VH_01499,Chevrolet Bolt,89.8,115.7,-60.551884,53.31771,94.5,2024-11-02 05:29:39
VH_01500,Chevrolet Bolt,84.7,61.5,43.554937,-126.868354,97.1,2024-11-23 11:12:00
VH_01501,Mercedes EQS,94.6,72.1,-31.695516,-112.211901,84.0,2024-11-06 09:52:40
VH_01502,Ford F-150,63.7,148.9,76.500068,46.547921,80.7,2024-11-08 09:40:34
VH_01503,Ford F-150,115.9,11.3,76.962883,-47.704449,89.5,2024-11-03 05:09:47
VH_01504,Tesla Model 3,115.2,87.1,32.835319,82.615761,72.0,2024-11-10 01:03:54
VH_01505,Hyundai Ioniq,99.8,170.2,-68.415283,-170.470888,79.0,2024-11-28 20:22:02
VH_01506,Mercedes EQS,67.4,165.3,47.351489,10.471174,88.8,2024-11-05 05:10:52
VH_01507,Ford F-150,69.9,6.3,-68.107837,-43.889955,80.4,2024-11-08 11:37:35
VH_01508,Chevrolet Bolt,83.4,163.2,-85.177983,52.15512,87.3,2024-11-24 12:38:46
VH_01509,Ford F-150,80.6,129.4,83.944838,-53.190399,96.8,2024-11-11 08:24:21
VH_01510,Honda Civic,68.9,27.1,34.7805,113.285365,76.8,2024-11-30 21:37:55
VH_01511,BMW X5,91.3,109.4,-89.743649,-49.107393,84.2,2024-11-11 18:43:05
VH_01512,Honda Civic,73.5,40.8,-13.172134,2.619326,99.2,2024-11-23 19:03:23
VH_01513,Tesla Model 3,114.4,99.2,-7.359352,4.122234,81.7,2024-11-25 04:01:07
VH_01514,Honda Civic,67.2,91.0,-61.488914,127.274453,81.4,2024-11-05 18:57:33
VH_01515,Chevrolet Bolt,,22.4,-18.64337,-52.480526,95.4,2024-11-27 21:00:59
VH_01516,Hyundai Ioniq,117.8,122.0,23.781602,-114.161399,72.7,2024-11-24 22:22:51
VH_01517,Mercedes EQS,110.5,78.3,37.341264,-85.630187,95.8,2024-11-20 12:59:23
VH_01518,Hyundai Ioniq,79.5,135.7,-66.415656,-104.464732,99.1,2024-11-11 12:27:47
VH_01519,Tesla Model 3,118.9,25.5,-60.950553,76.345516,70.5,2024-11-06 03:39:03
VH_01520,Mercedes EQS,77.5,179.5,-27.700899,176.540231,95.7,2024-11-28 11:31:24
VH_01521,Honda Civic,108.9,178.3,23.64035,-113.712326,92.0,2024-11-18 04:08:08
VH_01522,Toyota Camry,82.6,147.8,21.227838,177.500909,76.3,2024-11-03 09:26:56
VH_01523,BMW X5,74.5,161.5,52.264043,-7.636156,94.0,2024-11-04 05:40:30
VH_01524,Toyota Camry,66.9,10.0,-18.572446,105.473807,78.3,2024-11-12 11:19:35
VH_01525,BMW X5,,120.4,-48.759268,21.200582,79.1,2024-11-06 22:10:08
VH_01526,Ford F-150,79.4,2.4,28.798441,-100.889445,81.6,2024-11-20 11:32:23
VH_01527,Tesla Model 3,90.5,51.6,-18.126635,25.527806,91.6,2024-11-18 17:41:33
VH_01528,Hyundai Ioniq,78.8,49.8,-4.294099,-49.848435,77.5,2024-11-04 12:43:35
VH_01529,BMW X5,116.2,118.7,-23.708261,-25.877137,91.6,2024-11-04 11:54:37
VH_01530,Tesla Model 3,106.0,121.2,-30.609303,-82.217093,87.1,2024-11-05 10:24:00
VH_01531,Hyundai Ioniq,82.6,177.3,16.368231,-17.690658,84.9,2024-11-09 23:22:50
VH_01532,Honda Civic,108.2,146.0,-86.731171,-119.258181,99.3,2024-11-01 17:22:12
VH_01533,Tesla Model 3,112.0,89.3,-65.528054,58.18766,74.5,2024-11-04 13:23:27
VH_01534,Tesla Model 3,94.3,135.3,-12.600636,160.78857,82.1,2024-11-26 19:48:07
VH_01535,Hyundai Ioniq,87.2,6.5,81.880392,-9.156071,72.2,2024-11-21 16:44:53
VH_01536,BMW X5,89.0,14.4,18.349582,97.376845,74.0,2024-11-19 21:41:16
VH_01537,Ford F-150,61.7,172.6,35.181517,166.980503,86.0,2024-11-24 01:35:41
VH_01538,BMW X5,85.2,42.7,24.732443,-105.118247,88.9,2024-11-28 18:02:20
VH_01539,Mercedes EQS,101.9,55.6,-69.248136,-146.989615,93.1,2024-11-16 23:05:52
VH_01540,Toyota Camry,61.9,92.2,40.514618,28.158629,80.0,2024-11-12 07:40:06
VH_01541,Tesla Model 3,62.7,21.8,-77.534445,123.179365,93.2,2024-11-24 14:34:07
VH_01542,Honda Civic,76.3,50.9,25.215098,107.834724,78.5,2024-11-01 08:01:28
VH_01543,Tesla Model 3,60.1,75.8,11.027232,-37.56844,79.3,2024-11-22 03:06:46
VH_01544,Tesla Model 3,77.9,80.6,-8.974993,-68.576583,98.2,2024-11-21 09:05:25
VH_01545,BMW X5,83.1,62.6,34.312718,-167.841101,95.7,2024-11-02 14:28:42
VH_01546,Mercedes EQS,74.7,56.7,-50.293657,-108.295256,87.7,2024-11-19 17:51:48
VH_01547,Tesla Model 3,93.9,111.0,83.31949,-21.103406,73.3,2024-11-28 10:46:36
VH_01548,Tesla Model 3,68.2,125.3,-49.906771,-105.880085,90.8,2024-11-29 19:33:09
VH_01549,Toyota Camry,60.5,66.2,-70.178047,10.445831,83.9,2024-11-11 00:26:18
VH_01550,Honda Civic,74.1,14.1,-33.477558,-75.60688,85.7,2024-11-28 03:58:15
VH_01551,Toyota Camry,105.8,110.1,-27.23743,-78.590531,89.7,2024-11-13 00:57:24
VH_01552,Chevrolet Bolt,79.8,47.1,72.202783,152.404474,92.4,2024-11-15 22:08:13
VH_01553,BMW X5,107.1,142.5,-35.036546,-136.327582,87.1,2024-11-30 07:06:21
VH_01554,Ford F-150,105.2,43.6,37.023696,128.780945,78.3,2024-11-22 21:19:31
VH_01555,Tesla Model 3,94.5,48.5,-16.214786,-173.816568,92.8,2024-11-28 06:01:42
VH_01556,Hyundai Ioniq,73.5,106.8,0.090767,-133.810667,91.7,2024-11-11 14:36:05
VH_01557,Chevrolet Bolt,100.1,96.0,48.696665,8.058586,95.7,2024-11-14 02:07:00
VH_01558,Tesla Model 3,69.5,174.1,89.587145,93.689573,83.4,2024-11-03 23:18:27
VH_01559,Tesla Model 3,66.9,86.2,-82.196689,-62.343546,97.0,2024-11-26 04:10:49
VH_01560,Hyundai Ioniq,77.2,127.8,-15.696261,-58.795876,94.0,2024-11-07 09:41:17
VH_01561,Toyota Camry,67.5,44.0,-82.276068,-79.87044,83.0,2024-11-15 18:38:10
VH_01562,Chevrolet Bolt,63.8,130.2,-49.779708,-160.341235,70.8,2024-11-18 06:30:13
VH_01563,Mercedes EQS,106.7,36.7,65.479399,-60.005356,81.8,2024-11-18 07:02:54
VH_01564,Tesla Model 3,95.7,34.3,14.82305,46.0816,95.2,2024-11-01 02:41:57
VH_01565,Ford F-150,85.8,145.1,76.085618,39.41422,98.3,2024-11-13 16:11:36
VH_01566,Mercedes EQS,93.2,34.0,35.237332,-37.242442,76.6,2024-11-04 12:26:38
VH_01567,Honda Civic,92.5,66.8,69.303241,-73.215573,75.5,2024-11-20 18:39:01
VH_01568,Tesla Model 3,100.2,24.4,64.435547,-109.834991,83.7,2024-11-09 21:20:25
VH_01569,Toyota Camry,72.5,19.4,-35.773592,58.782849,91.4,2024-11-21 04:18:30
VH_01570,Tesla Model 3,101.6,144.2,-18.675889,115.759585,94.9,2024-11-02 14:03:45
VH_01571,Ford F-150,114.1,170.9,-33.517338,74.824705,74.2,2024-11-14 14:53:56
VH_01572,Chevrolet Bolt,95.0,9.0,69.501775,55.374694,89.4,2024-11-24 15:44:25
VH_01573,Tesla Model 3,77.2,83.8,-56.101744,-166.485646,76.2,2024-11-16 11:07:20
VH_01574,Honda Civic,73.7,142.9,60.248733,161.009705,74.9,2024-11-28 03:22:50
VH_01575,Ford F-150,76.8,70.4,-57.388675,90.578323,91.9,2024-11-08 17:48:40
VH_01576,Hyundai Ioniq,68.0,178.9,22.249527,-95.841677,74.1,2024-11-07 12:38:10
VH_01577,Tesla Model 3,94.4,19.4,-53.205988,-176.414103,70.7,2024-11-10 13:50:04
VH_01578,BMW X5,88.1,12.2,34.606442,61.317908,82.8,2024-11-23 03:37:16
VH_01579,Hyundai Ioniq,108.9,78.8,-13.163732,99.326061,88.3,2024-11-17 20:43:09
VH_01580,Toyota Camry,78.9,161.8,-79.800204,-79.922156,81.1,2024-11-03 17:18:10
VH_01581,Toyota Camry,114.2,163.8,42.248902,20.2063,77.7,2024-11-24 16:08:14
VH_01582,Toyota Camry,61.7,48.8,75.221964,105.265353,71.4,2024-11-27 05:21:34
VH_01583,Ford F-150,64.1,175.0,14.674982,86.903604,100.0,2024-11-01 19:05:25
VH_01584,Tesla Model 3,103.1,172.4,29.145131,-132.33501,71.6,2024-11-19 02:55:33
VH_01585,Hyundai Ioniq,108.9,130.0,74.932528,-86.780339,96.5,2024-11-23 10:55:58
VH_01586,BMW X5,117.5,149.7,-4.26833,48.98243,84.9,2024-11-13 15:26:46
VH_01587,Honda Civic,97.3,149.8,78.428734,-114.164375,77.9,2024-11-19 18:05:32
VH_01588,Hyundai Ioniq,92.5,96.6,75.689675,-124.528981,90.3,2024-11-08 04:49:34
VH_01589,Toyota Camry,112.3,11.5,-62.000669,35.566993,94.1,2024-11-29 09:29:47
VH_01590,Honda Civic,80.6,71.0,6.079766,76.540155,97.4,2024-11-08 03:46:18
VH_01591,Tesla Model 3,89.1,112.9,-8.753488,96.99155,72.3,2024-11-10 01:03:47
VH_01592,Ford F-150,65.1,176.3,-68.539354,-15.159741,85.4,2024-11-12 10:37:03
VH_01593,Mercedes EQS,119.0,99.5,55.321635,87.389021,71.5,2024-11-04 14:08:21
VH_01594,Hyundai Ioniq,63.0,148.4,-37.557352,-167.020681,88.9,2024-11-11 22:46:03
VH_01595,Honda Civic,81.2,105.8,21.496745,-89.345105,80.6,2024-11-30 00:55:38
VH_01596,Ford F-150,113.1,137.6,-1.081485,-117.841144,74.3,2024-11-24 21:29:22
VH_01597,Honda Civic,104.9,45.0,10.360136,-114.556355,70.6,2024-11-15 01:00:50
VH_01598,Tesla Model 3,66.8,31.7,32.242897,66.635717,77.8,2024-11-19 13:38:41
VH_01599,Toyota Camry,71.5,35.2,42.469302,69.248187,94.5,2024-11-10 19:45:45
VH_01600,Chevrolet Bolt,77.7,79.7,72.871842,-173.332194,85.1,2024-11-26 04:10:18
VH_01601,Tesla Model 3,96.0,166.0,-87.886157,-12.735024,94.1,2024-11-01 12:01:43
VH_01602,Toyota Camry,96.8,68.0,1.347631,-54.230087,88.4,2024-11-16 04:55:47
VH_01603,Hyundai Ioniq,100.9,89.4,22.304528,145.35855,81.9,2024-11-11 03:44:21
VH_01604,Tesla Model 3,112.7,133.4,-15.459328,-83.517315,83.6,2024-11-25 04:13:17
VH_01605,Honda Civic,107.7,28.8,-25.43531,-124.700054,82.6,2024-11-20 09:17:48
VH_01606,Honda Civic,65.0,145.7,-65.912179,55.483139,87.2,2024-11-08 15:41:47
VH_01607,Tesla Model 3,77.2,12.8,76.330899,163.818088,93.1,2024-11-11 14:24:54
VH_01608,Hyundai Ioniq,95.5,56.8,29.671294,29.363634,77.0,2024-11-12 20:42:15
VH_01609,BMW X5,103.2,27.8,-16.451002,117.600531,91.7,2024-11-09 17:34:54
VH_01610,Mercedes EQS,82.6,60.3,-43.34239,5.173941,89.4,2024-11-27 18:13:24
VH_01611,BMW X5,71.7,130.3,-49.853647,13.791518,95.5,2024-11-03 02:48:31
VH_01612,Toyota Camry,92.1,153.2,36.787046,-123.467789,94.6,2024-11-05 01:31:36
VH_01613,Ford F-150,69.1,171.0,-58.878762,-152.543,92.5,2024-11-25 19:46:46
VH_01614,Tesla Model 3,113.0,128.0,6.898753,133.102872,86.3,2024-11-27 00:14:07
VH_01615,Honda Civic,84.1,160.9,-71.283385,29.825687,85.9,2024-11-13 17:25:11
VH_01616,Chevrolet Bolt,63.5,55.7,-34.992953,-131.916522,95.1,2024-11-01 01:07:06
VH_01617,Ford F-150,83.3,102.6,0.445703,155.67765,83.3,2024-11-26 10:59:26
VH_01618,Honda Civic,109.9,93.7,49.668909,165.514581,89.1,2024-11-14 16:17:04
VH_01619,Tesla Model 3,84.0,55.9,44.164041,34.485602,91.7,2024-11-11 13:39:08
VH_01620,Toyota Camry,70.8,109.9,38.674623,-22.997263,74.3,2024-11-04 15:30:07
VH_01621,Tesla Model 3,61.0,124.2,-81.815016,-121.285746,77.6,2024-11-11 12:46:28
VH_01622,Ford F-150,66.8,131.9,78.778963,150.133168,87.1,2024-11-06 10:23:32
VH_01623,Tesla Model 3,111.8,80.4,58.568823,-33.749542,88.3,2024-11-30 18:09:26
VH_01624,Honda Civic,101.4,17.4,-61.040944,71.391229,73.3,2024-11-27 16:16:31
VH_01625,Toyota Camry,,39.5,-12.241623,-32.464318,92.1,2024-11-09 03:50:26
VH_01626,Chevrolet Bolt,63.7,62.6,-54.592474,-121.934285,80.1,2024-11-27 09:46:23
VH_01627,Chevrolet Bolt,112.4,0.7,23.725495,-62.410514,75.4,2024-11-12 20:35:50
VH_01628,Ford F-150,113.9,99.0,-89.65602,-52.0999,90.7,2024-11-21 06:55:24
VH_01629,Mercedes EQS,97.0,118.8,11.619943,40.127293,71.8,2024-11-20 07:49:44
VH_01630,Chevrolet Bolt,85.9,148.1,46.131572,156.082459,95.7,2024-11-09 14:34:53
VH_01631,Tesla Model 3,119.6,37.2,66.974524,39.388963,81.6,2024-11-10 21:29:54
VH_01632,Tesla Model 3,89.0,162.0,-75.005678,-58.959904,73.4,2024-11-27 07:51:41
VH_01633,Toyota Camry,105.0,138.2,-58.134037,-16.244713,77.4,2024-11-27 19:18:04
VH_01634,Tesla Model 3,106.6,0.1,-76.610593,-124.181086,85.2,2024-11-08 14:44:41
VH_01635,Tesla Model 3,73.5,109.6,-72.153117,14.603134,85.2,2024-11-11 20:45:09
VH_01636,Honda Civic,71.2,132.7,41.098123,-157.211752,84.3,2024-11-01 23:03:03
VH_01637,Tesla Model 3,113.7,88.7,-72.905054,-164.358448,92.7,2024-11-18 23:21:14
VH_01638,Ford F-150,70.0,114.3,78.179827,8.152803,95.7,2024-11-13 22:22:46
VH_01639,Mercedes EQS,64.5,22.9,19.205784,164.348096,73.5,2024-11-25 10:13:59
VH_01640,Toyota Camry,81.1,106.8,14.319972,11.966763,77.4,2024-11-15 12:15:13
VH_01641,BMW X5,89.8,132.2,-87.005465,77.828572,92.0,2024-11-19 23:18:08
VH_01642,Toyota Camry,101.8,148.0,6.095984,94.938972,88.3,2024-11-18 04:19:32
VH_01643,Toyota Camry,65.7,58.3,-53.254797,42.027357,87.8,2024-11-08 21:20:06
VH_01644,BMW X5,73.4,49.1,-11.672043,49.126297,92.9,2024-11-15 11:02:01
VH_01645,Honda Civic,94.8,109.4,-9.890675,45.864568,74.3,2024-11-30 23:15:22
VH_01646,Tesla Model 3,95.4,179.5,-78.672755,-22.365808,88.6,2024-11-24 12:24:11
VH_01647,Mercedes EQS,60.2,140.7,-7.688821,66.960596,84.9,2024-11-28 03:27:24
VH_01648,Chevrolet Bolt,97.1,102.8,-16.986942,-152.903531,85.3,2024-11-30 12:40:38
VH_01649,BMW X5,110.8,20.3,-6.8322,-75.968906,83.8,2024-11-17 16:02:47
VH_01650,Hyundai Ioniq,104.0,96.6,5.979234,179.00694,78.8,2024-11-29 08:44:07
VH_01651,Honda Civic,75.9,56.9,52.620343,-120.000495,89.2,2024-11-20 03:37:26
VH_01652,Honda Civic,79.6,30.8,60.424968,175.170661,74.9,2024-11-07 18:34:37
VH_01653,Mercedes EQS,62.3,72.0,9.51785,144.62345,70.5,2024-11-27 10:13:48
VH_01654,Toyota Camry,92.1,45.5,3.615022,97.262079,70.0,2024-11-27 04:42:26
VH_01655,Toyota Camry,71.4,119.8,-82.593179,-6.311661,90.0,2024-11-27 06:08:39
VH_01656,Tesla Model 3,97.1,132.6,-42.855931,127.659759,99.8,2024-11-27 20:40:43
VH_01657,BMW X5,119.1,42.6,-63.112082,165.647284,93.6,2024-11-01 14:49:34
VH_01658,Tesla Model 3,72.8,122.3,39.636693,93.518025,82.1,2024-11-29 17:55:57
VH_01659,Ford F-150,106.7,64.1,-53.404963,148.017769,98.5,2024-11-19 19:21:24
VH_01660,Toyota Camry,93.5,138.1,-55.515259,-22.221029,86.2,2024-11-15 06:45:21
VH_01661,Toyota Camry,94.2,90.5,-3.626573,79.564815,70.6,2024-11-06 17:50:49
VH_01662,Ford F-150,69.7,158.1,54.656257,-168.757199,88.9,2024-11-10 21:43:46
VH_01663,BMW X5,113.3,22.1,-48.433285,150.816236,79.1,2024-11-13 05:40:37
VH_01664,Toyota Camry,95.7,7.8,-2.889366,59.495455,98.6,2024-11-28 02:50:47
VH_01665,Chevrolet Bolt,84.1,165.0,-60.329756,158.399465,81.3,2024-11-07 02:51:15
VH_01666,Honda Civic,114.6,110.0,-11.486167,-8.032754,79.5,2024-11-21 15:42:31
VH_01667,Mercedes EQS,71.1,153.9,-67.520847,-177.150817,77.1,2024-11-15 07:34:40
VH_01668,Tesla Model 3,61.8,89.8,-3.527943,-40.032851,86.2,2024-11-16 19:26:42
VH_01669,Honda Civic,73.4,78.7,-59.269958,125.317139,94.5,2024-11-26 22:35:41
VH_01670,Toyota Camry,60.4,149.5,84.500848,-76.510851,91.9,2024-11-11 14:10:35
VH_01671,Honda Civic,102.1,155.1,17.267768,-178.80325,77.5,2024-11-07 04:48:40
VH_01672,Toyota Camry,116.8,167.5,-77.761897,78.167214,84.2,2024-11-07 22:49:27
VH_01673,Hyundai Ioniq,87.8,28.3,49.032161,12.985815,86.4,2024-11-12 23:03:15
VH_01674,Tesla Model 3,93.3,128.2,-32.178796,-63.099356,75.4,2024-11-15 19:40:11
VH_01675,Hyundai Ioniq,110.5,25.2,64.659121,-143.494866,73.5,2024-11-25 09:17:18
VH_01676,Tesla Model 3,82.1,15.1,-78.01918,-59.044232,71.6,2024-11-03 06:56:58
VH_01677,Toyota Camry,96.0,46.5,-8.260557,-83.071799,76.9,2024-11-18 18:33:44
VH_01678,Ford F-150,81.4,25.4,-11.095127,10.412783,92.3,2024-11-15 08:37:40
VH_01679,BMW X5,107.4,83.0,-25.846719,-71.899108,94.2,2024-11-28 17:21:06
VH_01680,BMW X5,75.6,152.5,18.546223,-166.807071,76.9,2024-11-25 18:49:41
VH_01681,BMW X5,73.3,22.5,-50.800817,-150.067481,93.6,2024-11-10 18:13:39
VH_01682,Honda Civic,98.7,165.3,86.472547,-26.235354,71.1,2024-11-24 00:45:21
VH_01683,Chevrolet Bolt,113.4,146.2,10.226951,-53.054505,75.2,2024-11-27 08:59:46
VH_01684,Honda Civic,60.6,148.9,-11.736912,-66.25091,71.9,2024-11-09 19:30:30
VH_01685,Toyota Camry,101.5,73.5,59.711802,-103.425518,79.8,2024-11-11 23:48:20
VH_01686,Mercedes EQS,108.3,92.1,-71.72511,23.229021,73.2,2024-11-21 14:59:34
VH_01687,Chevrolet Bolt,71.3,50.3,-21.327134,-148.455957,84.4,2024-11-19 09:27:01
VH_01688,Toyota Camry,95.5,71.5,77.785639,175.297294,76.7,2024-11-20 05:26:09
VH_01689,Mercedes EQS,96.3,46.3,-22.307293,105.79204,77.9,2024-11-17 13:49:26
VH_01690,Mercedes EQS,95.3,105.5,-84.781234,-166.704767,71.4,2024-11-29 21:53:52
VH_01691,Tesla Model 3,88.8,103.9,5.632509,-95.777084,97.9,2024-11-17 12:34:19
VH_01692,Mercedes EQS,102.3,97.3,-16.272225,7.9442,97.1,2024-11-09 06:17:55
VH_01693,Chevrolet Bolt,83.4,132.5,2.627961,6.013009,88.6,2024-11-30 20:36:39
VH_01694,Ford F-150,95.0,78.8,10.987201,135.663016,94.7,2024-11-24 19:12:56
VH_01695,BMW X5,102.6,62.7,3.581872,160.361229,92.3,2024-11-29 18:07:16
VH_01696,Ford F-150,68.6,79.4,15.085258,83.206108,88.3,2024-11-04 14:11:29
VH_01697,Ford F-150,78.0,97.3,25.073595,146.629409,83.6,2024-11-04 23:28:40
VH_01698,BMW X5,115.6,135.1,5.241762,149.72547,77.9,2024-11-16 22:59:59
VH_01699,Tesla Model 3,107.4,143.1,-52.900077,-1.317692,96.2,2024-11-26 09:25:24
VH_01700,Toyota Camry,118.9,18.9,-57.199462,-101.65039,70.9,2024-11-26 15:21:16
VH_01701,Ford F-150,105.1,152.8,-69.466151,-150.510229,77.4,2024-11-24 20:51:12
VH_01702,Chevrolet Bolt,64.8,170.1,-29.419314,-175.911654,94.6,2024-11-30 23:05:04
VH_01703,Toyota Camry,112.0,151.9,13.114557,124.532336,95.0,2024-11-22 14:48:22
VH_01704,Chevrolet Bolt,62.8,56.8,10.849323,-26.91884,82.7,2024-11-11 02:01:05
VH_01705,Honda Civic,107.4,16.1,59.230604,-67.29085,85.1,2024-11-02 00:04:45
VH_01706,Ford F-150,87.9,134.8,48.384396,60.816944,75.9,2024-11-20 03:42:00
VH_01707,Chevrolet Bolt,,134.0,-68.065103,-93.192798,87.5,2024-11-01 12:09:28
VH_01708,Tesla Model 3,111.5,22.6,13.230945,-9.248194,74.0,2024-11-16 07:10:31
VH_01709,Tesla Model 3,74.6,76.8,13.314199,68.430401,79.8,2024-11-26 23:20:00
VH_01710,Hyundai Ioniq,111.3,129.1,-82.31103,-62.013501,96.4,2024-11-15 12:45:09
VH_01711,Hyundai Ioniq,87.7,72.1,73.039836,155.759825,93.9,2024-11-26 18:34:40
VH_01712,Chevrolet Bolt,82.7,72.4,74.70227,-151.608278,90.7,2024-11-25 17:47:36
VH_01713,Toyota Camry,84.1,44.2,-26.418627,107.452495,71.8,2024-11-01 08:17:19
VH_01714,Tesla Model 3,92.7,175.6,85.782994,122.959497,82.9,2024-11-18 19:15:26
VH_01715,Ford F-150,77.5,119.8,-74.529321,-59.647589,81.6,2024-11-19 05:34:29
VH_01716,Toyota Camry,89.2,33.5,-27.590876,135.799468,73.0,2024-11-15 02:04:51
VH_01717,Honda Civic,117.4,110.4,28.804435,121.794899,97.3,2024-11-23 21:22:48
VH_01718,Honda Civic,87.4,153.9,8.046409,-28.143285,93.0,2024-11-19 08:38:49
VH_01719,Tesla Model 3,80.6,44.9,-58.123949,-150.405551,94.2,2024-11-13 10:45:23
VH_01720,Ford F-150,102.3,74.2,-83.706854,-142.256481,100.0,2024-11-23 10:04:03
VH_01721,Honda Civic,79.4,160.5,-29.742821,133.98926,89.0,2024-11-15 13:04:28
VH_01722,BMW X5,75.9,175.6,83.400221,-166.509572,90.1,2024-11-27 13:08:29
VH_01723,Toyota Camry,,88.3,-51.481221,-84.938846,84.6,2024-11-11 02:57:20
VH_01724,Tesla Model 3,116.0,91.6,-71.559253,48.153603,90.3,2024-11-23 00:07:06
VH_01725,Honda Civic,105.3,41.4,-32.942065,-103.89074,70.6,2024-11-20 23:44:12
VH_01726,Mercedes EQS,62.7,89.2,-43.177009,92.221727,97.5,2024-11-30 10:59:14
VH_01727,Toyota Camry,101.5,0.6,-58.733928,2.036273,92.9,2024-11-14 12:08:57
VH_01728,Ford F-150,90.5,137.7,66.810378,91.583568,80.5,2024-11-12 12:16:33
VH_01729,Chevrolet Bolt,106.0,96.8,70.696197,-131.117479,84.7,2024-11-23 00:22:50
VH_01730,Mercedes EQS,71.8,115.5,-13.532717,19.006487,86.8,2024-11-06 19:35:53
VH_01731,Honda Civic,105.5,151.0,57.736967,99.237479,93.0,2024-11-02 16:54:42
VH_01732,Toyota Camry,116.8,106.3,46.801203,144.41251,85.2,2024-11-10 23:28:44
VH_01733,Tesla Model 3,86.6,134.5,83.124104,-99.919909,77.0,2024-11-20 15:30:47
VH_01734,Mercedes EQS,88.5,2.5,-44.8076,-96.282657,70.3,2024-11-01 14:30:45
VH_01735,Mercedes EQS,66.8,171.3,-55.259751,117.325677,96.2,2024-11-02 03:01:14
VH_01736,Toyota Camry,67.7,24.0,-42.388673,-119.930851,71.2,2024-11-13 17:12:45
VH_01737,Mercedes EQS,110.8,155.2,-48.124123,-149.402694,71.0,2024-11-18 06:53:09
VH_01738,Toyota Camry,68.0,48.3,-39.690275,-172.915106,91.2,2024-11-25 00:25:23
VH_01739,Mercedes EQS,110.3,49.0,11.704707,-122.558028,81.1,2024-11-12 15:51:03
VH_01740,Hyundai Ioniq,98.6,10.7,-3.110187,41.80523,73.0,2024-11-08 00:17:17
VH_01741,Hyundai Ioniq,76.6,171.4,-84.93097,82.868322,86.7,2024-11-08 07:57:17
VH_01742,Mercedes EQS,119.0,155.8,13.380526,-106.313004,75.3,2024-11-04 19:01:35
VH_01743,Tesla Model 3,110.5,142.8,-56.606009,-174.964039,95.0,2024-11-11 09:18:37
VH_01744,Mercedes EQS,66.0,96.0,21.934254,-167.239428,79.2,2024-11-26 12:38:54
VH_01745,Mercedes EQS,101.3,38.7,-4.519595,-126.248656,82.0,2024-11-09 05:52:20
VH_01746,Honda Civic,115.8,140.2,-84.276444,-59.320379,93.8,2024-11-19 23:27:32
VH_01747,Hyundai Ioniq,84.8,24.4,12.823423,-109.226205,98.8,2024-11-29 07:42:05
VH_01748,Ford F-150,80.3,85.6,-33.662073,-158.424302,84.8,2024-11-07 15:06:20
VH_01749,Toyota Camry,107.9,173.8,-85.320565,-13.897847,88.5,2024-11-05 08:14:46
VH_01750,Honda Civic,106.7,117.8,-59.100268,-146.331292,76.1,2024-11-19 11:31:05
VH_01751,Chevrolet Bolt,104.6,85.1,-76.397309,-39.654879,74.3,2024-11-06 19:45:08
VH_01752,Tesla Model 3,109.4,56.9,75.968879,98.450633,92.3,2024-11-06 10:20:36
VH_01753,Toyota Camry,66.7,30.1,55.393754,167.188694,84.2,2024-11-01 07:19:36
VH_01754,Tesla Model 3,78.4,73.3,86.98507,-127.90809,76.8,2024-11-15 15:18:46
VH_01755,Toyota Camry,107.2,162.4,-56.939917,-128.079112,89.4,2024-11-01 17:56:18
VH_01756,Hyundai Ioniq,70.9,164.0,-41.421942,-150.378421,98.6,2024-11-01 19:49:37
VH_01757,Honda Civic,78.3,148.2,53.610534,-9.194275,75.4,2024-11-30 22:53:06
VH_01758,Hyundai Ioniq,100.5,75.7,22.591786,-66.309743,76.7,2024-11-07 08:06:06
VH_01759,Mercedes EQS,64.7,83.8,57.301413,79.272034,70.7,2024-11-07 12:02:50
VH_01760,Mercedes EQS,80.7,124.6,15.182302,-53.727994,81.5,2024-11-07 09:06:27
VH_01761,Mercedes EQS,94.5,19.9,81.914872,13.328665,97.7,2024-11-05 09:55:41
VH_01762,Chevrolet Bolt,85.8,158.6,88.80619,73.122729,92.0,2024-11-27 00:19:22
VH_01763,Ford F-150,75.3,100.1,52.409468,146.988332,85.4,2024-11-21 10:51:04
VH_01764,BMW X5,87.8,179.8,73.413828,0.07196,78.1,2024-11-23 03:29:44
VH_01765,Tesla Model 3,90.7,41.5,57.755588,20.696488,72.7,2024-11-28 09:45:15
VH_01766,Tesla Model 3,62.0,52.5,62.34674,-132.973382,83.1,2024-11-03 02:48:42
VH_01767,Tesla Model 3,94.3,130.7,5.235574,116.596725,96.8,2024-11-10 18:52:51
VH_01768,Chevrolet Bolt,117.7,112.6,60.04903,102.752298,99.4,2024-11-14 12:35:43
VH_01769,Tesla Model 3,90.6,48.7,80.018804,-165.933829,74.7,2024-11-11 20:58:50
VH_01770,Toyota Camry,91.7,57.3,-12.295177,-126.707686,95.7,2024-11-09 03:56:06
VH_01771,Mercedes EQS,70.0,133.8,-1.499764,157.968152,74.5,2024-11-01 16:56:45
VH_01772,Tesla Model 3,79.7,158.2,47.045249,-179.287798,70.6,2024-11-27 15:05:59
VH_01773,Chevrolet Bolt,74.9,52.5,38.577107,-34.809796,77.2,2024-11-06 09:35:31
VH_01774,Toyota Camry,60.2,93.8,48.261231,24.526127,72.7,2024-11-13 05:44:38
VH_01775,Hyundai Ioniq,107.9,4.2,81.890095,126.142102,81.5,2024-11-08 09:24:18
VH_01776,Hyundai Ioniq,68.3,89.0,78.087385,87.179241,87.5,2024-11-26 19:44:46
VH_01777,Mercedes EQS,94.6,82.8,38.944956,-163.897408,70.3,2024-11-17 08:26:42
VH_01778,Ford F-150,119.3,171.2,79.704495,131.976281,86.4,2024-11-24 07:16:27
VH_01779,Tesla Model 3,83.3,7.3,-85.84962,34.821086,95.2,2024-11-29 14:48:05
VH_01780,Hyundai Ioniq,101.1,44.8,-68.626674,-145.158814,95.1,2024-11-22 15:14:32
VH_01781,Hyundai Ioniq,65.8,158.8,-32.698662,58.375009,86.7,2024-11-18 22:21:32
VH_01782,Tesla Model 3,79.8,25.5,13.1996,109.748111,74.5,2024-11-01 21:10:15
VH_01783,Tesla Model 3,75.6,152.6,-87.833108,-49.31322,79.7,2024-11-12 14:39:26
VH_01784,Tesla Model 3,84.7,80.4,-22.488873,26.911492,87.9,2024-11-14 18:09:56
VH_01785,Tesla Model 3,102.2,155.4,-12.250361,-126.622856,71.6,2024-11-03 20:13:39
VH_01786,Tesla Model 3,76.0,115.9,-87.114244,-129.859507,93.1,2024-11-05 10:43:27
VH_01787,Mercedes EQS,69.1,24.8,-49.951403,-19.174191,97.7,2024-11-15 00:41:34
VH_01788,Toyota Camry,69.0,160.3,-64.667086,11.116242,85.0,2024-11-04 09:35:17
VH_01789,Chevrolet Bolt,101.3,162.9,-5.837582,104.280706,80.8,2024-11-10 08:27:26
VH_01790,Honda Civic,69.6,167.5,-28.000654,-16.403832,70.3,2024-11-05 05:35:01
VH_01791,Chevrolet Bolt,65.7,138.9,81.075198,18.597769,80.0,2024-11-27 15:34:31
VH_01792,Hyundai Ioniq,85.1,12.5,-58.195909,47.356801,79.8,2024-11-28 09:38:40
VH_01793,Ford F-150,,119.8,70.605767,-138.807986,71.0,2024-11-23 13:21:16
VH_01794,Mercedes EQS,73.1,47.6,-16.488268,-160.638442,73.8,2024-11-12 18:18:12
VH_01795,Chevrolet Bolt,87.5,5.3,40.213131,88.42954,75.3,2024-11-07 04:08:35
VH_01796,Tesla Model 3,119.4,112.9,-77.644119,-147.754333,70.9,2024-11-13 20:09:19
VH_01797,Toyota Camry,102.9,2.1,42.377137,-23.318568,79.8,2024-11-13 13:13:52
VH_01798,Honda Civic,103.5,174.7,-35.01693,-116.026432,74.3,2024-11-22 08:24:40
VH_01799,Tesla Model 3,73.1,114.1,-21.092516,167.901435,73.2,2024-11-05 06:39:30
VH_01800,Chevrolet Bolt,60.4,89.9,43.833904,45.331749,76.1,2024-11-16 00:09:35
VH_01801,Tesla Model 3,68.9,42.3,10.500168,-28.131931,84.7,2024-11-20 21:29:21
VH_01802,Hyundai Ioniq,69.8,57.2,-71.719779,64.580019,94.8,2024-11-09 21:31:42
VH_01803,Tesla Model 3,119.2,91.7,62.514722,73.293254,81.6,2024-11-18 01:02:26
VH_01804,BMW X5,107.0,171.5,64.06663,-80.6177,72.3,2024-11-22 10:53:07
VH_01805,Tesla Model 3,84.5,98.2,1.91461,123.951306,93.7,2024-11-15 05:53:46
VH_01806,Tesla Model 3,109.8,119.2,14.072597,50.0803,80.8,2024-11-02 18:31:29
VH_01807,Chevrolet Bolt,116.0,145.1,-35.404548,23.62511,99.8,2024-11-08 01:36:23
VH_01808,Toyota Camry,78.8,48.9,-52.294519,-160.686874,91.8,2024-11-19 08:52:20
VH_01809,Hyundai Ioniq,116.8,27.1,-29.469884,49.391357,95.3,2024-11-30 08:24:41
VH_01810,Tesla Model 3,81.4,64.2,13.469769,-118.055686,99.1,2024-11-14 10:02:37
VH_01811,Chevrolet Bolt,98.6,15.8,-67.729538,61.409022,88.4,2024-11-10 11:50:58
VH_01812,Tesla Model 3,64.8,26.4,-45.166026,128.58283,82.9,2024-11-15 21:21:29
VH_01813,Chevrolet Bolt,100.6,142.0,0.079703,131.040028,94.2,2024-11-04 03:27:57
VH_01814,Tesla Model 3,76.6,144.2,6.631262,177.506072,82.2,2024-11-01 21:18:19
VH_01815,Tesla Model 3,65.9,18.1,-82.126368,-147.201111,94.5,2024-11-19 00:19:40
VH_01816,Ford F-150,99.4,50.2,54.386501,-112.864281,95.9,2024-11-06 18:01:13
VH_01817,Mercedes EQS,63.1,110.0,81.191131,-27.40178,94.7,2024-11-12 15:17:27
VH_01818,Honda Civic,66.0,131.4,67.01311,-41.381799,99.6,2024-11-10 20:05:15
VH_01819,Toyota Camry,120.0,36.3,17.04141,18.273163,87.8,2024-11-30 08:09:58
VH_01820,Honda Civic,63.0,16.1,-40.315954,157.809023,76.3,2024-11-24 01:13:59
VH_01821,Tesla Model 3,74.4,135.0,-0.651242,-144.395484,94.7,2024-11-27 22:21:38
VH_01822,Hyundai Ioniq,106.8,18.9,23.461372,-40.336647,97.8,2024-11-18 05:20:49
VH_01823,Honda Civic,97.0,135.2,-80.832863,2.637629,73.0,2024-11-14 19:55:37
VH_01824,Honda Civic,98.2,147.9,-30.841784,-48.722912,70.3,2024-11-06 20:22:11
VH_01825,Ford F-150,117.5,61.3,-29.214515,-120.36655,73.6,2024-11-23 22:33:30
VH_01826,Chevrolet Bolt,93.5,121.7,60.681776,8.131046,70.1,2024-11-07 16:19:03
VH_01827,Hyundai Ioniq,95.9,10.1,-49.194431,-139.6976,82.5,2024-11-21 17:12:07
VH_01828,Tesla Model 3,101.4,20.0,20.802503,171.341266,74.6,2024-11-10 20:16:55
VH_01829,Tesla Model 3,112.7,105.9,87.811944,-89.526884,84.7,2024-11-06 20:31:33
VH_01830,Chevrolet Bolt,89.1,150.8,-82.742691,136.190398,86.8,2024-11-06 03:32:53
VH_01831,Chevrolet Bolt,60.4,143.7,8.465379,62.545109,91.5,2024-11-18 18:48:46
VH_01832,BMW X5,87.9,174.7,-84.333992,-118.902082,77.7,2024-11-15 05:33:23
VH_01833,Mercedes EQS,106.1,38.4,-18.852954,-112.959741,99.1,2024-11-06 21:36:22
VH_01834,Tesla Model 3,62.3,178.8,18.443668,94.830608,86.5,2024-11-23 03:09:13
VH_01835,Hyundai Ioniq,100.0,3.6,54.152464,65.606494,80.7,2024-11-22 05:03:40
VH_01836,Hyundai Ioniq,67.1,104.1,86.857694,155.346455,90.9,2024-11-07 21:29:08
VH_01837,Tesla Model 3,63.3,20.8,-16.816988,-72.650955,74.4,2024-11-04 12:42:04
VH_01838,Hyundai Ioniq,,167.0,-50.834589,-48.967676,99.4,2024-11-26 08:58:06
VH_01839,Tesla Model 3,113.6,28.2,62.736232,73.013859,90.8,2024-11-27 03:02:27
VH_01840,Toyota Camry,94.7,51.9,63.950302,1.220118,76.6,2024-11-01 11:54:21
VH_01841,Mercedes EQS,66.4,76.5,55.686405,-153.146067,70.5,2024-11-12 02:22:36
VH_01842,Honda Civic,66.1,164.1,-22.129742,79.090255,92.9,2024-11-27 16:51:14
VH_01843,Ford F-150,101.9,72.8,52.953826,-96.808177,96.0,2024-11-30 19:54:10
VH_01844,Mercedes EQS,74.0,99.0,-73.174968,-62.693412,94.6,2024-11-14 09:43:23
VH_01845,Hyundai Ioniq,85.2,138.4,-62.015743,2.003164,94.3,2024-11-21 14:33:44
VH_01846,Mercedes EQS,67.3,85.0,9.325715,-64.457418,92.9,2024-11-06 09:31:08
VH_01847,Toyota Camry,106.2,163.0,73.369327,-61.374313,73.0,2024-11-12 08:52:28
VH_01848,Toyota Camry,105.9,89.6,-72.276772,-49.578989,74.6,2024-11-03 05:08:40
VH_01849,Ford F-150,108.7,83.1,-49.125105,-41.993139,74.6,2024-11-15 05:02:31
VH_01850,Tesla Model 3,104.3,178.3,48.906337,-27.77346,83.9,2024-11-07 20:40:49
VH_01851,Mercedes EQS,63.9,18.3,-7.075339,-157.987393,85.0,2024-11-06 22:43:35
VH_01852,BMW X5,108.3,135.8,-3.476818,178.166854,92.6,2024-11-24 08:35:07
VH_01853,Chevrolet Bolt,63.7,17.6,-32.750969,172.332048,85.9,2024-11-10 00:22:14
VH_01854,BMW X5,77.8,13.1,-35.69146,124.803417,91.2,2024-11-09 18:57:33
VH_01855,Honda Civic,69.7,31.1,-43.27917,90.626686,90.6,2024-11-20 13:19:37
VH_01856,Tesla Model 3,113.6,33.5,2.914995,-71.907341,71.4,2024-11-21 05:23:48
VH_01857,Honda Civic,68.2,80.2,70.626238,65.949351,74.3,2024-11-04 06:45:25
VH_01858,Ford F-150,102.4,169.8,-52.515753,17.456347,97.6,2024-11-24 02:26:58
VH_01859,Toyota Camry,68.3,108.7,-50.78014,10.444976,91.7,2024-11-24 01:37:43
VH_01860,Hyundai Ioniq,84.4,120.9,-84.562281,-85.231353,97.6,2024-11-26 09:42:24
VH_01861,Toyota Camry,95.5,42.1,-79.643812,-59.540797,81.1,2024-11-12 10:09:51
VH_01862,Toyota Camry,80.8,4.6,4.468734,120.327798,93.2,2024-11-24 00:33:33
VH_01863,Chevrolet Bolt,85.1,15.1,72.864987,34.625229,83.5,2024-11-13 11:51:37
VH_01864,Ford F-150,78.9,122.7,42.815996,-31.862201,71.7,2024-11-23 23:53:19
VH_01865,Toyota Camry,112.9,90.0,-28.979833,-88.311222,83.1,2024-11-04 17:40:54
VH_01866,Honda Civic,111.8,43.4,50.626137,-86.51809,95.4,2024-11-24 03:34:42
VH_01867,Toyota Camry,84.1,150.7,-8.0205,-105.752863,71.8,2024-11-09 13:07:44
VH_01868,Tesla Model 3,98.6,86.8,-70.844967,-152.995947,83.9,2024-11-19 00:14:12
VH_01869,Toyota Camry,89.4,109.2,84.368161,-141.621136,74.9,2024-11-15 07:08:59
VH_01870,Tesla Model 3,113.0,67.0,-37.988979,121.373897,82.1,2024-11-27 20:49:35
VH_01871,Tesla Model 3,82.5,169.2,60.398226,163.927409,70.2,2024-11-29 09:00:29
VH_01872,Tesla Model 3,70.8,5.3,-57.567088,-31.244878,98.8,2024-11-28 14:30:44
VH_01873,Hyundai Ioniq,60.8,179.4,70.287019,-113.6215,81.9,2024-11-25 01:14:51
VH_01874,Tesla Model 3,63.6,98.3,66.303276,-17.792298,96.5,2024-11-01 22:31:02
VH_01875,Tesla Model 3,108.4,14.5,76.293163,-19.56664,93.4,2024-11-17 14:57:49
VH_01876,Ford F-150,116.5,52.4,-54.308788,-113.490126,95.1,2024-11-09 21:50:21
VH_01877,Ford F-150,76.8,104.0,63.506077,130.68918,83.2,2024-11-28 08:10:37
VH_01878,BMW X5,86.6,176.2,74.858362,-178.081425,76.7,2024-11-28 07:44:05
VH_01879,Tesla Model 3,83.9,167.3,-43.180279,-123.741447,80.5,2024-11-30 17:54:12
VH_01880,Honda Civic,93.0,19.6,18.652166,85.737636,76.7,2024-11-23 10:17:21
VH_01881,Tesla Model 3,119.5,88.8,7.365265,-148.677611,96.8,2024-11-06 17:19:54
VH_01882,Tesla Model 3,73.3,117.4,-36.276275,98.065476,94.5,2024-11-03 21:19:19
VH_01883,Hyundai Ioniq,85.8,75.6,-18.876087,-60.794033,75.1,2024-11-09 01:38:31
VH_01884,Tesla Model 3,78.2,175.9,15.860179,-84.681004,92.5,2024-11-29 11:11:13
VH_01885,Hyundai Ioniq,87.2,0.1,64.649246,-23.45434,94.5,2024-11-21 07:48:57
VH_01886,BMW X5,119.6,135.6,62.367755,-172.187857,71.3,2024-11-01 11:55:05
VH_01887,Honda Civic,115.3,101.7,61.632839,-118.167356,71.4,2024-11-10 00:54:16
VH_01888,Ford F-150,114.2,139.8,80.009366,137.562016,77.1,2024-11-02 13:57:07
VH_01889,Mercedes EQS,92.5,164.5,15.260685,-117.593019,74.7,2024-11-10 08:11:43
VH_01890,Hyundai Ioniq,70.4,172.3,-45.957867,-155.795164,74.6,2024-11-19 04:01:14
VH_01891,Toyota Camry,108.3,61.9,85.216579,-139.132043,96.5,2024-11-11 23:35:28
VH_01892,BMW X5,77.0,143.3,32.931069,-167.979511,95.7,2024-11-29 04:47:31
VH_01893,Honda Civic,93.3,100.8,35.125669,-105.065551,75.8,2024-11-12 22:08:54
VH_01894,BMW X5,69.7,153.0,-19.059435,-121.243903,82.8,2024-11-01 08:26:17
VH_01895,Tesla Model 3,61.6,101.6,43.275406,179.935639,76.9,2024-11-07 03:10:47
VH_01896,Tesla Model 3,107.3,135.5,-73.716144,136.693377,71.7,2024-11-17 04:22:08
VH_01897,Honda Civic,83.6,163.4,20.111136,41.323706,98.5,2024-11-06 17:22:06
VH_01898,Chevrolet Bolt,118.0,72.3,-76.454287,-14.477136,87.6,2024-11-14 11:43:29
VH_01899,Honda Civic,114.4,69.1,17.153561,132.10712,89.2,2024-11-28 11:51:14
VH_01900,Tesla Model 3,86.9,112.0,53.429374,30.944469,75.4,2024-11-22 16:01:19
VH_01901,Mercedes EQS,73.7,86.7,-48.218556,-35.718382,98.3,2024-11-14 07:18:50
VH_01902,Honda Civic,69.1,153.5,23.319957,-36.488945,81.5,2024-11-07 21:17:13
VH_01903,Ford F-150,113.4,76.6,-9.257603,95.922916,70.8,2024-11-28 17:21:31
VH_01904,Ford F-150,99.6,158.3,72.429437,-66.454183,74.1,2024-11-03 23:10:06
VH_01905,Ford F-150,102.3,11.3,34.394983,129.621544,80.6,2024-11-16 10:15:29
VH_01906,BMW X5,72.6,138.9,-71.933848,50.345013,79.0,2024-11-03 09:31:10
VH_01907,Chevrolet Bolt,86.5,165.1,-7.020813,-129.723279,84.0,2024-11-07 03:47:26
VH_01908,BMW X5,104.5,154.8,-62.401424,-146.367246,86.4,2024-11-13 08:21:54
VH_01909,Honda Civic,100.5,126.1,7.146113,-140.593922,75.4,2024-11-01 08:38:57
VH_01910,Tesla Model 3,92.6,88.7,-12.344029,48.257048,94.9,2024-11-10 15:00:22
VH_01911,Honda Civic,112.8,136.4,16.004108,175.023841,82.9,2024-11-05 15:00:12
VH_01912,Tesla Model 3,97.1,10.3,-28.747205,77.908193,90.0,2024-11-22 00:49:14
VH_01913,Tesla Model 3,113.0,60.0,0.622113,102.37967,92.1,2024-11-26 17:57:59
VH_01914,Tesla Model 3,104.3,30.9,49.470755,71.809466,91.3,2024-11-24 04:42:27
VH_01915,Hyundai Ioniq,107.3,3.2,1.424768,-36.756511,73.8,2024-11-29 08:59:35
VH_01916,Honda Civic,81.7,166.3,65.207437,49.553264,79.6,2024-11-19 02:50:49
VH_01917,Toyota Camry,95.1,30.4,-61.375684,-113.915914,80.5,2024-11-06 03:50:10
VH_01918,Tesla Model 3,81.2,143.2,78.088718,-33.935399,92.7,2024-11-15 13:22:49
VH_01919,Tesla Model 3,93.1,34.0,46.886228,137.092279,89.4,2024-11-05 09:36:10
VH_01920,BMW X5,70.2,29.3,75.970462,-148.611775,87.1,2024-11-09 11:53:36
VH_01921,Hyundai Ioniq,107.3,109.0,27.922366,-38.009162,94.9,2024-11-22 12:34:47
VH_01922,Hyundai Ioniq,84.6,0.0,75.34094,141.067839,94.8,2024-11-03 13:18:05
VH_01923,Ford F-150,81.7,35.0,-77.984404,120.943394,89.4,2024-11-01 21:51:37
VH_01924,Honda Civic,96.9,9.0,46.846477,26.971495,77.4,2024-11-10 17:56:23
VH_01925,Honda Civic,70.7,28.9,60.543706,-146.287387,98.5,2024-11-11 18:52:24
VH_01926,Toyota Camry,60.3,8.4,83.716298,155.435124,74.3,2024-11-24 14:03:37
VH_01927,Hyundai Ioniq,79.2,50.6,-70.03849,66.631444,82.5,2024-11-03 15:57:17
VH_01928,Toyota Camry,86.2,23.4,-39.351565,75.136154,91.4,2024-11-18 04:25:35
VH_01929,Mercedes EQS,,103.0,-48.911549,-117.552906,78.1,2024-11-05 09:00:39
VH_01930,Mercedes EQS,85.5,26.4,-49.872348,-139.923304,99.5,2024-11-10 14:57:05
VH_01931,Honda Civic,66.9,115.7,52.661558,-86.768924,91.4,2024-11-22 03:07:46
VH_01932,Mercedes EQS,116.3,128.8,-19.963907,-80.632157,94.5,2024-11-06 15:30:15
VH_01933,Mercedes EQS,71.8,32.2,-5.423695,142.113485,85.7,2024-11-24 03:17:22
VH_01934,Mercedes EQS,113.7,135.4,-14.041828,69.316747,93.7,2024-11-30 08:10:59
VH_01935,Ford F-150,97.4,8.1,-40.060223,-25.715924,72.1,2024-11-16 21:54:26
VH_01936,Ford F-150,66.0,99.1,-86.440892,-148.844641,95.4,2024-11-30 21:06:16
VH_01937,Chevrolet Bolt,70.3,125.5,-82.588253,-119.267969,86.8,2024-11-22 14:48:28
VH_01938,Chevrolet Bolt,106.3,14.0,-0.682154,-101.151254,80.4,2024-11-17 06:35:03
VH_01939,Honda Civic,90.1,70.0,-44.004884,25.298139,99.9,2024-11-09 00:49:50
VH_01940,Tesla Model 3,77.6,96.5,44.16431,-43.739883,92.8,2024-11-21 07:01:49
VH_01941,Mercedes EQS,62.5,123.9,-58.867812,5.658371,92.0,2024-11-13 22:10:09
VH_01942,Toyota Camry,60.7,172.3,17.211622,-98.230853,96.2,2024-11-16 04:36:57
VH_01943,Toyota Camry,116.6,31.4,-19.65333,-79.730234,79.6,2024-11-29 15:21:38
VH_01944,BMW X5,110.1,5.9,50.582255,-8.295988,72.3,2024-11-21 17:53:18
VH_01945,BMW X5,89.3,116.6,-16.098263,-146.209232,76.7,2024-11-25 12:35:15
VH_01946,BMW X5,91.4,49.6,-7.733443,-37.375454,81.3,2024-11-27 07:44:46
VH_01947,Ford F-150,110.6,173.3,-26.747513,-30.370397,96.9,2024-11-23 16:30:24
VH_01948,Toyota Camry,112.6,135.9,-17.256211,152.861867,97.0,2024-11-04 06:13:40
VH_01949,Tesla Model 3,77.8,124.9,3.504099,113.931512,92.4,2024-11-28 17:33:30
VH_01950,BMW X5,63.6,81.5,76.410506,-119.902622,95.3,2024-11-01 12:55:27
VH_01951,BMW X5,78.5,7.4,-8.204034,122.852752,86.9,2024-11-01 23:48:25
VH_01952,Ford F-150,74.2,74.1,68.814439,-168.024169,97.0,2024-11-12 01:30:55
VH_01953,Ford F-150,86.7,164.7,16.585224,-91.567034,70.8,2024-11-24 10:47:25
VH_01954,Tesla Model 3,100.0,4.0,-17.180727,72.303495,96.6,2024-11-06 20:05:34
VH_01955,Tesla Model 3,68.1,132.3,-14.286654,139.626923,84.3,2024-11-28 21:29:58
VH_01956,Tesla Model 3,106.6,110.6,48.797525,-17.236094,89.4,2024-11-21 22:02:38
VH_01957,Tesla Model 3,90.1,59.3,17.603049,117.522581,81.6,2024-11-10 23:07:44
VH_01958,Toyota Camry,72.3,122.4,-59.551207,5.413413,88.5,2024-11-25 10:52:13
VH_01959,Honda Civic,119.2,4.3,61.890231,107.575188,89.1,2024-11-02 01:31:25
VH_01960,BMW X5,98.2,102.8,-64.980195,-137.538634,83.7,2024-11-13 17:40:24
VH_01961,Tesla Model 3,93.7,137.7,47.67162,16.223416,82.0,2024-11-22 11:52:41
VH_01962,Tesla Model 3,83.4,33.6,-78.985395,-154.89787,92.9,2024-11-29 01:16:46
VH_01963,Honda Civic,100.6,158.3,-4.578018,159.661938,87.4,2024-11-09 14:34:57
VH_01964,Hyundai Ioniq,90.5,110.8,31.122703,23.994127,86.1,2024-11-08 18:06:30
VH_01965,Ford F-150,93.7,75.4,-31.885531,138.084939,76.1,2024-11-12 07:54:28
VH_01966,Chevrolet Bolt,87.5,164.6,-88.906355,-27.760089,94.9,2024-11-30 15:34:14
VH_01967,Mercedes EQS,84.3,52.5,-84.562736,78.466787,87.7,2024-11-12 09:06:58
VH_01968,Tesla Model 3,65.2,138.8,82.37543,-71.104718,99.7,2024-11-30 04:48:10
VH_01969,Toyota Camry,66.8,64.6,11.804544,172.222118,83.5,2024-11-19 11:10:35
VH_01970,Toyota Camry,63.8,61.2,6.949481,-111.653669,81.0,2024-11-30 11:30:25
VH_01971,Ford F-150,117.5,48.9,11.054014,4.546687,93.3,2024-11-12 21:51:44
VH_01972,Tesla Model 3,101.8,140.9,34.87281,115.929375,72.3,2024-11-27 03:43:15
VH_01973,Tesla Model 3,88.3,154.8,-88.995531,48.246367,98.6,2024-11-14 03:49:49
VH_01974,Hyundai Ioniq,100.7,61.9,26.135971,28.763411,92.7,2024-11-03 12:21:26
VH_01975,Toyota Camry,99.0,45.5,49.031783,151.562905,89.7,2024-11-25 19:21:38
VH_01976,Toyota Camry,60.1,169.1,49.447921,-138.802448,71.6,2024-11-30 01:58:31
VH_01977,Hyundai Ioniq,84.7,53.7,-9.672023,-162.747326,70.9,2024-11-27 04:28:16
VH_01978,Mercedes EQS,98.4,155.9,64.620517,-16.465826,82.1,2024-11-26 15:58:15
VH_01979,BMW X5,116.8,99.0,27.230758,97.341918,95.0,2024-11-26 13:30:25
VH_01980,Toyota Camry,116.8,118.9,-86.5367,-126.970141,85.2,2024-11-29 03:06:44
VH_01981,BMW X5,117.1,33.1,26.432254,47.284516,72.7,2024-11-21 08:06:36
VH_01982,Tesla Model 3,85.4,106.6,-69.780011,35.942687,96.8,2024-11-06 08:22:02
VH_01983,Ford F-150,88.3,70.5,-87.199922,-168.086299,74.0,2024-11-01 19:30:25
VH_01984,Tesla Model 3,67.2,10.2,46.333795,-116.917105,97.7,2024-11-10 10:44:48
VH_01985,Tesla Model 3,112.9,50.5,-50.698434,109.104703,81.4,2024-11-09 22:14:10
VH_01986,Honda Civic,80.0,93.9,57.837646,-5.56093,70.2,2024-11-09 16:08:01
VH_01987,BMW X5,,134.3,55.891162,154.960706,74.3,2024-11-08 21:06:01
VH_01988,Honda Civic,82.4,73.4,-86.657876,-147.591081,97.8,2024-11-11 19:36:52
VH_01989,Tesla Model 3,74.9,32.9,73.705083,25.155436,82.2,2024-11-03 20:30:19
VH_01990,Tesla Model 3,82.6,137.0,-89.861551,150.584691,78.8,2024-11-19 05:24:38
VH_01991,Tesla Model 3,110.7,160.5,-34.499036,-53.304993,76.7,2024-11-21 15:03:39
VH_01992,Honda Civic,105.2,126.0,56.727455,104.318225,93.4,2024-11-14 12:20:16
VH_01993,Hyundai Ioniq,118.3,157.3,58.872429,-82.088184,96.3,2024-11-25 18:13:02
VH_01994,Tesla Model 3,67.1,157.4,12.592,179.30793,77.5,2024-11-18 22:25:38
VH_01995,Honda Civic,102.7,74.0,89.831292,165.862876,76.9,2024-11-02 20:47:10
VH_01996,Tesla Model 3,108.4,108.8,22.487294,10.418253,78.5,2024-11-04 13:51:18
VH_01997,Tesla Model 3,94.9,102.1,-2.771663,148.09357,96.6,2024-11-09 10:56:02
VH_01998,Tesla Model 3,63.0,46.2,18.869796,-40.697428,75.0,2024-11-20 22:32:02
VH_01999,Tesla Model 3,67.7,69.1,-18.332075,167.939419,98.5,2024-11-28 15:09:40
VH_02000,Honda Civic,70.6,160.7,-22.148038,174.696022,97.3,2024-11-30 04:00:13
VH_02001,Tesla Model 3,69.3,164.7,18.576446,162.485724,86.4,2024-11-11 10:53:05
VH_02002,Toyota Camry,93.2,85.9,85.056752,20.152041,83.9,2024-11-25 01:13:13
VH_02003,Ford F-150,71.2,164.9,-11.910899,-71.601164,77.4,2024-11-26 11:53:34
VH_02004,BMW X5,91.4,156.0,-44.735636,38.883136,77.4,2024-11-16 21:24:51
VH_02005,Toyota Camry,91.7,34.1,47.598447,-149.530395,99.7,2024-11-20 12:53:21
VH_02006,Toyota Camry,,0.8,-78.030266,-72.903297,89.6,2024-11-23 15:24:26
VH_02007,Ford F-150,68.8,111.0,44.458733,-155.758039,93.8,2024-11-12 00:16:29
VH_02008,Chevrolet Bolt,112.2,131.6,11.524139,-101.618224,73.5,2024-11-10 21:49:23
VH_02009,Honda Civic,94.5,57.9,72.204001,123.701936,84.1,2024-11-02 14:38:53
VH_02010,Hyundai Ioniq,92.4,116.0,59.908185,-41.852003,74.8,2024-11-07 13:47:24
VH_02011,BMW X5,60.7,111.8,37.695772,-125.520601,85.6,2024-11-12 08:05:05
VH_02012,Honda Civic,73.9,102.6,-2.793733,-26.414586,88.3,2024-11-05 23:11:37
VH_02013,Honda Civic,75.7,163.0,-17.877821,149.534531,87.1,2024-11-27 11:12:10
VH_02014,Toyota Camry,118.7,6.1,87.792727,-46.792235,86.0,2024-11-01 05:01:33
VH_02015,Chevrolet Bolt,99.5,44.3,78.343682,-18.514834,82.3,2024-11-05 21:05:44
VH_02016,Toyota Camry,85.8,60.0,-3.547459,92.77044,89.5,2024-11-15 02:19:00
VH_02017,Tesla Model 3,60.4,44.6,79.087772,-3.329093,73.6,2024-11-08 22:20:10
VH_02018,Honda Civic,117.9,118.2,-3.210863,42.72221,95.5,2024-11-05 16:56:07
VH_02019,Tesla Model 3,,89.3,-0.743745,51.250891,72.2,2024-11-17 23:19:38
VH_02020,Toyota Camry,85.1,136.4,47.123128,-115.438089,71.3,2024-11-17 04:35:09
VH_02021,Ford F-150,104.7,105.1,40.002029,32.683066,85.5,2024-11-10 09:17:58
VH_02022,Tesla Model 3,62.4,53.7,-56.907272,-74.187643,99.9,2024-11-14 08:28:12
VH_02023,Hyundai Ioniq,77.2,109.6,50.35153,-2.382372,70.8,2024-11-26 22:47:24
VH_02024,Honda Civic,67.7,40.6,87.560114,152.281794,96.5,2024-11-23 20:05:51
VH_02025,Tesla Model 3,64.6,136.3,-77.16736,-10.361879,71.0,2024-11-28 01:22:30
VH_02026,Ford F-150,118.5,16.2,35.113774,165.964901,75.0,2024-11-27 03:03:48
VH_02027,Tesla Model 3,64.7,63.3,-55.33458,-87.91444,88.2,2024-11-04 13:29:15
VH_02028,Tesla Model 3,81.2,0.3,-27.662989,87.115542,91.9,2024-11-05 15:11:28
VH_02029,Ford F-150,110.1,46.9,39.296382,42.895639,90.1,2024-11-13 01:57:43
VH_02030,Toyota Camry,67.0,71.7,26.390243,115.652938,70.1,2024-11-14 20:06:53
VH_02031,Toyota Camry,,44.2,59.19743,-175.463473,79.3,2024-11-16 03:13:28
VH_02032,Tesla Model 3,76.6,3.3,47.005111,37.514515,93.7,2024-11-27 12:03:23
VH_02033,Toyota Camry,64.9,97.1,32.575072,31.883886,81.8,2024-11-08 18:47:05
VH_02034,Toyota Camry,104.3,7.2,2.473473,149.521879,86.3,2024-11-20 09:15:54
VH_02035,Mercedes EQS,76.7,175.0,43.873765,57.62573,86.0,2024-11-01 14:30:08
VH_02036,Chevrolet Bolt,79.3,109.5,-29.169695,169.497411,81.5,2024-11-22 05:31:32
VH_02037,Mercedes EQS,72.4,36.7,-47.388602,79.499866,74.0,2024-11-03 16:39:17
VH_02038,Mercedes EQS,96.3,84.3,-42.543521,-172.560592,97.2,2024-11-03 14:14:27
VH_02039,Honda Civic,110.4,87.7,1.006043,167.383636,86.8,2024-11-03 01:35:10
VH_02040,Chevrolet Bolt,62.5,122.3,-68.852795,71.744946,72.8,2024-11-14 16:43:32
VH_02041,Chevrolet Bolt,64.7,35.9,64.108595,-127.706602,81.7,2024-11-05 20:48:40
VH_02042,Tesla Model 3,92.2,99.6,10.957898,-56.552319,94.0,2024-11-12 16:44:56
VH_02043,Toyota Camry,67.2,106.9,-17.409981,-73.703298,83.6,2024-11-08 17:10:10
VH_02044,Toyota Camry,78.8,108.1,-5.330927,-177.476247,84.3,2024-11-14 05:38:41
VH_02045,Honda Civic,76.7,86.4,35.680305,104.38536,95.9,2024-11-07 16:18:00
VH_02046,Toyota Camry,113.7,14.4,45.128705,-75.860836,92.4,2024-11-30 23:32:25
VH_02047,BMW X5,103.8,103.8,-14.179581,105.361981,94.1,2024-11-20 19:33:26
VH_02048,Mercedes EQS,84.4,44.7,36.562142,27.438487,97.7,2024-11-18 15:16:39
VH_02049,Chevrolet Bolt,60.8,134.8,-76.73896,12.463405,70.5,2024-11-19 03:42:25
VH_02050,Honda Civic,93.3,80.7,-51.105271,-40.225819,82.0,2024-11-17 01:13:41
VH_02051,Mercedes EQS,63.1,42.6,-18.679207,-94.065839,94.9,2024-11-19 00:12:18
VH_02052,Tesla Model 3,103.9,159.7,-74.208595,47.983457,78.0,2024-11-01 09:20:14
VH_02053,Tesla Model 3,95.3,2.0,-51.055991,-164.231375,73.5,2024-11-09 00:07:57
VH_02054,Tesla Model 3,104.4,115.0,-64.230769,-131.307979,88.2,2024-11-17 10:55:28
VH_02055,Honda Civic,72.0,169.7,46.255703,24.632532,90.9,2024-11-18 19:11:57
VH_02056,Tesla Model 3,66.7,116.9,-56.398872,-38.727665,71.5,2024-11-26 21:30:35
VH_02057,Hyundai Ioniq,68.0,174.1,-27.212962,113.301921,84.8,2024-11-15 08:01:16
VH_02058,Honda Civic,75.5,49.2,23.429609,162.654941,71.3,2024-11-14 21:00:57
VH_02059,Toyota Camry,117.8,50.7,-38.643607,-61.42404,85.4,2024-11-07 00:53:05
VH_02060,Honda Civic,97.8,21.7,8.644322,-39.855726,88.9,2024-11-26 16:47:13
VH_02061,Chevrolet Bolt,113.2,152.1,47.176031,-36.670711,82.2,2024-11-09 03:35:14
VH_02062,Ford F-150,101.1,26.9,-1.201779,-1.785037,79.4,2024-11-20 18:39:24
VH_02063,Tesla Model 3,74.1,146.1,-71.541193,-28.800332,74.2,2024-11-27 07:11:49
VH_02064,Toyota Camry,86.9,53.3,65.464694,-124.465188,82.6,2024-11-20 17:08:47
VH_02065,Toyota Camry,,35.4,53.959859,-157.360382,85.1,2024-11-02 07:39:32
VH_02066,Mercedes EQS,117.3,122.6,-77.786722,-97.056193,91.8,2024-11-05 09:03:04
VH_02067,Chevrolet Bolt,108.5,56.9,-80.285654,9.561349,87.2,2024-11-19 03:03:55
VH_02068,Toyota Camry,75.3,13.5,-45.846908,-62.496987,83.3,2024-11-13 21:09:11
VH_02069,Tesla Model 3,82.5,47.6,44.160751,-103.034103,90.4,2024-11-16 12:40:48
VH_02070,Honda Civic,119.3,84.2,-80.205437,80.165494,73.7,2024-11-04 21:09:02
VH_02071,Ford F-150,115.9,114.7,5.673078,-23.498198,92.3,2024-11-15 13:55:35
VH_02072,Ford F-150,84.3,38.7,-30.58241,138.662895,86.6,2024-11-10 10:58:05
VH_02073,Honda Civic,102.8,89.1,22.896229,21.44382,81.9,2024-11-01 08:03:26
VH_02074,Chevrolet Bolt,88.1,139.0,84.70245,177.775311,90.8,2024-11-24 00:18:20
VH_02075,Mercedes EQS,65.3,47.8,63.996963,110.055852,73.0,2024-11-10 00:14:58
VH_02076,Toyota Camry,96.2,77.8,-46.458809,-111.72466,94.5,2024-11-30 07:21:59
VH_02077,Mercedes EQS,72.8,122.9,-52.140005,179.384937,82.1,2024-11-13 13:50:44
VH_02078,Hyundai Ioniq,112.1,165.9,-32.011197,94.711164,94.5,2024-11-23 08:09:33
VH_02079,Toyota Camry,111.6,117.5,-43.508285,-21.85342,97.6,2024-11-08 17:46:37
VH_02080,Tesla Model 3,92.1,60.9,-64.675556,-130.802154,90.6,2024-11-02 01:16:19
VH_02081,Hyundai Ioniq,75.1,178.5,-78.253441,42.065042,76.8,2024-11-09 12:06:28
VH_02082,Tesla Model 3,77.6,38.2,-36.553962,57.543447,88.1,2024-11-26 11:59:07
VH_02083,Tesla Model 3,96.5,143.9,-3.011147,115.156184,95.9,2024-11-16 22:26:44
VH_02084,Chevrolet Bolt,101.4,22.8,-19.979276,149.341948,83.3,2024-11-22 04:27:47
VH_02085,Chevrolet Bolt,96.6,12.5,9.200544,-100.390598,70.9,2024-11-20 02:16:59
VH_02086,Tesla Model 3,119.1,38.4,-62.149417,98.444454,83.0,2024-11-08 07:24:03
VH_02087,Hyundai Ioniq,89.6,84.1,-50.698093,158.12404,82.4,2024-11-25 13:48:11
VH_02088,Toyota Camry,62.0,71.7,77.144362,82.840772,70.8,2024-11-22 12:04:26
VH_02089,Ford F-150,,100.5,-80.575209,-43.757229,71.0,2024-11-30 19:47:03
VH_02090,Tesla Model 3,97.4,143.3,-65.651032,-76.44098,91.8,2024-11-02 19:47:58
VH_02091,Chevrolet Bolt,107.5,53.6,-80.343766,143.210468,78.1,2024-11-22 02:01:47
VH_02092,Toyota Camry,105.5,91.1,-12.955026,-28.710722,81.1,2024-11-01 02:49:11
VH_02093,Mercedes EQS,85.8,28.8,61.698533,-91.760305,82.1,2024-11-25 16:16:42
VH_02094,Ford F-150,81.4,152.5,55.723071,-34.7256,98.7,2024-11-13 17:41:08
VH_02095,Toyota Camry,103.7,50.9,-9.393002,-66.577938,84.6,2024-11-29 10:58:12
VH_02096,BMW X5,91.4,39.2,15.673426,97.226876,90.4,2024-11-28 21:07:33
VH_02097,Toyota Camry,102.5,151.6,17.668246,-152.14075,88.0,2024-11-25 13:37:58
VH_02098,Mercedes EQS,95.4,111.6,-33.301068,-67.110229,96.0,2024-11-29 23:48:22
VH_02099,Toyota Camry,99.7,25.7,-14.949732,134.061587,78.9,2024-11-07 04:37:01
VH_02100,Tesla Model 3,73.3,106.3,70.773893,-143.485463,73.0,2024-11-27 14:31:39
VH_02101,Chevrolet Bolt,116.1,96.1,27.164973,57.791841,97.3,2024-11-16 23:56:48
VH_02102,Ford F-150,93.7,61.1,-44.733991,-178.529842,72.2,2024-11-22 20:47:20
VH_02103,Tesla Model 3,101.9,165.5,-60.59717,147.462866,94.5,2024-11-26 18:43:24
VH_02104,Tesla Model 3,78.3,89.6,-58.927501,140.221335,89.1,2024-11-17 13:18:11
VH_02105,Toyota Camry,87.7,90.7,-1.494869,125.008108,93.2,2024-11-26 13:14:54
VH_02106,BMW X5,117.9,36.9,4.654727,16.573039,84.5,2024-11-17 00:16:37
VH_02107,Honda Civic,118.4,52.2,-20.172089,-162.188677,90.9,2024-11-10 16:56:00
VH_02108,Ford F-150,75.3,115.6,-17.853471,-11.686093,99.4,2024-11-30 02:25:10
VH_02109,Toyota Camry,112.2,48.8,-85.589745,64.601332,85.5,2024-11-22 13:05:27
VH_02110,Tesla Model 3,94.0,143.4,-55.296405,64.177471,77.2,2024-11-01 04:19:09
VH_02111,Ford F-150,111.5,80.1,-53.76049,109.434584,71.5,2024-11-27 08:38:40
VH_02112,Ford F-150,112.8,75.1,-20.845605,-132.332951,73.0,2024-11-16 15:54:58
VH_02113,Mercedes EQS,79.1,80.9,1.182136,162.389968,79.9,2024-11-26 09:02:04
VH_02114,Toyota Camry,79.3,135.3,-25.474693,-2.328315,73.0,2024-11-09 08:34:00
VH_02115,Tesla Model 3,85.9,1.0,-80.585439,8.558962,80.1,2024-11-21 03:25:21
VH_02116,BMW X5,111.4,52.4,-79.651829,-154.335199,81.5,2024-11-13 09:30:32
VH_02117,Tesla Model 3,69.2,160.5,65.083474,-86.395642,93.1,2024-11-29 13:55:05
VH_02118,BMW X5,116.0,0.9,54.301588,119.947674,76.0,2024-11-20 17:38:55
VH_02119,Mercedes EQS,119.9,3.1,49.59567,121.139063,94.6,2024-11-03 00:48:46
VH_02120,BMW X5,87.2,172.5,-16.522334,-163.590527,88.7,2024-11-13 23:59:15
VH_02121,Chevrolet Bolt,72.7,115.7,-79.062635,-163.720022,90.8,2024-11-03 08:31:11
VH_02122,Ford F-150,104.2,40.2,86.961468,99.669269,78.3,2024-11-04 08:34:51
VH_02123,Hyundai Ioniq,100.1,2.2,48.628439,49.669216,94.7,2024-11-24 02:08:58
VH_02124,Toyota Camry,112.1,165.5,71.158295,135.950354,74.0,2024-11-14 05:45:37
VH_02125,Mercedes EQS,69.2,48.4,-52.245915,-39.873385,78.1,2024-11-01 15:21:31
VH_02126,BMW X5,114.9,83.5,-26.291253,97.226642,92.6,2024-11-24 21:23:17
VH_02127,Mercedes EQS,90.6,177.1,13.146643,-0.62447,89.2,2024-11-11 19:32:53
VH_02128,Mercedes EQS,100.6,159.9,15.206037,46.057433,86.5,2024-11-07 19:31:34
VH_02129,Tesla Model 3,85.9,30.3,21.058426,-82.704654,89.5,2024-11-03 03:36:27
VH_02130,Tesla Model 3,118.2,63.7,5.480312,170.984596,74.2,2024-11-26 06:31:29
VH_02131,Chevrolet Bolt,110.5,3.2,-55.582236,-67.615595,71.2,2024-11-05 16:16:41
VH_02132,Hyundai Ioniq,86.4,82.8,-38.573504,-22.756906,80.9,2024-11-18 17:36:17
VH_02133,BMW X5,66.8,55.6,2.427355,-26.87014,78.0,2024-11-26 08:58:02
VH_02134,Ford F-150,72.1,90.2,45.83063,-133.510881,88.2,2024-11-26 05:50:36
VH_02135,Toyota Camry,101.8,145.1,-40.238333,25.398554,74.8,2024-11-11 16:03:57
VH_02136,BMW X5,113.5,5.6,25.708506,80.125765,81.3,2024-11-14 14:09:59
VH_02137,Tesla Model 3,85.2,86.5,77.056522,-104.476692,95.5,2024-11-22 12:39:34
VH_02138,Ford F-150,60.1,72.5,61.816389,-103.090884,99.0,2024-11-05 04:43:24
VH_02139,Mercedes EQS,118.9,95.3,70.834055,95.168247,84.1,2024-11-25 07:18:09
VH_02140,Mercedes EQS,106.7,159.5,58.199166,115.812829,86.9,2024-11-21 02:43:01
VH_02141,Toyota Camry,95.6,4.2,-14.326475,-125.005482,74.0,2024-11-08 00:15:06
VH_02142,Tesla Model 3,88.4,81.1,0.465643,28.537746,99.4,2024-11-09 07:32:08
VH_02143,Hyundai Ioniq,100.8,103.2,-83.535918,112.518501,92.9,2024-11-21 19:08:15
VH_02144,BMW X5,76.4,143.9,7.58751,49.594411,71.7,2024-11-27 19:20:49
VH_02145,Toyota Camry,88.0,80.4,-31.867062,-86.583568,88.8,2024-11-22 14:39:38
VH_02146,Chevrolet Bolt,78.8,36.5,4.469637,175.979851,96.4,2024-11-27 10:33:31
VH_02147,Toyota Camry,101.1,151.7,44.810454,-13.403193,72.0,2024-11-29 07:27:37
VH_02148,Ford F-150,89.6,10.5,14.585559,-46.946201,99.6,2024-11-19 23:05:22
VH_02149,Toyota Camry,109.6,37.8,-42.556582,4.221517,82.3,2024-11-26 11:48:48
VH_02150,Tesla Model 3,69.3,3.0,-3.782402,-151.461518,77.1,2024-11-20 09:02:28
VH_02151,Toyota Camry,70.8,168.4,51.543228,36.945807,89.0,2024-11-17 04:50:05
VH_02152,Toyota Camry,92.8,145.3,-72.041709,154.223396,89.4,2024-11-27 05:10:09
VH_02153,Honda Civic,83.2,118.0,47.23523,3.86768,74.0,2024-11-02 06:56:10
VH_02154,Tesla Model 3,89.3,164.8,-20.155685,93.753043,99.0,2024-11-02 18:41:52
VH_02155,Tesla Model 3,62.8,105.5,-50.499708,100.560877,87.7,2024-11-07 23:44:49
VH_02156,Toyota Camry,96.4,41.6,-40.517828,74.318437,89.9,2024-11-22 04:44:40
VH_02157,Mercedes EQS,96.4,81.7,-81.680369,76.985322,71.3,2024-11-24 19:51:29
VH_02158,Tesla Model 3,90.7,74.5,3.341592,82.658059,76.8,2024-11-10 06:32:29
VH_02159,Ford F-150,101.4,2.4,-2.36909,-94.994773,73.0,2024-11-09 07:00:22
VH_02160,Chevrolet Bolt,99.5,158.4,-71.972992,-61.462945,89.0,2024-11-16 10:50:12
VH_02161,Ford F-150,114.3,64.3,25.867342,8.927139,88.5,2024-11-11 19:23:55
VH_02162,Chevrolet Bolt,102.7,50.4,-81.951754,-47.647984,85.3,2024-11-11 03:46:41
VH_02163,Hyundai Ioniq,64.6,11.5,69.797506,162.350579,89.5,2024-11-05 23:18:28
VH_02164,Toyota Camry,116.2,176.0,52.790184,126.299437,76.0,2024-11-27 00:11:55
VH_02165,Ford F-150,66.8,113.0,-19.162088,156.381778,86.0,2024-11-04 14:58:15
VH_02166,Honda Civic,95.0,78.8,67.088071,42.447662,86.1,2024-11-07 21:35:09
VH_02167,Toyota Camry,118.4,144.8,22.961351,-51.422221,85.4,2024-11-13 18:53:18
VH_02168,Tesla Model 3,88.4,145.8,-85.546849,94.061725,77.0,2024-11-21 13:07:54
VH_02169,Hyundai Ioniq,85.6,53.7,-86.10319,-24.477694,98.1,2024-11-30 18:22:42
VH_02170,Hyundai Ioniq,73.1,89.7,29.142931,132.697455,80.7,2024-11-25 04:28:03
VH_02171,Chevrolet Bolt,102.4,28.8,73.802168,60.969586,89.9,2024-11-12 08:04:19
VH_02172,Honda Civic,83.6,100.7,43.747053,75.841332,74.1,2024-11-05 07:22:33
VH_02173,Ford F-150,82.1,126.9,-35.22604,-121.07613,94.6,2024-11-12 00:03:13
VH_02174,Tesla Model 3,65.4,153.8,42.549841,-155.169875,80.4,2024-11-13 08:16:07
VH_02175,Tesla Model 3,95.0,143.5,-85.686122,-12.037044,76.2,2024-11-15 03:46:54
VH_02176,Tesla Model 3,110.8,127.6,-20.020283,81.775956,80.4,2024-11-28 18:46:48
VH_02177,Mercedes EQS,77.0,14.8,22.88008,-83.615482,98.0,2024-11-30 14:25:16
VH_02178,Toyota Camry,63.8,0.5,-87.636973,-121.837693,75.0,2024-11-25 22:24:39
VH_02179,Honda Civic,84.3,99.3,26.195478,159.405093,96.7,2024-11-05 19:12:20
VH_02180,Hyundai Ioniq,105.8,150.8,30.176339,-40.82257,96.7,2024-11-29 16:19:49
VH_02181,Mercedes EQS,93.7,124.9,55.955037,-76.391445,92.1,2024-11-07 05:40:06
VH_02182,Toyota Camry,103.1,22.6,-17.087743,59.19765,99.9,2024-11-10 18:30:39
VH_02183,Honda Civic,61.7,27.3,83.113776,48.389364,99.1,2024-11-02 10:27:06
VH_02184,Honda Civic,98.7,69.2,57.450609,-138.032979,96.7,2024-11-21 04:13:40
VH_02185,Honda Civic,87.6,108.0,-22.040294,-30.424365,83.1,2024-11-04 18:49:45
VH_02186,Mercedes EQS,,179.5,44.388988,149.497418,78.3,2024-11-02 13:21:58
VH_02187,Honda Civic,110.9,23.0,32.408887,172.385402,78.1,2024-11-29 13:30:57
VH_02188,Honda Civic,64.3,177.9,40.535645,169.901739,86.6,2024-11-21 10:28:21
VH_02189,BMW X5,97.0,2.9,-4.616463,-17.157781,72.2,2024-11-08 06:26:10
VH_02190,Tesla Model 3,76.6,72.6,-40.617393,-170.31536,74.9,2024-11-12 21:48:38
VH_02191,Tesla Model 3,81.0,82.4,63.263913,146.867636,83.0,2024-11-15 21:52:43
VH_02192,BMW X5,108.5,146.4,-70.192139,-41.857164,84.7,2024-11-07 05:24:40
VH_02193,Tesla Model 3,64.0,105.2,45.078853,84.623077,89.3,2024-11-30 17:25:42
VH_02194,Toyota Camry,81.4,136.4,25.084581,-5.051663,83.2,2024-11-13 18:04:38
VH_02195,Toyota Camry,77.9,8.1,-51.06026,128.993399,93.8,2024-11-27 13:58:08
VH_02196,Tesla Model 3,118.4,133.7,-29.78594,-157.123483,91.7,2024-11-11 02:40:15
VH_02197,Chevrolet Bolt,106.9,48.8,-38.061286,66.004562,96.3,2024-11-20 09:15:12
VH_02198,BMW X5,70.8,163.9,-48.835113,-179.714296,84.1,2024-11-12 17:01:07
VH_02199,BMW X5,64.0,166.5,-40.321201,83.237426,90.9,2024-11-19 03:29:54
VH_02200,Hyundai Ioniq,77.5,149.3,-63.212958,-146.593803,77.8,2024-11-29 13:29:21
VH_02201,Ford F-150,91.0,106.1,-32.97327,-157.130043,96.2,2024-11-01 09:24:38
VH_02202,Honda Civic,95.0,51.4,-10.653794,54.227337,82.7,2024-11-25 22:39:30
VH_02203,Tesla Model 3,101.9,144.8,0.368722,-158.481165,91.7,2024-11-27 00:23:04
VH_02204,BMW X5,74.6,56.2,14.813478,-63.153909,98.1,2024-11-13 03:28:11
VH_02205,Hyundai Ioniq,88.9,74.3,23.63532,160.303884,70.4,2024-11-27 15:03:09
VH_02206,Ford F-150,87.4,8.2,30.849839,47.110251,79.6,2024-11-15 14:54:52
VH_02207,Tesla Model 3,105.7,151.0,-16.821693,17.249733,95.1,2024-11-07 22:21:35
VH_02208,Tesla Model 3,109.3,118.2,-46.009598,111.108807,72.2,2024-11-13 18:44:27
VH_02209,Honda Civic,104.6,2.2,-84.016733,-113.512973,71.6,2024-11-25 09:06:29
VH_02210,Honda Civic,80.1,116.5,79.628563,147.583301,70.6,2024-11-16 20:19:52
VH_02211,Honda Civic,68.3,51.9,-72.796242,-75.860604,74.6,2024-11-20 14:21:46
VH_02212,Tesla Model 3,62.2,56.7,-43.90298,85.872723,87.0,2024-11-01 22:14:43
VH_02213,Hyundai Ioniq,111.6,76.4,-45.027221,125.569637,85.6,2024-11-07 05:58:31
VH_02214,Chevrolet Bolt,68.2,6.7,88.418484,-96.441414,99.3,2024-11-07 08:02:01
VH_02215,Toyota Camry,70.6,67.0,-64.829133,-170.088733,98.8,2024-11-30 19:18:09
VH_02216,BMW X5,111.0,20.5,-52.607781,12.30663,76.3,2024-11-28 22:56:39
VH_02217,Tesla Model 3,73.7,31.4,-57.323616,-43.620323,99.2,2024-11-11 10:07:01
VH_02218,Toyota Camry,104.0,45.7,59.832689,-31.780643,78.5,2024-11-07 03:04:50
VH_02219,Hyundai Ioniq,71.1,72.0,49.052714,-72.738342,83.3,2024-11-01 05:47:53
VH_02220,Honda Civic,95.0,77.4,-55.201198,-117.407649,71.6,2024-11-29 07:38:38
VH_02221,Toyota Camry,74.9,135.1,24.598332,-9.520762,97.1,2024-11-12 18:32:11
VH_02222,Hyundai Ioniq,94.4,114.7,-25.105825,43.858965,94.9,2024-11-18 07:00:58
VH_02223,BMW X5,106.5,60.2,-58.038544,-41.886599,98.8,2024-11-19 00:09:37
VH_02224,Chevrolet Bolt,93.8,11.9,-2.173448,143.001165,98.8,2024-11-18 22:46:08
VH_02225,Tesla Model 3,112.3,92.0,21.525934,-30.039954,79.0,2024-11-13 22:36:45
VH_02226,BMW X5,119.6,39.5,-17.222439,29.377768,81.1,2024-11-15 00:10:39
VH_02227,Toyota Camry,106.6,170.8,76.28471,-38.229594,91.6,2024-11-12 07:50:36
VH_02228,BMW X5,93.7,125.8,35.94775,-33.220033,92.9,2024-11-28 23:46:20
VH_02229,BMW X5,80.3,45.0,-37.865499,135.874703,91.2,2024-11-19 20:21:09
VH_02230,Chevrolet Bolt,95.5,53.6,-29.024143,-150.553363,89.2,2024-11-21 07:24:37
VH_02231,Toyota Camry,104.7,98.5,-49.571001,-82.276758,98.2,2024-11-14 21:56:08
VH_02232,BMW X5,79.7,134.8,-45.656818,27.990415,82.4,2024-11-05 21:59:09
VH_02233,BMW X5,92.3,53.3,-5.329995,50.009573,88.5,2024-11-27 12:34:39
VH_02234,Tesla Model 3,64.6,17.3,64.879943,62.571894,85.0,2024-11-05 22:15:47
VH_02235,Chevrolet Bolt,106.9,118.0,35.034877,-148.181582,77.3,2024-11-25 03:10:00
VH_02236,Chevrolet Bolt,88.4,68.3,-5.124536,-120.223379,94.9,2024-11-01 04:44:17
VH_02237,Tesla Model 3,76.4,110.4,56.613283,165.213308,97.1,2024-11-01 22:15:06
VH_02238,Honda Civic,68.4,131.7,13.29135,-137.583133,99.4,2024-11-14 20:36:08
VH_02239,Honda Civic,71.8,138.3,50.939501,-20.872236,75.5,2024-11-14 11:51:35
VH_02240,BMW X5,104.9,178.5,23.910237,-40.10385,91.1,2024-11-17 17:20:23
VH_02241,Ford F-150,72.3,146.9,17.612625,-14.396585,92.4,2024-11-29 09:40:00
VH_02242,Tesla Model 3,95.3,161.9,-87.957331,-37.651821,87.2,2024-11-25 13:05:53
VH_02243,Hyundai Ioniq,64.8,120.2,-57.326028,-31.099879,97.3,2024-11-15 04:21:28
VH_02244,Honda Civic,65.3,73.8,88.123407,-170.793067,90.5,2024-11-27 17:36:59
VH_02245,BMW X5,79.7,108.0,-84.084934,164.135722,73.2,2024-11-17 23:40:05
VH_02246,Chevrolet Bolt,94.3,20.4,49.692719,-91.116535,88.0,2024-11-29 09:41:32
VH_02247,BMW X5,105.3,35.0,-48.307715,169.942613,76.5,2024-11-21 08:28:32
VH_02248,Honda Civic,99.4,36.9,33.417205,12.052476,73.0,2024-11-03 05:07:00
VH_02249,Tesla Model 3,92.7,124.4,-74.050037,-157.652516,72.1,2024-11-22 01:50:00
VH_02250,Toyota Camry,73.0,13.3,-44.811827,15.985397,73.1,2024-11-01 12:08:32
VH_02251,Honda Civic,94.7,127.9,29.325019,-150.106328,70.7,2024-11-16 02:58:57
VH_02252,Tesla Model 3,115.4,160.9,-83.042548,10.669263,94.9,2024-11-21 06:06:25
VH_02253,Ford F-150,115.5,72.8,7.972424,-168.127063,98.9,2024-11-30 05:38:21
VH_02254,Mercedes EQS,77.5,22.0,62.21378,-107.794013,85.1,2024-11-16 23:27:37
VH_02255,Ford F-150,75.7,28.1,-79.215531,-65.069465,72.2,2024-11-03 23:31:00
VH_02256,Mercedes EQS,93.9,120.8,-2.580576,158.116106,87.8,2024-11-10 23:19:07
VH_02257,Chevrolet Bolt,82.9,14.4,51.696799,-144.402465,91.1,2024-11-05 04:40:31
VH_02258,Chevrolet Bolt,67.0,157.8,50.88436,-144.806018,90.5,2024-11-01 18:54:07
VH_02259,Tesla Model 3,78.2,83.5,66.137709,-121.83409,98.0,2024-11-27 23:22:25
VH_02260,Chevrolet Bolt,65.3,16.6,-66.146398,12.102372,95.5,2024-11-15 12:26:47
VH_02261,Tesla Model 3,114.5,168.1,-76.485075,154.597009,76.4,2024-11-22 04:08:22
VH_02262,Tesla Model 3,90.6,88.4,-36.978475,-25.666817,88.2,2024-11-12 14:16:16
VH_02263,Tesla Model 3,117.8,6.8,24.687389,-71.400435,99.1,2024-11-19 09:30:34
VH_02264,Tesla Model 3,94.7,51.5,-45.089353,-125.369367,80.5,2024-11-03 07:47:24
VH_02265,BMW X5,74.2,165.6,-50.796902,-161.4963,87.9,2024-11-22 00:52:50
VH_02266,Ford F-150,71.1,12.0,8.616152,113.093552,80.1,2024-11-16 16:31:34
VH_02267,Chevrolet Bolt,99.4,133.1,70.815814,-179.274025,89.0,2024-11-14 17:42:50
VH_02268,Hyundai Ioniq,108.5,168.2,-6.021957,15.409255,91.1,2024-11-14 09:28:00
VH_02269,Ford F-150,114.9,64.6,-19.723187,-78.362446,87.1,2024-11-30 00:35:08
VH_02270,Toyota Camry,63.5,66.5,16.352473,46.32051,91.9,2024-11-22 00:06:56
VH_02271,Hyundai Ioniq,116.3,165.1,-52.522701,-48.9378,85.1,2024-11-08 01:41:17
VH_02272,Toyota Camry,71.1,114.9,-74.444036,-123.817569,82.1,2024-11-18 13:19:26
VH_02273,Ford F-150,61.6,68.9,-88.560907,-171.880074,71.3,2024-11-15 06:36:18
VH_02274,Chevrolet Bolt,99.2,49.4,60.9898,-178.166289,94.6,2024-11-25 17:18:44
VH_02275,Tesla Model 3,117.7,155.0,-43.078138,103.483185,85.4,2024-11-05 23:32:46
VH_02276,Honda Civic,60.2,114.9,56.291547,-32.695893,88.0,2024-11-14 04:50:13
VH_02277,Tesla Model 3,108.3,18.1,-65.596391,-129.341306,84.2,2024-11-09 04:19:02
VH_02278,Tesla Model 3,103.2,21.9,66.632693,57.456329,74.2,2024-11-07 22:24:12
VH_02279,BMW X5,70.9,100.1,-38.89647,12.978014,84.1,2024-11-08 13:13:21
VH_02280,Honda Civic,81.5,109.1,17.189185,-168.498079,78.2,2024-11-02 21:27:15
VH_02281,Toyota Camry,93.3,81.4,54.456078,-97.85771,96.7,2024-11-05 22:34:55
VH_02282,Mercedes EQS,116.2,62.5,-84.653774,127.077819,93.2,2024-11-10 10:18:21
VH_02283,BMW X5,106.8,79.7,-63.788598,95.811649,85.9,2024-11-07 08:55:10
VH_02284,Tesla Model 3,60.5,167.3,-37.931706,50.240376,98.1,2024-11-18 10:42:46
VH_02285,Honda Civic,93.4,7.4,46.650757,8.708707,70.9,2024-11-27 05:40:09
VH_02286,Ford F-150,,13.1,71.091893,-143.1624,78.6,2024-11-16 23:48:42
VH_02287,Tesla Model 3,64.6,59.9,46.629769,103.1916,85.3,2024-11-05 15:23:24
VH_02288,Mercedes EQS,75.8,84.5,-16.201727,-16.512389,92.0,2024-11-07 06:10:15
VH_02289,Honda Civic,70.5,115.5,31.344242,153.481816,76.7,2024-11-19 17:10:12
VH_02290,BMW X5,80.7,176.6,10.664172,75.732657,70.7,2024-11-12 00:52:31
VH_02291,Chevrolet Bolt,95.1,20.8,-63.736386,-100.109295,89.8,2024-11-22 14:02:05
VH_02292,Tesla Model 3,115.1,43.1,39.689386,34.654072,70.4,2024-11-17 02:43:50
VH_02293,Hyundai Ioniq,117.5,164.7,51.164611,33.248335,79.2,2024-11-02 00:17:55
VH_02294,Ford F-150,76.7,103.7,42.58274,120.281607,88.1,2024-11-21 20:53:57
VH_02295,Mercedes EQS,62.9,53.6,70.89536,7.135885,94.0,2024-11-21 19:59:48
VH_02296,Ford F-150,,12.0,-81.275231,-60.638594,83.8,2024-11-12 08:04:48
VH_02297,BMW X5,76.4,79.9,-82.218368,-36.33365,74.3,2024-11-21 02:46:52
VH_02298,Tesla Model 3,73.4,119.5,-77.559819,31.58852,86.6,2024-11-07 19:07:38
VH_02299,Ford F-150,98.1,92.2,-54.99877,80.238944,88.5,2024-11-08 19:15:46
VH_02300,Ford F-150,110.9,53.2,-35.767084,98.593921,85.0,2024-11-09 18:07:22
VH_02301,Tesla Model 3,112.6,1.6,-39.242845,-113.693148,92.3,2024-11-13 03:53:28
VH_02302,Chevrolet Bolt,78.1,0.9,-84.256248,-151.194056,91.3,2024-11-15 22:37:46
VH_02303,BMW X5,79.9,44.4,67.158998,36.126931,79.8,2024-11-17 09:50:28
VH_02304,Hyundai Ioniq,76.9,172.2,77.069978,-41.697822,95.0,2024-11-28 08:03:30
VH_02305,Tesla Model 3,60.9,50.0,-23.593929,-157.883719,99.9,2024-11-11 08:02:26
VH_02306,Tesla Model 3,68.7,143.1,31.618174,-75.198003,75.4,2024-11-11 18:55:46
VH_02307,BMW X5,79.3,96.8,55.877429,9.129865,76.8,2024-11-14 13:40:51
VH_02308,Ford F-150,109.7,108.9,-19.384202,145.735576,90.7,2024-11-30 03:09:37
VH_02309,Hyundai Ioniq,69.5,87.4,81.230126,36.08596,94.9,2024-11-02 06:48:29
VH_02310,Tesla Model 3,84.4,97.5,48.437754,145.862113,80.8,2024-11-12 16:28:48
VH_02311,Hyundai Ioniq,114.0,68.8,-52.215109,129.037634,95.0,2024-11-20 05:37:26
VH_02312,Honda Civic,67.6,63.9,-84.056945,-102.438419,95.2,2024-11-29 11:10:11
VH_02313,Toyota Camry,62.7,95.7,78.77179,-51.01495,75.5,2024-11-03 04:31:32
VH_02314,Toyota Camry,100.3,8.8,13.76176,51.475304,76.3,2024-11-11 22:57:04
VH_02315,Toyota Camry,89.2,108.7,-89.6289,52.605954,75.5,2024-11-29 05:48:28
VH_02316,Tesla Model 3,85.8,67.8,-56.842944,-57.415668,91.5,2024-11-14 15:07:27
VH_02317,Toyota Camry,63.8,133.2,-26.298475,35.892759,70.1,2024-11-22 19:42:07
VH_02318,Mercedes EQS,97.3,161.7,-49.157191,-77.164319,93.4,2024-11-11 13:03:02
VH_02319,Toyota Camry,74.1,173.2,27.160122,-11.25969,97.5,2024-11-26 22:42:29
VH_02320,Tesla Model 3,77.1,67.8,-10.603414,-76.341653,77.4,2024-11-01 14:58:10
VH_02321,BMW X5,67.1,53.2,46.248659,-109.507785,88.4,2024-11-06 01:38:47
VH_02322,Tesla Model 3,100.2,175.3,-12.976525,-28.540738,82.8,2024-11-03 20:03:23
VH_02323,Tesla Model 3,99.5,116.7,46.739837,-155.917271,70.8,2024-11-28 22:30:16
VH_02324,Tesla Model 3,65.2,126.1,-32.192608,17.078392,82.2,2024-11-04 14:25:29
VH_02325,Toyota Camry,97.5,28.1,-45.736834,63.062076,81.7,2024-11-27 13:24:40
VH_02326,Mercedes EQS,86.5,69.5,58.663014,47.739993,76.1,2024-11-12 22:41:51
VH_02327,Hyundai Ioniq,71.9,87.5,7.047194,30.878537,72.1,2024-11-07 16:51:03
VH_02328,Chevrolet Bolt,98.1,129.7,26.481875,-47.65166,76.6,2024-11-25 04:11:20
VH_02329,Mercedes EQS,77.2,27.4,-33.917572,-172.233559,70.9,2024-11-12 21:15:38
VH_02330,Tesla Model 3,80.2,163.5,12.563566,13.634638,97.2,2024-11-08 05:01:05
VH_02331,Mercedes EQS,102.2,13.2,-64.223779,-22.552648,88.0,2024-11-25 09:06:39
VH_02332,BMW X5,82.8,37.6,84.761782,91.787665,86.1,2024-11-13 12:25:21
VH_02333,Tesla Model 3,99.5,36.3,32.942028,-31.415565,87.1,2024-11-17 13:05:32
VH_02334,Toyota Camry,115.2,25.1,-73.035436,100.419565,90.0,2024-11-02 11:20:29
VH_02335,Ford F-150,108.2,29.5,-12.965349,-74.578639,82.9,2024-11-11 16:42:06
VH_02336,Mercedes EQS,82.1,145.0,-2.186684,177.632353,79.5,2024-11-17 18:27:02
VH_02337,Ford F-150,108.5,44.8,81.032806,-48.444689,81.8,2024-11-19 17:36:33
VH_02338,Toyota Camry,118.6,46.8,-10.568372,-74.338137,82.8,2024-11-08 23:52:26
VH_02339,Hyundai Ioniq,108.1,51.8,-23.830533,-136.687056,79.2,2024-11-07 16:53:10
VH_02340,Chevrolet Bolt,117.5,104.1,84.72504,-29.229608,81.5,2024-11-17 04:54:30
VH_02341,Toyota Camry,68.6,121.0,65.946242,95.729636,92.5,2024-11-21 06:52:40
VH_02342,Toyota Camry,70.8,170.0,43.145113,72.77521,88.4,2024-11-29 08:46:00
VH_02343,BMW X5,75.4,157.9,65.965094,-153.738279,87.3,2024-11-15 14:52:44
VH_02344,Chevrolet Bolt,107.0,66.8,-89.213335,-126.956064,75.9,2024-11-24 22:53:05
VH_02345,Honda Civic,119.0,124.1,63.828275,60.526859,91.0,2024-11-14 22:13:58
VH_02346,Ford F-150,118.3,130.1,-6.54461,135.799425,81.2,2024-11-26 05:33:19
VH_02347,Tesla Model 3,99.3,82.6,-53.349877,53.902822,85.9,2024-11-05 13:03:37
VH_02348,Tesla Model 3,93.3,151.4,79.873846,161.099023,93.2,2024-11-10 08:56:25
VH_02349,Tesla Model 3,103.9,28.1,-79.901949,24.25897,91.1,2024-11-16 08:55:52
VH_02350,BMW X5,115.4,87.9,47.868713,-19.703869,81.9,2024-11-20 18:11:05
VH_02351,Chevrolet Bolt,100.3,152.8,51.088199,110.884295,82.8,2024-11-01 05:03:41
VH_02352,Ford F-150,119.3,159.0,58.579437,-170.256013,98.5,2024-11-03 09:06:04
VH_02353,Ford F-150,103.2,93.2,0.608362,-83.368163,81.6,2024-11-13 06:54:52
VH_02354,BMW X5,112.2,36.6,88.713226,-103.494141,95.5,2024-11-28 23:23:17
VH_02355,Hyundai Ioniq,116.8,91.7,78.930861,68.881621,88.2,2024-11-25 05:06:13
VH_02356,Hyundai Ioniq,98.3,125.5,-21.385694,126.655675,89.2,2024-11-13 06:59:35
VH_02357,Honda Civic,77.2,78.3,74.87662,-132.090916,86.9,2024-11-18 23:37:50
VH_02358,Honda Civic,76.8,128.7,-80.640257,132.151304,74.4,2024-11-18 22:36:17
VH_02359,BMW X5,65.6,101.5,-51.273185,-162.029342,89.6,2024-11-01 01:03:55
VH_02360,Ford F-150,113.9,52.5,-70.2496,-55.806977,97.0,2024-11-03 21:55:18
VH_02361,Honda Civic,62.9,171.3,42.07471,27.747746,92.7,2024-11-02 17:37:10
VH_02362,Toyota Camry,98.3,11.0,-78.94155,-92.883498,80.5,2024-11-19 16:30:47
VH_02363,Tesla Model 3,80.4,123.7,60.054812,-111.264415,89.0,2024-11-06 00:02:10
VH_02364,Tesla Model 3,98.7,85.9,-7.545334,-53.1851,71.5,2024-11-03 01:00:24
VH_02365,Tesla Model 3,60.7,166.0,2.937532,-65.605984,78.5,2024-11-06 08:08:50
VH_02366,Mercedes EQS,108.9,98.8,-83.503495,166.343975,88.2,2024-11-08 12:19:02
VH_02367,Toyota Camry,107.4,118.3,-17.136279,38.271364,90.8,2024-11-10 21:55:01
VH_02368,BMW X5,66.2,16.8,-24.153545,154.023483,82.7,2024-11-26 02:46:01
VH_02369,Toyota Camry,66.8,102.4,-5.395894,119.377619,83.2,2024-11-29 02:44:59
VH_02370,Tesla Model 3,91.3,119.5,-61.230355,-156.357761,96.1,2024-11-16 13:48:52
VH_02371,Toyota Camry,80.0,176.2,-52.671714,-111.747127,80.7,2024-11-27 04:07:06
VH_02372,Toyota Camry,80.9,58.9,37.006066,16.355639,77.4,2024-11-12 14:56:21
VH_02373,Tesla Model 3,94.7,106.8,46.995225,-121.285991,74.8,2024-11-20 10:14:35
VH_02374,Tesla Model 3,65.7,163.0,36.071835,-59.345608,71.3,2024-11-17 00:46:12
VH_02375,Hyundai Ioniq,76.1,76.6,8.649541,37.710845,76.2,2024-11-10 19:48:20
VH_02376,BMW X5,,142.0,-28.62497,-123.267492,94.8,2024-11-09 16:16:53
VH_02377,Tesla Model 3,83.1,106.7,56.001426,-100.087715,79.5,2024-11-19 00:13:03
VH_02378,Ford F-150,102.6,29.6,-67.359253,6.429229,98.3,2024-11-21 16:52:21
VH_02379,Honda Civic,74.3,144.7,-5.919167,-111.440369,97.5,2024-11-26 23:31:09
VH_02380,Tesla Model 3,115.4,22.5,39.970855,-177.129807,83.7,2024-11-11 20:41:58
VH_02381,BMW X5,102.9,30.0,-2.919558,-8.958306,83.7,2024-11-06 15:05:44
VH_02382,Hyundai Ioniq,105.6,52.6,-32.572904,69.585859,84.4,2024-11-25 11:08:57
VH_02383,Ford F-150,71.9,140.4,-78.933867,-20.669264,72.5,2024-11-04 13:15:53
VH_02384,Mercedes EQS,68.5,154.4,-64.653788,-73.726819,78.7,2024-11-11 12:21:52
VH_02385,Hyundai Ioniq,117.9,62.8,28.556431,125.555864,90.8,2024-11-22 16:50:01
VH_02386,Toyota Camry,65.6,111.4,77.02554,76.253037,82.8,2024-11-06 20:10:14
VH_02387,Honda Civic,95.0,85.5,-22.284322,75.519605,83.0,2024-11-20 08:35:24
VH_02388,Tesla Model 3,87.3,53.3,19.306018,80.43459,81.3,2024-11-12 09:14:44
VH_02389,Mercedes EQS,106.7,2.9,20.698788,-48.007622,74.8,2024-11-14 16:01:41
VH_02390,Honda Civic,119.2,68.4,38.276366,-109.340401,83.8,2024-11-10 17:21:20
VH_02391,Honda Civic,70.9,150.8,14.301974,93.686059,77.3,2024-11-01 15:28:42
VH_02392,Tesla Model 3,81.7,51.2,30.91714,-28.319964,92.9,2024-11-17 05:48:28
VH_02393,Honda Civic,98.4,20.6,73.417122,-61.648919,92.4,2024-11-05 16:03:39
VH_02394,Ford F-150,83.8,149.2,-62.749432,-176.79119,85.1,2024-11-07 12:45:44
VH_02395,BMW X5,93.6,129.2,30.496435,124.090376,97.3,2024-11-30 00:34:22
VH_02396,Toyota Camry,93.4,153.7,-50.28173,-75.951942,85.0,2024-11-11 01:11:28
VH_02397,Honda Civic,113.7,108.0,-70.596548,25.363809,84.2,2024-11-05 10:21:36
VH_02398,Honda Civic,83.1,174.7,37.958499,152.685782,99.5,2024-11-19 19:16:55
VH_02399,Hyundai Ioniq,100.7,43.2,-61.96206,135.574701,72.7,2024-11-25 00:32:53
VH_02400,Toyota Camry,109.0,73.4,-24.323913,100.324867,74.3,2024-11-20 01:41:52
VH_02401,Chevrolet Bolt,75.8,160.0,72.295508,175.86046,84.9,2024-11-07 05:45:17
VH_02402,BMW X5,62.4,6.2,68.504351,63.108464,74.2,2024-11-27 12:15:27
VH_02403,Hyundai Ioniq,63.0,54.8,44.330934,104.367867,79.6,2024-11-29 14:30:02
VH_02404,Toyota Camry,105.9,50.4,58.302272,-1.617383,73.4,2024-11-10 20:25:00
VH_02405,Chevrolet Bolt,112.7,125.3,-54.333456,-95.59016,97.0,2024-11-11 12:54:19
VH_02406,Toyota Camry,102.8,149.9,-53.860963,-175.36915,97.2,2024-11-03 18:15:06
VH_02407,Tesla Model 3,95.4,94.7,17.133957,-95.473391,86.6,2024-11-26 07:03:24
VH_02408,Tesla Model 3,60.2,169.3,63.649423,11.410021,71.3,2024-11-26 13:40:54
VH_02409,Hyundai Ioniq,116.9,60.5,81.331074,-156.791174,86.3,2024-11-30 03:12:35
VH_02410,Ford F-150,97.5,9.1,43.127116,-162.227182,77.9,2024-11-11 17:02:48
VH_02411,BMW X5,85.0,15.9,48.656597,-38.193081,86.0,2024-11-02 04:48:55
VH_02412,Mercedes EQS,108.6,25.3,-65.32103,48.668193,85.6,2024-11-17 22:22:11
VH_02413,Ford F-150,111.9,103.0,50.365764,141.886608,99.4,2024-11-23 05:36:25
VH_02414,Tesla Model 3,112.3,164.0,-50.348164,177.662943,95.9,2024-11-05 06:51:00
VH_02415,Chevrolet Bolt,80.9,98.7,-51.82363,100.711768,77.3,2024-11-30 18:02:55
VH_02416,Toyota Camry,115.8,108.8,21.372097,-75.52227,74.2,2024-11-28 01:46:01
VH_02417,Toyota Camry,67.5,55.5,30.107876,38.305483,84.2,2024-11-20 19:34:40
VH_02418,Tesla Model 3,81.4,5.2,41.12519,-34.007023,84.6,2024-11-24 06:00:04
VH_02419,Toyota Camry,65.9,89.1,-18.336874,143.259104,89.7,2024-11-27 08:16:58
VH_02420,BMW X5,73.0,166.8,-12.160404,9.347259,89.9,2024-11-18 08:33:30
VH_02421,Honda Civic,103.7,71.4,49.668631,50.356906,83.8,2024-11-20 11:48:09
VH_02422,Mercedes EQS,69.5,76.5,-11.703358,5.300366,90.7,2024-11-01 13:02:27
VH_02423,Tesla Model 3,101.3,80.6,-18.525232,161.856847,99.7,2024-11-16 18:29:41
VH_02424,Tesla Model 3,93.0,115.3,31.676094,77.085248,99.0,2024-11-01 00:47:14
VH_02425,BMW X5,94.8,43.5,-32.761601,12.765832,74.1,2024-11-17 13:45:28
VH_02426,Ford F-150,88.8,27.4,-31.911107,37.174183,84.9,2024-11-15 09:18:52
VH_02427,Honda Civic,110.3,164.2,-23.515648,87.138744,70.7,2024-11-02 10:10:03
VH_02428,Tesla Model 3,115.1,169.4,-37.636415,98.354409,73.3,2024-11-19 19:30:25
VH_02429,Honda Civic,93.1,33.9,-77.405217,116.267337,87.7,2024-11-18 02:40:06
VH_02430,Toyota Camry,81.1,16.7,5.917831,-151.099631,73.4,2024-11-15 23:16:36
VH_02431,Honda Civic,62.4,157.1,-25.009023,-164.308721,91.6,2024-11-09 21:57:03
VH_02432,BMW X5,95.7,114.9,4.11354,-19.005938,95.1,2024-11-24 20:22:37
VH_02433,Chevrolet Bolt,87.8,9.0,-48.075381,-174.002286,74.2,2024-11-10 12:33:45
VH_02434,Chevrolet Bolt,,18.3,67.893935,-57.637655,70.4,2024-11-25 14:54:09
VH_02435,Toyota Camry,97.5,88.8,-59.235235,91.524712,70.7,2024-11-30 03:53:50
VH_02436,Tesla Model 3,119.7,29.2,63.176773,-33.093249,76.3,2024-11-06 18:43:19
VH_02437,Mercedes EQS,60.9,30.3,-82.467409,101.685253,85.0,2024-11-10 11:51:01
VH_02438,Hyundai Ioniq,,24.5,-42.897739,-117.806011,81.5,2024-11-21 13:23:00
VH_02439,BMW X5,102.1,103.4,-24.573593,-10.953528,93.8,2024-11-14 23:52:15
VH_02440,BMW X5,101.8,58.8,69.143325,68.536639,94.2,2024-11-14 10:49:57
VH_02441,Toyota Camry,116.8,173.0,-23.853853,-33.117571,93.3,2024-11-25 01:55:33
VH_02442,Hyundai Ioniq,103.2,97.7,-1.269572,-105.019694,89.4,2024-11-13 06:56:36
VH_02443,Honda Civic,73.1,59.5,-78.194974,-42.905799,82.9,2024-11-27 15:35:59
VH_02444,Tesla Model 3,99.8,75.4,76.946123,5.080802,90.0,2024-11-13 23:51:20
VH_02445,Tesla Model 3,107.2,101.1,64.106933,58.086165,97.8,2024-11-27 13:20:21
VH_02446,Mercedes EQS,97.8,153.8,59.782499,-102.299646,99.4,2024-11-15 13:11:29
VH_02447,Toyota Camry,74.4,5.3,29.339177,-14.139661,80.9,2024-11-23 20:45:15
VH_02448,Tesla Model 3,,91.4,19.610605,-92.266852,93.2,2024-11-20 19:57:08
VH_02449,Hyundai Ioniq,96.6,39.3,59.241734,-89.34399,77.3,2024-11-21 21:42:46
VH_02450,Toyota Camry,101.4,156.0,-84.298723,-171.439489,91.7,2024-11-15 20:03:05
VH_02451,BMW X5,63.6,179.0,-84.261404,-117.047354,78.1,2024-11-23 11:59:40
VH_02452,Honda Civic,109.4,9.2,-54.526729,-118.00248,99.6,2024-11-30 07:08:17
VH_02453,Honda Civic,94.0,125.4,-9.569415,149.284197,84.7,2024-11-07 21:18:01
VH_02454,Toyota Camry,95.4,48.5,51.924416,-55.670542,88.9,2024-11-01 05:34:38
VH_02455,Chevrolet Bolt,115.5,11.4,-65.212692,21.274056,80.5,2024-11-18 04:50:40
VH_02456,Hyundai Ioniq,68.0,125.5,-89.124198,177.284581,70.7,2024-11-09 23:31:50
VH_02457,BMW X5,65.7,37.7,-49.144348,-156.697134,97.3,2024-11-29 23:07:06
VH_02458,Tesla Model 3,101.0,121.0,-48.142734,-99.43311,84.7,2024-11-17 01:11:26
VH_02459,Ford F-150,107.8,130.5,-71.897334,-128.794956,89.7,2024-11-28 23:12:37
VH_02460,Ford F-150,119.6,30.0,-25.565449,138.570939,94.5,2024-11-08 05:34:57
VH_02461,Honda Civic,110.4,68.5,-57.027844,60.421654,73.3,2024-11-03 11:33:01
VH_02462,Ford F-150,89.8,95.1,9.721297,63.682947,80.5,2024-11-17 14:43:01
VH_02463,Tesla Model 3,75.6,136.2,85.823845,107.347078,94.7,2024-11-04 22:09:50
VH_02464,Ford F-150,79.5,14.1,29.801198,152.33743,80.3,2024-11-18 08:29:36
VH_02465,Tesla Model 3,101.1,124.0,35.736773,152.570268,82.5,2024-11-24 00:08:27
VH_02466,Tesla Model 3,110.7,74.8,-54.036658,-20.785732,81.6,2024-11-07 19:34:28
VH_02467,Hyundai Ioniq,100.1,149.5,-22.580676,-27.655772,91.7,2024-11-09 02:19:11
VH_02468,Honda Civic,75.4,18.3,45.58634,-169.650953,77.7,2024-11-06 18:05:43
VH_02469,Toyota Camry,107.0,79.6,-61.238924,32.095961,98.0,2024-11-21 13:52:30
VH_02470,Hyundai Ioniq,65.0,149.8,-46.710191,104.43586,77.0,2024-11-30 00:23:09
VH_02471,Tesla Model 3,64.4,134.1,79.384485,-68.12472,71.0,2024-11-17 00:23:47
VH_02472,BMW X5,109.3,97.2,75.183354,-134.984628,90.3,2024-11-21 07:54:21
VH_02473,Toyota Camry,100.6,18.0,-58.81619,93.81205,78.4,2024-11-12 02:58:52
VH_02474,Honda Civic,91.9,100.1,82.308551,-68.912471,80.3,2024-11-05 09:23:01
VH_02475,Mercedes EQS,99.0,10.3,-23.526479,113.727656,82.0,2024-11-18 18:43:58
VH_02476,Tesla Model 3,100.8,99.5,51.377994,-94.483285,77.4,2024-11-07 10:23:26
VH_02477,Tesla Model 3,106.0,79.5,-6.019512,38.296271,71.9,2024-11-17 01:55:02
VH_02478,Tesla Model 3,61.5,51.3,-43.423057,142.308043,85.6,2024-11-10 20:39:20
VH_02479,BMW X5,74.9,158.9,-22.947812,149.526543,72.5,2024-11-02 20:25:48
VH_02480,Chevrolet Bolt,111.3,119.6,15.346037,-5.888114,90.3,2024-11-06 04:54:02
VH_02481,Mercedes EQS,84.5,123.0,-69.355387,62.332778,84.0,2024-11-07 03:23:29
VH_02482,Mercedes EQS,106.9,61.2,-78.438372,-17.310786,95.7,2024-11-25 17:18:00
VH_02483,Mercedes EQS,85.6,123.4,-74.991379,-160.71293,85.1,2024-11-12 02:19:27
VH_02484,Mercedes EQS,69.3,17.6,8.990084,-37.054724,97.0,2024-11-16 15:27:49
VH_02485,Tesla Model 3,100.8,78.3,-2.871651,98.23538,80.8,2024-11-28 10:07:58
VH_02486,BMW X5,87.1,0.2,25.824478,-55.347445,87.8,2024-11-04 22:20:34
VH_02487,BMW X5,71.8,45.8,-32.796716,-176.273178,99.6,2024-11-01 06:50:55
VH_02488,Toyota Camry,98.8,133.6,3.733751,21.766077,86.6,2024-11-02 15:51:48
VH_02489,Tesla Model 3,104.7,55.7,-27.68038,-160.095522,87.8,2024-11-25 10:02:10
VH_02490,Tesla Model 3,105.7,8.5,26.743323,-162.891331,70.3,2024-11-10 23:40:33
VH_02491,Chevrolet Bolt,101.1,82.7,-27.362578,45.156145,86.1,2024-11-08 02:19:49
VH_02492,Chevrolet Bolt,85.4,90.9,-81.962369,139.919695,94.9,2024-11-07 09:58:49
VH_02493,Mercedes EQS,64.3,156.8,-33.557027,-92.273625,78.4,2024-11-03 22:01:44
VH_02494,Chevrolet Bolt,78.6,26.8,-72.262789,12.750191,86.4,2024-11-18 13:22:00
VH_02495,Tesla Model 3,70.4,138.8,43.241772,66.650876,72.3,2024-11-19 18:34:46
VH_02496,BMW X5,103.4,114.7,-49.992548,122.7946,77.1,2024-11-28 10:40:09
VH_02497,Tesla Model 3,100.8,116.7,36.254476,176.528576,92.1,2024-11-30 03:19:18
VH_02498,Ford F-150,,134.8,16.651974,-69.747644,84.6,2024-11-24 09:44:13
VH_02499,Chevrolet Bolt,62.6,63.6,-75.457349,71.549775,73.0,2024-11-03 10:40:00
VH_02500,Mercedes EQS,114.8,82.2,-11.933711,-83.162069,81.0,2024-11-02 08:08:17
VH_02501,Mercedes EQS,100.3,150.8,-32.284619,-115.090791,83.8,2024-11-26 16:25:48
VH_02502,Mercedes EQS,105.9,158.8,15.145348,-151.018808,77.9,2024-11-15 18:06:24
VH_02503,Hyundai Ioniq,116.1,75.7,-4.93003,42.0607,80.3,2024-11-19 21:46:59
VH_02504,Tesla Model 3,96.0,81.6,-0.267066,-94.922145,83.4,2024-11-06 15:31:59
VH_02505,Toyota Camry,100.5,90.1,45.015039,124.724646,77.2,2024-11-18 04:52:38
VH_02506,Mercedes EQS,68.1,72.3,59.252606,152.519979,83.2,2024-11-11 14:52:20
VH_02507,Honda Civic,82.3,89.0,-7.42205,-109.585014,95.4,2024-11-26 11:22:53
VH_02508,Tesla Model 3,77.2,178.7,-60.142812,-129.675651,90.6,2024-11-15 00:20:52
VH_02509,Tesla Model 3,117.7,54.3,51.742601,138.868688,75.3,2024-11-21 14:18:07
VH_02510,Tesla Model 3,73.1,53.4,32.395813,-154.217384,83.7,2024-11-05 16:44:10
VH_02511,Toyota Camry,70.4,120.8,-22.573213,-73.612227,76.8,2024-11-30 04:10:31
VH_02512,Toyota Camry,91.9,75.9,69.691523,-30.363051,84.4,2024-11-13 03:33:52
VH_02513,Chevrolet Bolt,82.6,175.9,-20.250148,3.784975,84.5,2024-11-02 01:27:14
VH_02514,BMW X5,93.1,140.3,-48.361212,-169.809547,86.2,2024-11-24 14:43:19
VH_02515,Chevrolet Bolt,115.2,41.0,41.20857,68.434291,72.4,2024-11-17 17:23:22
VH_02516,Toyota Camry,70.9,171.4,50.303584,74.500874,98.4,2024-11-06 12:22:15
VH_02517,Tesla Model 3,70.1,168.3,-21.005681,35.391641,78.4,2024-11-03 02:53:31
VH_02518,BMW X5,63.0,133.7,33.406424,28.443392,72.5,2024-11-22 22:13:30
VH_02519,Toyota Camry,90.8,50.5,-67.666103,-110.671364,72.6,2024-11-06 13:04:02
VH_02520,Hyundai Ioniq,95.0,178.0,-17.91386,-160.765807,94.8,2024-11-17 05:54:50
VH_02521,Tesla Model 3,91.5,131.2,60.572012,7.430313,77.6,2024-11-28 23:43:50
VH_02522,Hyundai Ioniq,77.1,110.6,22.370783,-159.52312,74.8,2024-11-07 13:04:43
VH_02523,Honda Civic,67.5,50.2,63.660115,104.589877,99.6,2024-11-18 06:42:26
VH_02524,Honda Civic,65.7,111.6,29.323725,178.16432,96.7,2024-11-01 10:58:01
VH_02525,Tesla Model 3,89.6,113.7,33.248043,164.724771,91.2,2024-11-20 17:28:10
VH_02526,Toyota Camry,65.7,73.4,59.236294,-119.461334,83.8,2024-11-18 19:01:50
VH_02527,Chevrolet Bolt,86.9,32.0,66.012127,-30.809615,82.6,2024-11-15 19:27:13
VH_02528,Ford F-150,73.1,164.5,1.280983,-148.075215,95.2,2024-11-11 06:08:05
VH_02529,Mercedes EQS,101.4,106.2,14.537158,30.689071,81.8,2024-11-09 02:12:27
VH_02530,Toyota Camry,66.8,37.3,58.193674,-0.14721,82.8,2024-11-24 23:15:44
VH_02531,Ford F-150,107.7,125.2,-69.314531,-100.150778,99.5,2024-11-10 10:34:26
VH_02532,Tesla Model 3,67.2,150.8,-76.161287,41.011284,85.8,2024-11-13 23:57:50
VH_02533,Toyota Camry,105.3,8.2,34.06448,120.525773,77.3,2024-11-08 22:18:26
VH_02534,Tesla Model 3,105.0,66.9,49.774485,1.267972,80.3,2024-11-21 10:36:52
VH_02535,Tesla Model 3,109.2,42.2,17.586351,30.958774,92.8,2024-11-07 00:04:37
VH_02536,Toyota Camry,111.0,179.9,-50.791094,47.562325,74.4,2024-11-16 15:20:22
VH_02537,Tesla Model 3,113.5,19.1,55.569956,-154.893655,88.0,2024-11-09 22:40:26
VH_02538,Honda Civic,112.8,12.0,43.029715,173.32374,98.5,2024-11-13 08:00:08
VH_02539,Toyota Camry,112.1,161.6,72.828656,-141.734274,91.1,2024-11-09 20:16:30
VH_02540,Tesla Model 3,84.3,6.7,35.31843,-37.740611,87.1,2024-11-13 16:13:37
VH_02541,Mercedes EQS,65.9,37.4,49.060867,-89.391916,77.0,2024-11-16 05:46:47
VH_02542,Tesla Model 3,106.6,108.6,-88.438147,97.852488,84.1,2024-11-20 09:58:01
VH_02543,Toyota Camry,104.2,139.5,21.917228,54.220385,82.9,2024-11-15 20:20:44
VH_02544,Ford F-150,107.3,96.9,-65.589955,-80.076562,91.9,2024-11-28 07:14:50
VH_02545,Chevrolet Bolt,96.7,155.9,36.471277,-14.075188,89.1,2024-11-10 03:14:54
VH_02546,Hyundai Ioniq,116.7,166.6,-14.663332,2.960019,72.0,2024-11-11 00:14:07
VH_02547,Ford F-150,97.3,34.6,-12.81738,-169.638172,90.8,2024-11-06 21:00:10
VH_02548,Tesla Model 3,73.6,52.9,-87.98307,151.157389,79.2,2024-11-09 07:59:15
VH_02549,Tesla Model 3,104.1,170.1,-73.069629,42.022575,96.4,2024-11-12 03:25:35
VH_02550,Tesla Model 3,63.7,121.3,-45.785961,84.067072,83.0,2024-11-15 23:28:35
VH_02551,Chevrolet Bolt,65.6,98.0,26.786433,-68.398601,78.1,2024-11-15 09:29:00
VH_02552,Chevrolet Bolt,93.2,153.5,-62.045758,174.689912,70.9,2024-11-14 13:39:12
VH_02553,Chevrolet Bolt,110.2,66.2,35.587199,-69.245878,82.3,2024-11-05 09:51:40
VH_02554,Tesla Model 3,104.2,76.6,-78.277384,-58.909307,99.7,2024-11-01 09:23:44
VH_02555,Tesla Model 3,94.6,18.5,-0.901297,-110.734016,86.2,2024-11-04 03:40:35
VH_02556,Ford F-150,88.0,57.6,59.547244,-131.675353,95.2,2024-11-05 12:44:50
VH_02557,Toyota Camry,97.4,91.5,58.437335,-41.204339,72.3,2024-11-04 10:15:14
VH_02558,Honda Civic,72.0,69.0,20.970522,-114.754105,87.3,2024-11-09 12:23:20
VH_02559,Tesla Model 3,117.4,43.5,-21.19841,-42.622317,87.5,2024-11-21 13:19:39
VH_02560,BMW X5,106.5,102.6,-47.929024,13.413406,72.8,2024-11-13 03:19:38
VH_02561,Chevrolet Bolt,63.9,148.1,50.838399,-110.92515,90.3,2024-11-12 04:32:47
VH_02562,Toyota Camry,78.3,50.5,23.566698,-126.433337,70.1,2024-11-21 14:44:28
VH_02563,BMW X5,90.7,33.8,-16.179928,-107.434169,79.0,2024-11-26 02:48:20
VH_02564,Honda Civic,73.8,42.9,-52.436349,-46.466275,98.2,2024-11-26 13:46:41
VH_02565,Ford F-150,114.2,45.8,-83.289151,-23.523212,94.3,2024-11-14 23:30:34
VH_02566,Ford F-150,74.9,101.2,-20.930574,43.27998,74.0,2024-11-17 00:12:33
VH_02567,Chevrolet Bolt,87.0,36.8,57.814649,-172.184806,95.9,2024-11-08 22:00:45
VH_02568,Honda Civic,111.2,114.0,78.470421,110.505836,99.7,2024-11-30 13:16:42
VH_02569,Tesla Model 3,119.1,86.3,23.679949,-177.027575,87.1,2024-11-30 08:56:00
VH_02570,BMW X5,85.3,58.8,-31.911132,-145.394593,95.9,2024-11-20 15:41:35
VH_02571,Honda Civic,75.5,22.4,8.900626,-107.492705,71.1,2024-11-29 17:38:03
VH_02572,Tesla Model 3,80.4,24.5,1.558574,-16.081463,98.0,2024-11-14 19:49:05
VH_02573,Tesla Model 3,96.6,72.4,-22.087563,166.633733,82.9,2024-11-29 14:17:04
VH_02574,Mercedes EQS,94.8,82.3,-16.455059,-141.662981,91.0,2024-11-02 01:55:19
VH_02575,Toyota Camry,112.0,78.0,-80.731754,124.66056,88.6,2024-11-04 23:34:41
VH_02576,Honda Civic,117.8,38.7,4.247905,106.602383,98.5,2024-11-22 17:59:37
VH_02577,Tesla Model 3,83.5,149.3,-14.610361,82.042426,70.0,2024-11-17 10:37:18
VH_02578,Tesla Model 3,103.7,76.0,-86.399496,-145.468108,84.7,2024-11-15 04:49:24
VH_02579,Tesla Model 3,113.2,123.0,-53.206166,69.945928,99.1,2024-11-18 20:40:41
VH_02580,Toyota Camry,98.4,78.3,3.082124,-173.287244,99.3,2024-11-14 12:10:18
VH_02581,Tesla Model 3,114.6,116.2,50.677171,-32.929743,91.2,2024-11-12 03:11:03
VH_02582,Mercedes EQS,78.7,24.4,38.147952,144.432313,97.0,2024-11-28 05:36:02
VH_02583,Mercedes EQS,88.3,126.5,15.808928,143.823119,94.0,2024-11-07 00:54:12
VH_02584,Tesla Model 3,62.0,23.4,-79.974534,130.393563,95.8,2024-11-27 03:53:02
VH_02585,Toyota Camry,102.3,88.3,44.022272,92.005161,96.2,2024-11-15 14:31:15
VH_02586,Mercedes EQS,107.4,113.3,46.906407,-90.227463,89.4,2024-11-28 19:33:31
VH_02587,Chevrolet Bolt,104.9,154.7,66.271029,61.622348,75.9,2024-11-25 20:41:48
VH_02588,Chevrolet Bolt,61.1,151.2,-86.08758,-151.392104,92.9,2024-11-22 07:47:32
VH_02589,Tesla Model 3,82.6,60.0,84.030844,39.740362,76.3,2024-11-15 06:28:18
VH_02590,Honda Civic,90.2,66.4,73.179222,145.332794,84.7,2024-11-18 00:06:13
VH_02591,Mercedes EQS,105.5,8.8,-51.07772,-62.082755,74.4,2024-11-10 10:22:45
VH_02592,Tesla Model 3,72.9,54.7,-39.373396,46.392489,77.7,2024-11-25 16:38:36
VH_02593,Tesla Model 3,82.7,133.0,-45.971072,-142.217423,72.2,2024-11-08 07:23:27
VH_02594,Ford F-150,82.2,122.3,-74.020091,77.063191,92.3,2024-11-03 07:42:39
VH_02595,Toyota Camry,73.2,22.3,-9.629892,-79.221444,80.7,2024-11-23 09:44:44
VH_02596,Hyundai Ioniq,70.4,74.4,-65.537124,-91.798923,81.8,2024-11-27 03:01:42
VH_02597,Ford F-150,62.5,110.6,73.708157,149.338842,88.2,2024-11-25 01:45:46
VH_02598,Hyundai Ioniq,89.7,139.2,-22.619919,-81.858601,78.6,2024-11-12 14:57:09
VH_02599,Tesla Model 3,110.4,128.3,-65.099281,-52.509024,75.7,2024-11-23 07:35:03
VH_02600,Toyota Camry,112.7,156.5,83.214553,102.242938,84.3,2024-11-23 14:36:57
VH_02601,Tesla Model 3,88.5,4.5,66.981478,-171.89014,96.0,2024-11-21 10:47:32
VH_02602,BMW X5,64.8,107.4,-26.868192,-72.702871,72.3,2024-11-23 20:58:11
VH_02603,Tesla Model 3,99.1,37.4,21.95825,-159.052015,71.0,2024-11-03 06:11:22
VH_02604,Toyota Camry,76.7,6.0,-16.372587,-36.565922,91.8,2024-11-08 06:46:49
VH_02605,Honda Civic,77.4,47.4,-46.050091,173.948743,94.0,2024-11-21 12:26:31
VH_02606,Tesla Model 3,80.5,32.5,-53.948735,63.660236,98.2,2024-11-21 20:47:48
VH_02607,Honda Civic,97.9,164.8,30.799239,-175.147646,98.7,2024-11-13 15:11:17
VH_02608,Toyota Camry,111.3,102.7,-75.837353,-158.425199,77.4,2024-11-15 22:27:20
VH_02609,Hyundai Ioniq,105.2,65.1,-14.145258,-151.680809,90.7,2024-11-30 00:33:01
VH_02610,Toyota Camry,95.5,71.8,-33.415529,-151.074073,86.4,2024-11-16 10:49:29
VH_02611,Toyota Camry,104.9,80.6,77.246823,-35.354512,72.3,2024-11-15 20:59:47
VH_02612,Honda Civic,85.5,16.7,25.710517,53.24752,85.3,2024-11-01 00:04:11
VH_02613,Chevrolet Bolt,87.7,105.0,-18.018849,54.323463,93.5,2024-11-19 14:41:35
VH_02614,BMW X5,68.8,110.5,43.267335,76.325326,81.1,2024-11-17 15:43:58
VH_02615,Mercedes EQS,95.2,3.0,25.542696,-155.592214,91.5,2024-11-12 07:04:50
VH_02616,Tesla Model 3,60.2,32.5,36.786903,-1.303346,97.2,2024-11-01 20:12:47
VH_02617,Chevrolet Bolt,110.3,122.5,22.165512,-27.96083,97.4,2024-11-04 06:09:36
VH_02618,Tesla Model 3,81.3,38.9,-74.116903,-40.12208,71.0,2024-11-24 12:32:44
VH_02619,Tesla Model 3,112.1,38.4,16.34054,-147.496076,83.6,2024-11-25 06:56:29
VH_02620,Ford F-150,75.7,53.9,-35.559798,-133.847181,75.6,2024-11-30 09:42:01
VH_02621,Ford F-150,66.2,167.4,44.334811,61.991167,97.5,2024-11-11 23:13:39
VH_02622,Toyota Camry,88.9,40.6,-25.677219,-150.44878,97.5,2024-11-20 17:21:32
VH_02623,Honda Civic,115.5,155.6,-3.768122,-145.615668,72.7,2024-11-10 21:09:34
VH_02624,Hyundai Ioniq,64.6,121.4,-88.440718,-52.077061,81.2,2024-11-13 23:42:06
VH_02625,BMW X5,118.2,139.0,6.212111,-151.727472,76.3,2024-11-26 14:15:55
VH_02626,Toyota Camry,81.9,30.2,-68.593072,18.135844,79.8,2024-11-03 19:26:30
VH_02627,Toyota Camry,91.4,127.1,31.934996,170.447726,97.5,2024-11-27 21:27:26
VH_02628,Honda Civic,79.8,145.4,61.110578,170.280463,73.3,2024-11-23 08:46:21
VH_02629,Tesla Model 3,97.3,38.7,-53.003877,127.373249,87.6,2024-11-16 02:23:53
VH_02630,Tesla Model 3,117.3,16.5,70.475149,95.554573,92.0,2024-11-10 12:26:50
VH_02631,Toyota Camry,63.9,46.5,-20.667693,-86.718344,91.1,2024-11-09 09:37:01
VH_02632,Honda Civic,69.4,124.0,67.734281,26.723982,92.3,2024-11-12 18:08:23
VH_02633,Tesla Model 3,110.8,151.3,42.390995,-143.422254,71.9,2024-11-16 06:17:47
VH_02634,Chevrolet Bolt,114.3,53.1,88.226322,-73.539743,82.0,2024-11-10 13:06:15
VH_02635,Tesla Model 3,79.9,115.4,-24.760222,125.630958,98.6,2024-11-16 13:40:29
VH_02636,Hyundai Ioniq,71.4,145.5,-36.570139,-18.079109,86.0,2024-11-05 20:17:06
VH_02637,Chevrolet Bolt,97.0,159.8,-16.691923,41.008097,79.1,2024-11-16 04:30:38
VH_02638,BMW X5,84.4,151.1,-12.211396,89.752453,79.2,2024-11-15 17:41:29
VH_02639,BMW X5,93.5,175.3,17.574458,-144.619013,82.2,2024-11-30 19:12:56
VH_02640,Toyota Camry,95.9,61.4,-80.086249,-69.55703,72.5,2024-11-05 23:58:44
VH_02641,Tesla Model 3,118.3,165.2,44.678349,173.592848,81.4,2024-11-30 21:31:41
VH_02642,BMW X5,63.5,135.7,61.236398,72.835221,85.8,2024-11-07 10:16:27
VH_02643,BMW X5,75.0,144.0,-67.770378,12.797002,82.5,2024-11-25 10:34:15
VH_02644,Tesla Model 3,69.1,15.1,55.899398,-51.897727,89.1,2024-11-09 06:38:45
VH_02645,Mercedes EQS,82.9,111.3,50.237417,163.657247,70.9,2024-11-10 09:30:19
VH_02646,BMW X5,89.8,143.9,37.514955,88.471913,70.3,2024-11-28 14:35:13
VH_02647,Tesla Model 3,99.7,114.1,76.047076,160.986173,80.6,2024-11-07 06:53:08
VH_02648,Toyota Camry,93.1,82.1,36.622654,-123.155767,70.9,2024-11-23 11:47:11
VH_02649,Tesla Model 3,76.0,61.1,-1.197761,-133.625563,94.2,2024-11-28 00:22:14
VH_02650,Ford F-150,67.3,109.8,-74.092985,-59.516238,97.0,2024-11-03 04:04:28
VH_02651,Tesla Model 3,119.8,159.2,54.511515,-171.695509,97.9,2024-11-26 01:11:36
VH_02652,Ford F-150,108.4,7.9,9.435254,-117.539096,98.1,2024-11-09 19:57:44
VH_02653,Tesla Model 3,85.1,64.6,-35.921537,-8.241808,83.5,2024-11-20 09:01:51
VH_02654,Hyundai Ioniq,96.4,61.4,39.243079,-171.614239,96.1,2024-11-25 09:39:37
VH_02655,Honda Civic,95.1,59.5,-19.414337,67.611851,76.1,2024-11-05 13:14:52
VH_02656,Tesla Model 3,79.8,151.4,-12.345268,-131.5666,85.4,2024-11-24 21:22:52
VH_02657,Chevrolet Bolt,115.6,79.7,68.413224,-54.865899,90.9,2024-11-30 18:35:44
VH_02658,Tesla Model 3,74.3,37.1,28.620342,-161.111947,89.4,2024-11-07 16:50:32
VH_02659,Toyota Camry,61.4,15.9,-72.416355,81.68976,75.8,2024-11-19 13:17:03
VH_02660,Chevrolet Bolt,,50.3,59.527415,-80.246086,92.6,2024-11-04 20:47:20
VH_02661,BMW X5,96.9,38.6,-86.998262,-61.462449,92.8,2024-11-13 10:40:13
VH_02662,Honda Civic,91.3,143.6,47.753394,82.746956,86.8,2024-11-28 15:33:34
VH_02663,Hyundai Ioniq,64.4,128.0,-68.033656,-14.54348,86.9,2024-11-03 07:40:02
VH_02664,Honda Civic,74.0,79.3,10.942965,31.868624,96.5,2024-11-20 20:19:56
VH_02665,BMW X5,98.4,147.6,-30.351393,-100.417437,89.7,2024-11-20 02:51:38
VH_02666,Tesla Model 3,108.5,46.1,1.895922,6.144432,94.4,2024-11-26 16:00:14
VH_02667,Tesla Model 3,84.8,143.9,-21.600388,57.898631,87.8,2024-11-09 02:20:05
VH_02668,BMW X5,99.8,119.2,29.438946,134.149538,74.8,2024-11-08 23:56:50
VH_02669,Chevrolet Bolt,114.1,136.8,-70.059049,-101.399836,77.4,2024-11-11 04:16:53
VH_02670,Tesla Model 3,113.9,92.6,-13.123096,81.897509,90.4,2024-11-21 12:08:16
VH_02671,Ford F-150,84.6,89.1,-86.675022,161.672424,78.4,2024-11-27 18:44:06
VH_02672,Mercedes EQS,118.4,132.1,13.415781,119.142323,84.2,2024-11-08 02:45:14
VH_02673,BMW X5,81.4,36.1,78.77309,-63.944201,80.3,2024-11-17 00:11:24
VH_02674,Ford F-150,69.5,90.5,22.077447,-81.166326,91.3,2024-11-14 10:04:08
VH_02675,Chevrolet Bolt,101.1,127.0,-37.596132,9.562806,90.5,2024-11-08 14:19:27
VH_02676,Tesla Model 3,79.4,21.7,44.674542,-137.586133,88.5,2024-11-24 22:24:34
VH_02677,Tesla Model 3,80.1,48.3,-16.873351,103.366932,72.2,2024-11-18 09:19:19
VH_02678,Honda Civic,86.1,159.6,20.047921,-21.384103,88.0,2024-11-12 12:48:14
VH_02679,Tesla Model 3,60.5,145.6,11.830415,-105.643836,92.1,2024-11-09 22:00:32
VH_02680,Chevrolet Bolt,66.6,141.2,60.68225,-149.089865,92.1,2024-11-28 22:37:51
VH_02681,Tesla Model 3,98.4,31.1,-39.459265,-134.549028,78.4,2024-11-27 06:50:06
VH_02682,Tesla Model 3,72.9,139.0,18.03643,-7.344952,82.3,2024-11-03 08:52:45
VH_02683,Toyota Camry,91.2,45.7,27.883229,-162.246705,72.5,2024-11-25 13:42:30
VH_02684,Tesla Model 3,76.5,142.9,-54.623687,-71.995644,70.2,2024-11-17 04:43:23
VH_02685,Tesla Model 3,86.3,43.6,53.020894,9.714082,82.0,2024-11-24 14:11:47
VH_02686,Toyota Camry,80.8,47.0,-14.970803,-174.321894,77.4,2024-11-08 11:42:13
VH_02687,BMW X5,62.5,160.3,-2.779968,-83.763545,92.4,2024-11-20 13:24:47
VH_02688,Tesla Model 3,68.3,24.5,23.242752,89.779247,81.9,2024-11-15 12:15:30
VH_02689,BMW X5,63.8,107.9,-62.431738,11.057621,99.4,2024-11-20 20:14:57
VH_02690,Tesla Model 3,97.6,122.9,54.543522,-48.804926,71.3,2024-11-05 03:36:16
VH_02691,Tesla Model 3,117.0,174.6,40.077875,125.924938,89.5,2024-11-11 13:24:54
VH_02692,Tesla Model 3,111.7,121.2,-8.282027,134.91067,86.5,2024-11-05 08:05:22
VH_02693,BMW X5,83.2,75.0,-50.842058,38.642372,81.9,2024-11-25 20:31:17
VH_02694,Hyundai Ioniq,104.9,0.5,11.01216,99.634151,70.7,2024-11-24 07:49:13
VH_02695,Tesla Model 3,64.9,140.6,11.263778,25.026477,73.0,2024-11-25 12:13:08
VH_02696,Tesla Model 3,89.0,66.7,-62.428187,63.931025,78.3,2024-11-05 15:49:18
VH_02697,Mercedes EQS,96.2,29.7,-52.918441,-143.888308,97.5,2024-11-27 06:53:25
VH_02698,Ford F-150,105.6,136.8,3.122865,51.873403,89.9,2024-11-24 02:25:38
VH_02699,Tesla Model 3,86.7,63.1,50.423753,29.645611,71.1,2024-11-01 21:50:09
VH_02700,BMW X5,78.2,110.3,26.755591,75.010744,89.2,2024-11-15 20:25:11
VH_02701,Tesla Model 3,106.0,96.7,28.303688,-143.334508,95.8,2024-11-28 08:43:53
VH_02702,Tesla Model 3,68.5,0.5,14.807268,96.365428,95.8,2024-11-03 14:38:40
VH_02703,Tesla Model 3,116.8,124.9,-36.27753,-139.480812,76.3,2024-11-29 19:45:35
VH_02704,Ford F-150,67.5,9.2,-81.407038,-135.695038,80.0,2024-11-13 05:54:19
VH_02705,Tesla Model 3,111.5,138.0,20.62108,-85.38097,89.9,2024-11-13 17:44:08
VH_02706,Tesla Model 3,89.0,31.1,79.66517,-11.412569,85.0,2024-11-20 11:32:15
VH_02707,Ford F-150,73.4,48.7,83.952689,48.196803,79.3,2024-11-20 02:28:11
VH_02708,Tesla Model 3,112.5,67.3,-51.480598,59.46888,74.5,2024-11-08 00:25:59
VH_02709,Honda Civic,118.0,62.9,-86.822469,99.088917,92.5,2024-11-17 16:48:04
VH_02710,Mercedes EQS,95.9,149.9,-24.817433,0.57064,89.6,2024-11-20 12:53:25
VH_02711,BMW X5,107.2,163.8,49.214237,-85.50309,89.2,2024-11-10 09:20:48
VH_02712,Honda Civic,74.3,133.5,27.936194,166.438841,79.1,2024-11-01 02:11:29
VH_02713,Tesla Model 3,87.9,45.3,55.235479,178.952868,83.3,2024-11-05 15:52:00
VH_02714,Tesla Model 3,118.7,120.5,-1.954839,111.368697,94.6,2024-11-12 22:05:40
VH_02715,Honda Civic,67.5,62.9,-32.518488,-57.583568,71.3,2024-11-11 12:32:04
VH_02716,Ford F-150,77.0,128.5,-17.564047,-135.841966,70.8,2024-11-30 12:56:03
VH_02717,Ford F-150,66.0,14.0,-27.371771,64.009623,89.8,2024-11-02 21:48:13
VH_02718,Tesla Model 3,86.3,6.3,-21.02083,26.200297,89.4,2024-11-28 21:29:07
VH_02719,Ford F-150,92.6,126.1,-57.942364,10.440746,79.4,2024-11-05 18:01:23
VH_02720,Toyota Camry,102.2,19.8,53.662775,28.18831,93.4,2024-11-27 16:25:13
VH_02721,Ford F-150,115.4,76.4,-17.675236,-90.004798,99.9,2024-11-21 19:09:52
VH_02722,Toyota Camry,74.4,158.3,53.205054,73.163148,87.8,2024-11-03 04:58:57
VH_02723,Chevrolet Bolt,87.3,23.9,6.899558,-82.767373,72.6,2024-11-11 08:53:54
VH_02724,Tesla Model 3,80.7,19.2,-55.107013,-177.371515,78.2,2024-11-03 06:54:30
VH_02725,BMW X5,114.6,55.8,-1.350198,-68.487839,88.4,2024-11-21 23:33:53
VH_02726,Tesla Model 3,100.3,40.5,-3.638868,97.880729,87.0,2024-11-22 10:32:08
VH_02727,Ford F-150,113.1,171.1,-41.754577,166.775583,75.9,2024-11-01 12:49:13
VH_02728,Mercedes EQS,114.9,121.2,-48.901084,-48.886098,88.9,2024-11-18 16:58:23
VH_02729,Hyundai Ioniq,69.2,148.4,2.459909,170.751394,80.3,2024-11-21 03:36:14
VH_02730,Toyota Camry,103.8,145.8,80.275637,74.715118,94.0,2024-11-07 20:50:53
VH_02731,Tesla Model 3,111.8,94.2,-12.750439,29.978627,72.7,2024-11-07 03:05:55
VH_02732,Mercedes EQS,117.4,143.4,-60.075541,-85.012527,89.7,2024-11-16 15:28:23
VH_02733,BMW X5,108.3,14.9,-70.523022,-3.876525,89.3,2024-11-28 13:18:43
VH_02734,Honda Civic,68.8,60.0,21.36533,-69.791772,99.3,2024-11-16 11:02:53
VH_02735,Honda Civic,75.8,113.2,-22.04237,-45.971449,76.4,2024-11-19 04:39:20
VH_02736,Tesla Model 3,79.0,51.6,-76.246034,7.477886,93.9,2024-11-26 20:12:06
VH_02737,Honda Civic,105.9,125.3,-74.640948,-42.46325,83.5,2024-11-25 19:36:07
VH_02738,Honda Civic,101.2,26.0,-52.906044,117.190611,89.3,2024-11-05 20:49:11
VH_02739,Tesla Model 3,73.0,150.8,40.009867,4.676776,93.4,2024-11-27 01:43:03
VH_02740,Ford F-150,76.8,89.4,-75.551186,-42.479336,74.0,2024-11-02 08:30:26
VH_02741,Chevrolet Bolt,75.7,94.0,-54.301272,-63.488453,99.2,2024-11-05 17:31:57
VH_02742,BMW X5,86.6,97.5,74.05529,-175.889549,70.0,2024-11-24 09:12:06
VH_02743,Honda Civic,83.7,52.4,73.428776,-163.364444,87.2,2024-11-21 11:25:06
VH_02744,Toyota Camry,89.0,19.5,7.823355,99.17266,81.3,2024-11-30 07:21:41
VH_02745,Tesla Model 3,89.0,117.8,34.027718,-156.355041,82.5,2024-11-05 13:17:44
VH_02746,Ford F-150,62.5,98.2,62.199984,-37.889328,71.5,2024-11-15 13:17:50
VH_02747,BMW X5,83.4,103.4,-81.951101,138.977356,90.1,2024-11-19 19:01:50
VH_02748,BMW X5,99.3,143.3,-43.793531,-25.416099,79.0,2024-11-29 14:01:39
VH_02749,Ford F-150,84.1,58.1,73.117324,90.983341,88.3,2024-11-01 23:48:22
VH_02750,Tesla Model 3,114.7,143.3,12.443016,167.492201,91.6,2024-11-24 14:51:48
VH_02751,Toyota Camry,73.8,23.5,56.583131,179.297645,91.2,2024-11-29 22:36:12
VH_02752,Tesla Model 3,63.2,99.4,42.730729,-45.445071,87.2,2024-11-10 02:50:08
VH_02753,Honda Civic,92.7,104.3,-6.381563,-176.121128,78.3,2024-11-06 17:19:24
VH_02754,Chevrolet Bolt,115.3,12.1,-45.185721,144.478163,91.9,2024-11-17 13:12:36
VH_02755,Hyundai Ioniq,84.1,0.6,-58.638201,-27.5603,92.0,2024-11-02 05:13:29
VH_02756,Chevrolet Bolt,90.6,66.0,-40.258007,-176.232767,95.9,2024-11-30 07:06:36
VH_02757,BMW X5,106.4,66.3,-48.457726,1.254807,78.9,2024-11-05 00:19:57
VH_02758,Toyota Camry,,65.2,-46.923644,109.237383,95.5,2024-11-24 07:15:41
VH_02759,Toyota Camry,115.1,67.9,-50.819011,68.496365,80.4,2024-11-02 06:17:24
VH_02760,Mercedes EQS,104.1,54.8,73.322311,95.456619,74.5,2024-11-27 08:44:01
VH_02761,Tesla Model 3,65.2,59.5,2.3809,48.522957,91.2,2024-11-28 11:44:32
VH_02762,Tesla Model 3,115.9,61.0,46.506041,37.043303,73.0,2024-11-24 22:19:17
VH_02763,Tesla Model 3,89.2,4.8,-84.1215,-32.110016,83.6,2024-11-03 18:23:27
VH_02764,Hyundai Ioniq,78.2,23.3,73.813703,71.512937,70.1,2024-11-05 12:36:44
VH_02765,Ford F-150,75.2,145.6,46.93791,47.230832,87.7,2024-11-11 03:18:32
VH_02766,Mercedes EQS,83.1,46.6,46.08975,-16.723611,95.0,2024-11-23 05:01:55
VH_02767,BMW X5,100.0,154.4,-88.309811,-79.266486,79.3,2024-11-29 12:02:49
VH_02768,Honda Civic,87.3,114.3,61.56632,123.393076,89.2,2024-11-23 22:24:29
VH_02769,BMW X5,62.7,40.6,-42.444601,104.848241,92.5,2024-11-22 21:40:22
VH_02770,BMW X5,105.3,90.0,86.404348,178.036151,80.2,2024-11-01 00:22:31
VH_02771,Toyota Camry,76.9,96.0,-82.225946,-70.750594,96.2,2024-11-22 07:13:34
VH_02772,Ford F-150,73.0,21.1,-73.308664,-56.002157,70.6,2024-11-17 13:10:59
VH_02773,Honda Civic,69.7,9.3,16.983268,125.535607,96.7,2024-11-18 11:17:20
VH_02774,Tesla Model 3,103.1,53.8,-4.082578,119.503844,73.2,2024-11-03 11:40:53
VH_02775,Ford F-150,119.6,85.1,-34.798784,-18.153002,78.7,2024-11-18 01:03:12
VH_02776,BMW X5,87.7,92.1,52.244795,-125.387754,81.6,2024-11-28 23:48:19
VH_02777,Tesla Model 3,90.4,48.3,88.016506,-171.097518,76.1,2024-11-01 12:08:10
VH_02778,Tesla Model 3,75.5,123.4,5.116452,-54.40507,82.5,2024-11-22 01:29:56
VH_02779,Mercedes EQS,95.4,107.5,75.990409,163.388816,91.5,2024-11-20 19:01:56
VH_02780,Toyota Camry,91.2,167.7,50.721798,-8.511183,88.7,2024-11-22 11:58:06
VH_02781,Tesla Model 3,113.4,79.0,-22.574659,-165.283125,89.6,2024-11-28 15:31:09
VH_02782,Mercedes EQS,109.5,26.0,-49.892198,-11.363091,75.5,2024-11-22 13:20:35
VH_02783,Ford F-150,107.1,9.9,-11.195128,-94.189361,80.7,2024-11-07 07:28:48
VH_02784,Honda Civic,85.2,33.7,52.73528,-33.528014,99.0,2024-11-09 03:38:49
VH_02785,BMW X5,69.8,34.7,79.495335,-92.931703,93.6,2024-11-11 11:16:47
VH_02786,Chevrolet Bolt,115.7,45.4,-21.76466,103.499315,94.4,2024-11-02 08:04:28
VH_02787,Tesla Model 3,117.1,68.0,87.283921,-86.907585,76.8,2024-11-01 02:41:12
VH_02788,Toyota Camry,80.6,23.5,-28.615766,13.566865,81.8,2024-11-07 19:46:53
VH_02789,Chevrolet Bolt,65.4,91.1,-46.360782,77.544883,71.5,2024-11-19 13:41:29
VH_02790,Chevrolet Bolt,75.9,95.6,59.04504,-58.92057,86.0,2024-11-17 12:52:39
VH_02791,Tesla Model 3,67.0,104.2,45.619821,107.840524,93.5,2024-11-13 10:10:27
VH_02792,Hyundai Ioniq,81.0,56.0,-64.228935,108.778049,79.7,2024-11-22 13:22:29
VH_02793,BMW X5,119.6,174.7,-24.270566,108.25718,84.4,2024-11-21 14:19:05
VH_02794,BMW X5,98.3,80.4,-18.560265,64.3448,71.3,2024-11-29 15:30:24
VH_02795,BMW X5,70.1,44.8,-76.471065,-7.007107,97.1,2024-11-05 12:23:16
VH_02796,Hyundai Ioniq,103.0,58.7,-17.768925,-30.70595,76.3,2024-11-29 17:34:28
VH_02797,Tesla Model 3,99.7,97.2,-5.044439,8.814049,84.5,2024-11-26 05:08:18
VH_02798,Tesla Model 3,109.6,125.9,-44.712305,-123.298043,79.3,2024-11-18 14:06:07
VH_02799,Honda Civic,70.4,147.1,-4.699898,59.951887,81.8,2024-11-15 14:00:40
VH_02800,Chevrolet Bolt,60.5,35.0,-57.104767,20.414839,70.2,2024-11-01 05:13:48
VH_02801,Tesla Model 3,,14.1,-82.561059,9.745577,79.4,2024-11-04 20:22:38
VH_02802,Tesla Model 3,61.3,122.6,41.512055,56.190087,70.1,2024-11-24 17:50:27
VH_02803,Honda Civic,82.0,48.9,-18.297209,10.737825,88.6,2024-11-04 07:24:05
VH_02804,Toyota Camry,113.3,73.0,-66.310553,-12.071689,89.5,2024-11-01 20:51:45
VH_02805,Chevrolet Bolt,81.3,73.0,32.498269,-18.966066,78.3,2024-11-03 11:11:13
VH_02806,Hyundai Ioniq,103.3,10.0,6.219682,96.120772,78.8,2024-11-27 08:28:10
VH_02807,Tesla Model 3,108.3,36.3,13.115682,-45.913283,98.6,2024-11-07 21:09:39
VH_02808,Ford F-150,101.3,38.9,6.283568,51.935087,82.8,2024-11-05 06:26:22
VH_02809,Tesla Model 3,80.1,176.0,-62.364751,-131.550421,84.6,2024-11-14 00:06:56
VH_02810,Tesla Model 3,91.9,90.0,-72.049857,48.336414,70.2,2024-11-18 17:14:07
VH_02811,Ford F-150,66.4,77.8,19.674793,124.928394,84.5,2024-11-07 10:03:51
VH_02812,Tesla Model 3,67.7,13.3,-66.474754,-137.103096,86.9,2024-11-27 16:27:25
VH_02813,Tesla Model 3,81.2,42.9,36.905755,169.031296,83.5,2024-11-01 04:22:12
VH_02814,Toyota Camry,94.5,153.2,45.711152,30.776609,85.2,2024-11-29 19:20:57
VH_02815,Hyundai Ioniq,80.6,173.6,23.693906,-46.096552,79.7,2024-11-07 01:30:39
VH_02816,Mercedes EQS,110.5,144.4,26.2664,-150.018508,88.0,2024-11-01 22:35:58
VH_02817,Chevrolet Bolt,88.0,149.5,-7.291724,70.556817,73.3,2024-11-16 00:54:42
VH_02818,Hyundai Ioniq,77.9,145.9,58.810653,29.816601,74.8,2024-11-07 07:47:39
VH_02819,Chevrolet Bolt,64.8,166.6,-47.207771,-154.767647,79.0,2024-11-28 22:02:44
VH_02820,Chevrolet Bolt,118.1,164.7,40.971104,-95.171603,97.7,2024-11-22 01:55:48
VH_02821,Tesla Model 3,87.7,30.9,45.269316,-73.055887,89.1,2024-11-10 14:09:57
VH_02822,BMW X5,80.6,54.8,71.412432,6.801131,74.9,2024-11-19 06:31:41
VH_02823,Honda Civic,66.6,162.7,45.483001,126.507457,76.7,2024-11-26 04:07:41
VH_02824,Honda Civic,98.9,150.3,20.409001,25.68757,92.9,2024-11-11 23:46:07
VH_02825,BMW X5,92.0,3.4,-36.570787,-74.515864,87.4,2024-11-21 07:53:33
VH_02826,BMW X5,97.6,129.8,12.172348,-176.585844,72.0,2024-11-18 04:49:55
VH_02827,Ford F-150,88.7,22.9,68.216603,-34.013679,90.8,2024-11-07 17:16:19
VH_02828,Hyundai Ioniq,75.7,27.7,-84.050467,-31.4671,88.0,2024-11-03 13:48:33
VH_02829,Toyota Camry,65.1,172.3,76.131462,46.630461,71.8,2024-11-05 20:48:23
VH_02830,Ford F-150,68.9,43.5,79.960092,-139.0864,83.8,2024-11-09 20:22:14
VH_02831,Chevrolet Bolt,114.7,46.6,82.80029,-61.826826,87.1,2024-11-01 14:51:09
VH_02832,Toyota Camry,98.0,93.9,-67.34273,39.735515,76.7,2024-11-17 00:25:48
VH_02833,Honda Civic,119.1,49.1,54.202924,-121.109794,87.3,2024-11-12 18:21:59
VH_02834,BMW X5,117.8,116.5,-31.852453,-29.787732,82.5,2024-11-24 08:45:16
VH_02835,Tesla Model 3,107.8,14.8,-26.475896,130.696051,70.6,2024-11-09 04:40:43
VH_02836,Tesla Model 3,106.1,29.4,-35.784924,82.293865,77.1,2024-11-16 18:00:30
VH_02837,Mercedes EQS,,129.5,-64.215083,22.596342,87.2,2024-11-03 16:46:52
VH_02838,Toyota Camry,110.5,73.2,65.63975,52.171635,79.0,2024-11-22 22:09:50
VH_02839,Tesla Model 3,75.0,132.8,-31.520511,-86.469262,98.2,2024-11-14 19:02:50
VH_02840,Mercedes EQS,74.9,72.1,-1.312324,-128.301028,91.2,2024-11-03 23:15:45
VH_02841,Tesla Model 3,86.6,65.5,65.354503,160.592146,76.7,2024-11-10 12:53:03
VH_02842,Tesla Model 3,73.9,103.4,15.746774,-80.216422,95.6,2024-11-29 15:21:28
VH_02843,Toyota Camry,107.5,124.0,-58.586854,-11.228447,90.8,2024-11-17 05:34:25
VH_02844,Toyota Camry,74.9,143.7,1.969428,141.097201,77.4,2024-11-24 08:52:25
VH_02845,Honda Civic,80.4,113.2,60.886302,-105.05109,75.4,2024-11-12 03:58:21
VH_02846,Chevrolet Bolt,66.1,32.2,-37.238353,-8.76488,77.6,2024-11-28 16:09:51
VH_02847,Honda Civic,71.5,147.4,-61.689144,-92.978094,80.4,2024-11-16 17:42:59
VH_02848,Tesla Model 3,84.0,22.6,57.869889,-62.404717,94.6,2024-11-24 15:56:52
VH_02849,Tesla Model 3,81.9,64.2,6.177855,-0.483734,94.1,2024-11-13 22:48:47
VH_02850,Ford F-150,101.9,49.2,-62.58373,53.146901,90.6,2024-11-15 12:32:21
VH_02851,Ford F-150,83.6,12.8,16.871628,-123.743004,94.4,2024-11-05 06:03:46
VH_02852,Hyundai Ioniq,74.0,144.1,-83.593202,-4.926921,85.5,2024-11-29 11:11:06
VH_02853,BMW X5,75.0,175.9,85.269152,-55.706641,70.6,2024-11-11 20:03:46
VH_02854,Toyota Camry,78.6,173.0,77.688108,170.678339,88.5,2024-11-23 20:06:34
VH_02855,Ford F-150,101.5,154.5,-33.469387,-1.376046,73.6,2024-11-20 01:05:59
VH_02856,Mercedes EQS,73.8,172.6,23.724651,-132.674066,78.3,2024-11-12 22:38:50
VH_02857,Toyota Camry,,141.1,-68.34157,-32.213762,95.4,2024-11-04 14:43:16
VH_02858,Toyota Camry,112.4,118.3,70.519915,77.802819,77.1,2024-11-07 09:07:09
VH_02859,Toyota Camry,,140.2,-7.523742,158.237197,79.4,2024-11-15 00:53:52
VH_02860,Ford F-150,78.9,101.2,-20.625786,111.123247,90.0,2024-11-21 09:22:00
VH_02861,Tesla Model 3,87.6,13.9,-55.827456,-102.32212,98.9,2024-11-02 03:56:13
VH_02862,Tesla Model 3,90.3,134.1,16.71492,-140.650457,72.4,2024-11-14 19:30:03
VH_02863,Tesla Model 3,85.1,17.3,-80.990071,-102.042344,74.5,2024-11-25 22:12:21
VH_02864,Chevrolet Bolt,93.4,96.8,-52.717673,-78.822868,99.2,2024-11-19 23:14:38
VH_02865,Chevrolet Bolt,83.2,43.8,4.14049,-33.25256,85.2,2024-11-27 00:05:07
VH_02866,Tesla Model 3,65.3,147.1,-26.420196,-28.63293,87.9,2024-11-18 00:22:56
VH_02867,Tesla Model 3,99.7,68.7,88.786977,93.148346,86.1,2024-11-08 18:46:37
VH_02868,Mercedes EQS,70.6,6.2,-3.749866,-123.810334,84.6,2024-11-01 02:04:15
VH_02869,Hyundai Ioniq,119.0,20.2,30.377613,131.328663,83.4,2024-11-10 09:02:32
VH_02870,Honda Civic,81.1,50.9,-6.100197,-99.620594,91.7,2024-11-02 09:31:44
VH_02871,Mercedes EQS,73.3,138.4,18.65888,162.827996,85.6,2024-11-30 01:12:14
VH_02872,BMW X5,119.3,66.8,25.477782,-55.195398,78.5,2024-11-27 15:11:38
VH_02873,Ford F-150,87.7,14.3,-20.24492,-85.16323,71.1,2024-11-22 02:33:25
VH_02874,Tesla Model 3,90.9,75.2,-22.936637,132.623033,80.1,2024-11-24 20:32:59
VH_02875,Honda Civic,65.0,54.8,-12.400682,-53.606056,88.2,2024-11-18 17:46:18
VH_02876,Toyota Camry,72.4,54.7,76.703099,-147.814263,71.5,2024-11-22 07:21:01
VH_02877,BMW X5,115.9,2.9,-84.172965,-54.183611,95.0,2024-11-17 19:14:13
VH_02878,Honda Civic,105.5,38.5,48.695466,73.262108,84.5,2024-11-12 17:53:49
VH_02879,Mercedes EQS,,36.0,-21.864935,67.504618,84.4,2024-11-29 17:36:59
VH_02880,Toyota Camry,110.4,19.4,-39.029165,-7.024854,74.6,2024-11-06 00:34:55
VH_02881,Toyota Camry,99.9,24.9,-22.509267,114.503225,80.1,2024-11-02 03:41:59
VH_02882,Tesla Model 3,119.8,53.2,88.65942,2.621098,92.3,2024-11-02 18:29:59
VH_02883,Tesla Model 3,95.2,99.1,-52.419447,124.78892,82.0,2024-11-23 05:53:49
VH_02884,BMW X5,90.6,24.3,-22.048824,-38.977998,70.4,2024-11-14 16:40:06
VH_02885,Tesla Model 3,73.2,120.8,-85.050533,28.894719,78.7,2024-11-16 04:31:17
VH_02886,Mercedes EQS,78.4,168.6,87.464846,-2.981303,99.2,2024-11-14 11:52:11
VH_02887,BMW X5,119.5,102.0,25.887239,-66.926914,78.1,2024-11-19 19:27:13
VH_02888,Hyundai Ioniq,97.2,124.8,-25.339267,7.872824,94.0,2024-11-08 14:38:28
VH_02889,Chevrolet Bolt,69.3,140.0,23.730548,-159.952754,75.0,2024-11-13 03:03:06
VH_02890,Mercedes EQS,73.5,171.7,-82.988466,-42.393009,84.0,2024-11-05 22:56:13
VH_02891,Chevrolet Bolt,64.7,66.4,11.495163,-164.347238,77.9,2024-11-26 01:51:45
VH_02892,Hyundai Ioniq,70.0,155.2,68.861104,-175.689947,72.1,2024-11-20 13:00:04
VH_02893,Honda Civic,102.6,144.2,62.96413,-101.696441,73.8,2024-11-26 14:14:15
VH_02894,Mercedes EQS,106.3,87.5,20.558045,30.133158,81.4,2024-11-10 09:40:40
VH_02895,BMW X5,79.6,85.3,20.069804,118.486003,94.3,2024-11-14 16:22:37
VH_02896,Chevrolet Bolt,69.3,26.1,53.864052,-86.572221,86.7,2024-11-13 04:30:30
VH_02897,Chevrolet Bolt,110.2,34.5,-77.310614,132.590283,77.0,2024-11-04 17:29:22
VH_02898,Ford F-150,62.5,169.7,60.76767,133.735516,97.4,2024-11-02 12:46:38
VH_02899,Toyota Camry,82.8,68.5,15.688876,-136.15791,77.9,2024-11-06 21:34:58
VH_02900,BMW X5,74.9,103.3,-88.847799,-149.302882,77.9,2024-11-05 11:47:15
VH_02901,Tesla Model 3,94.1,134.0,59.547469,113.249776,94.1,2024-11-30 21:16:15
VH_02902,Tesla Model 3,78.9,170.6,82.154354,63.554933,74.3,2024-11-15 17:55:19
VH_02903,Tesla Model 3,84.6,99.4,49.871278,-75.792229,99.1,2024-11-11 16:50:11
VH_02904,BMW X5,76.9,35.6,-77.443105,-142.687943,98.3,2024-11-28 07:12:01
VH_02905,Chevrolet Bolt,78.7,170.8,-28.474916,-149.067412,91.1,2024-11-08 14:25:12
VH_02906,Mercedes EQS,67.0,157.3,30.332964,-68.501616,83.5,2024-11-25 09:15:16
VH_02907,Tesla Model 3,60.1,134.1,52.629282,110.401976,97.1,2024-11-23 00:03:26
VH_02908,Honda Civic,99.6,90.6,4.782075,-155.084773,75.9,2024-11-13 18:02:23
VH_02909,Honda Civic,81.2,163.9,-41.082071,-9.431548,98.4,2024-11-08 09:38:09
VH_02910,Ford F-150,99.7,85.0,-41.617224,-160.325046,91.8,2024-11-02 07:49:54
VH_02911,Tesla Model 3,111.5,168.7,-42.205564,42.565277,87.4,2024-11-26 11:58:31
VH_02912,Tesla Model 3,96.3,41.3,19.522547,74.886818,81.8,2024-11-30 20:22:34
VH_02913,Tesla Model 3,71.1,113.4,83.424922,-154.508986,95.0,2024-11-01 19:42:53
VH_02914,Hyundai Ioniq,85.6,145.6,-26.893278,158.509141,91.1,2024-11-28 00:23:39
VH_02915,Hyundai Ioniq,89.3,170.6,-46.541541,66.760236,71.1,2024-11-02 07:10:48
VH_02916,Chevrolet Bolt,96.2,115.9,-36.841915,103.249957,75.0,2024-11-11 23:08:43
VH_02917,Tesla Model 3,83.3,52.0,-78.942089,-21.307562,98.5,2024-11-20 10:02:25
VH_02918,BMW X5,78.0,101.1,49.481532,49.013884,94.5,2024-11-29 16:29:50
VH_02919,BMW X5,75.1,12.5,-87.818931,53.867309,82.2,2024-11-06 04:06:32
VH_02920,BMW X5,63.2,160.6,53.62783,-178.585661,72.2,2024-11-24 14:33:53
VH_02921,Ford F-150,105.9,39.9,-3.515131,26.683924,79.3,2024-11-10 13:50:13
VH_02922,Chevrolet Bolt,109.0,168.2,-10.052782,-142.82517,97.9,2024-11-04 14:04:53
VH_02923,Ford F-150,94.4,136.6,59.786529,177.372176,78.3,2024-11-02 03:31:34
VH_02924,BMW X5,65.6,51.6,-74.496419,169.82597,80.7,2024-11-29 17:38:04
VH_02925,Ford F-150,76.8,41.8,29.805,6.833824,89.9,2024-11-20 18:22:20
VH_02926,BMW X5,115.5,67.3,-60.883454,24.316888,73.3,2024-11-02 06:53:26
VH_02927,Tesla Model 3,103.6,64.8,73.236871,135.516269,92.7,2024-11-16 02:28:38
VH_02928,Toyota Camry,107.8,105.0,-20.749174,-34.481353,80.4,2024-11-19 17:37:32
VH_02929,Hyundai Ioniq,117.4,110.4,26.567006,-15.709673,73.1,2024-11-23 01:26:57
VH_02930,Toyota Camry,94.1,54.6,-13.037054,148.693903,78.2,2024-11-25 01:04:40
VH_02931,Honda Civic,69.1,165.3,52.700372,112.243448,94.7,2024-11-26 12:53:42
VH_02932,Tesla Model 3,79.8,119.0,60.406845,-124.763816,84.4,2024-11-19 20:04:35
VH_02933,Toyota Camry,99.8,46.9,-75.91664,153.139849,77.2,2024-11-28 23:40:45
VH_02934,Tesla Model 3,67.5,137.7,75.133978,-39.413907,98.1,2024-11-21 21:28:36
VH_02935,Chevrolet Bolt,,65.5,25.395103,-8.031258,76.9,2024-11-16 12:09:46
VH_02936,Toyota Camry,67.5,158.6,-68.141672,-130.950904,70.7,2024-11-29 12:25:35
VH_02937,Hyundai Ioniq,71.3,157.8,45.020766,-38.467831,82.0,2024-11-29 18:20:49
VH_02938,Mercedes EQS,95.8,2.8,78.960872,58.543796,88.9,2024-11-16 21:44:55
VH_02939,Honda Civic,60.3,157.3,17.87396,-94.558668,89.8,2024-11-24 01:55:23
VH_02940,Tesla Model 3,118.9,130.4,87.401629,-36.888206,92.4,2024-11-08 07:49:45
VH_02941,BMW X5,67.6,150.1,26.720468,-61.463852,88.6,2024-11-09 10:17:56
VH_02942,Mercedes EQS,63.2,8.6,-75.563215,165.031205,94.6,2024-11-03 16:31:32
VH_02943,Honda Civic,79.6,13.3,-77.325625,30.751136,75.8,2024-11-13 12:30:07
VH_02944,Mercedes EQS,118.1,134.5,22.823899,-150.515758,98.4,2024-11-12 05:07:14
VH_02945,Toyota Camry,,121.1,10.087411,-129.624605,92.9,2024-11-26 18:29:30
VH_02946,Tesla Model 3,100.0,67.6,13.13293,-161.555766,90.4,2024-11-28 05:14:31
VH_02947,Honda Civic,88.7,35.4,77.790195,-153.512507,77.9,2024-11-13 17:43:02
VH_02948,BMW X5,89.6,160.0,86.224035,161.527499,77.4,2024-11-21 00:49:15
VH_02949,Toyota Camry,116.3,174.5,40.435081,-154.725377,74.2,2024-11-04 11:40:42
VH_02950,BMW X5,91.8,24.5,-64.852357,-32.162148,92.5,2024-11-26 13:08:53
VH_02951,Toyota Camry,83.9,51.7,-3.475394,-157.273019,88.9,2024-11-11 20:12:53
VH_02952,Tesla Model 3,69.3,74.4,47.62387,68.500047,83.1,2024-11-12 14:08:50
VH_02953,Ford F-150,71.4,164.4,19.708057,-156.19766,95.4,2024-11-22 02:16:55
VH_02954,Toyota Camry,110.2,26.5,50.679427,59.913055,91.4,2024-11-12 01:46:27
VH_02955,Chevrolet Bolt,118.7,25.2,71.945867,-126.293408,96.6,2024-11-20 12:44:07
VH_02956,Toyota Camry,114.7,31.5,69.851418,-93.456092,87.5,2024-11-30 08:53:30
VH_02957,Toyota Camry,94.1,152.2,-60.225149,-112.859973,75.6,2024-11-30 20:24:40
VH_02958,Honda Civic,75.4,54.2,3.642507,93.643421,77.4,2024-11-21 20:03:34
VH_02959,Tesla Model 3,103.8,78.3,-69.666188,169.91812,73.5,2024-11-16 00:08:22
VH_02960,Toyota Camry,73.4,8.3,-43.64929,37.799928,85.6,2024-11-16 13:22:47
VH_02961,BMW X5,88.7,151.4,-32.892475,-54.820797,90.2,2024-11-03 16:59:44
VH_02962,Hyundai Ioniq,114.6,125.7,-59.958098,-6.666578,84.4,2024-11-30 14:24:36
VH_02963,Hyundai Ioniq,115.3,103.9,33.857179,-174.3079,91.9,2024-11-19 22:35:06
VH_02964,Toyota Camry,88.1,20.9,-57.85604,80.812128,81.9,2024-11-02 02:11:58
VH_02965,Toyota Camry,71.4,91.6,-76.957153,106.669454,75.3,2024-11-16 12:12:54
VH_02966,Hyundai Ioniq,97.2,102.2,-1.852943,97.042277,91.6,2024-11-28 17:33:16
VH_02967,Tesla Model 3,109.8,175.8,63.488686,-66.295029,80.4,2024-11-28 09:29:10
VH_02968,Mercedes EQS,109.0,45.9,-8.74098,65.588269,72.2,2024-11-24 06:38:22
VH_02969,Toyota Camry,119.3,173.4,-7.911071,-101.369523,85.8,2024-11-08 04:55:08
VH_02970,Ford F-150,83.6,117.5,65.31214,-142.533737,74.8,2024-11-27 23:20:01
VH_02971,Tesla Model 3,111.0,37.0,-84.486742,-174.811069,71.3,2024-11-20 07:36:48
VH_02972,Mercedes EQS,61.9,170.6,35.896561,28.093141,75.0,2024-11-13 06:28:14
VH_02973,Tesla Model 3,93.5,92.0,-49.829107,147.28062,95.9,2024-11-06 08:53:38
VH_02974,BMW X5,88.3,128.9,4.457519,-150.039164,89.1,2024-11-12 03:25:09
VH_02975,Tesla Model 3,118.9,137.2,-37.690556,-54.383145,75.5,2024-11-23 21:50:44
VH_02976,Tesla Model 3,63.8,80.9,-85.948956,-73.8264,86.3,2024-11-13 07:12:50
VH_02977,Ford F-150,64.2,122.7,-61.170162,40.705919,82.9,2024-11-11 03:53:58
VH_02978,BMW X5,79.6,28.3,41.646407,-62.194378,80.0,2024-11-01 22:42:02
VH_02979,Toyota Camry,,65.4,-75.46247,4.776325,88.6,2024-11-27 02:32:34
VH_02980,Tesla Model 3,102.6,23.2,67.880423,-105.123156,71.4,2024-11-11 04:26:21
VH_02981,Tesla Model 3,119.8,24.2,-46.68712,-166.216921,92.4,2024-11-26 16:16:04
VH_02982,Ford F-150,102.3,34.3,-41.091019,-128.755627,94.6,2024-11-14 07:59:59
VH_02983,Chevrolet Bolt,87.4,145.2,13.376816,173.019938,93.0,2024-11-07 20:54:46
VH_02984,Tesla Model 3,93.6,155.6,-69.8657,-30.404575,81.9,2024-11-07 00:25:58
VH_02985,Tesla Model 3,114.0,76.7,-20.608745,20.934645,91.8,2024-11-15 19:59:24
VH_02986,Toyota Camry,,37.1,-89.741703,-45.426124,97.3,2024-11-04 02:53:19
VH_02987,Ford F-150,83.4,78.5,-42.497424,-12.849203,70.9,2024-11-27 12:49:47
VH_02988,Tesla Model 3,107.3,59.6,-85.055523,-61.488781,89.7,2024-11-24 18:39:36
VH_02989,Tesla Model 3,68.6,170.2,59.424398,-118.815697,70.1,2024-11-07 06:59:16
VH_02990,Chevrolet Bolt,67.1,1.1,57.260947,55.5109,98.9,2024-11-20 19:17:27
VH_02991,Chevrolet Bolt,118.7,74.8,41.54542,98.221081,73.7,2024-11-08 21:14:35
VH_02992,Chevrolet Bolt,82.3,125.7,35.336544,-132.062717,93.8,2024-11-27 19:54:44
VH_02993,Ford F-150,79.5,150.7,-55.240823,-15.829524,83.4,2024-11-15 18:22:22
VH_02994,Tesla Model 3,115.3,133.2,81.836458,126.299986,79.2,2024-11-20 15:23:01
VH_02995,BMW X5,80.4,156.7,-54.274087,-48.912334,93.1,2024-11-05 05:17:31
VH_02996,Ford F-150,79.8,28.6,-31.567711,2.35525,83.1,2024-11-09 19:33:08
VH_02997,Ford F-150,102.2,99.4,-58.109708,-165.464339,72.5,2024-11-22 14:37:41
VH_02998,Hyundai Ioniq,95.3,174.5,-86.423031,147.051342,80.8,2024-11-26 21:44:36
VH_02999,Ford F-150,90.4,127.2,16.741602,-137.616155,86.3,2024-11-04 06:32:05
VH_03000,Toyota Camry,111.0,55.7,72.196461,-115.887285,99.7,2024-11-11 16:32:04
VH_03001,Hyundai Ioniq,102.2,172.7,48.270109,57.870316,80.9,2024-11-09 18:56:04
VH_03002,Tesla Model 3,104.2,63.5,-16.78227,-64.376939,84.9,2024-11-30 11:31:01
VH_03003,Mercedes EQS,65.3,122.5,51.345809,176.198043,93.9,2024-11-11 20:23:45
VH_03004,Toyota Camry,,55.0,-30.355511,-31.79622,74.3,2024-11-13 03:24:14
VH_03005,Tesla Model 3,112.1,18.7,89.517663,-179.797556,87.1,2024-11-18 07:31:17
VH_03006,Tesla Model 3,94.2,164.1,-82.984341,92.344551,96.3,2024-11-09 03:36:08
VH_03007,Tesla Model 3,106.6,36.3,37.677584,34.24057,81.3,2024-11-01 09:02:37
VH_03008,Ford F-150,71.7,82.5,32.53657,-154.67473,90.1,2024-11-29 01:08:50
VH_03009,Ford F-150,95.2,129.9,-88.734156,175.820153,84.9,2024-11-19 22:52:02
VH_03010,Mercedes EQS,104.4,134.6,41.494072,26.008186,92.7,2024-11-24 06:16:01
VH_03011,Toyota Camry,111.6,107.0,-6.022384,48.024432,97.9,2024-11-20 02:58:54
VH_03012,Toyota Camry,114.7,154.1,-50.341194,7.513419,84.6,2024-11-27 06:18:51
VH_03013,BMW X5,100.6,158.9,-63.803915,-48.421756,89.3,2024-11-28 05:24:15
VH_03014,Mercedes EQS,90.7,92.3,-71.11559,98.268518,77.7,2024-11-12 09:37:20
VH_03015,Tesla Model 3,88.0,125.4,-80.793081,147.372373,87.1,2024-11-01 04:44:42
VH_03016,BMW X5,89.8,51.2,14.830639,40.219016,93.5,2024-11-15 10:15:00
VH_03017,Honda Civic,78.8,123.1,25.662639,-89.045603,94.0,2024-11-14 10:50:57
VH_03018,Ford F-150,117.8,81.3,14.675472,118.202023,92.3,2024-11-07 13:47:46
VH_03019,Ford F-150,106.3,61.8,27.754587,-72.821442,83.6,2024-11-18 05:12:17
VH_03020,Tesla Model 3,66.5,70.4,78.602897,84.105313,77.5,2024-11-29 03:26:41
VH_03021,Ford F-150,90.9,165.8,2.830444,163.729711,89.1,2024-11-28 13:24:31
VH_03022,Toyota Camry,87.7,109.1,50.906885,167.805523,80.9,2024-11-16 06:05:58
VH_03023,Tesla Model 3,105.4,165.9,-0.561733,-30.009701,99.6,2024-11-27 19:19:03
VH_03024,Toyota Camry,88.6,55.7,58.286028,176.753713,90.3,2024-11-24 17:29:59
VH_03025,Honda Civic,101.6,10.2,-10.28578,61.172629,94.2,2024-11-23 14:53:43
VH_03026,Toyota Camry,83.3,158.4,33.494795,129.557047,79.5,2024-11-02 05:45:25
VH_03027,BMW X5,60.2,91.4,-50.775839,30.192557,74.5,2024-11-10 13:57:15
VH_03028,Toyota Camry,90.1,50.9,-47.466663,-111.927455,87.4,2024-11-30 07:43:41
VH_03029,Chevrolet Bolt,117.2,59.9,47.848957,82.096349,76.7,2024-11-07 17:03:59
VH_03030,Mercedes EQS,101.0,70.7,-54.797861,-14.903729,79.4,2024-11-17 01:39:35
VH_03031,Tesla Model 3,77.1,81.1,-42.753294,68.389893,75.7,2024-11-07 05:04:58
VH_03032,Honda Civic,88.9,13.5,-13.701435,40.454719,96.6,2024-11-29 09:45:39
VH_03033,Tesla Model 3,81.4,66.3,35.074926,175.210036,71.3,2024-11-08 05:21:37
VH_03034,Hyundai Ioniq,84.7,84.6,-76.744277,-29.485202,79.3,2024-11-18 11:57:21
VH_03035,Ford F-150,108.0,143.9,-69.991727,-122.357721,86.5,2024-11-13 02:26:02
VH_03036,Tesla Model 3,95.8,172.2,-63.454512,63.720289,92.7,2024-11-01 16:37:29
VH_03037,BMW X5,79.5,78.8,-17.060193,146.205623,75.1,2024-11-08 06:05:42
VH_03038,Tesla Model 3,92.5,42.6,37.815245,-170.490704,81.6,2024-11-14 18:02:56
VH_03039,Mercedes EQS,101.7,44.7,-89.213228,-87.598837,81.1,2024-11-17 12:15:22
VH_03040,Honda Civic,63.1,174.5,-51.795723,-60.181095,70.2,2024-11-25 04:42:00
VH_03041,Chevrolet Bolt,92.3,144.4,-33.909581,105.690787,77.0,2024-11-07 15:29:53
VH_03042,Honda Civic,111.5,34.5,40.171472,-157.782087,90.4,2024-11-20 22:55:10
VH_03043,Chevrolet Bolt,91.2,125.0,58.465769,-35.889339,81.3,2024-11-07 21:34:41
VH_03044,Tesla Model 3,85.4,167.2,-86.873039,160.900557,75.5,2024-11-04 00:18:55
VH_03045,Mercedes EQS,82.5,60.7,-85.79452,-142.493965,93.2,2024-11-02 19:15:18
VH_03046,Ford F-150,116.3,83.2,75.183647,-155.831376,80.2,2024-11-06 05:36:46
VH_03047,Tesla Model 3,63.3,105.1,-52.41868,-68.638062,71.0,2024-11-22 04:28:13
VH_03048,Chevrolet Bolt,113.6,164.2,-21.169341,82.121703,86.5,2024-11-10 09:36:14
VH_03049,Toyota Camry,105.3,147.2,15.869916,48.669516,95.2,2024-11-29 22:42:12
VH_03050,Tesla Model 3,115.2,141.0,19.692047,-139.509035,95.5,2024-11-11 21:21:53
VH_03051,Tesla Model 3,65.1,31.2,-14.777458,131.721147,96.9,2024-11-07 02:42:40
VH_03052,Tesla Model 3,90.7,117.4,-9.995141,-79.297822,83.6,2024-11-03 15:04:44
VH_03053,Tesla Model 3,97.2,58.3,42.360865,12.761223,83.3,2024-11-09 02:00:14
VH_03054,Mercedes EQS,116.0,11.2,-55.167177,-122.839407,89.8,2024-11-02 06:02:59
VH_03055,Toyota Camry,118.9,30.1,85.687235,19.226262,97.0,2024-11-13 13:23:28
VH_03056,Mercedes EQS,85.1,90.6,-31.672086,86.634592,78.1,2024-11-20 19:45:51
VH_03057,Honda Civic,,102.2,57.325242,115.88961,89.4,2024-11-13 21:03:40
VH_03058,BMW X5,101.7,46.3,56.982531,-56.649147,80.9,2024-11-11 13:25:40
VH_03059,BMW X5,87.9,45.1,-0.932752,146.210474,77.8,2024-11-22 10:24:24
VH_03060,Ford F-150,,125.4,19.079242,-30.033292,84.4,2024-11-23 05:46:52
VH_03061,Toyota Camry,63.2,78.1,-64.389744,41.335806,85.0,2024-11-23 00:40:08
VH_03062,Toyota Camry,69.2,55.1,-18.200605,-157.93318,88.0,2024-11-25 21:16:47
VH_03063,BMW X5,68.8,72.2,39.519552,74.679755,92.7,2024-11-13 11:36:36
VH_03064,Tesla Model 3,61.6,61.5,65.823612,-153.168545,85.5,2024-11-21 14:16:53
VH_03065,Tesla Model 3,83.2,129.1,7.694774,-176.193192,76.0,2024-11-20 11:41:14
VH_03066,BMW X5,120.0,174.5,13.90113,-47.634402,71.9,2024-11-23 15:10:35
VH_03067,Chevrolet Bolt,71.5,22.2,-58.643967,94.230726,77.9,2024-11-28 00:32:15
VH_03068,Hyundai Ioniq,74.3,67.2,33.421128,-150.045897,82.0,2024-11-01 20:58:41
VH_03069,Hyundai Ioniq,96.2,175.9,10.146041,-85.791154,70.6,2024-11-22 08:37:40
VH_03070,Honda Civic,,126.4,-5.169401,69.170106,93.4,2024-11-20 10:29:01
VH_03071,Mercedes EQS,113.9,66.1,-82.906274,-11.757858,73.1,2024-11-03 15:51:46
VH_03072,Hyundai Ioniq,77.1,51.3,-49.511628,171.015087,87.4,2024-11-22 11:42:23
VH_03073,Mercedes EQS,87.2,27.3,74.162141,-31.577807,90.1,2024-11-16 21:35:31
VH_03074,Tesla Model 3,65.5,166.7,12.716984,-179.81864,90.3,2024-11-03 11:24:53
VH_03075,Tesla Model 3,89.8,132.6,-84.946131,-116.420212,81.2,2024-11-08 05:07:42
VH_03076,Hyundai Ioniq,77.3,85.2,33.493961,154.904479,76.9,2024-11-30 23:45:30
VH_03077,Chevrolet Bolt,64.9,178.2,-59.01325,144.439267,84.1,2024-11-30 06:35:58
VH_03078,Tesla Model 3,98.9,121.4,27.711505,129.634407,80.0,2024-11-12 04:02:55
VH_03079,BMW X5,85.3,107.1,44.724799,-17.530203,79.3,2024-11-09 02:34:01
VH_03080,Mercedes EQS,83.0,122.1,20.795417,87.118506,90.1,2024-11-09 01:07:42
VH_03081,Tesla Model 3,65.0,51.2,-27.140054,78.767537,83.2,2024-11-02 21:50:43
VH_03082,Tesla Model 3,107.2,153.1,-73.275181,143.305675,75.6,2024-11-23 06:17:28
VH_03083,Toyota Camry,119.0,138.1,66.311685,104.189303,93.9,2024-11-20 04:45:20
VH_03084,Honda Civic,106.3,123.6,-9.488039,12.086353,92.3,2024-11-19 06:54:55
VH_03085,Mercedes EQS,60.3,95.4,-28.169092,96.055838,94.3,2024-11-23 05:22:53
VH_03086,BMW X5,99.4,144.0,3.773698,41.53572,81.7,2024-11-25 17:11:27
VH_03087,Toyota Camry,76.4,110.2,2.79145,-103.882001,94.6,2024-11-17 09:06:36
VH_03088,Tesla Model 3,70.3,132.2,31.291281,-20.084861,78.0,2024-11-02 07:14:05
VH_03089,BMW X5,94.7,78.6,-57.121677,-45.401267,77.3,2024-11-08 01:21:11
VH_03090,Tesla Model 3,104.2,19.7,72.245197,-147.409498,98.9,2024-11-26 03:36:17
VH_03091,Ford F-150,101.6,12.7,6.161783,-32.27095,82.7,2024-11-25 20:08:55
VH_03092,Toyota Camry,100.1,130.8,17.361773,114.662314,72.3,2024-11-18 07:53:43
VH_03093,BMW X5,84.7,90.0,-52.26396,114.744332,83.6,2024-11-10 15:20:19
VH_03094,Tesla Model 3,101.6,153.3,-88.503458,93.369447,96.5,2024-11-08 04:11:44
VH_03095,Tesla Model 3,85.1,27.9,20.915936,161.377556,89.9,2024-11-07 12:25:09
VH_03096,Mercedes EQS,,153.3,-36.628793,117.444371,94.7,2024-11-26 02:23:49
VH_03097,Toyota Camry,115.6,165.8,8.650954,-143.289134,88.3,2024-11-04 02:50:32
VH_03098,BMW X5,108.3,84.7,32.956014,39.186083,86.2,2024-11-22 16:37:31
VH_03099,Tesla Model 3,60.3,31.4,-45.37681,-15.959804,73.1,2024-11-27 14:03:02
VH_03100,Tesla Model 3,100.9,177.6,68.324223,-150.982537,82.9,2024-11-23 05:37:18
VH_03101,Honda Civic,80.2,8.5,-41.143711,108.219498,88.6,2024-11-09 18:47:52
VH_03102,Tesla Model 3,111.9,151.0,21.541231,1.240925,89.5,2024-11-23 02:06:31
VH_03103,Hyundai Ioniq,92.5,83.0,-5.285317,-74.450139,79.9,2024-11-13 12:34:16
VH_03104,BMW X5,105.5,174.0,-47.591972,-178.462297,97.5,2024-11-07 14:40:33
VH_03105,BMW X5,94.9,124.5,-51.654819,178.099553,97.5,2024-11-16 22:29:21
VH_03106,Tesla Model 3,86.1,125.2,-30.083158,176.776685,99.6,2024-11-29 05:24:40
VH_03107,Mercedes EQS,82.6,44.9,18.505911,-140.083231,95.2,2024-11-26 15:08:53
VH_03108,Ford F-150,77.7,108.7,-14.052182,103.796561,80.5,2024-11-06 18:26:42
VH_03109,BMW X5,64.2,64.8,9.789194,-35.257358,91.2,2024-11-12 15:36:41
VH_03110,Tesla Model 3,63.7,169.5,-6.239886,56.603114,80.1,2024-11-13 05:58:40
VH_03111,Honda Civic,112.0,174.2,-71.615141,-167.355643,91.2,2024-11-22 19:43:04
VH_03112,Honda Civic,78.0,44.7,-51.627631,-21.602654,90.3,2024-11-24 21:17:20
VH_03113,Chevrolet Bolt,84.8,116.8,-38.831614,-15.635425,96.2,2024-11-21 07:26:10
VH_03114,Tesla Model 3,63.8,145.2,-66.589471,-152.460743,86.3,2024-11-01 16:42:10
VH_03115,Tesla Model 3,110.8,100.4,-2.111394,92.98661,71.4,2024-11-20 04:18:59
VH_03116,BMW X5,79.1,158.8,-27.590967,130.235795,79.9,2024-11-20 11:35:41
VH_03117,Mercedes EQS,81.2,58.7,60.008526,-151.234246,97.9,2024-11-09 00:31:37
VH_03118,Honda Civic,93.1,94.0,-29.054063,-152.630463,75.1,2024-11-26 09:42:07
VH_03119,Toyota Camry,82.9,105.1,74.039797,-66.204426,98.6,2024-11-14 05:29:45
VH_03120,Ford F-150,115.3,109.0,47.012372,-116.782877,85.0,2024-11-08 14:07:29
VH_03121,Honda Civic,110.4,178.2,-9.178645,-167.038795,74.6,2024-11-12 18:34:41
VH_03122,BMW X5,73.2,121.4,56.608432,14.541852,96.0,2024-11-23 08:15:18
VH_03123,Chevrolet Bolt,104.0,155.7,-52.270528,-122.636851,70.5,2024-11-22 00:00:17
VH_03124,Chevrolet Bolt,91.4,176.4,-67.180317,-20.694973,96.2,2024-11-24 07:51:29
VH_03125,Tesla Model 3,68.2,170.1,36.436218,100.00655,75.6,2024-11-07 23:48:05
VH_03126,Chevrolet Bolt,104.3,176.7,40.027542,-126.164439,85.2,2024-11-24 10:52:20
VH_03127,BMW X5,73.6,48.4,84.590867,164.371679,70.2,2024-11-09 20:02:29
VH_03128,BMW X5,73.7,39.9,24.790819,-55.094856,96.1,2024-11-18 21:04:50
VH_03129,BMW X5,80.5,76.6,-55.281992,54.134668,95.8,2024-11-22 23:41:07
VH_03130,Tesla Model 3,102.8,6.6,-44.155883,-103.332407,85.9,2024-11-29 08:25:20
VH_03131,Ford F-150,63.7,22.6,-6.789209,88.367062,90.1,2024-11-07 03:27:27
VH_03132,Chevrolet Bolt,80.7,166.4,-9.3308,148.175915,79.4,2024-11-08 22:09:41
VH_03133,Honda Civic,62.5,130.8,-62.569261,-56.814135,78.7,2024-11-20 22:19:08
VH_03134,Chevrolet Bolt,103.6,126.1,-49.87229,28.385015,83.5,2024-11-23 05:47:14
VH_03135,Honda Civic,77.6,18.7,-4.198298,20.850333,95.6,2024-11-04 08:33:58
VH_03136,Tesla Model 3,95.0,114.8,65.56084,-36.096872,89.3,2024-11-12 07:17:09
VH_03137,Tesla Model 3,110.5,177.6,-28.211455,39.139974,78.9,2024-11-14 12:31:10
VH_03138,Honda Civic,115.6,47.6,30.803232,-0.194024,76.8,2024-11-10 02:21:04
VH_03139,Ford F-150,97.4,12.7,34.161055,-77.967547,88.1,2024-11-18 02:24:00
VH_03140,Ford F-150,115.1,78.8,-88.09786,125.645392,96.7,2024-11-12 14:37:55
VH_03141,Hyundai Ioniq,75.7,56.3,61.254944,63.8961,78.4,2024-11-08 18:01:02
VH_03142,Hyundai Ioniq,61.9,74.3,24.512409,34.070345,76.2,2024-11-05 03:11:56
VH_03143,Tesla Model 3,103.1,40.6,81.938736,27.331427,70.9,2024-11-06 16:41:50
VH_03144,Toyota Camry,116.7,89.8,66.086127,-44.668366,86.3,2024-11-13 00:39:03
VH_03145,Tesla Model 3,93.0,9.6,70.396654,17.321193,99.9,2024-11-02 20:29:44
VH_03146,Hyundai Ioniq,61.0,21.1,57.349707,-105.585822,78.4,2024-11-10 14:22:07
VH_03147,Toyota Camry,87.5,23.3,28.068665,-3.23922,85.3,2024-11-23 08:52:45
VH_03148,Tesla Model 3,79.1,68.6,19.467529,57.618089,81.0,2024-11-29 05:20:25
VH_03149,Honda Civic,77.7,172.9,-28.687212,-56.426506,87.1,2024-11-18 20:34:11
VH_03150,Ford F-150,80.6,161.4,-46.801711,46.509733,74.0,2024-11-05 00:40:38
VH_03151,Honda Civic,78.0,65.6,70.21649,122.342769,96.9,2024-11-28 03:27:28
VH_03152,Mercedes EQS,80.7,28.9,-33.670327,86.064676,89.9,2024-11-18 19:33:17
VH_03153,Honda Civic,116.0,169.6,70.959613,98.510444,89.4,2024-11-25 07:16:07
VH_03154,Tesla Model 3,105.6,71.0,-33.599685,134.519836,88.3,2024-11-09 23:30:37
VH_03155,Tesla Model 3,109.9,67.4,-36.828681,-73.493449,74.5,2024-11-10 22:16:14
VH_03156,BMW X5,108.4,24.4,23.52151,95.412319,96.5,2024-11-23 11:42:04
VH_03157,Tesla Model 3,90.8,139.4,-64.530621,162.385711,75.7,2024-11-18 14:11:55
VH_03158,BMW X5,74.5,130.2,-73.518855,-119.328714,99.8,2024-11-14 20:54:02
VH_03159,Toyota Camry,,126.4,14.894918,179.5206,83.1,2024-11-15 01:21:49
VH_03160,Ford F-150,107.7,4.0,-44.907391,-116.630122,91.5,2024-11-27 18:45:02
VH_03161,Chevrolet Bolt,81.7,149.5,-60.342124,-7.849727,79.5,2024-11-28 13:58:52
VH_03162,Hyundai Ioniq,61.6,166.5,-3.878483,148.715337,72.7,2024-11-12 11:44:12
VH_03163,Hyundai Ioniq,79.5,73.2,-74.4581,144.015982,72.6,2024-11-06 12:38:55
VH_03164,BMW X5,78.2,173.4,85.930946,-85.684997,85.1,2024-11-18 19:27:27
VH_03165,Chevrolet Bolt,72.1,108.1,33.411289,-24.334077,75.3,2024-11-23 09:53:49
VH_03166,BMW X5,85.0,33.4,-46.941007,114.979163,73.5,2024-11-06 15:43:44
VH_03167,Chevrolet Bolt,106.4,111.5,68.913206,74.789797,85.1,2024-11-11 20:43:56
VH_03168,Chevrolet Bolt,77.4,154.7,10.887022,-121.405984,85.8,2024-11-30 05:46:44
VH_03169,Honda Civic,92.7,95.1,-77.357576,-43.255388,82.4,2024-11-18 11:58:14
VH_03170,Mercedes EQS,67.0,103.0,31.698069,132.789464,71.1,2024-11-08 11:30:57
VH_03171,Tesla Model 3,73.0,57.8,83.560612,81.74162,90.9,2024-11-05 13:38:04
VH_03172,BMW X5,69.1,136.9,68.580276,45.37271,84.7,2024-11-15 13:58:58
VH_03173,Toyota Camry,102.7,125.2,-77.543152,-5.668875,70.3,2024-11-11 13:35:11
VH_03174,BMW X5,114.1,16.6,-69.27273,2.223953,92.9,2024-11-15 02:31:46
VH_03175,Honda Civic,108.8,5.4,-46.948006,-105.860069,74.8,2024-11-13 02:07:26
VH_03176,Mercedes EQS,107.9,106.6,-12.625681,164.933867,72.3,2024-11-26 04:57:24
VH_03177,Chevrolet Bolt,83.5,10.4,38.80048,-16.638501,92.5,2024-11-08 10:50:09
VH_03178,Tesla Model 3,111.6,82.7,-49.303143,117.183449,92.7,2024-11-11 03:27:53
VH_03179,Chevrolet Bolt,61.6,35.3,-0.456638,51.29631,91.8,2024-11-05 12:08:43
VH_03180,Tesla Model 3,111.2,134.0,48.451155,-66.435392,96.7,2024-11-22 08:02:44
VH_03181,Ford F-150,118.3,171.7,46.744588,26.399201,81.4,2024-11-10 23:44:39
VH_03182,Toyota Camry,83.9,83.1,-87.540431,33.770872,78.4,2024-11-29 23:47:01
VH_03183,Tesla Model 3,118.1,71.5,18.827289,130.066856,74.1,2024-11-13 00:43:46
VH_03184,Toyota Camry,87.7,5.3,-70.542909,65.227408,85.7,2024-11-01 10:22:19
VH_03185,Hyundai Ioniq,94.8,156.0,-78.173754,56.14717,86.8,2024-11-10 14:34:15
VH_03186,Chevrolet Bolt,73.0,38.8,-84.488255,90.949018,80.1,2024-11-26 22:45:25
VH_03187,Ford F-150,77.6,158.7,7.508043,9.407791,75.8,2024-11-09 07:20:43
VH_03188,BMW X5,80.1,131.8,61.331329,-2.560498,74.3,2024-11-16 18:40:43
VH_03189,Chevrolet Bolt,110.3,25.4,-22.709906,160.398203,92.3,2024-11-18 06:51:08
VH_03190,Toyota Camry,112.2,38.1,48.473274,141.899536,98.6,2024-11-02 03:52:33
VH_03191,Honda Civic,115.2,93.5,-60.28323,90.356764,82.9,2024-11-27 08:14:45
VH_03192,Tesla Model 3,72.4,127.9,-54.818629,136.092398,95.2,2024-11-10 08:17:19
VH_03193,Toyota Camry,74.4,3.1,-43.542429,-95.26116,77.7,2024-11-18 16:11:53
VH_03194,Tesla Model 3,84.8,161.7,-40.775395,-24.938067,84.4,2024-11-13 21:37:11
VH_03195,BMW X5,73.9,138.0,-66.551505,-35.883096,73.2,2024-11-17 03:52:32
VH_03196,Mercedes EQS,70.1,79.6,-18.065547,-136.141821,80.8,2024-11-15 15:45:00
VH_03197,Tesla Model 3,,18.6,44.87341,-83.032288,94.0,2024-11-18 22:55:53
VH_03198,Tesla Model 3,92.6,127.2,38.041069,73.097117,96.7,2024-11-04 12:41:30
VH_03199,Honda Civic,82.9,18.4,-20.392116,-168.822828,75.9,2024-11-19 04:58:02
VH_03200,Tesla Model 3,91.0,29.9,44.732832,-172.0313,80.0,2024-11-17 11:52:42
VH_03201,Toyota Camry,76.2,174.8,73.758042,-116.83802,81.9,2024-11-12 23:32:28
VH_03202,Tesla Model 3,105.2,166.5,79.755353,169.544451,99.8,2024-11-25 06:20:46
VH_03203,Toyota Camry,119.3,145.3,-54.287172,135.822603,90.3,2024-11-16 06:43:22
VH_03204,Toyota Camry,80.3,102.0,31.422093,103.65454,70.9,2024-11-12 04:58:47
VH_03205,Honda Civic,111.1,16.7,81.950589,51.670383,74.1,2024-11-25 02:30:52
VH_03206,BMW X5,117.4,174.4,-22.246694,31.336182,97.2,2024-11-07 02:27:36
VH_03207,Honda Civic,99.1,130.8,47.87148,87.748063,94.1,2024-11-19 23:03:26
VH_03208,BMW X5,73.9,66.2,51.498641,-160.072273,87.4,2024-11-22 21:25:53
VH_03209,Toyota Camry,107.4,34.9,-84.712201,77.808949,87.2,2024-11-20 17:28:32
VH_03210,Ford F-150,114.4,6.0,-69.569646,-111.968677,94.1,2024-11-13 14:28:52
VH_03211,Toyota Camry,105.2,170.5,-46.701345,113.848737,88.9,2024-11-28 06:44:45
VH_03212,Mercedes EQS,112.3,173.0,56.331361,-167.786588,90.7,2024-11-09 09:14:02
VH_03213,Toyota Camry,115.7,59.5,28.93796,-59.261756,91.3,2024-11-15 19:12:43
VH_03214,Toyota Camry,95.6,64.0,-38.684911,89.584771,82.8,2024-11-16 23:39:57
VH_03215,BMW X5,110.1,176.6,45.283159,-8.647512,90.9,2024-11-18 04:07:24
VH_03216,Honda Civic,67.8,61.7,0.088155,168.202475,73.4,2024-11-04 05:52:14
VH_03217,Tesla Model 3,86.8,48.8,-7.02769,58.415038,78.5,2024-11-16 11:34:25
VH_03218,Toyota Camry,74.1,121.3,56.900643,76.175568,86.5,2024-11-08 21:06:01
VH_03219,Tesla Model 3,114.6,92.6,-2.445597,-147.205299,98.7,2024-11-03 05:48:25
VH_03220,Ford F-150,86.7,83.7,83.872033,-142.761658,90.5,2024-11-14 18:43:56
VH_03221,Honda Civic,80.3,72.9,-76.519402,85.836944,71.2,2024-11-14 03:15:11
VH_03222,Honda Civic,106.7,169.2,-35.687596,-78.537003,91.0,2024-11-15 00:01:59
VH_03223,Honda Civic,102.3,114.7,70.118518,-91.719566,91.4,2024-11-08 06:28:23
VH_03224,Ford F-150,113.2,160.5,-53.641224,-103.223721,75.1,2024-11-26 23:10:29
VH_03225,Tesla Model 3,102.8,154.7,28.518288,26.560189,86.6,2024-11-11 02:28:33
VH_03226,Hyundai Ioniq,68.3,159.3,-21.895719,49.396928,98.5,2024-11-23 22:19:52
VH_03227,Honda Civic,65.0,93.2,-66.618963,82.35355,99.5,2024-11-26 11:18:12
VH_03228,Honda Civic,117.6,172.8,31.52444,7.82661,87.8,2024-11-04 13:01:58
VH_03229,Tesla Model 3,116.2,87.8,13.834393,-138.242324,82.5,2024-11-04 16:37:26
VH_03230,BMW X5,84.1,45.8,38.261518,-150.57868,73.1,2024-11-29 06:41:20
VH_03231,Toyota Camry,74.5,136.5,-7.654223,108.08799,75.2,2024-11-15 15:49:29
VH_03232,Ford F-150,89.4,172.7,56.399954,61.384876,97.5,2024-11-17 08:01:47
VH_03233,Tesla Model 3,71.1,89.5,39.890163,-6.173026,78.8,2024-11-25 01:23:20
VH_03234,Tesla Model 3,63.4,100.9,69.724099,47.708286,80.2,2024-11-09 09:04:20
VH_03235,Ford F-150,65.7,15.6,26.964254,97.522007,94.8,2024-11-27 17:29:49
VH_03236,Toyota Camry,105.3,73.1,12.915225,30.800136,88.4,2024-11-20 16:52:06
VH_03237,Chevrolet Bolt,61.2,97.4,-25.09456,78.812806,76.1,2024-11-11 10:30:07
VH_03238,Honda Civic,98.8,65.0,-78.628084,-69.32201,92.7,2024-11-26 17:02:10
VH_03239,BMW X5,66.5,129.1,59.239542,-111.991712,99.8,2024-11-23 22:22:12
VH_03240,Chevrolet Bolt,,136.3,16.870938,174.187795,83.4,2024-11-12 22:34:21
VH_03241,Toyota Camry,106.6,95.0,2.180862,83.94305,97.6,2024-11-22 02:23:47
VH_03242,Tesla Model 3,116.4,40.5,-83.414798,108.197444,93.8,2024-11-02 16:55:16
VH_03243,Honda Civic,113.4,92.7,-40.866764,-82.324833,74.6,2024-11-22 03:02:16
VH_03244,BMW X5,78.3,79.2,-16.314122,66.281296,88.5,2024-11-17 20:59:55
VH_03245,Toyota Camry,88.5,51.6,65.426757,112.346675,81.8,2024-11-22 10:32:59
VH_03246,Hyundai Ioniq,88.3,64.9,-40.2882,98.429088,85.3,2024-11-25 09:02:29
VH_03247,Honda Civic,119.9,48.9,-4.206773,-53.991009,95.8,2024-11-02 23:01:14
VH_03248,Toyota Camry,80.0,23.8,-63.150219,-113.075059,99.2,2024-11-20 06:46:25
VH_03249,BMW X5,118.6,10.5,-67.498679,87.549015,89.9,2024-11-13 09:53:57
VH_03250,Mercedes EQS,117.2,66.8,-10.205746,-93.052048,88.4,2024-11-02 14:27:23
VH_03251,Mercedes EQS,87.7,139.5,-43.576124,93.815228,92.0,2024-11-12 00:35:27
VH_03252,Honda Civic,86.0,61.7,26.513301,-82.165339,82.0,2024-11-24 05:39:03
VH_03253,Toyota Camry,67.5,127.5,-53.980979,93.620278,87.2,2024-11-02 04:48:16
VH_03254,Mercedes EQS,107.9,151.3,68.35336,-36.201441,97.7,2024-11-20 19:34:52
VH_03255,Tesla Model 3,72.5,24.5,-11.794408,-101.844227,77.7,2024-11-08 06:07:12
VH_03256,Ford F-150,81.3,72.0,49.199502,97.480124,76.9,2024-11-07 18:53:37
VH_03257,Honda Civic,110.0,146.5,-0.487358,-116.383004,80.1,2024-11-29 03:26:04
VH_03258,Ford F-150,62.1,145.8,39.142935,116.838767,92.0,2024-11-03 13:59:24
VH_03259,Ford F-150,,124.7,-33.805067,55.792807,77.5,2024-11-02 15:38:49
VH_03260,Honda Civic,86.7,48.1,-55.60427,139.280113,75.9,2024-11-07 00:13:30
VH_03261,Chevrolet Bolt,92.2,145.9,-52.102419,-78.864926,82.0,2024-11-05 00:06:26
VH_03262,BMW X5,98.7,160.4,22.668637,-175.449127,83.9,2024-11-22 08:30:24
VH_03263,Chevrolet Bolt,91.4,128.0,22.733905,90.986785,90.6,2024-11-06 12:26:14
VH_03264,Toyota Camry,85.3,118.6,7.263677,141.712354,89.6,2024-11-19 17:54:43
VH_03265,Honda Civic,110.6,64.2,-35.558688,119.519555,74.3,2024-11-18 20:20:32
VH_03266,Tesla Model 3,101.8,142.5,-6.557862,60.7382,83.1,2024-11-02 11:05:21
VH_03267,Tesla Model 3,102.8,113.3,-8.945603,53.169467,99.7,2024-11-30 06:00:14
VH_03268,Mercedes EQS,91.8,111.0,-42.646688,166.159249,85.8,2024-11-27 23:53:41
VH_03269,Toyota Camry,108.2,6.8,18.581446,40.899291,88.2,2024-11-26 03:22:32
VH_03270,Tesla Model 3,100.7,14.5,-22.986999,-94.311897,72.8,2024-11-25 17:58:14
VH_03271,Honda Civic,94.9,121.4,83.511359,107.232413,93.4,2024-11-02 10:46:54
VH_03272,Mercedes EQS,60.7,78.5,67.851169,85.118808,85.7,2024-11-02 18:54:09
VH_03273,Mercedes EQS,87.5,178.3,-1.041787,-10.42875,96.1,2024-11-28 14:02:56
VH_03274,Tesla Model 3,91.9,44.4,10.712501,-50.985042,88.5,2024-11-01 01:07:47
VH_03275,Tesla Model 3,80.1,55.9,64.172932,-42.791884,74.6,2024-11-16 18:56:55
VH_03276,Mercedes EQS,105.6,43.6,31.86083,-73.8157,87.2,2024-11-21 03:04:53
VH_03277,Ford F-150,96.2,110.7,75.051691,-75.949066,76.0,2024-11-28 07:48:19
VH_03278,Mercedes EQS,107.3,51.5,-24.787106,100.33028,89.6,2024-11-10 15:08:12
VH_03279,Ford F-150,63.5,88.3,-84.363952,-126.137872,95.6,2024-11-01 18:17:31
VH_03280,Tesla Model 3,104.2,170.1,79.202634,-43.139009,81.3,2024-11-09 03:26:12
VH_03281,Chevrolet Bolt,83.4,143.1,-53.120203,73.611676,75.6,2024-11-10 22:15:56
VH_03282,Tesla Model 3,90.3,48.2,-51.511126,172.687869,82.8,2024-11-20 00:03:25
VH_03283,Tesla Model 3,,17.3,-67.708373,37.154933,79.1,2024-11-26 05:08:30
VH_03284,Toyota Camry,103.2,130.9,44.602179,-105.165824,95.8,2024-11-08 11:42:59
VH_03285,Honda Civic,78.3,136.0,49.2389,20.743375,87.1,2024-11-10 14:20:23
VH_03286,Mercedes EQS,90.8,110.5,23.418167,-79.418468,84.5,2024-11-21 21:51:17
VH_03287,Hyundai Ioniq,107.2,110.9,-85.8224,-108.782092,72.9,2024-11-21 03:18:58
VH_03288,Tesla Model 3,116.3,127.3,29.134045,49.860222,86.8,2024-11-01 16:52:09
VH_03289,Toyota Camry,105.1,146.6,38.839037,-29.351916,98.8,2024-11-15 13:41:48
VH_03290,Tesla Model 3,89.6,38.4,82.87227,-95.828664,83.2,2024-11-27 15:45:02
VH_03291,Hyundai Ioniq,104.7,141.5,80.056705,-62.790513,85.0,2024-11-28 19:07:38
VH_03292,Tesla Model 3,79.9,78.6,75.310353,-148.364738,75.7,2024-11-27 07:50:56
VH_03293,Tesla Model 3,78.2,80.9,-73.697239,10.319456,92.6,2024-11-25 09:24:16
VH_03294,Ford F-150,86.7,44.2,-42.475864,-164.377418,94.6,2024-11-25 15:59:32
VH_03295,Tesla Model 3,72.9,7.3,-61.606325,-63.586756,74.5,2024-11-03 04:31:14
VH_03296,Honda Civic,94.2,106.5,31.15194,-79.049237,94.1,2024-11-09 00:42:16
VH_03297,Hyundai Ioniq,73.3,139.4,-48.205013,-89.591286,82.2,2024-11-17 00:27:02
VH_03298,BMW X5,66.7,147.6,33.485265,-40.004678,94.7,2024-11-25 11:40:23
VH_03299,Toyota Camry,60.3,98.3,-52.276149,132.401305,82.6,2024-11-15 02:44:01
VH_03300,Tesla Model 3,60.0,53.9,54.428575,-103.702479,82.1,2024-11-22 10:08:50
VH_03301,Tesla Model 3,85.8,164.5,-67.945379,87.003921,72.5,2024-11-04 22:26:46
VH_03302,Chevrolet Bolt,66.9,60.8,87.302333,-94.413691,87.2,2024-11-20 15:55:46
VH_03303,Toyota Camry,118.7,99.2,-16.420441,0.975041,97.8,2024-11-04 09:42:26
VH_03304,Chevrolet Bolt,114.2,8.0,51.809202,-71.028751,79.4,2024-11-30 05:35:16
VH_03305,BMW X5,73.0,23.6,7.885448,77.273561,89.8,2024-11-01 01:28:44
VH_03306,Hyundai Ioniq,73.4,56.5,44.857469,95.911242,70.8,2024-11-29 10:52:49
VH_03307,Chevrolet Bolt,111.3,34.7,3.358489,-141.865913,96.3,2024-11-02 12:18:42
VH_03308,Honda Civic,111.3,145.9,64.107112,-145.916317,86.3,2024-11-19 04:39:11
VH_03309,Hyundai Ioniq,83.1,164.6,55.515515,35.185471,88.2,2024-11-29 01:52:58
VH_03310,Mercedes EQS,114.8,112.6,40.324206,-166.974464,80.7,2024-11-06 20:45:31
VH_03311,Mercedes EQS,100.3,133.1,16.760812,119.99311,87.3,2024-11-26 20:07:18
VH_03312,BMW X5,90.1,143.1,-1.358076,-6.11022,86.1,2024-11-16 02:33:40
VH_03313,Ford F-150,68.9,153.1,37.284358,90.436886,98.4,2024-11-28 02:41:57
VH_03314,BMW X5,117.3,152.5,88.061194,-173.781868,97.6,2024-11-05 22:09:17
VH_03315,Tesla Model 3,65.0,173.3,-50.399417,112.600951,72.2,2024-11-10 10:51:26
VH_03316,Tesla Model 3,81.2,173.1,-82.423574,133.752078,95.8,2024-11-13 20:57:52
VH_03317,Honda Civic,63.1,178.6,-51.62447,134.201556,72.2,2024-11-23 20:58:11
VH_03318,BMW X5,91.3,62.8,-62.190086,-18.372297,86.2,2024-11-19 20:49:17
VH_03319,Mercedes EQS,64.1,165.3,80.506516,-114.727288,82.4,2024-11-07 08:59:06
VH_03320,Toyota Camry,99.0,165.0,89.041919,33.08724,94.9,2024-11-04 13:33:16
VH_03321,Ford F-150,89.4,16.8,-70.169864,19.572231,71.4,2024-11-04 01:57:02
VH_03322,Tesla Model 3,114.0,120.1,-66.283258,60.542877,89.4,2024-11-12 03:59:43
VH_03323,Hyundai Ioniq,96.9,109.6,-50.10264,-158.656576,79.7,2024-11-29 08:04:44
VH_03324,Toyota Camry,90.5,89.2,39.715793,-131.163105,82.9,2024-11-08 07:30:44
VH_03325,Hyundai Ioniq,107.4,146.9,-28.648145,-25.029069,89.7,2024-11-25 12:14:44
VH_03326,BMW X5,119.8,146.8,62.247323,137.330334,91.1,2024-11-06 05:31:23
VH_03327,Tesla Model 3,84.3,98.6,84.039574,-50.648327,80.3,2024-11-05 07:45:18
VH_03328,Chevrolet Bolt,105.3,151.7,52.669174,-177.881123,73.7,2024-11-14 07:19:56
VH_03329,Ford F-150,116.5,160.2,48.362279,-88.857866,92.4,2024-11-20 18:16:14
VH_03330,Chevrolet Bolt,112.6,126.3,34.522547,-0.157258,73.1,2024-11-02 20:26:15
VH_03331,Mercedes EQS,93.1,42.5,-13.526623,-62.754018,78.4,2024-11-18 02:34:19
VH_03332,Tesla Model 3,84.2,106.3,56.079906,86.472872,94.9,2024-11-25 08:17:32
VH_03333,Tesla Model 3,109.7,124.6,-7.787965,-57.4271,83.0,2024-11-28 01:32:12
VH_03334,Hyundai Ioniq,97.1,98.3,59.95628,25.739496,71.2,2024-11-13 12:27:55
VH_03335,Chevrolet Bolt,119.0,14.1,-64.246469,42.718595,70.5,2024-11-18 10:21:58
VH_03336,Honda Civic,111.6,117.1,73.38619,-115.509027,95.4,2024-11-26 21:45:07
VH_03337,Mercedes EQS,84.4,70.3,-74.596445,36.20528,80.4,2024-11-03 04:18:28
VH_03338,Tesla Model 3,116.3,174.1,-0.833569,8.797101,88.9,2024-11-06 23:50:40
VH_03339,Toyota Camry,77.6,128.2,70.224661,-64.739238,97.2,2024-11-07 12:59:45
VH_03340,BMW X5,117.7,69.7,19.575056,-19.443462,81.6,2024-11-06 20:55:41
VH_03341,Honda Civic,83.2,138.4,7.225791,-23.260951,93.0,2024-11-15 23:21:37
VH_03342,Tesla Model 3,67.6,145.4,-17.996287,17.420989,97.5,2024-11-21 01:15:17
VH_03343,Chevrolet Bolt,62.8,71.3,-21.873795,122.107371,92.4,2024-11-15 08:06:37
VH_03344,Ford F-150,63.8,65.5,78.256214,162.664385,76.2,2024-11-08 03:52:13
VH_03345,Hyundai Ioniq,76.4,173.0,-28.763501,-57.034407,92.3,2024-11-02 15:26:02
VH_03346,Tesla Model 3,,57.8,60.645133,121.566858,79.3,2024-11-19 22:56:27
VH_03347,Tesla Model 3,87.2,19.4,82.04219,-159.63648,93.2,2024-11-01 09:37:02
VH_03348,Tesla Model 3,114.5,161.5,-30.517569,96.315141,75.7,2024-11-06 18:40:35
VH_03349,Chevrolet Bolt,82.3,74.5,-30.710316,165.844776,88.7,2024-11-14 23:43:29
VH_03350,Honda Civic,74.5,22.8,39.209124,-135.51136,88.1,2024-11-08 03:07:56
VH_03351,Ford F-150,94.7,165.0,70.039062,-98.560515,73.3,2024-11-14 10:55:08
VH_03352,BMW X5,98.4,13.5,65.181527,110.680395,86.1,2024-11-24 13:37:20
VH_03353,Hyundai Ioniq,75.9,163.2,64.461449,65.129013,89.1,2024-11-24 09:14:12
VH_03354,Toyota Camry,92.6,124.1,-35.32736,92.276981,72.9,2024-11-06 13:42:06
VH_03355,BMW X5,91.9,41.1,-50.938064,44.175175,87.0,2024-11-26 02:24:03
VH_03356,Ford F-150,66.5,2.8,-82.32576,65.183885,81.5,2024-11-16 02:01:45
VH_03357,Ford F-150,84.5,178.8,3.477292,41.958739,94.2,2024-11-11 12:52:30
VH_03358,Tesla Model 3,81.7,85.2,85.032678,99.46868,96.1,2024-11-07 04:32:39
VH_03359,Hyundai Ioniq,106.0,54.1,4.082122,11.947128,75.9,2024-11-24 23:32:25
VH_03360,BMW X5,68.9,55.9,44.613364,-133.825853,79.7,2024-11-16 20:54:27
VH_03361,Toyota Camry,113.9,174.6,32.3214,92.601741,86.6,2024-11-17 01:46:52
VH_03362,Ford F-150,75.0,60.6,-48.527768,85.038011,75.6,2024-11-23 21:36:06
VH_03363,Chevrolet Bolt,119.2,79.4,-4.893279,-43.311273,81.4,2024-11-03 03:34:03
VH_03364,Ford F-150,92.4,174.6,-36.138947,74.436929,94.8,2024-11-22 16:29:48
VH_03365,Tesla Model 3,99.9,10.0,-4.925154,-105.26141,90.5,2024-11-11 10:39:56
VH_03366,Chevrolet Bolt,83.4,64.8,-55.875204,-46.289623,92.5,2024-11-07 14:45:33
VH_03367,Chevrolet Bolt,65.7,117.9,-3.462357,-73.607667,97.0,2024-11-04 23:46:09
VH_03368,Chevrolet Bolt,117.3,39.6,24.402662,-136.158768,94.2,2024-11-04 23:05:37
VH_03369,Tesla Model 3,77.2,25.6,51.921663,35.100847,97.9,2024-11-18 02:43:26
VH_03370,Tesla Model 3,78.7,167.7,-51.563962,34.257307,88.4,2024-11-24 05:52:17
VH_03371,BMW X5,67.3,153.2,-49.179304,114.727618,96.6,2024-11-29 04:28:52
VH_03372,Chevrolet Bolt,69.9,77.8,20.74754,-169.74345,70.8,2024-11-03 05:15:13
VH_03373,BMW X5,107.5,54.5,-36.991294,35.911967,84.9,2024-11-27 08:20:07
VH_03374,Toyota Camry,108.8,129.0,22.841801,84.118223,85.7,2024-11-05 11:33:39
VH_03375,Tesla Model 3,88.6,72.6,80.64542,178.551095,94.3,2024-11-07 08:25:56
VH_03376,Ford F-150,94.4,27.6,19.2608,-101.753862,83.1,2024-11-11 15:50:29
VH_03377,Mercedes EQS,89.5,51.9,66.147381,162.928112,76.3,2024-11-06 16:55:35
VH_03378,Ford F-150,71.2,156.8,-32.131258,20.429214,97.9,2024-11-22 07:26:21
VH_03379,Hyundai Ioniq,,81.1,33.437218,173.001761,92.0,2024-11-26 12:05:21
VH_03380,BMW X5,83.8,83.4,-7.230295,80.30055,84.9,2024-11-01 07:25:49
VH_03381,Ford F-150,73.3,69.3,64.733095,173.525396,80.6,2024-11-01 14:35:19
VH_03382,Mercedes EQS,,174.1,-22.02747,78.137505,74.9,2024-11-27 16:21:31
VH_03383,Tesla Model 3,67.2,174.1,51.739861,52.206781,73.8,2024-11-29 04:56:50
VH_03384,Tesla Model 3,72.8,154.2,-15.239141,165.019261,75.0,2024-11-27 23:19:02
VH_03385,BMW X5,105.8,24.1,-42.942959,104.559865,88.0,2024-11-10 14:10:32
VH_03386,Hyundai Ioniq,114.4,129.9,-25.172426,31.042624,95.2,2024-11-28 16:00:18
VH_03387,Chevrolet Bolt,105.6,162.0,-17.840397,167.984043,71.0,2024-11-14 06:15:33
VH_03388,Tesla Model 3,119.3,17.0,-53.570777,55.23546,77.9,2024-11-17 12:11:20
VH_03389,Honda Civic,103.6,104.1,89.939907,-147.033956,99.0,2024-11-16 00:20:43
VH_03390,Ford F-150,107.9,63.3,-62.276356,-85.900219,73.6,2024-11-19 20:58:59
VH_03391,Mercedes EQS,88.1,122.8,-4.708852,74.707428,79.2,2024-11-11 22:45:19
VH_03392,Tesla Model 3,75.1,170.9,-72.927455,68.147073,91.8,2024-11-29 03:01:53
VH_03393,BMW X5,81.7,177.3,9.447276,45.152569,81.2,2024-11-13 12:36:08
VH_03394,BMW X5,97.4,89.9,45.846994,151.702588,76.3,2024-11-20 21:48:59
VH_03395,Tesla Model 3,101.4,60.6,-0.621948,-4.009987,83.8,2024-11-26 05:27:20
VH_03396,Hyundai Ioniq,89.3,102.2,-25.041593,21.239787,72.2,2024-11-15 23:32:35
VH_03397,Tesla Model 3,75.4,107.2,15.268359,-100.778825,94.4,2024-11-27 23:05:07
VH_03398,Tesla Model 3,92.9,98.0,-36.399577,-24.352911,84.7,2024-11-07 07:47:02
VH_03399,Ford F-150,96.5,2.3,56.05402,125.828954,73.4,2024-11-02 08:07:10
VH_03400,Toyota Camry,64.5,40.3,-70.872796,-69.13863,99.0,2024-11-15 22:38:00
VH_03401,Ford F-150,105.0,74.3,-44.799434,42.650852,92.7,2024-11-13 16:43:33
VH_03402,Honda Civic,96.2,15.7,65.521217,8.84681,81.8,2024-11-19 15:56:38
VH_03403,Chevrolet Bolt,114.4,45.0,-7.151529,38.016035,79.4,2024-11-30 06:17:50
VH_03404,Tesla Model 3,65.4,176.6,-3.382635,10.913607,97.7,2024-11-19 12:23:12
VH_03405,Tesla Model 3,116.3,68.6,29.93521,-40.642383,75.4,2024-11-02 18:36:21
VH_03406,Tesla Model 3,83.7,8.1,-57.379421,-110.278239,75.4,2024-11-15 19:59:40
VH_03407,Mercedes EQS,70.4,65.5,53.718955,24.340976,83.2,2024-11-08 16:21:11
VH_03408,Tesla Model 3,114.7,111.7,-5.584959,59.246298,92.6,2024-11-18 16:07:57
VH_03409,Toyota Camry,100.9,111.3,-61.747956,135.51973,84.0,2024-11-06 18:06:53
VH_03410,Tesla Model 3,80.1,122.0,-72.742513,167.422758,90.3,2024-11-10 23:32:37
VH_03411,Tesla Model 3,71.0,150.6,-15.532418,114.176263,87.6,2024-11-25 15:50:07
VH_03412,Tesla Model 3,90.5,123.8,66.147079,67.200173,82.6,2024-11-04 01:12:35
VH_03413,Chevrolet Bolt,105.4,61.7,18.891043,-107.832039,80.4,2024-11-19 08:59:13
VH_03414,Hyundai Ioniq,88.7,149.4,75.677847,32.818172,94.9,2024-11-10 10:39:50
VH_03415,Tesla Model 3,84.6,48.9,-0.68684,-119.442159,76.0,2024-11-24 18:53:38
VH_03416,Honda Civic,89.6,76.4,54.346085,134.821696,87.8,2024-11-13 19:23:35
VH_03417,Hyundai Ioniq,91.1,118.0,-20.295721,42.847378,94.6,2024-11-13 20:50:16
VH_03418,Tesla Model 3,104.7,62.8,61.552673,111.293467,77.2,2024-11-22 12:32:34
VH_03419,Toyota Camry,111.8,116.6,39.0422,-133.304961,70.7,2024-11-18 16:43:31
VH_03420,Toyota Camry,89.7,108.1,-88.999176,80.991016,90.4,2024-11-26 10:45:30
VH_03421,Toyota Camry,78.9,40.9,22.273824,-60.204183,70.8,2024-11-22 09:42:58
VH_03422,Tesla Model 3,81.0,99.7,79.532822,98.22681,84.5,2024-11-01 08:29:42
VH_03423,Tesla Model 3,91.9,35.8,6.062032,152.968629,87.4,2024-11-10 01:19:22
VH_03424,Toyota Camry,67.3,73.3,-21.640525,171.366435,85.7,2024-11-14 10:22:28
VH_03425,Honda Civic,61.8,39.9,-52.374258,168.332516,96.3,2024-11-05 05:46:59
VH_03426,Toyota Camry,103.3,69.5,-58.197976,176.196683,77.7,2024-11-02 10:09:12
VH_03427,Ford F-150,62.8,132.9,-64.592577,-50.052905,76.9,2024-11-26 20:56:48
VH_03428,BMW X5,94.9,37.1,70.353478,152.829098,84.0,2024-11-21 17:32:20
VH_03429,Tesla Model 3,119.0,142.0,72.144987,130.956839,92.4,2024-11-13 00:31:17
VH_03430,Toyota Camry,111.4,24.6,-2.575364,116.004989,87.1,2024-11-24 00:52:32
VH_03431,Tesla Model 3,80.1,26.4,-80.336567,163.773767,87.3,2024-11-04 09:20:28
VH_03432,Hyundai Ioniq,65.3,32.2,-1.938054,-163.828572,94.1,2024-11-06 08:21:47
VH_03433,BMW X5,95.8,20.7,-36.174654,6.389387,87.8,2024-11-23 09:40:03
VH_03434,Tesla Model 3,98.0,36.4,-54.663787,-95.018757,95.0,2024-11-21 17:37:35
VH_03435,Tesla Model 3,75.1,160.1,-9.506301,55.908271,78.1,2024-11-23 23:09:10
VH_03436,Chevrolet Bolt,72.6,61.5,80.250676,148.062517,90.1,2024-11-09 21:42:13
VH_03437,Tesla Model 3,71.1,84.1,40.71585,129.858266,84.1,2024-11-22 00:08:50
VH_03438,Tesla Model 3,63.6,15.3,62.304942,71.855391,90.4,2024-11-06 19:31:08
VH_03439,Tesla Model 3,96.0,43.0,39.380301,152.078588,95.9,2024-11-28 16:04:51
VH_03440,Hyundai Ioniq,71.3,83.1,-24.495206,52.058817,85.6,2024-11-15 10:43:27
VH_03441,BMW X5,66.1,132.6,-52.721746,148.81518,84.9,2024-11-25 07:10:53
VH_03442,Ford F-150,80.1,124.8,50.130261,-175.7852,87.4,2024-11-03 04:16:38
VH_03443,Toyota Camry,105.2,152.1,-24.594266,139.121169,94.6,2024-11-13 23:27:35
VH_03444,Hyundai Ioniq,62.1,81.9,-53.102711,13.6231,89.4,2024-11-22 10:13:49
VH_03445,Tesla Model 3,76.1,174.4,54.995511,-97.92071,85.5,2024-11-18 01:15:29
VH_03446,Tesla Model 3,86.0,155.9,28.788147,68.435972,70.2,2024-11-15 03:06:08
VH_03447,Honda Civic,97.2,86.3,2.533093,41.162083,75.7,2024-11-22 22:15:09
VH_03448,Ford F-150,109.2,44.1,29.379649,-39.61428,99.6,2024-11-12 22:15:59
VH_03449,Ford F-150,65.0,88.6,3.466334,88.600551,85.1,2024-11-13 23:03:15
VH_03450,Honda Civic,119.6,160.0,9.14866,57.236051,97.0,2024-11-29 12:37:52
VH_03451,Mercedes EQS,72.0,33.5,22.61099,-13.97965,96.6,2024-11-22 03:38:36
VH_03452,Hyundai Ioniq,,128.4,-28.389967,-27.602807,88.7,2024-11-03 15:00:49
VH_03453,Tesla Model 3,81.7,37.2,74.174563,-166.404905,73.9,2024-11-30 00:51:22
VH_03454,Tesla Model 3,84.1,35.3,-86.160458,36.142994,96.7,2024-11-12 22:28:47
VH_03455,Tesla Model 3,117.9,63.5,84.429563,172.249742,70.9,2024-11-29 23:50:15
VH_03456,Tesla Model 3,67.0,63.6,54.916963,122.971572,94.1,2024-11-23 11:19:50
VH_03457,Chevrolet Bolt,69.8,21.1,65.948726,46.063972,80.7,2024-11-05 12:50:23
VH_03458,Tesla Model 3,115.3,0.8,-37.402882,-107.827951,89.9,2024-11-26 19:28:31
VH_03459,Mercedes EQS,62.3,179.4,63.77822,155.980922,73.8,2024-11-03 16:37:23
VH_03460,Honda Civic,112.5,140.7,-84.144119,-94.495018,99.0,2024-11-17 19:48:24
VH_03461,Toyota Camry,77.3,80.7,74.739755,-50.790389,92.7,2024-11-24 13:32:51
VH_03462,Chevrolet Bolt,113.1,105.6,4.57834,89.448895,78.1,2024-11-16 23:54:17
VH_03463,Chevrolet Bolt,79.6,94.7,-71.103966,128.887667,86.1,2024-11-24 14:15:13
VH_03464,Chevrolet Bolt,100.7,137.6,66.661161,-22.827316,78.2,2024-11-07 09:12:48
VH_03465,BMW X5,112.1,17.7,-28.20687,133.49618,81.0,2024-11-23 16:08:19
VH_03466,BMW X5,106.4,141.0,29.049009,-151.464313,97.2,2024-11-29 17:26:13
VH_03467,Ford F-150,63.2,92.4,13.533753,82.055098,95.6,2024-11-16 22:32:57
VH_03468,Toyota Camry,75.7,90.3,-20.21749,63.074566,80.2,2024-11-15 06:44:03
VH_03469,Toyota Camry,76.9,133.1,69.259537,124.31043,92.1,2024-11-25 18:41:00
VH_03470,Ford F-150,99.3,51.9,38.132169,-165.214416,97.5,2024-11-02 07:10:48
VH_03471,Tesla Model 3,111.0,107.2,-24.999863,102.187546,88.0,2024-11-11 05:03:08
VH_03472,Tesla Model 3,80.0,91.9,64.584519,2.80426,91.4,2024-11-08 09:43:33
VH_03473,BMW X5,106.6,54.0,48.175049,-17.270643,84.9,2024-11-24 22:34:23
VH_03474,Toyota Camry,94.5,32.4,-38.903068,74.894177,73.8,2024-11-25 23:13:10
VH_03475,Tesla Model 3,111.1,132.6,56.202106,-90.605003,87.9,2024-11-30 21:20:11
VH_03476,Tesla Model 3,89.6,127.9,67.34985,141.37463,88.0,2024-11-14 19:07:36
VH_03477,Toyota Camry,78.6,123.8,-15.110158,142.699748,97.7,2024-11-06 02:56:34
VH_03478,Mercedes EQS,68.0,122.0,-28.634556,-28.161533,95.4,2024-11-06 16:47:45
VH_03479,Tesla Model 3,81.8,39.8,72.294819,154.846518,93.3,2024-11-21 22:03:53
VH_03480,Tesla Model 3,97.4,142.4,-22.391262,-135.387033,74.6,2024-11-08 10:18:30
VH_03481,Hyundai Ioniq,100.8,71.5,-54.478007,-157.408666,78.5,2024-11-18 20:32:21
VH_03482,Chevrolet Bolt,101.6,36.4,-71.420586,146.304738,89.1,2024-11-03 09:35:04
VH_03483,Chevrolet Bolt,77.0,65.6,10.023187,104.510065,80.6,2024-11-17 07:42:54
VH_03484,Tesla Model 3,81.8,78.3,-56.279274,-135.710634,99.8,2024-11-11 10:07:53
VH_03485,Honda Civic,107.7,167.0,-2.942216,169.394317,92.9,2024-11-21 03:13:54
VH_03486,Chevrolet Bolt,93.6,140.8,-25.898153,-177.199741,99.7,2024-11-29 04:21:55
VH_03487,Hyundai Ioniq,90.2,136.6,-80.853281,-107.667705,84.2,2024-11-18 23:43:47
VH_03488,Ford F-150,100.8,100.6,47.872568,-146.343701,91.5,2024-11-23 04:12:02
VH_03489,BMW X5,73.4,100.1,69.690045,100.237098,88.5,2024-11-12 18:36:51
VH_03490,Chevrolet Bolt,100.1,75.6,4.23219,164.039156,96.5,2024-11-25 13:44:38
VH_03491,Chevrolet Bolt,98.8,4.4,-74.160882,-47.320619,93.7,2024-11-27 18:58:21
VH_03492,Mercedes EQS,64.7,19.4,61.419423,-117.643844,74.9,2024-11-14 20:05:25
VH_03493,Chevrolet Bolt,96.7,34.2,32.015854,-94.548807,76.5,2024-11-28 16:52:17
VH_03494,Tesla Model 3,90.0,7.7,73.73647,59.648197,96.7,2024-11-27 09:02:26
VH_03495,Tesla Model 3,86.9,30.5,27.878993,162.74186,86.8,2024-11-30 20:27:17
VH_03496,Tesla Model 3,77.8,171.5,-9.036957,-144.237714,92.7,2024-11-22 23:33:25
VH_03497,Tesla Model 3,74.9,158.8,68.522052,109.578511,92.2,2024-11-27 09:25:49
VH_03498,Ford F-150,90.8,16.7,-37.089688,87.428831,82.1,2024-11-15 04:19:24
VH_03499,BMW X5,68.9,146.9,-34.748266,125.361919,77.7,2024-11-28 03:03:19
VH_03500,Ford F-150,101.1,30.0,-0.917154,115.355146,82.2,2024-11-22 11:22:02
VH_03501,Hyundai Ioniq,99.1,93.3,32.957886,17.879808,83.3,2024-11-15 16:15:59
VH_03502,Toyota Camry,94.0,56.0,4.765414,58.950507,79.2,2024-11-13 11:42:38
VH_03503,Mercedes EQS,96.6,176.9,12.426597,73.12974,77.5,2024-11-16 21:01:30
VH_03504,Chevrolet Bolt,86.2,56.0,-64.048909,41.41801,70.3,2024-11-08 09:47:15
VH_03505,Honda Civic,107.5,105.0,-88.000345,19.986955,87.0,2024-11-19 04:56:35
VH_03506,Chevrolet Bolt,117.3,69.9,-14.706095,178.559887,85.6,2024-11-06 21:49:54
VH_03507,Tesla Model 3,92.3,151.2,13.77693,104.641453,77.3,2024-11-07 14:55:13
VH_03508,Ford F-150,93.6,24.7,72.596864,-98.43969,76.2,2024-11-24 14:11:47
VH_03509,Honda Civic,106.4,9.6,-20.374898,76.427481,76.1,2024-11-21 01:57:53
VH_03510,Ford F-150,78.0,159.0,3.748789,-62.358504,85.0,2024-11-03 11:57:09
VH_03511,Honda Civic,107.2,59.0,-20.69241,108.02986,96.7,2024-11-22 19:32:14
VH_03512,Honda Civic,99.1,119.9,52.344791,-46.137606,94.0,2024-11-25 09:21:24
VH_03513,Toyota Camry,100.6,9.7,-26.538889,-155.842612,92.0,2024-11-20 04:54:22
VH_03514,Chevrolet Bolt,88.7,76.4,25.04657,158.630094,77.9,2024-11-21 02:36:51
VH_03515,Mercedes EQS,69.9,6.6,-16.004367,-88.070381,83.0,2024-11-10 08:43:29
VH_03516,Hyundai Ioniq,108.0,32.0,-78.938685,-125.666806,99.4,2024-11-25 18:18:41
VH_03517,Tesla Model 3,75.0,128.8,65.782597,-130.576305,77.5,2024-11-05 00:29:40
VH_03518,Chevrolet Bolt,65.6,174.8,-27.431737,159.860338,70.7,2024-11-17 12:30:53
VH_03519,BMW X5,97.6,42.4,-33.012208,126.798327,79.6,2024-11-27 09:08:01
VH_03520,Chevrolet Bolt,75.8,33.8,-56.586659,-113.110222,86.9,2024-11-24 02:20:21
VH_03521,Tesla Model 3,84.6,179.1,-56.48998,-3.611338,87.7,2024-11-03 07:28:54
VH_03522,BMW X5,67.7,36.8,-72.75806,-35.203776,97.6,2024-11-25 12:50:29
VH_03523,Tesla Model 3,64.6,148.2,-82.220803,-49.093061,73.8,2024-11-04 22:58:46
VH_03524,Toyota Camry,81.0,162.0,27.776494,120.045107,78.9,2024-11-20 17:31:27
VH_03525,Honda Civic,95.9,60.1,-66.113008,-173.179594,75.4,2024-11-30 22:10:58
VH_03526,Chevrolet Bolt,65.7,20.4,-37.812274,-66.049193,99.4,2024-11-10 09:43:26
VH_03527,Mercedes EQS,116.5,1.1,-2.883599,83.366374,92.3,2024-11-18 18:44:51
VH_03528,Toyota Camry,62.4,13.8,17.160935,-124.868618,96.7,2024-11-07 19:02:04
VH_03529,Toyota Camry,93.0,82.0,-28.9526,156.910489,94.7,2024-11-06 08:25:42
VH_03530,Toyota Camry,86.8,174.0,-62.100436,-77.969334,72.5,2024-11-07 03:06:08
VH_03531,Tesla Model 3,74.9,15.7,-15.521802,-31.955926,81.9,2024-11-03 02:22:23
VH_03532,Toyota Camry,72.1,15.6,-15.512009,-51.910976,85.3,2024-11-21 07:36:39
VH_03533,Ford F-150,75.0,58.7,-29.093021,-28.444898,98.2,2024-11-03 15:04:35
VH_03534,Tesla Model 3,84.3,160.5,44.530152,-128.169576,91.7,2024-11-06 11:20:43
VH_03535,Chevrolet Bolt,,160.1,-25.875598,89.397476,95.3,2024-11-22 04:42:11
VH_03536,Honda Civic,62.5,104.2,-32.542776,164.495703,93.2,2024-11-09 15:11:16
VH_03537,Hyundai Ioniq,91.4,152.9,-8.344802,67.736178,76.1,2024-11-09 17:58:52
VH_03538,Toyota Camry,81.9,143.2,13.38293,-97.330955,90.9,2024-11-12 05:32:17
VH_03539,Ford F-150,,155.7,-40.924198,-78.524607,87.5,2024-11-16 12:26:40
VH_03540,Tesla Model 3,112.3,75.3,-4.845537,-159.816584,83.3,2024-11-15 09:47:49
VH_03541,Chevrolet Bolt,111.6,127.1,-49.103616,-126.753963,75.3,2024-11-13 20:49:30
VH_03542,Tesla Model 3,91.7,60.2,77.193546,-60.869658,73.3,2024-11-02 04:36:09
VH_03543,Hyundai Ioniq,62.1,12.4,49.466702,146.130736,79.7,2024-11-15 19:05:46
VH_03544,BMW X5,62.0,56.9,-81.017355,-100.311275,78.5,2024-11-18 17:17:04
VH_03545,Tesla Model 3,73.5,75.0,47.511532,-177.655252,84.5,2024-11-18 21:06:21
VH_03546,BMW X5,71.6,126.1,-80.471664,27.95001,86.2,2024-11-14 16:19:49
VH_03547,Chevrolet Bolt,106.3,47.4,-8.849302,-18.369607,89.2,2024-11-08 02:56:38
VH_03548,Tesla Model 3,87.7,149.1,44.404364,-21.298992,73.3,2024-11-09 22:18:04
VH_03549,Tesla Model 3,102.0,112.0,9.323884,64.78614,94.1,2024-11-11 07:11:43
VH_03550,Tesla Model 3,97.7,101.8,-5.273869,-18.330912,95.2,2024-11-27 04:04:12
VH_03551,BMW X5,91.8,81.7,18.923422,-45.008733,80.6,2024-11-05 13:58:36
VH_03552,Tesla Model 3,104.4,174.2,49.361523,-93.967282,92.9,2024-11-04 08:36:41
VH_03553,Ford F-150,101.1,129.8,70.646393,32.278294,93.2,2024-11-30 10:42:42
VH_03554,Tesla Model 3,71.4,129.1,-76.745508,31.988884,99.9,2024-11-19 05:49:49
VH_03555,Tesla Model 3,90.0,93.4,38.409793,-87.227999,79.0,2024-11-19 17:22:52
VH_03556,Mercedes EQS,103.0,113.3,77.053755,133.240818,94.8,2024-11-17 05:11:42
VH_03557,Chevrolet Bolt,115.9,66.3,-86.138234,-0.913327,98.2,2024-11-19 13:17:32
VH_03558,Toyota Camry,60.4,47.0,-57.613211,-175.554012,86.1,2024-11-16 13:13:14
VH_03559,Toyota Camry,99.2,129.8,-8.969981,29.148015,94.6,2024-11-20 22:27:54
VH_03560,Chevrolet Bolt,67.7,167.8,23.684392,-42.111004,92.2,2024-11-04 03:33:41
VH_03561,Tesla Model 3,86.2,154.9,-86.405874,-137.685556,99.7,2024-11-11 16:38:40
VH_03562,Tesla Model 3,60.2,116.9,16.122108,123.954099,70.1,2024-11-27 23:29:32
VH_03563,Ford F-150,88.0,8.8,-54.665156,-131.06376,90.7,2024-11-09 03:50:14
VH_03564,Mercedes EQS,80.7,151.9,30.298887,68.513359,83.9,2024-11-24 19:59:43
VH_03565,Chevrolet Bolt,107.1,15.2,30.784424,-12.907481,90.9,2024-11-25 14:08:20
VH_03566,BMW X5,117.5,18.9,-29.54672,53.092637,93.2,2024-11-30 02:55:54
VH_03567,Toyota Camry,78.4,5.1,-1.645722,-107.179075,79.5,2024-11-29 20:47:22
VH_03568,Chevrolet Bolt,101.7,101.3,-69.827657,33.423205,75.0,2024-11-02 19:00:48
VH_03569,Tesla Model 3,109.0,152.0,84.768188,-47.377828,77.2,2024-11-28 14:51:20
VH_03570,BMW X5,99.8,143.5,41.50926,101.67687,88.3,2024-11-18 01:46:01
VH_03571,Chevrolet Bolt,89.8,19.1,-5.944394,-84.353822,94.3,2024-11-26 11:36:03
VH_03572,Honda Civic,88.4,65.4,-68.28342,-132.941628,73.4,2024-11-25 02:37:28
VH_03573,Ford F-150,87.0,176.5,-0.157303,38.596607,81.2,2024-11-30 19:37:00
VH_03574,Toyota Camry,100.0,170.1,27.828964,-69.517823,86.1,2024-11-19 02:23:39
VH_03575,Ford F-150,94.7,84.5,-67.644767,-53.759542,93.2,2024-11-04 21:30:08
VH_03576,Honda Civic,63.7,68.4,-44.248914,50.548331,73.7,2024-11-19 12:30:26
VH_03577,BMW X5,66.7,16.0,-14.358835,30.696527,75.7,2024-11-18 22:34:10
VH_03578,Honda Civic,62.3,112.9,-45.843177,19.840698,86.7,2024-11-02 22:08:37
VH_03579,Toyota Camry,83.6,23.9,53.611627,80.531265,84.3,2024-11-12 06:27:57
VH_03580,BMW X5,110.6,32.0,34.118269,-160.825217,87.9,2024-11-14 10:27:19
VH_03581,Ford F-150,117.4,45.6,0.752546,-139.054904,86.8,2024-11-20 13:47:53
VH_03582,Honda Civic,99.9,35.5,44.281547,-136.000618,76.9,2024-11-09 00:28:28
VH_03583,Chevrolet Bolt,68.2,39.8,-10.710685,-14.367584,82.9,2024-11-01 09:24:28
VH_03584,Toyota Camry,94.1,49.8,39.819797,123.837428,81.2,2024-11-03 16:38:23
VH_03585,Honda Civic,117.9,124.7,-0.909242,-6.294265,95.4,2024-11-04 19:53:56
VH_03586,Tesla Model 3,72.2,164.6,30.477119,-103.794152,89.2,2024-11-11 00:28:06
VH_03587,Toyota Camry,90.2,125.2,-77.632261,-61.046837,80.6,2024-11-29 12:36:57
VH_03588,Tesla Model 3,118.1,28.4,21.40216,5.604924,92.0,2024-11-10 03:08:48
VH_03589,Ford F-150,102.1,67.2,25.857372,177.052076,75.6,2024-11-30 16:48:42
VH_03590,Tesla Model 3,72.0,18.1,6.451358,140.368387,93.7,2024-11-01 05:33:01
VH_03591,Ford F-150,92.2,58.4,-18.04757,93.246133,76.8,2024-11-29 02:49:41
VH_03592,Tesla Model 3,76.4,144.3,-79.120203,78.067413,70.5,2024-11-08 01:59:37
VH_03593,BMW X5,106.8,106.7,-43.120341,-110.537499,78.4,2024-11-29 09:02:02
VH_03594,Honda Civic,115.2,0.3,63.14412,107.890664,85.1,2024-11-30 20:28:18
VH_03595,Honda Civic,113.6,112.0,-69.547621,165.378676,92.9,2024-11-29 11:00:00
VH_03596,Tesla Model 3,86.9,171.6,-52.175303,-69.592952,85.1,2024-11-04 18:22:06
VH_03597,Hyundai Ioniq,79.5,89.9,63.916401,-72.155463,81.1,2024-11-03 13:59:41
VH_03598,BMW X5,112.2,150.7,-38.467377,155.887609,90.6,2024-11-19 15:47:53
VH_03599,Ford F-150,109.9,60.2,-31.799815,-30.158694,74.9,2024-11-09 15:13:55
VH_03600,Toyota Camry,109.8,61.5,-44.881119,-39.820972,91.3,2024-11-09 05:37:05
VH_03601,Honda Civic,75.0,51.2,-1.765543,129.634729,92.5,2024-11-12 22:45:02
VH_03602,BMW X5,73.7,69.3,74.352536,150.597536,94.0,2024-11-17 12:44:08
VH_03603,Chevrolet Bolt,75.6,123.3,39.733618,-161.77091,71.5,2024-11-13 03:04:45
VH_03604,Tesla Model 3,91.5,177.4,-80.735159,28.112345,93.2,2024-11-06 06:14:37
VH_03605,Honda Civic,80.2,13.4,23.833235,85.730146,92.2,2024-11-01 00:31:48
VH_03606,Honda Civic,69.9,114.0,-2.23119,-36.230391,81.5,2024-11-03 00:28:24
VH_03607,Ford F-150,80.2,45.6,59.400196,10.36137,98.6,2024-11-17 07:12:26
VH_03608,BMW X5,71.5,121.3,-11.744902,-50.523675,94.1,2024-11-07 19:40:09
VH_03609,Toyota Camry,118.8,107.5,75.784192,-61.653898,82.9,2024-11-16 12:14:16
VH_03610,BMW X5,86.4,110.3,30.056892,81.729772,86.5,2024-11-28 11:13:39
VH_03611,Chevrolet Bolt,79.8,132.8,-35.276806,-115.818673,72.6,2024-11-29 09:27:13
VH_03612,Tesla Model 3,98.6,18.5,-39.034744,25.354414,97.3,2024-11-14 02:57:45
VH_03613,Honda Civic,77.4,51.2,45.194337,-102.096321,85.4,2024-11-18 13:32:50
VH_03614,Tesla Model 3,83.8,103.9,-55.879035,-136.441037,95.6,2024-11-21 00:14:01
VH_03615,Tesla Model 3,60.3,21.7,-60.78781,75.81686,73.2,2024-11-15 15:49:17
VH_03616,Hyundai Ioniq,69.1,111.5,1.095978,-71.018619,79.2,2024-11-25 10:15:58
VH_03617,Tesla Model 3,91.2,72.6,22.363437,15.753287,90.7,2024-11-08 03:07:20
VH_03618,Toyota Camry,116.4,108.0,-45.487268,-41.189363,96.6,2024-11-16 20:55:22
VH_03619,Chevrolet Bolt,117.1,164.4,-33.809184,-81.680159,89.2,2024-11-07 00:11:02
VH_03620,Honda Civic,118.0,34.4,-63.083987,-139.075537,89.6,2024-11-05 14:48:11
VH_03621,BMW X5,63.7,56.6,-65.269082,-143.157235,82.1,2024-11-26 21:42:45
VH_03622,Honda Civic,113.2,42.4,-57.054463,-89.745965,91.5,2024-11-01 14:24:42
VH_03623,Mercedes EQS,68.9,130.8,42.259698,-89.352723,75.2,2024-11-20 01:57:16
VH_03624,Honda Civic,64.9,43.7,50.464513,-176.390042,74.2,2024-11-12 23:39:21
VH_03625,Tesla Model 3,118.1,158.6,-61.393322,13.282684,83.2,2024-11-02 21:51:04
VH_03626,Toyota Camry,88.4,5.3,49.096428,42.868617,92.0,2024-11-29 15:26:57
VH_03627,Ford F-150,89.6,127.1,71.958792,74.998183,97.3,2024-11-15 16:18:10
VH_03628,BMW X5,92.3,157.8,65.729017,-4.753851,74.0,2024-11-02 22:16:26
VH_03629,BMW X5,80.3,142.8,61.710795,-161.366748,77.2,2024-11-11 14:45:38
VH_03630,Mercedes EQS,112.9,66.7,-76.852337,67.652123,94.4,2024-11-30 01:07:27
VH_03631,Mercedes EQS,89.6,165.1,-38.941687,-13.697267,99.2,2024-11-17 17:33:51
VH_03632,Tesla Model 3,85.9,52.1,-78.348335,88.178903,90.0,2024-11-26 19:38:58
VH_03633,Tesla Model 3,72.4,32.0,89.656048,-23.615298,91.7,2024-11-12 08:33:08
VH_03634,Hyundai Ioniq,79.1,33.4,9.999197,-142.776698,86.5,2024-11-25 19:41:42
VH_03635,Mercedes EQS,114.5,116.7,84.644343,45.560995,93.3,2024-11-23 07:15:47
VH_03636,Tesla Model 3,85.6,3.8,69.23505,85.533746,71.2,2024-11-09 18:28:02
VH_03637,Chevrolet Bolt,73.9,162.7,-7.810512,54.157945,72.4,2024-11-30 19:35:24
VH_03638,Honda Civic,94.7,12.7,-75.48416,-26.502648,87.4,2024-11-10 01:58:17
VH_03639,Chevrolet Bolt,99.0,57.4,-33.756942,-11.671464,71.7,2024-11-01 07:57:54
VH_03640,Chevrolet Bolt,119.0,179.4,-89.406628,-7.385014,70.2,2024-11-28 02:48:15
VH_03641,Mercedes EQS,106.5,53.6,-39.140527,28.032723,88.4,2024-11-20 09:26:59
VH_03642,Mercedes EQS,80.8,68.0,-15.093251,164.949029,73.8,2024-11-04 10:21:46
VH_03643,Tesla Model 3,116.1,146.1,74.151493,-50.974929,88.3,2024-11-13 11:39:55
VH_03644,Ford F-150,104.4,50.0,-59.163317,144.080904,87.5,2024-11-17 08:13:19
VH_03645,Tesla Model 3,109.0,148.4,37.436766,87.298566,88.4,2024-11-18 00:57:59
VH_03646,Honda Civic,94.9,37.5,33.977613,-140.495809,92.4,2024-11-05 19:55:42
VH_03647,Ford F-150,84.6,55.6,-70.694163,-97.058694,95.8,2024-11-21 19:41:26
VH_03648,Ford F-150,105.4,132.1,-88.233044,127.260747,92.0,2024-11-13 05:22:42
VH_03649,BMW X5,74.2,158.9,73.009759,-129.359952,77.8,2024-11-21 09:06:47
VH_03650,Honda Civic,89.2,90.4,55.771351,132.615063,98.7,2024-11-10 15:31:40
VH_03651,Chevrolet Bolt,109.6,31.0,23.99417,16.197311,74.2,2024-11-04 21:24:52
VH_03652,Toyota Camry,113.2,157.2,56.881383,55.382817,87.1,2024-11-12 04:02:19
VH_03653,Ford F-150,111.6,121.5,43.510244,126.57929,79.6,2024-11-07 17:58:45
VH_03654,Hyundai Ioniq,67.2,162.6,-10.577553,-65.817445,87.4,2024-11-12 20:28:36
VH_03655,Tesla Model 3,89.9,147.0,-77.340557,-69.907243,95.2,2024-11-10 23:49:34
VH_03656,Chevrolet Bolt,119.3,161.6,89.336088,1.392695,74.9,2024-11-12 16:28:47
VH_03657,Toyota Camry,85.9,138.0,50.664528,29.327517,77.8,2024-11-02 06:41:47
VH_03658,Tesla Model 3,108.8,95.9,1.697642,-173.263519,91.1,2024-11-15 11:00:32
VH_03659,Tesla Model 3,82.3,16.7,-83.261784,-163.96834,72.0,2024-11-08 10:20:05
VH_03660,Tesla Model 3,102.4,4.3,-74.296099,-163.605177,85.5,2024-11-21 12:25:50
VH_03661,Honda Civic,98.1,84.7,-9.789283,105.314608,75.7,2024-11-04 02:50:03
VH_03662,Ford F-150,96.4,86.1,74.656937,-176.13179,89.9,2024-11-02 00:00:02
VH_03663,Tesla Model 3,98.7,119.6,-43.953693,80.725252,79.2,2024-11-07 07:07:20
VH_03664,Hyundai Ioniq,84.7,11.9,-81.902795,-172.508152,95.3,2024-11-01 02:15:54
VH_03665,BMW X5,97.7,19.9,-68.047432,-58.957866,80.0,2024-11-23 02:21:50
VH_03666,Tesla Model 3,68.0,129.7,46.771063,179.462336,90.5,2024-11-07 05:01:04
VH_03667,Toyota Camry,95.8,64.3,45.9037,178.389794,83.9,2024-11-05 03:07:58
VH_03668,BMW X5,107.7,13.8,4.092231,95.13817,96.7,2024-11-28 03:38:03
VH_03669,BMW X5,93.3,128.8,73.120149,116.341702,84.7,2024-11-24 02:43:16
VH_03670,Honda Civic,115.1,155.7,-50.807237,-7.062126,89.7,2024-11-07 06:03:15
VH_03671,Chevrolet Bolt,96.4,15.1,84.773051,-99.645691,83.7,2024-11-08 19:16:19
VH_03672,Tesla Model 3,90.4,40.5,-40.516066,-137.91273,77.6,2024-11-17 13:58:21
VH_03673,Tesla Model 3,84.6,91.8,59.226435,52.272157,93.7,2024-11-11 20:13:03
VH_03674,Chevrolet Bolt,92.3,161.8,-84.488207,166.262543,87.4,2024-11-20 13:13:32
VH_03675,Toyota Camry,103.7,7.2,22.748139,106.329299,80.4,2024-11-24 12:26:12
VH_03676,Honda Civic,90.6,111.6,73.291079,-141.824495,99.5,2024-11-16 18:59:22
VH_03677,Tesla Model 3,83.5,25.2,-24.894521,-79.586037,79.2,2024-11-10 06:46:47
VH_03678,Tesla Model 3,95.0,80.7,31.368981,-66.167955,70.9,2024-11-20 22:21:29
VH_03679,Honda Civic,78.8,75.7,-7.90441,-129.501887,71.6,2024-11-23 17:33:48
VH_03680,Honda Civic,64.5,63.9,-7.445441,56.422901,75.6,2024-11-17 19:32:41
VH_03681,Hyundai Ioniq,98.9,129.4,46.037093,62.557092,78.0,2024-11-02 17:57:21
VH_03682,Toyota Camry,116.3,92.9,16.826666,-31.2553,84.0,2024-11-25 10:25:41
VH_03683,Tesla Model 3,92.3,144.4,76.883156,-120.69272,91.5,2024-11-07 13:46:50
VH_03684,Toyota Camry,107.9,137.2,-84.368952,-166.068297,93.4,2024-11-01 10:39:33
VH_03685,Tesla Model 3,61.3,136.1,-34.135979,93.533191,72.0,2024-11-07 01:23:49
VH_03686,Tesla Model 3,77.7,19.0,-10.153243,60.719948,86.1,2024-11-01 18:12:12
VH_03687,Toyota Camry,76.8,169.7,-85.862576,69.86025,79.3,2024-11-21 18:06:02
VH_03688,Toyota Camry,64.9,75.3,81.186503,-126.383444,83.0,2024-11-15 04:36:21
VH_03689,Tesla Model 3,116.8,89.6,35.226743,22.662345,82.4,2024-11-04 23:43:41
VH_03690,BMW X5,60.9,21.1,-6.626539,100.291767,76.9,2024-11-08 14:57:12
VH_03691,Toyota Camry,106.6,124.7,28.730425,-99.313609,92.6,2024-11-23 12:06:38
VH_03692,Toyota Camry,78.5,67.7,-13.833975,10.840176,99.8,2024-11-24 10:36:04
VH_03693,Honda Civic,75.4,146.0,32.276971,91.714568,89.2,2024-11-03 18:27:52
VH_03694,BMW X5,117.6,92.4,-71.80185,-12.946509,88.7,2024-11-25 06:47:17
VH_03695,Mercedes EQS,94.4,47.0,61.466557,-122.096214,84.0,2024-11-14 17:08:52
VH_03696,Honda Civic,67.3,167.2,32.415682,-158.692373,85.3,2024-11-15 00:01:29
VH_03697,Tesla Model 3,74.8,146.5,76.018828,68.162311,94.5,2024-11-05 16:53:36
VH_03698,Mercedes EQS,67.5,83.5,17.041926,143.113191,84.2,2024-11-02 01:08:07
VH_03699,Ford F-150,74.5,136.6,-41.253871,82.38141,74.6,2024-11-19 12:17:06
VH_03700,Tesla Model 3,88.1,5.1,56.253238,168.300845,90.7,2024-11-11 04:39:00
VH_03701,Honda Civic,78.9,157.6,30.915703,-106.018257,72.2,2024-11-17 08:07:02
VH_03702,Chevrolet Bolt,98.2,20.4,60.474109,144.352624,89.2,2024-11-02 08:21:07
VH_03703,Tesla Model 3,89.3,44.6,-17.637975,29.90073,71.6,2024-11-02 14:30:15
VH_03704,Chevrolet Bolt,67.7,13.6,31.481426,-84.679787,89.4,2024-11-21 13:47:58
VH_03705,Mercedes EQS,86.3,177.5,-46.018077,91.483322,94.5,2024-11-28 05:04:27
VH_03706,Chevrolet Bolt,68.2,139.5,-68.414561,119.706944,73.3,2024-11-16 04:17:13
VH_03707,Tesla Model 3,97.3,128.8,-34.005056,84.440967,82.4,2024-11-05 03:20:53
VH_03708,BMW X5,111.1,59.3,-52.262247,94.747928,99.9,2024-11-16 09:01:03
VH_03709,Toyota Camry,69.3,95.4,39.570597,44.951772,71.8,2024-11-06 04:02:32
VH_03710,Honda Civic,96.7,147.1,28.243553,168.295331,75.5,2024-11-10 07:07:05
VH_03711,Tesla Model 3,80.8,66.7,-48.601823,-54.78735,71.7,2024-11-11 00:18:12
VH_03712,Toyota Camry,104.2,113.1,67.661127,-118.297862,85.5,2024-11-17 07:32:31
VH_03713,Tesla Model 3,108.4,56.9,67.114516,77.785721,85.3,2024-11-29 10:38:01
VH_03714,Tesla Model 3,113.5,147.8,55.493139,-50.143607,93.7,2024-11-15 07:20:20
VH_03715,Honda Civic,81.5,50.5,36.221741,-2.757366,84.5,2024-11-14 20:22:06
VH_03716,Mercedes EQS,76.4,70.3,52.978262,-91.698469,79.2,2024-11-14 16:55:01
VH_03717,Tesla Model 3,62.9,1.6,12.294008,134.564298,97.7,2024-11-19 22:35:10
VH_03718,Hyundai Ioniq,86.1,172.9,30.887219,-48.904401,81.0,2024-11-11 02:12:45
VH_03719,Ford F-150,95.6,141.3,56.803446,22.489924,97.1,2024-11-15 02:10:11
VH_03720,Ford F-150,82.8,104.9,-64.85156,-172.029848,95.4,2024-11-02 04:22:41
VH_03721,Toyota Camry,111.6,45.6,85.997336,83.210029,88.1,2024-11-03 02:42:30
VH_03722,Honda Civic,86.0,103.2,88.495617,127.596376,94.4,2024-11-07 20:40:03
VH_03723,Hyundai Ioniq,104.6,84.4,-10.735161,-128.403382,98.6,2024-11-18 12:05:35
VH_03724,Tesla Model 3,113.6,18.7,-4.15366,-107.534944,90.6,2024-11-03 18:08:37
VH_03725,Hyundai Ioniq,82.3,116.8,-48.394943,64.943093,90.8,2024-11-29 08:58:40
VH_03726,Ford F-150,100.4,107.5,78.19596,-86.8836,78.0,2024-11-08 12:04:09
VH_03727,Honda Civic,94.4,28.0,76.436488,-26.143295,93.6,2024-11-25 05:48:52
VH_03728,Honda Civic,75.9,74.5,-42.738582,153.524182,79.2,2024-11-18 04:50:27
VH_03729,BMW X5,81.2,82.2,1.273316,-138.249128,83.5,2024-11-10 08:54:52
VH_03730,Mercedes EQS,89.6,157.3,32.589718,130.740195,94.0,2024-11-22 07:59:42
VH_03731,Hyundai Ioniq,91.7,23.9,-63.888166,65.79904,97.1,2024-11-08 20:02:46
VH_03732,Hyundai Ioniq,117.9,70.9,29.818891,-133.436968,81.6,2024-11-23 09:53:03
VH_03733,Toyota Camry,108.9,127.9,47.960201,-80.361758,71.2,2024-11-19 21:43:44
VH_03734,Toyota Camry,82.0,14.5,9.43766,-96.693744,72.4,2024-11-06 23:02:13
VH_03735,Toyota Camry,81.0,168.8,37.322909,109.676514,86.0,2024-11-30 06:39:49
VH_03736,Ford F-150,88.6,117.0,32.250769,-58.136407,80.7,2024-11-26 12:42:17
VH_03737,Mercedes EQS,116.8,79.6,77.625481,-28.800368,84.4,2024-11-14 05:57:37
VH_03738,Mercedes EQS,97.5,57.3,-42.300941,147.835319,76.9,2024-11-23 04:13:05
VH_03739,Honda Civic,107.3,128.8,3.605331,-102.258504,82.5,2024-11-29 01:57:50
VH_03740,Honda Civic,109.5,62.0,-82.608422,-130.336769,70.0,2024-11-22 09:49:42
VH_03741,BMW X5,64.1,34.9,23.045763,-89.502829,99.9,2024-11-26 08:05:12
VH_03742,Tesla Model 3,112.6,120.0,-21.121617,104.426572,94.9,2024-11-11 12:19:45
VH_03743,Honda Civic,64.1,162.5,-4.24752,-139.896467,70.8,2024-11-09 19:28:49
VH_03744,Chevrolet Bolt,,102.2,-54.981826,20.200962,76.7,2024-11-28 14:10:09
VH_03745,Tesla Model 3,63.1,112.1,61.433389,-11.853842,95.5,2024-11-12 01:19:51
VH_03746,BMW X5,67.8,85.7,-55.30139,160.741308,98.2,2024-11-16 02:44:18
VH_03747,Hyundai Ioniq,63.1,176.2,-61.216372,68.518396,90.1,2024-11-19 02:42:51
VH_03748,Hyundai Ioniq,109.8,125.4,4.587372,-31.68904,91.5,2024-11-01 00:18:05
VH_03749,Toyota Camry,88.3,31.1,10.939508,46.172033,72.6,2024-11-08 14:28:40
VH_03750,Mercedes EQS,67.3,105.2,45.465216,-79.46042,75.4,2024-11-29 22:38:01
VH_03751,Chevrolet Bolt,102.0,102.6,49.036632,-132.694241,76.3,2024-11-16 21:58:33
VH_03752,Tesla Model 3,114.4,160.9,2.896988,-12.758863,80.5,2024-11-23 08:13:23
VH_03753,BMW X5,107.4,5.3,-59.877013,-175.046183,98.1,2024-11-26 12:34:19
VH_03754,Ford F-150,107.7,155.5,69.478096,-78.116613,72.0,2024-11-17 07:43:29
VH_03755,Ford F-150,,171.9,42.164126,-136.164948,76.6,2024-11-02 03:59:01
VH_03756,Tesla Model 3,90.8,98.3,-1.147517,-54.16251,91.0,2024-11-24 12:35:35
VH_03757,BMW X5,101.0,60.9,88.360517,31.572356,87.3,2024-11-05 16:58:24
VH_03758,Honda Civic,62.6,111.4,73.571722,-116.648814,77.4,2024-11-21 00:21:57
VH_03759,Chevrolet Bolt,100.6,23.0,-57.963349,-25.470522,80.2,2024-11-27 05:21:05
VH_03760,BMW X5,77.3,124.2,-82.915179,105.562767,97.6,2024-11-27 20:48:25
VH_03761,Tesla Model 3,99.7,164.4,32.756221,67.958929,97.2,2024-11-08 02:22:40
VH_03762,Hyundai Ioniq,112.6,46.9,-55.191811,-73.478117,96.1,2024-11-28 20:45:06
VH_03763,Honda Civic,66.4,141.1,75.861383,77.350297,96.6,2024-11-22 19:16:38
VH_03764,Hyundai Ioniq,62.0,100.1,32.181193,61.92564,90.8,2024-11-28 08:41:16
VH_03765,Tesla Model 3,110.0,168.5,71.706856,160.888905,86.0,2024-11-22 16:13:54
VH_03766,Toyota Camry,64.5,135.3,-80.17175,52.426588,98.1,2024-11-23 05:17:39
VH_03767,Ford F-150,118.7,52.1,-73.503352,-18.864267,77.1,2024-11-29 02:39:29
VH_03768,Tesla Model 3,96.7,57.1,-8.187468,-161.141437,99.0,2024-11-14 12:45:18
VH_03769,Tesla Model 3,112.7,19.7,43.29633,-51.70532,90.1,2024-11-26 07:38:04
VH_03770,Tesla Model 3,115.6,46.6,-45.567397,157.139477,86.4,2024-11-14 03:02:50
VH_03771,Hyundai Ioniq,77.6,86.8,16.052496,-39.967824,72.0,2024-11-25 16:58:56
VH_03772,Mercedes EQS,82.4,141.5,-57.881837,-24.440581,90.9,2024-11-29 14:48:15
VH_03773,Tesla Model 3,63.0,174.7,49.938155,165.558813,90.0,2024-11-08 17:17:22
VH_03774,Chevrolet Bolt,72.5,61.6,-0.663046,-129.245995,81.7,2024-11-24 11:37:46
VH_03775,BMW X5,119.3,27.8,-45.149744,-170.328985,93.4,2024-11-23 05:24:58
VH_03776,Ford F-150,111.8,62.8,15.656001,-47.732334,74.3,2024-11-15 19:16:28
VH_03777,Ford F-150,106.5,68.5,-88.756701,14.274761,91.7,2024-11-01 00:58:43
VH_03778,Toyota Camry,80.0,88.4,6.784643,-33.384826,88.2,2024-11-10 23:28:14
VH_03779,Tesla Model 3,114.1,48.4,57.807658,171.193437,94.7,2024-11-20 16:37:51
VH_03780,Hyundai Ioniq,71.3,105.9,-31.828087,83.619473,86.1,2024-11-30 22:18:44
VH_03781,BMW X5,96.1,154.6,65.833715,108.972405,94.5,2024-11-02 08:10:17
VH_03782,Hyundai Ioniq,108.1,76.7,-85.519082,-81.951927,81.3,2024-11-14 11:53:21
VH_03783,Tesla Model 3,74.9,80.1,88.715846,102.216267,92.0,2024-11-04 20:26:36
VH_03784,BMW X5,99.6,178.5,70.512692,-77.863776,81.6,2024-11-22 05:56:15
VH_03785,Tesla Model 3,103.7,148.7,72.580326,-94.189832,97.3,2024-11-23 06:06:41
VH_03786,Tesla Model 3,112.5,163.2,70.566321,74.834239,94.0,2024-11-01 07:14:12
VH_03787,Mercedes EQS,75.3,67.4,0.286764,-25.530287,85.7,2024-11-15 02:25:19
VH_03788,Honda Civic,103.5,55.4,-40.670319,-3.948181,80.8,2024-11-12 08:28:27
VH_03789,Tesla Model 3,75.0,130.6,18.785168,0.205158,75.2,2024-11-11 01:27:07
VH_03790,BMW X5,101.2,31.0,23.938721,-130.912933,91.4,2024-11-28 23:22:13
VH_03791,Chevrolet Bolt,110.1,94.3,61.34374,150.590193,73.7,2024-11-28 08:09:37
VH_03792,Tesla Model 3,60.9,125.8,-67.873748,130.01965,74.2,2024-11-01 07:49:49
VH_03793,Tesla Model 3,76.4,92.1,76.139196,-53.601688,83.6,2024-11-24 10:42:34
VH_03794,Ford F-150,109.8,120.0,-70.116663,162.221397,89.5,2024-11-19 10:34:52
VH_03795,Toyota Camry,77.8,75.2,16.03737,-96.95763,72.5,2024-11-05 19:01:46
VH_03796,Toyota Camry,109.1,55.8,-10.769186,-35.758217,97.6,2024-11-22 20:25:38
VH_03797,Ford F-150,84.0,67.0,-4.709852,-24.111502,82.0,2024-11-13 05:15:39
VH_03798,Ford F-150,83.6,101.2,-67.369992,0.048217,92.1,2024-11-17 14:29:08
VH_03799,Toyota Camry,68.4,78.4,-30.684191,-64.5641,75.6,2024-11-24 20:04:11
VH_03800,BMW X5,77.3,112.2,3.493351,10.519106,87.8,2024-11-25 08:01:57
VH_03801,Ford F-150,68.6,64.9,43.272112,-128.972451,70.1,2024-11-04 17:43:02
VH_03802,BMW X5,93.2,124.6,-15.452265,38.636728,87.8,2024-11-27 00:43:46
VH_03803,BMW X5,100.8,116.2,-12.276981,66.805598,71.0,2024-11-19 10:37:10
VH_03804,Toyota Camry,68.4,74.7,82.816677,-107.21907,71.1,2024-11-08 21:00:29
VH_03805,Mercedes EQS,65.3,44.5,-55.083483,15.834889,75.7,2024-11-28 12:13:08
VH_03806,Hyundai Ioniq,74.3,147.7,71.430796,-140.94208,73.4,2024-11-25 16:13:27
VH_03807,Tesla Model 3,61.3,63.7,0.318146,-63.582021,85.7,2024-11-16 12:34:25
VH_03808,Tesla Model 3,101.8,64.0,12.512373,-142.436888,72.2,2024-11-10 08:41:42
VH_03809,Chevrolet Bolt,87.4,45.5,-8.131906,163.331507,76.3,2024-11-04 12:53:08
VH_03810,Ford F-150,117.5,158.3,-54.050604,0.601591,91.4,2024-11-05 07:41:00
VH_03811,Tesla Model 3,79.7,174.4,81.943267,148.992255,83.0,2024-11-13 00:17:30
VH_03812,Honda Civic,72.2,151.4,38.168675,27.060395,91.3,2024-11-27 01:52:52
VH_03813,Ford F-150,75.0,83.5,6.099236,-129.288074,98.3,2024-11-19 18:58:28
VH_03814,Ford F-150,101.6,108.0,44.994986,177.546957,93.2,2024-11-21 23:30:31
VH_03815,Tesla Model 3,111.6,168.2,-34.826607,-10.610303,91.1,2024-11-09 03:52:29
VH_03816,Toyota Camry,83.6,159.4,78.454613,-77.775389,82.9,2024-11-18 13:37:46
VH_03817,Mercedes EQS,89.1,106.2,-55.576925,-6.700867,91.8,2024-11-30 10:16:39
VH_03818,Chevrolet Bolt,62.9,146.3,-89.293572,55.792418,97.9,2024-11-25 00:04:47
VH_03819,Toyota Camry,96.4,10.5,51.592738,43.254266,95.7,2024-11-07 04:12:24
VH_03820,Honda Civic,71.3,171.9,-8.244618,-143.690671,73.9,2024-11-18 17:38:27
VH_03821,BMW X5,94.3,114.1,71.826642,83.163486,81.5,2024-11-15 19:03:17
VH_03822,Hyundai Ioniq,103.4,75.1,-57.083003,-167.16553,81.7,2024-11-21 15:11:15
VH_03823,Chevrolet Bolt,97.9,42.4,-51.815234,64.120812,71.1,2024-11-08 13:21:20
VH_03824,Toyota Camry,103.9,69.0,-31.854126,62.494782,72.7,2024-11-14 10:09:49
VH_03825,Hyundai Ioniq,,9.7,-0.987121,-67.187072,95.7,2024-11-26 14:03:39
VH_03826,Ford F-150,63.9,49.3,-61.267506,-129.188402,78.5,2024-11-15 10:38:33
VH_03827,Toyota Camry,116.9,8.9,-39.596428,-174.786242,98.6,2024-11-30 03:20:26
VH_03828,Chevrolet Bolt,112.0,169.5,2.788449,127.788722,89.2,2024-11-28 10:16:45
VH_03829,Tesla Model 3,87.9,25.1,-41.430644,-71.179232,93.6,2024-11-05 04:14:33
VH_03830,Hyundai Ioniq,97.2,84.3,-72.685331,20.614397,77.1,2024-11-16 22:46:59
VH_03831,Toyota Camry,74.5,167.2,46.168361,-3.973262,88.9,2024-11-11 17:01:52
VH_03832,Honda Civic,81.3,46.3,-18.389352,-22.474419,83.3,2024-11-24 02:21:53
VH_03833,Chevrolet Bolt,80.3,55.8,76.815405,-76.283801,98.1,2024-11-09 17:23:39
VH_03834,Tesla Model 3,84.4,19.0,70.436749,-91.057269,76.5,2024-11-29 00:22:15
VH_03835,Ford F-150,67.7,47.9,-6.719161,-161.63845,74.2,2024-11-04 08:21:38
VH_03836,Mercedes EQS,116.0,17.7,69.246405,118.982344,76.7,2024-11-13 02:45:34
VH_03837,Toyota Camry,86.2,85.1,63.842037,14.253867,88.4,2024-11-17 01:07:59
VH_03838,Honda Civic,113.5,146.2,-4.832231,-102.521381,96.5,2024-11-28 10:14:23
VH_03839,Chevrolet Bolt,67.9,155.7,65.619008,-100.422975,97.6,2024-11-30 03:38:59
VH_03840,Tesla Model 3,119.2,62.4,-46.364328,70.854311,80.9,2024-11-23 10:13:18
VH_03841,Ford F-150,65.3,51.8,-57.46325,104.317443,72.7,2024-11-10 01:50:21
VH_03842,Tesla Model 3,62.0,166.7,-19.512667,55.240064,90.2,2024-11-30 00:46:01
VH_03843,Chevrolet Bolt,60.2,49.7,-44.742808,-38.205347,96.3,2024-11-20 01:03:28
VH_03844,Mercedes EQS,75.1,148.3,44.774767,22.833771,93.8,2024-11-29 13:20:55
VH_03845,Ford F-150,68.8,124.2,86.504293,74.715687,88.9,2024-11-23 11:53:12
VH_03846,Tesla Model 3,69.9,160.1,-10.541393,78.409125,77.2,2024-11-08 15:09:48
VH_03847,Honda Civic,62.8,112.9,72.442654,151.230389,97.7,2024-11-16 12:22:11
VH_03848,Toyota Camry,66.4,108.3,-50.706127,14.546528,81.2,2024-11-02 22:00:42
VH_03849,Toyota Camry,,105.8,71.91223,59.616536,76.4,2024-11-07 19:42:24
VH_03850,Mercedes EQS,103.9,76.3,82.321217,155.457802,96.5,2024-11-14 18:31:06
VH_03851,Tesla Model 3,93.1,21.7,-60.17427,56.905224,98.9,2024-11-02 08:24:03
VH_03852,Tesla Model 3,76.5,75.8,-51.012338,-113.82822,78.6,2024-11-19 09:01:56
VH_03853,Tesla Model 3,107.3,136.9,-15.640353,130.990761,78.6,2024-11-04 03:47:52
VH_03854,BMW X5,104.9,132.3,-30.078555,-12.405819,84.9,2024-11-16 05:20:58
VH_03855,Ford F-150,105.4,147.2,2.641235,-141.038898,91.9,2024-11-25 06:11:23
VH_03856,Mercedes EQS,100.5,64.6,57.062304,-50.06495,87.4,2024-11-16 21:13:33
VH_03857,BMW X5,60.8,141.4,25.301814,96.886883,97.9,2024-11-11 15:04:10
VH_03858,Chevrolet Bolt,78.9,32.8,61.741357,85.234845,85.5,2024-11-07 18:43:45
VH_03859,Hyundai Ioniq,93.8,33.1,69.714313,-62.61563,92.0,2024-11-17 10:23:40
VH_03860,Tesla Model 3,115.1,114.1,61.052231,-108.73436,89.2,2024-11-12 03:47:49
VH_03861,Tesla Model 3,84.8,49.1,-38.746766,156.856952,79.2,2024-11-03 18:53:47
VH_03862,Tesla Model 3,110.8,8.3,-76.053886,104.427078,74.7,2024-11-29 15:47:34
VH_03863,Tesla Model 3,67.3,111.6,-53.943105,49.814725,74.5,2024-11-10 05:35:24
VH_03864,Tesla Model 3,70.0,114.8,-84.071281,77.867695,90.2,2024-11-15 20:03:49
VH_03865,Chevrolet Bolt,113.9,100.3,-85.396106,109.893905,90.3,2024-11-29 17:19:10
VH_03866,Tesla Model 3,71.9,9.8,8.238597,13.85892,76.4,2024-11-15 06:36:08
VH_03867,Honda Civic,84.2,123.7,-85.671498,162.31825,83.1,2024-11-08 13:33:14
VH_03868,Tesla Model 3,84.0,176.5,-22.088556,-68.901235,86.9,2024-11-21 22:39:06
VH_03869,Hyundai Ioniq,109.2,122.4,11.712155,-68.653164,85.5,2024-11-25 13:01:08
VH_03870,Hyundai Ioniq,100.9,64.1,41.179775,10.575905,80.1,2024-11-09 18:36:33
VH_03871,Tesla Model 3,98.0,29.7,-4.189655,-113.629638,81.4,2024-11-08 02:30:06
VH_03872,Toyota Camry,114.8,25.7,-9.373338,113.262354,84.6,2024-11-15 18:23:02
VH_03873,BMW X5,112.9,165.9,57.606776,38.065856,75.0,2024-11-03 15:54:26
VH_03874,Ford F-150,76.2,31.8,50.572325,64.777373,77.6,2024-11-13 04:54:31
VH_03875,Honda Civic,118.7,74.9,-71.036071,-52.762305,98.1,2024-11-15 11:30:02
VH_03876,Toyota Camry,104.6,15.6,-81.324496,-43.765777,85.4,2024-11-09 04:40:25
VH_03877,Tesla Model 3,92.9,136.4,44.317763,70.342899,98.7,2024-11-30 21:46:41
VH_03878,Ford F-150,76.3,45.1,70.94403,-88.264203,70.6,2024-11-12 22:23:19
VH_03879,Mercedes EQS,107.8,117.0,73.633959,-50.318429,85.6,2024-11-21 17:46:31
VH_03880,Ford F-150,79.4,144.0,-48.681374,-72.109555,71.4,2024-11-28 06:07:56
VH_03881,Honda Civic,73.7,118.0,66.38886,16.006799,86.3,2024-11-06 21:19:50
VH_03882,Ford F-150,104.5,48.2,-14.250954,-155.477875,74.1,2024-11-10 21:05:03
VH_03883,Tesla Model 3,89.6,174.5,-45.41359,169.103348,86.5,2024-11-01 02:44:52
VH_03884,Tesla Model 3,100.4,28.4,77.46838,-169.990935,81.6,2024-11-05 15:36:55
VH_03885,Toyota Camry,82.0,5.6,22.892933,-93.434302,73.0,2024-11-08 08:58:45
VH_03886,Mercedes EQS,115.7,43.6,58.674624,49.377504,90.6,2024-11-04 05:33:26
VH_03887,Honda Civic,60.3,99.6,-75.681093,-5.387718,75.5,2024-11-06 22:21:55
VH_03888,BMW X5,114.9,87.1,-83.706422,-139.537114,88.7,2024-11-30 08:10:17
VH_03889,Tesla Model 3,,152.7,-45.92072,58.711189,83.7,2024-11-16 13:03:36
VH_03890,Tesla Model 3,94.5,124.1,-88.595541,-177.946858,73.2,2024-11-29 05:53:09
VH_03891,Tesla Model 3,105.1,14.3,-6.67556,132.775007,95.3,2024-11-11 07:39:23
VH_03892,Toyota Camry,70.4,52.9,-34.396662,-94.155127,99.7,2024-11-25 18:33:27
VH_03893,Ford F-150,88.9,67.1,-76.908509,-77.515847,84.8,2024-11-22 03:14:05
VH_03894,Tesla Model 3,66.8,175.7,-79.455172,77.591314,86.6,2024-11-01 12:34:36
VH_03895,Mercedes EQS,68.4,174.1,73.100448,123.755794,71.6,2024-11-12 12:36:32
VH_03896,Ford F-150,104.0,93.5,64.988562,16.313758,91.8,2024-11-14 17:45:23
VH_03897,Hyundai Ioniq,94.1,20.5,60.727597,-119.616753,81.4,2024-11-01 14:42:07
VH_03898,Mercedes EQS,111.7,156.7,-51.354905,-84.492495,72.3,2024-11-12 07:58:22
VH_03899,Chevrolet Bolt,104.2,63.1,38.051792,-41.62305,80.8,2024-11-03 02:01:05
VH_03900,BMW X5,65.3,20.1,-11.402467,23.039822,91.8,2024-11-09 00:57:58
VH_03901,Ford F-150,114.3,38.7,70.296728,-2.121322,70.8,2024-11-05 01:12:57
VH_03902,Ford F-150,90.3,20.3,-12.05885,152.282603,93.8,2024-11-27 01:40:15
VH_03903,Honda Civic,68.1,107.6,-57.68669,-145.493753,75.7,2024-11-20 06:30:42
VH_03904,Ford F-150,105.2,77.8,-47.904859,-174.333436,75.1,2024-11-30 20:17:03
VH_03905,Tesla Model 3,65.0,123.4,77.59246,-58.316883,89.2,2024-11-02 02:58:43
VH_03906,BMW X5,100.4,65.0,-54.470459,39.000375,78.4,2024-11-04 14:31:08
VH_03907,Honda Civic,80.6,80.5,53.165798,-179.053635,77.8,2024-11-16 12:43:19
VH_03908,Honda Civic,77.5,167.2,-9.615424,-96.233444,84.9,2024-11-13 03:51:27
VH_03909,Tesla Model 3,96.6,8.9,-88.751278,55.818322,76.8,2024-11-02 03:36:30
VH_03910,Hyundai Ioniq,83.6,118.8,59.540015,-57.692701,85.3,2024-11-16 15:04:35
VH_03911,Honda Civic,113.7,15.2,72.498598,-20.928252,83.6,2024-11-29 21:09:31
VH_03912,Tesla Model 3,74.5,130.5,8.729622,23.294824,73.5,2024-11-27 13:28:06
VH_03913,Toyota Camry,67.8,65.0,-73.801637,-123.245951,94.8,2024-11-13 09:49:03
VH_03914,Mercedes EQS,113.7,153.0,6.149427,-153.721441,88.5,2024-11-02 22:04:03
VH_03915,Hyundai Ioniq,70.7,7.5,-33.336342,-156.188425,84.1,2024-11-14 06:15:37
VH_03916,Tesla Model 3,88.5,14.0,-74.031213,-162.351412,81.8,2024-11-27 06:02:30
VH_03917,BMW X5,108.7,79.2,-11.586564,3.677444,82.2,2024-11-10 11:28:26
VH_03918,Tesla Model 3,65.4,161.0,51.377096,-88.338085,71.7,2024-11-30 07:54:11
VH_03919,Hyundai Ioniq,98.1,97.7,-75.555006,-91.277063,99.5,2024-11-26 07:15:36
VH_03920,BMW X5,63.7,22.4,89.422985,161.579114,78.2,2024-11-17 06:36:56
VH_03921,Honda Civic,90.0,125.1,-6.350022,-30.206558,72.1,2024-11-17 10:10:50
VH_03922,Hyundai Ioniq,93.9,132.8,-72.642009,-165.956207,74.6,2024-11-05 14:10:02
VH_03923,Honda Civic,78.4,13.5,71.909401,133.200605,84.0,2024-11-02 22:44:43
VH_03924,Hyundai Ioniq,69.2,37.0,-89.244643,73.428693,80.5,2024-11-12 03:58:22
VH_03925,Ford F-150,90.3,29.2,-7.119212,-131.045441,95.9,2024-11-08 05:19:40
VH_03926,Tesla Model 3,115.0,114.5,25.979914,-114.268985,78.0,2024-11-28 09:08:26
VH_03927,Honda Civic,107.0,64.9,0.365634,-117.125408,83.8,2024-11-09 07:41:32
VH_03928,Toyota Camry,112.6,34.2,23.151705,-57.797898,84.2,2024-11-01 18:31:13
VH_03929,Tesla Model 3,114.1,5.4,56.803933,-92.635744,85.1,2024-11-21 13:37:56
VH_03930,Mercedes EQS,96.4,95.1,47.842337,-76.974548,78.6,2024-11-07 13:39:12
VH_03931,Honda Civic,74.9,100.3,-32.562877,93.166469,93.9,2024-11-17 20:03:18
VH_03932,Hyundai Ioniq,74.4,13.9,41.947688,-30.129139,83.6,2024-11-09 01:25:45
VH_03933,Honda Civic,69.3,44.8,85.19572,131.947507,94.9,2024-11-16 03:12:03
VH_03934,Toyota Camry,116.3,113.5,-79.826237,-142.430222,82.7,2024-11-12 22:25:41
VH_03935,Tesla Model 3,63.5,47.1,67.954924,-146.928169,82.0,2024-11-10 12:38:31
VH_03936,Ford F-150,101.3,61.8,85.012602,-30.383157,82.0,2024-11-26 15:22:23
VH_03937,Ford F-150,70.9,39.1,-24.401321,-168.424371,78.3,2024-11-18 15:51:54
VH_03938,Tesla Model 3,103.0,133.2,69.125179,159.586392,76.1,2024-11-15 02:26:45
VH_03939,Honda Civic,65.0,18.9,-28.883886,140.187085,77.9,2024-11-28 13:20:08
VH_03940,Honda Civic,98.5,30.0,56.331216,47.439524,85.9,2024-11-15 12:41:22
VH_03941,Mercedes EQS,97.5,54.0,-47.225333,-140.522164,81.0,2024-11-08 20:04:04
VH_03942,Chevrolet Bolt,67.4,163.8,-40.840067,-3.197087,88.3,2024-11-13 05:13:22
VH_03943,Honda Civic,77.3,105.6,68.119599,176.65099,75.2,2024-11-22 09:43:02
VH_03944,Hyundai Ioniq,79.4,117.3,21.91877,10.192381,84.9,2024-11-28 16:00:15
VH_03945,Mercedes EQS,81.6,153.7,-78.992047,-66.209617,73.6,2024-11-18 21:25:53
VH_03946,BMW X5,99.1,143.4,-50.356577,-79.934717,96.5,2024-11-09 14:42:42
VH_03947,Tesla Model 3,113.9,8.8,82.414915,112.59613,86.7,2024-11-13 15:00:35
VH_03948,Ford F-150,71.8,13.7,40.359257,-146.955573,77.5,2024-11-15 13:21:44
VH_03949,Honda Civic,74.3,86.1,25.191417,117.321201,81.5,2024-11-09 03:43:25
VH_03950,Honda Civic,104.7,177.8,24.424069,151.529822,89.0,2024-11-01 15:25:58
VH_03951,Hyundai Ioniq,104.2,106.3,-69.438261,-170.465416,94.3,2024-11-29 21:08:49
VH_03952,Mercedes EQS,74.5,80.3,-34.287926,-143.121654,94.4,2024-11-04 02:24:14
VH_03953,Mercedes EQS,89.5,172.0,23.188676,-41.127305,70.3,2024-11-04 18:19:30
VH_03954,Hyundai Ioniq,76.0,15.0,14.635496,-143.144911,97.0,2024-11-16 10:59:14
VH_03955,Honda Civic,,130.9,-55.618053,-30.486642,70.0,2024-11-13 08:18:12
VH_03956,BMW X5,71.2,176.9,-60.289653,154.208114,88.6,2024-11-21 04:14:13
VH_03957,Tesla Model 3,117.7,92.1,-49.16958,-131.880867,97.8,2024-11-03 21:59:45
VH_03958,Toyota Camry,113.3,47.6,36.36292,17.278542,74.2,2024-11-02 18:44:33
VH_03959,Ford F-150,97.1,137.3,21.219568,113.189032,92.6,2024-11-22 23:23:07
VH_03960,Tesla Model 3,75.7,5.8,-78.90224,-155.718422,72.5,2024-11-14 02:12:26
VH_03961,Tesla Model 3,83.5,115.5,-49.889164,-4.198461,77.4,2024-11-26 21:17:35
VH_03962,Hyundai Ioniq,64.1,176.4,14.186743,-118.923409,91.1,2024-11-16 15:13:26
VH_03963,Tesla Model 3,102.5,107.9,-7.747685,-63.479324,84.1,2024-11-22 04:55:42
VH_03964,Honda Civic,105.2,88.2,47.679701,1.383487,87.8,2024-11-02 09:27:18
VH_03965,Toyota Camry,89.9,103.5,28.813935,36.294635,86.0,2024-11-11 03:28:26
VH_03966,Honda Civic,86.1,84.4,39.580345,-144.106199,81.1,2024-11-11 14:28:32
VH_03967,Honda Civic,103.8,96.4,-33.037377,97.877069,94.5,2024-11-12 03:50:09
VH_03968,Chevrolet Bolt,118.5,61.4,55.527912,87.146859,96.2,2024-11-26 18:21:20
VH_03969,Honda Civic,93.1,73.8,23.890497,-42.095936,91.5,2024-11-30 23:19:30
VH_03970,Tesla Model 3,81.4,121.8,73.296311,-38.593512,97.2,2024-11-16 20:34:43
VH_03971,Chevrolet Bolt,107.8,15.7,-74.051524,-75.253054,81.7,2024-11-07 15:21:28
VH_03972,Honda Civic,110.3,51.4,-71.319042,-171.597822,93.6,2024-11-14 11:13:16
VH_03973,Tesla Model 3,77.6,90.3,86.88016,38.355735,77.0,2024-11-20 16:11:06
VH_03974,Toyota Camry,80.2,144.2,25.363757,-10.573381,83.6,2024-11-29 16:13:36
VH_03975,Tesla Model 3,109.4,130.1,-14.875863,65.449395,80.9,2024-11-16 16:01:25
VH_03976,Toyota Camry,73.4,157.6,-44.638695,112.47042,94.0,2024-11-18 02:49:54
VH_03977,Mercedes EQS,105.0,59.4,-59.316592,159.540293,98.1,2024-11-27 17:44:21
VH_03978,Mercedes EQS,85.2,142.8,62.226362,-161.503749,89.8,2024-11-16 18:12:38
VH_03979,Tesla Model 3,111.1,153.3,16.017928,48.433023,75.3,2024-11-14 06:56:35
VH_03980,Chevrolet Bolt,105.6,178.6,-31.004042,-121.640933,93.6,2024-11-20 07:00:52
VH_03981,Mercedes EQS,100.7,105.3,78.402631,41.961811,74.3,2024-11-11 21:03:39
VH_03982,Tesla Model 3,80.4,6.8,-89.834142,21.697433,92.8,2024-11-17 15:01:41
VH_03983,Toyota Camry,64.9,23.2,-64.16961,23.123476,79.6,2024-11-16 13:01:03
VH_03984,Honda Civic,101.7,61.3,37.289864,-107.382118,98.2,2024-11-24 09:39:26
VH_03985,BMW X5,74.9,29.0,-38.82236,-154.683682,73.9,2024-11-22 02:05:47
VH_03986,Toyota Camry,61.3,10.7,-26.249922,-171.928076,93.7,2024-11-10 22:15:06
VH_03987,Tesla Model 3,84.5,12.4,17.787298,9.207733,75.7,2024-11-07 23:40:56
VH_03988,Toyota Camry,99.0,162.3,89.388005,141.516536,75.7,2024-11-11 14:35:05
VH_03989,Ford F-150,62.5,18.4,81.800724,-156.255582,72.6,2024-11-19 16:04:55
VH_03990,Toyota Camry,74.7,177.4,42.837316,63.85493,71.8,2024-11-19 03:23:50
VH_03991,Chevrolet Bolt,65.2,117.0,-45.035818,54.96895,96.0,2024-11-03 15:10:21
VH_03992,Tesla Model 3,100.6,113.5,75.245461,-148.621745,84.1,2024-11-27 20:40:13
VH_03993,Tesla Model 3,103.9,123.1,-77.973467,28.926673,97.9,2024-11-24 13:40:30
VH_03994,Hyundai Ioniq,103.4,74.4,79.117663,101.924073,83.6,2024-11-21 04:43:08
VH_03995,Toyota Camry,117.2,67.9,-25.72551,-72.433729,88.5,2024-11-03 19:46:33
VH_03996,Chevrolet Bolt,114.0,90.8,20.408506,110.132151,90.9,2024-11-10 19:23:47
VH_03997,Chevrolet Bolt,104.3,20.0,72.313673,-129.704377,88.7,2024-11-28 20:59:22
VH_03998,Honda Civic,72.3,148.1,6.72412,83.370059,74.1,2024-11-13 02:40:32
VH_03999,Chevrolet Bolt,116.8,14.8,-24.25978,88.274535,72.1,2024-11-26 05:52:08
VH_04000,BMW X5,104.8,5.1,-85.889156,-44.454215,70.5,2024-11-07 17:29:51
VH_04001,Tesla Model 3,85.4,69.4,-39.340651,-141.795496,89.0,2024-11-06 23:39:01
VH_04002,Honda Civic,77.8,146.7,-4.047844,-123.412838,98.0,2024-11-21 09:24:42
VH_04003,Hyundai Ioniq,93.7,44.0,87.974231,57.924914,83.6,2024-11-29 02:27:57
VH_04004,Toyota Camry,63.3,105.0,-80.337583,24.042802,94.8,2024-11-09 04:45:12
VH_04005,Honda Civic,100.0,28.4,43.294859,98.99398,80.8,2024-11-11 00:17:34
VH_04006,Mercedes EQS,106.1,28.9,8.315637,13.32466,85.9,2024-11-28 03:40:39
VH_04007,Tesla Model 3,65.1,120.6,58.904851,32.208752,98.8,2024-11-30 06:57:14
VH_04008,Toyota Camry,65.0,122.2,-29.913571,29.655858,92.5,2024-11-29 08:22:56
VH_04009,Tesla Model 3,110.2,70.8,89.95915,179.437241,83.0,2024-11-16 14:29:33
VH_04010,Hyundai Ioniq,109.5,1.1,-43.591044,168.672512,75.1,2024-11-08 13:59:56
VH_04011,Tesla Model 3,112.7,132.7,-22.377444,13.80418,79.9,2024-11-24 23:12:51
VH_04012,Hyundai Ioniq,107.2,90.4,-5.413308,-4.295588,90.6,2024-11-03 04:29:21
VH_04013,Honda Civic,101.1,67.6,78.999468,89.499698,88.5,2024-11-12 02:14:00
VH_04014,BMW X5,68.6,115.5,-28.131816,-163.994028,73.8,2024-11-25 10:37:47
VH_04015,BMW X5,63.4,124.4,29.885644,-13.886565,97.0,2024-11-02 13:48:33
VH_04016,Mercedes EQS,89.7,48.6,63.110785,-164.558553,77.4,2024-11-21 01:53:06
VH_04017,Honda Civic,99.8,2.3,-2.281089,42.509835,94.1,2024-11-05 06:17:51
VH_04018,Tesla Model 3,76.1,86.7,61.745706,-4.393538,78.7,2024-11-09 16:45:44
VH_04019,Toyota Camry,102.7,120.0,-53.780645,-134.819241,86.8,2024-11-20 09:34:56
VH_04020,BMW X5,113.9,60.9,-73.744243,-52.179526,71.6,2024-11-19 23:51:09
VH_04021,Chevrolet Bolt,90.5,62.6,43.688808,-140.467813,79.8,2024-11-21 04:32:06
VH_04022,Honda Civic,64.9,75.8,10.74203,29.61616,79.0,2024-11-03 02:16:19
VH_04023,Chevrolet Bolt,85.2,134.3,-20.158266,-33.360415,70.4,2024-11-28 14:33:12
VH_04024,Tesla Model 3,78.8,125.2,-69.017921,146.344492,76.6,2024-11-29 11:55:08
VH_04025,Tesla Model 3,119.0,33.7,-43.056162,-46.277947,72.2,2024-11-08 05:07:14
VH_04026,Tesla Model 3,96.4,12.1,-66.841334,161.566315,89.2,2024-11-21 20:35:10
VH_04027,BMW X5,87.1,133.0,-33.85979,122.222374,91.0,2024-11-19 19:51:28
VH_04028,Honda Civic,93.2,94.6,12.792313,117.819814,88.8,2024-11-20 19:45:54
VH_04029,Honda Civic,65.1,76.5,-49.595965,-54.898381,84.8,2024-11-03 11:21:40
VH_04030,BMW X5,72.3,102.7,59.540065,-114.047119,92.9,2024-11-28 08:24:25
VH_04031,Toyota Camry,85.3,24.0,-89.22161,-136.619501,84.5,2024-11-20 16:17:10
VH_04032,Honda Civic,103.1,1.8,-2.185647,-106.63218,73.2,2024-11-30 09:58:11
VH_04033,Tesla Model 3,109.5,155.2,-46.130939,178.630302,89.5,2024-11-26 10:41:49
VH_04034,Mercedes EQS,80.8,146.2,-89.20242,103.722053,75.2,2024-11-01 14:03:48
VH_04035,BMW X5,80.9,84.7,25.411182,-52.997209,83.6,2024-11-20 00:14:19
VH_04036,Honda Civic,77.4,137.9,3.750712,108.139562,70.1,2024-11-15 11:09:30
VH_04037,Honda Civic,110.3,127.8,-50.924164,88.01733,84.1,2024-11-01 21:30:52
VH_04038,Toyota Camry,67.6,138.1,-58.659351,-19.983875,95.9,2024-11-19 11:49:25
VH_04039,BMW X5,107.6,22.9,40.432952,103.336751,95.2,2024-11-04 22:12:46
VH_04040,Chevrolet Bolt,90.9,135.5,-87.683996,-92.579467,99.3,2024-11-01 03:51:05
VH_04041,Mercedes EQS,85.8,148.4,36.642353,29.768991,85.2,2024-11-21 01:16:18
VH_04042,Ford F-150,99.7,101.2,-54.023269,53.797635,89.9,2024-11-04 02:39:09
VH_04043,Toyota Camry,65.6,167.4,0.452987,-151.703254,84.5,2024-11-30 06:25:30
VH_04044,Tesla Model 3,116.4,114.8,-13.698225,-38.432176,81.8,2024-11-30 22:28:48
VH_04045,Tesla Model 3,70.5,13.3,-45.672607,-30.907513,95.5,2024-11-29 05:30:40
VH_04046,Tesla Model 3,80.2,34.6,85.891994,-3.119179,71.5,2024-11-09 09:35:51
VH_04047,Toyota Camry,96.1,177.8,-84.444083,-99.030653,80.8,2024-11-17 17:59:46
VH_04048,Ford F-150,71.9,133.6,28.827063,-124.091854,77.5,2024-11-17 15:33:56
VH_04049,Chevrolet Bolt,101.4,171.5,-30.595978,-17.413942,72.9,2024-11-17 14:48:45
VH_04050,Toyota Camry,108.4,141.1,-45.085529,-47.104704,85.0,2024-11-27 23:08:41
VH_04051,Ford F-150,107.4,22.6,64.462236,-36.713886,74.6,2024-11-15 04:19:57
VH_04052,Toyota Camry,96.2,90.1,-61.204756,80.362041,98.7,2024-11-12 13:14:31
VH_04053,Hyundai Ioniq,114.0,163.7,73.248274,-153.418675,73.6,2024-11-29 12:01:21
VH_04054,Tesla Model 3,89.8,48.3,-73.934346,-36.014858,72.5,2024-11-18 02:09:59
VH_04055,Tesla Model 3,110.3,24.8,72.400692,-120.051548,74.0,2024-11-19 18:34:19
VH_04056,Hyundai Ioniq,94.0,59.0,-41.599155,154.427327,90.0,2024-11-02 03:36:36
VH_04057,Hyundai Ioniq,117.4,101.3,11.141809,-85.125462,93.4,2024-11-10 05:01:49
VH_04058,Ford F-150,104.7,46.1,64.507399,-15.113383,95.0,2024-11-20 20:50:41
VH_04059,Toyota Camry,64.6,158.7,75.340253,12.980067,83.1,2024-11-17 12:03:16
VH_04060,Chevrolet Bolt,,132.6,68.686427,-167.773583,96.8,2024-11-05 09:19:41
VH_04061,Hyundai Ioniq,95.7,129.6,44.066573,5.604597,74.2,2024-11-11 02:40:19
VH_04062,Hyundai Ioniq,99.1,133.4,47.520393,165.338595,92.7,2024-11-10 03:20:59
VH_04063,Honda Civic,60.9,21.1,50.43551,-148.694283,89.1,2024-11-02 11:45:27
VH_04064,Honda Civic,66.4,139.5,30.843854,-32.485464,91.2,2024-11-24 22:03:48
VH_04065,Ford F-150,119.7,78.9,-89.870929,-129.652327,97.1,2024-11-11 20:23:24
VH_04066,Honda Civic,102.7,99.1,8.843864,159.661048,74.7,2024-11-29 01:13:57
VH_04067,Hyundai Ioniq,83.8,85.8,86.130289,-20.564861,98.3,2024-11-10 16:14:57
VH_04068,Honda Civic,73.4,139.4,0.591677,175.293734,81.3,2024-11-21 09:56:59
VH_04069,Chevrolet Bolt,87.6,18.1,23.20678,-179.096269,82.2,2024-11-16 19:47:25
VH_04070,Toyota Camry,77.2,155.2,-55.118393,-33.10618,84.3,2024-11-16 10:05:07
VH_04071,Tesla Model 3,109.1,36.2,-46.082028,-38.710772,91.8,2024-11-01 06:34:05
VH_04072,BMW X5,104.6,61.5,87.792013,141.935601,89.6,2024-11-25 00:53:47
VH_04073,Tesla Model 3,74.5,119.0,45.909587,6.2943,85.1,2024-11-26 21:55:18
VH_04074,Tesla Model 3,111.0,59.5,86.583679,-130.824565,87.7,2024-11-09 13:10:06
VH_04075,Toyota Camry,112.9,23.0,-41.018041,-1.678377,85.3,2024-11-03 08:44:37
VH_04076,Mercedes EQS,93.8,92.8,-34.946092,125.789791,93.4,2024-11-19 17:50:43
VH_04077,Ford F-150,78.9,141.7,48.341969,-175.321404,70.8,2024-11-29 03:38:26
VH_04078,Tesla Model 3,118.0,166.5,-8.865956,6.858936,98.1,2024-11-13 12:09:51
VH_04079,Hyundai Ioniq,115.1,127.6,23.544745,82.247082,78.5,2024-11-20 12:13:47
VH_04080,Tesla Model 3,73.9,103.3,84.495018,19.610005,78.3,2024-11-11 05:26:45
VH_04081,Tesla Model 3,91.9,170.3,-21.966646,-155.633919,76.6,2024-11-06 07:14:22
VH_04082,Honda Civic,60.8,52.9,77.852634,14.963067,77.6,2024-11-09 12:03:24
VH_04083,Hyundai Ioniq,64.1,15.6,72.538392,56.237592,75.9,2024-11-18 03:42:32
VH_04084,Tesla Model 3,111.6,2.6,-37.114765,58.259349,78.5,2024-11-09 19:23:39
VH_04085,Mercedes EQS,86.9,112.5,57.678323,-166.91349,90.5,2024-11-07 18:33:18
VH_04086,Chevrolet Bolt,92.5,80.6,-14.627216,-11.426335,95.6,2024-11-02 18:15:43
VH_04087,Mercedes EQS,83.2,29.8,41.024312,27.8059,79.6,2024-11-04 10:45:36
VH_04088,Tesla Model 3,106.9,149.7,-86.994878,-103.51712,88.4,2024-11-23 20:02:16
VH_04089,BMW X5,92.0,51.6,30.441805,54.891529,70.6,2024-11-05 20:24:53
VH_04090,Hyundai Ioniq,84.4,29.0,46.120935,59.223347,89.0,2024-11-22 17:37:36
VH_04091,Ford F-150,70.8,135.4,-46.375947,-119.936119,70.1,2024-11-06 22:36:57
VH_04092,Tesla Model 3,78.5,14.4,-31.37329,-99.913685,94.7,2024-11-06 02:50:45
VH_04093,Toyota Camry,88.2,74.7,-28.598362,118.515002,82.2,2024-11-22 22:59:25
VH_04094,Toyota Camry,95.6,177.8,50.802301,112.606054,86.8,2024-11-30 10:56:39
VH_04095,Mercedes EQS,62.0,41.0,75.936126,11.039793,99.5,2024-11-22 13:11:37
VH_04096,Toyota Camry,86.3,6.0,0.62666,90.864545,75.6,2024-11-01 15:04:31
VH_04097,BMW X5,60.8,78.8,5.375598,-140.124882,96.2,2024-11-09 05:46:13
VH_04098,Hyundai Ioniq,95.8,119.2,-58.505869,-63.493492,92.5,2024-11-23 14:09:15
VH_04099,Honda Civic,115.4,50.7,61.474972,-8.415045,77.8,2024-11-18 15:29:40
VH_04100,Tesla Model 3,104.7,56.9,-8.530642,95.586285,80.7,2024-11-15 14:02:51
VH_04101,Ford F-150,77.8,146.0,58.247841,11.463711,99.5,2024-11-16 16:29:02
VH_04102,Hyundai Ioniq,85.2,151.9,18.637868,168.17085,91.2,2024-11-26 06:34:22
VH_04103,Toyota Camry,66.3,166.6,57.408226,-66.717244,83.0,2024-11-13 02:52:12
VH_04104,BMW X5,92.6,62.0,-32.441944,-25.983014,92.1,2024-11-25 00:04:14
VH_04105,Honda Civic,98.9,10.9,-15.53259,131.637274,99.7,2024-11-01 10:46:18
VH_04106,Hyundai Ioniq,92.7,90.7,-52.286642,-155.624074,87.5,2024-11-13 13:57:46
VH_04107,Ford F-150,102.2,31.9,-2.723783,3.29236,82.8,2024-11-13 01:40:05
VH_04108,BMW X5,78.0,134.2,-28.061537,-107.009811,77.2,2024-11-11 00:40:12
VH_04109,Toyota Camry,94.7,44.0,22.260237,138.865284,74.2,2024-11-16 14:01:09
VH_04110,Tesla Model 3,80.3,57.0,68.513643,-58.592387,84.1,2024-11-26 18:02:15
VH_04111,Tesla Model 3,98.3,72.4,6.374606,-177.279747,89.2,2024-11-09 01:37:22
VH_04112,Mercedes EQS,119.7,133.0,73.439457,-12.964586,81.3,2024-11-26 12:03:33
VH_04113,Toyota Camry,83.4,28.9,77.341124,4.049604,89.0,2024-11-29 03:45:19
VH_04114,BMW X5,117.5,45.2,-14.766004,109.955794,98.6,2024-11-11 11:11:31
VH_04115,BMW X5,61.5,123.2,-27.982339,177.687599,84.1,2024-11-22 13:10:53
VH_04116,BMW X5,101.7,74.4,-72.723106,176.71571,75.7,2024-11-06 23:08:01
VH_04117,Tesla Model 3,69.3,130.3,81.256046,-147.500495,93.8,2024-11-09 12:42:23
VH_04118,Chevrolet Bolt,102.1,25.1,45.660213,-179.648505,98.2,2024-11-20 00:25:50
VH_04119,Tesla Model 3,74.4,104.4,66.157457,-145.874467,85.1,2024-11-14 07:54:09
VH_04120,Toyota Camry,76.7,151.8,20.324906,-65.412867,96.9,2024-11-12 14:29:51
VH_04121,Tesla Model 3,105.9,9.2,-48.196367,-35.158655,70.8,2024-11-08 16:40:53
VH_04122,Hyundai Ioniq,85.9,34.3,30.192827,133.588269,70.3,2024-11-22 16:31:59
VH_04123,Honda Civic,105.3,171.2,-25.14789,-143.905778,94.8,2024-11-25 10:54:21
VH_04124,Tesla Model 3,86.2,25.1,-54.954188,100.605843,93.8,2024-11-03 21:32:06
VH_04125,Ford F-150,70.4,97.2,73.300148,-67.057636,78.8,2024-11-11 05:02:55
VH_04126,Honda Civic,83.2,123.3,4.293278,134.361618,86.1,2024-11-11 05:43:00
VH_04127,Hyundai Ioniq,70.2,65.1,-10.914807,7.439495,93.7,2024-11-15 01:16:06
VH_04128,Ford F-150,116.0,119.6,-19.272306,-151.907719,76.1,2024-11-01 19:09:40
VH_04129,Hyundai Ioniq,77.6,7.5,-5.563895,87.919122,99.0,2024-11-08 09:22:58
VH_04130,Mercedes EQS,60.9,170.0,36.179771,-34.118771,88.3,2024-11-26 00:40:43
VH_04131,Hyundai Ioniq,77.0,159.5,-0.070251,25.546748,89.0,2024-11-22 00:36:23
VH_04132,Chevrolet Bolt,74.4,153.6,37.325594,129.041145,90.4,2024-11-12 02:29:56
VH_04133,Tesla Model 3,63.7,171.1,-72.374162,-31.662492,93.1,2024-11-21 22:46:19
VH_04134,Tesla Model 3,105.1,25.9,-40.658123,121.350875,79.2,2024-11-15 01:59:45
VH_04135,Honda Civic,92.0,59.6,20.757857,153.515592,98.5,2024-11-08 09:23:59
VH_04136,Tesla Model 3,94.5,13.7,60.756253,48.187746,85.3,2024-11-26 14:03:22
VH_04137,Tesla Model 3,62.2,131.6,49.34473,89.084559,92.2,2024-11-03 22:03:41
VH_04138,BMW X5,83.4,1.1,-14.608978,-173.668507,73.1,2024-11-13 17:04:24
VH_04139,Tesla Model 3,80.1,92.0,24.156465,-141.857172,94.7,2024-11-19 10:25:23
VH_04140,Hyundai Ioniq,68.0,56.2,-76.93355,-171.393986,81.7,2024-11-24 20:45:47
VH_04141,Honda Civic,77.3,177.6,67.255268,-100.494406,94.8,2024-11-04 16:43:28
VH_04142,Tesla Model 3,63.4,32.0,32.993057,-124.964534,76.3,2024-11-26 11:28:24
VH_04143,Honda Civic,80.8,133.7,62.484791,-174.965104,72.3,2024-11-04 06:50:34
VH_04144,Chevrolet Bolt,60.9,83.5,-59.123447,5.69152,70.7,2024-11-12 20:08:38
VH_04145,Ford F-150,61.5,62.3,77.423673,-169.044719,82.8,2024-11-22 13:53:15
VH_04146,BMW X5,92.5,42.1,-49.972442,-108.287825,73.7,2024-11-04 21:52:52
VH_04147,Honda Civic,94.5,57.0,-44.015816,111.736196,75.1,2024-11-27 19:35:47
VH_04148,Honda Civic,77.6,136.5,-58.000837,-177.916844,93.5,2024-11-25 15:26:58
VH_04149,Toyota Camry,114.0,13.0,51.50491,-114.840863,85.3,2024-11-18 04:41:25
VH_04150,Tesla Model 3,110.7,157.1,8.557785,-136.728646,94.5,2024-11-21 05:54:17
VH_04151,Tesla Model 3,70.0,173.7,63.186756,93.327677,84.3,2024-11-12 01:36:28
VH_04152,Tesla Model 3,68.2,135.0,18.025733,-96.593828,88.0,2024-11-12 14:00:01
VH_04153,Tesla Model 3,109.1,123.8,-59.622175,-163.502103,92.7,2024-11-24 14:37:54
VH_04154,Mercedes EQS,83.8,27.4,85.171352,22.015374,85.2,2024-11-14 16:13:16
VH_04155,Mercedes EQS,105.5,167.7,85.123944,64.501325,77.0,2024-11-20 01:51:36
VH_04156,Chevrolet Bolt,72.6,105.1,-42.116909,123.471626,86.9,2024-11-18 07:11:32
VH_04157,Toyota Camry,61.1,40.5,-85.265915,-32.080717,77.6,2024-11-05 15:52:54
VH_04158,Tesla Model 3,84.7,44.2,-66.952501,53.585826,85.5,2024-11-01 23:42:49
VH_04159,Tesla Model 3,63.4,149.4,78.723691,4.01672,84.9,2024-11-06 03:16:29
VH_04160,BMW X5,61.7,56.7,10.276877,148.069917,84.0,2024-11-09 06:31:30
VH_04161,Honda Civic,96.9,87.0,-37.990746,-10.612698,90.7,2024-11-28 13:46:05
VH_04162,Tesla Model 3,64.3,22.5,79.137944,127.479614,70.3,2024-11-10 17:29:37
VH_04163,Hyundai Ioniq,81.4,95.0,70.139607,67.610111,97.5,2024-11-26 17:26:41
VH_04164,Toyota Camry,100.5,87.6,-52.540667,-74.242296,78.3,2024-11-19 08:49:19
VH_04165,Honda Civic,116.7,79.6,-50.558053,-43.7596,71.7,2024-11-15 04:25:10
VH_04166,Chevrolet Bolt,107.7,47.4,-63.363642,20.998403,86.3,2024-11-10 08:48:55
VH_04167,Tesla Model 3,95.7,90.2,-62.306916,122.469835,74.0,2024-11-26 21:32:50
VH_04168,Mercedes EQS,95.1,50.8,-34.895496,29.111075,93.2,2024-11-06 16:16:33
VH_04169,Ford F-150,68.2,109.4,37.539287,-6.065572,83.2,2024-11-07 10:15:20
VH_04170,Tesla Model 3,85.8,100.9,80.486692,156.715663,76.5,2024-11-05 18:55:56
VH_04171,Tesla Model 3,84.0,94.2,-7.212014,-126.190919,95.0,2024-11-27 20:50:44
VH_04172,Tesla Model 3,80.3,87.7,69.553089,-123.576467,94.9,2024-11-26 00:11:05
VH_04173,Toyota Camry,96.8,2.1,82.137322,94.634264,80.7,2024-11-30 02:22:11
VH_04174,Ford F-150,104.4,158.8,-18.516321,7.890707,86.1,2024-11-17 18:47:59
VH_04175,Toyota Camry,96.0,100.6,-5.762041,-94.773669,91.1,2024-11-02 11:10:47
VH_04176,Honda Civic,75.2,145.7,-2.009659,79.130856,83.7,2024-11-16 23:21:46
VH_04177,BMW X5,89.4,121.0,27.756621,128.236975,71.1,2024-11-29 13:36:35
VH_04178,Tesla Model 3,62.4,176.9,-7.412225,-155.573228,79.3,2024-11-19 21:38:10
VH_04179,Chevrolet Bolt,80.2,86.3,-8.870442,39.455609,72.8,2024-11-02 12:29:21
VH_04180,Ford F-150,106.4,45.1,-28.237847,-105.986178,96.9,2024-11-27 06:49:02
VH_04181,BMW X5,103.8,17.4,-80.787879,131.485616,70.6,2024-11-06 07:34:58
VH_04182,Toyota Camry,89.8,159.1,-12.723371,50.085794,96.7,2024-11-02 12:55:46
VH_04183,Toyota Camry,102.8,29.1,-71.266603,66.49328,89.8,2024-11-25 13:49:25
VH_04184,Mercedes EQS,87.2,12.3,39.403604,163.039526,87.3,2024-11-05 21:31:09
VH_04185,Toyota Camry,90.4,32.6,-16.167575,-69.046992,72.1,2024-11-02 13:20:25
VH_04186,Toyota Camry,111.5,79.1,10.067706,76.995482,83.5,2024-11-06 08:35:52
VH_04187,BMW X5,83.1,145.7,34.963013,17.718021,72.0,2024-11-07 23:16:18
VH_04188,BMW X5,95.2,21.2,62.909313,92.930363,88.7,2024-11-26 22:11:15
VH_04189,Ford F-150,114.7,29.6,13.941369,62.557321,71.9,2024-11-20 15:05:02
VH_04190,Tesla Model 3,91.8,18.0,35.223924,63.859406,86.8,2024-11-17 05:59:38
VH_04191,BMW X5,71.6,128.4,-78.891899,106.128314,76.4,2024-11-21 05:03:22
VH_04192,Ford F-150,91.8,66.3,-17.359286,-2.153167,84.8,2024-11-06 23:36:19
VH_04193,Chevrolet Bolt,97.3,46.0,8.538588,151.907763,72.9,2024-11-15 19:50:48
VH_04194,Tesla Model 3,,10.6,42.162285,-166.964671,83.3,2024-11-20 22:01:52
VH_04195,Chevrolet Bolt,74.3,155.1,-67.853283,81.570564,79.4,2024-11-02 23:00:41
VH_04196,Ford F-150,119.5,87.5,15.17621,8.659661,74.8,2024-11-28 06:33:47
VH_04197,Tesla Model 3,113.9,134.8,-35.009263,-16.757238,76.2,2024-11-13 23:31:04
VH_04198,Tesla Model 3,95.3,87.4,58.109986,35.714826,96.9,2024-11-19 04:42:47
VH_04199,BMW X5,111.2,165.5,-3.520697,-109.833772,82.3,2024-11-16 14:48:39
VH_04200,Tesla Model 3,86.7,169.1,1.571245,120.892303,95.1,2024-11-12 19:34:01
VH_04201,Tesla Model 3,89.1,12.0,-79.229121,72.306568,75.6,2024-11-29 11:52:07
VH_04202,Hyundai Ioniq,68.6,116.6,16.216354,106.59415,90.8,2024-11-25 01:22:31
VH_04203,Tesla Model 3,93.5,35.1,-17.765617,96.426237,73.2,2024-11-15 01:15:49
VH_04204,Mercedes EQS,102.0,46.3,83.342294,-123.190069,81.3,2024-11-03 20:35:28
VH_04205,Honda Civic,67.3,162.1,-16.378423,-37.135514,84.8,2024-11-18 02:15:09
VH_04206,Tesla Model 3,106.6,0.1,-70.110147,-123.930167,83.4,2024-11-23 18:05:25
VH_04207,Honda Civic,85.8,133.4,-31.356854,-32.24346,93.9,2024-11-15 08:25:59
VH_04208,Tesla Model 3,101.8,28.3,39.726016,150.03869,90.6,2024-11-11 05:26:08
VH_04209,Mercedes EQS,97.7,87.7,39.472131,-13.732201,74.1,2024-11-09 03:40:33
VH_04210,BMW X5,86.3,25.9,-27.406664,-91.233114,72.2,2024-11-12 06:27:22
VH_04211,Chevrolet Bolt,79.1,55.6,-14.218603,138.884441,73.8,2024-11-21 07:38:11
VH_04212,Tesla Model 3,77.0,145.2,87.989285,4.454224,99.4,2024-11-03 04:11:58
VH_04213,Tesla Model 3,86.2,3.9,34.866846,-141.300224,91.3,2024-11-18 00:51:09
VH_04214,Hyundai Ioniq,108.8,70.7,-78.359972,-87.348113,91.0,2024-11-23 21:03:47
VH_04215,BMW X5,111.9,27.9,48.744307,-160.047775,94.4,2024-11-21 23:16:10
VH_04216,Tesla Model 3,86.1,174.6,-38.432338,-178.46834,77.0,2024-11-09 16:16:13
VH_04217,Hyundai Ioniq,97.6,117.3,34.489096,-31.725504,87.0,2024-11-11 17:46:49
VH_04218,BMW X5,102.1,170.1,0.104234,-23.639046,72.2,2024-11-27 16:58:15
VH_04219,Tesla Model 3,81.9,160.1,-46.843119,168.125819,71.0,2024-11-17 03:53:35
VH_04220,BMW X5,71.2,40.2,49.637984,-20.310578,86.7,2024-11-28 04:33:11
VH_04221,Tesla Model 3,81.4,149.8,-65.991042,-140.323127,73.6,2024-11-22 09:10:54
VH_04222,Toyota Camry,,132.3,29.806947,173.439855,70.3,2024-11-08 14:15:54
VH_04223,Ford F-150,82.4,101.2,5.688471,140.214112,78.0,2024-11-05 11:53:53
VH_04224,Mercedes EQS,71.5,167.1,15.602224,121.453586,99.0,2024-11-27 12:19:32
VH_04225,Tesla Model 3,99.3,167.9,-32.766528,-37.027374,74.5,2024-11-20 09:03:51
VH_04226,Hyundai Ioniq,85.9,6.3,26.668289,-59.498572,80.4,2024-11-18 18:39:32
VH_04227,Toyota Camry,108.0,171.3,67.060024,-19.175065,98.6,2024-11-04 16:01:45
VH_04228,Hyundai Ioniq,72.0,157.9,-44.916473,-59.552829,72.0,2024-11-09 09:09:41
VH_04229,Tesla Model 3,71.9,137.7,-44.787938,132.523415,85.9,2024-11-01 23:10:41
VH_04230,Toyota Camry,97.5,88.7,33.789195,-139.68054,98.1,2024-11-21 05:41:48
VH_04231,BMW X5,83.8,123.0,-76.149877,-126.469082,91.0,2024-11-21 22:46:10
VH_04232,BMW X5,74.9,146.2,-67.048846,63.053224,77.9,2024-11-22 19:52:57
VH_04233,Chevrolet Bolt,100.6,17.1,88.121524,-141.404001,85.8,2024-11-06 05:59:34
VH_04234,Honda Civic,103.2,13.0,10.506608,-81.910954,93.2,2024-11-27 23:16:12
VH_04235,Tesla Model 3,118.0,45.2,-9.461293,104.733808,79.1,2024-11-06 19:05:40
VH_04236,Mercedes EQS,113.7,92.8,-2.243965,153.342991,77.5,2024-11-01 16:33:00
VH_04237,Hyundai Ioniq,61.1,92.7,55.157132,38.889128,70.4,2024-11-25 15:42:32
VH_04238,BMW X5,67.2,2.9,-51.00653,76.463414,70.8,2024-11-02 14:50:01
VH_04239,BMW X5,104.5,125.1,70.773184,-57.922877,99.4,2024-11-11 17:53:54
VH_04240,Tesla Model 3,98.5,129.7,28.312425,111.729143,87.7,2024-11-02 20:18:56
VH_04241,BMW X5,117.7,140.0,89.937007,-145.003195,91.0,2024-11-28 14:13:44
VH_04242,Ford F-150,61.3,24.7,24.546831,-122.125215,98.7,2024-11-15 02:35:15
VH_04243,Chevrolet Bolt,117.8,149.3,49.640348,-128.092803,73.4,2024-11-17 19:57:13
VH_04244,Toyota Camry,111.8,71.4,-61.43533,-15.466621,94.3,2024-11-25 17:19:02
VH_04245,Tesla Model 3,107.0,47.4,72.26165,80.776997,88.0,2024-11-09 08:35:04
VH_04246,Toyota Camry,111.7,26.8,-45.955539,-151.547417,95.3,2024-11-22 00:10:24
VH_04247,Tesla Model 3,118.1,63.7,38.778106,133.813067,92.8,2024-11-19 23:14:55
VH_04248,Tesla Model 3,111.0,165.4,23.709314,-104.010562,78.6,2024-11-28 21:34:24
VH_04249,Chevrolet Bolt,111.0,54.6,76.88118,25.131463,92.6,2024-11-15 02:41:31
VH_04250,Tesla Model 3,83.9,63.3,5.105376,-128.099527,91.7,2024-11-28 08:34:13
VH_04251,Hyundai Ioniq,71.4,159.8,48.395395,124.927155,70.7,2024-11-08 04:08:23
VH_04252,Mercedes EQS,113.6,176.2,9.465117,-3.888912,77.6,2024-11-10 01:06:45
VH_04253,Toyota Camry,113.6,120.5,12.331876,113.30757,98.0,2024-11-18 14:58:14
VH_04254,BMW X5,79.2,71.4,0.717367,-175.204396,79.7,2024-11-25 11:12:06
VH_04255,Hyundai Ioniq,74.7,159.2,-83.495381,-101.070801,78.1,2024-11-14 13:21:14
VH_04256,Chevrolet Bolt,100.5,85.3,5.47212,23.255456,97.8,2024-11-07 01:37:02
VH_04257,Tesla Model 3,60.9,110.1,-22.879826,40.760898,75.3,2024-11-30 00:36:23
VH_04258,Tesla Model 3,68.5,82.5,33.901089,-130.011718,82.4,2024-11-12 10:54:32
VH_04259,Honda Civic,70.4,61.3,73.039486,-135.804294,76.2,2024-11-30 11:35:54
VH_04260,Ford F-150,120.0,173.7,24.260531,-10.692184,86.8,2024-11-02 14:07:01
VH_04261,Mercedes EQS,117.7,167.1,63.035809,-131.687507,85.4,2024-11-05 06:26:47
VH_04262,Chevrolet Bolt,89.8,122.0,-85.187561,-133.220106,78.9,2024-11-01 20:39:25
VH_04263,Toyota Camry,83.2,136.5,-38.472576,-16.260725,93.3,2024-11-11 08:48:01
VH_04264,Tesla Model 3,119.6,151.0,-39.262609,-91.184961,72.2,2024-11-11 12:46:46
VH_04265,Chevrolet Bolt,74.3,126.0,58.856947,-24.773886,89.9,2024-11-21 17:26:07
VH_04266,Ford F-150,111.4,114.7,69.91841,-28.069643,84.6,2024-11-13 11:26:07
VH_04267,Tesla Model 3,98.8,24.4,-80.686786,153.618348,72.4,2024-11-03 23:40:20
VH_04268,Toyota Camry,93.1,91.7,-45.55807,-11.420962,86.7,2024-11-20 03:22:12
VH_04269,BMW X5,,15.3,8.326294,-11.240814,84.3,2024-11-17 18:52:38
VH_04270,Mercedes EQS,71.3,168.0,77.835964,-128.711869,79.7,2024-11-29 17:06:56
VH_04271,Honda Civic,97.0,24.1,-66.93323,138.626123,84.8,2024-11-22 21:28:01
VH_04272,Tesla Model 3,87.4,45.4,-9.737768,-57.932287,74.9,2024-11-06 04:15:25
VH_04273,Tesla Model 3,91.3,157.9,-56.393766,-144.069295,97.8,2024-11-26 13:13:14
VH_04274,Ford F-150,119.7,40.9,-21.87688,11.248131,87.5,2024-11-20 05:38:54
VH_04275,Tesla Model 3,92.1,97.6,0.989656,-72.816304,94.3,2024-11-01 18:25:30
VH_04276,Mercedes EQS,107.7,51.4,-30.379387,67.702031,90.8,2024-11-29 12:53:27
VH_04277,Hyundai Ioniq,74.8,119.4,52.487222,-68.013575,92.6,2024-11-03 17:13:07
VH_04278,Tesla Model 3,94.6,171.4,59.290555,65.689006,75.3,2024-11-17 12:31:00
VH_04279,Tesla Model 3,98.7,9.8,88.340473,156.135727,79.3,2024-11-04 22:37:15
VH_04280,Tesla Model 3,102.8,126.7,-4.643854,162.091827,82.3,2024-11-22 14:35:07
VH_04281,Toyota Camry,91.5,142.8,3.567146,94.217142,85.5,2024-11-22 02:15:01
VH_04282,Toyota Camry,84.9,165.5,67.159554,133.102164,79.8,2024-11-15 02:32:45
VH_04283,BMW X5,79.7,141.3,-65.68779,170.050051,73.4,2024-11-28 04:46:04
VH_04284,Honda Civic,86.3,41.3,23.860292,166.04394,71.5,2024-11-14 15:08:15
VH_04285,Tesla Model 3,89.7,102.8,-65.224915,62.886142,85.2,2024-11-29 07:43:31
VH_04286,Ford F-150,109.8,52.6,82.788616,159.715855,96.3,2024-11-23 13:29:31
VH_04287,Tesla Model 3,102.5,99.7,23.699302,111.632681,93.8,2024-11-01 23:40:50
VH_04288,Mercedes EQS,103.1,22.2,52.018971,-144.92978,77.7,2024-11-25 11:54:46
VH_04289,BMW X5,100.1,107.3,-18.879766,-64.894749,79.7,2024-11-16 16:44:42
VH_04290,Ford F-150,66.5,156.1,48.099426,94.015178,87.0,2024-11-20 07:09:57
VH_04291,Toyota Camry,97.9,141.2,88.360394,-174.952727,85.3,2024-11-01 01:49:23
VH_04292,Hyundai Ioniq,97.9,63.5,35.034045,144.075917,78.2,2024-11-09 11:18:07
VH_04293,Honda Civic,100.4,115.4,67.782608,79.450675,87.7,2024-11-20 03:08:00
VH_04294,Tesla Model 3,102.2,23.1,-36.46602,5.858755,95.6,2024-11-17 18:20:24
VH_04295,Chevrolet Bolt,67.5,83.7,43.729606,-156.979463,89.6,2024-11-13 10:17:01
VH_04296,Honda Civic,116.6,59.0,80.018431,-13.213526,90.3,2024-11-24 11:58:21
VH_04297,Tesla Model 3,72.8,162.6,51.662911,-133.170877,94.0,2024-11-17 06:04:39
VH_04298,Hyundai Ioniq,88.9,8.7,29.810844,-176.732969,91.3,2024-11-29 15:44:11
VH_04299,Mercedes EQS,65.5,0.2,74.243069,-152.995601,96.9,2024-11-09 20:25:38
VH_04300,Tesla Model 3,61.8,141.9,-74.638969,57.7303,87.3,2024-11-02 17:02:47
VH_04301,Tesla Model 3,75.9,71.0,69.730121,172.565036,88.1,2024-11-25 03:40:17
VH_04302,Chevrolet Bolt,76.4,27.3,62.043075,149.980703,72.7,2024-11-06 19:28:07
VH_04303,Ford F-150,70.2,138.2,-23.714584,-27.649658,89.7,2024-11-12 21:25:20
VH_04304,BMW X5,104.1,39.2,-27.312329,-108.998777,97.9,2024-11-28 19:23:08
VH_04305,Hyundai Ioniq,68.7,65.2,5.763404,81.952873,96.7,2024-11-24 18:26:56
VH_04306,Toyota Camry,103.8,85.4,10.842482,-146.29802,71.7,2024-11-25 05:37:56
VH_04307,Ford F-150,101.3,117.4,-36.443727,-13.949389,81.6,2024-11-21 03:44:30
VH_04308,Toyota Camry,117.9,13.0,32.375638,-148.259701,88.3,2024-11-30 11:46:54
VH_04309,Mercedes EQS,84.3,167.8,-70.68299,26.319826,75.3,2024-11-22 10:15:54
VH_04310,Honda Civic,101.9,46.0,14.416977,94.339267,87.5,2024-11-04 02:08:16
VH_04311,Toyota Camry,110.2,70.8,88.582736,-101.623653,70.5,2024-11-20 02:53:12
VH_04312,Chevrolet Bolt,68.7,166.6,52.657595,-160.625912,90.4,2024-11-19 21:01:56
VH_04313,BMW X5,86.7,83.2,43.374018,165.637347,91.4,2024-11-03 16:37:50
VH_04314,Toyota Camry,110.4,90.3,-73.726933,86.722425,80.9,2024-11-10 11:40:14
VH_04315,Toyota Camry,101.3,85.8,23.722564,61.497137,77.4,2024-11-21 04:13:39
VH_04316,Mercedes EQS,69.6,165.9,69.630927,95.551802,87.9,2024-11-29 04:37:00
VH_04317,Chevrolet Bolt,83.6,82.9,35.45515,-59.52992,78.9,2024-11-29 18:34:26
VH_04318,Tesla Model 3,106.2,85.4,87.424439,69.622227,97.6,2024-11-19 15:36:10
VH_04319,Tesla Model 3,96.1,17.3,-37.360554,17.67347,99.2,2024-11-24 05:12:40
VH_04320,Tesla Model 3,,118.2,13.298495,-101.919268,90.9,2024-11-06 02:10:53
VH_04321,Toyota Camry,67.7,91.7,-54.893555,113.533491,82.6,2024-11-08 14:27:24
VH_04322,Toyota Camry,86.1,98.1,6.433977,-152.732729,85.0,2024-11-05 01:23:30
VH_04323,Toyota Camry,104.5,178.3,4.734135,-117.798608,88.8,2024-11-19 04:13:09
VH_04324,Tesla Model 3,95.4,143.4,45.51989,-9.748359,90.0,2024-11-18 16:46:30
VH_04325,Tesla Model 3,96.0,27.9,34.689718,-49.848804,73.9,2024-11-27 13:03:46
VH_04326,Honda Civic,89.4,4.6,87.897513,-22.615487,70.2,2024-11-08 08:20:55
VH_04327,Ford F-150,92.8,156.6,-58.079546,154.219074,93.9,2024-11-18 07:43:08
VH_04328,Toyota Camry,92.6,79.0,20.243934,-142.606749,91.8,2024-11-10 09:53:38
VH_04329,Ford F-150,114.3,116.8,-35.942264,159.559497,82.3,2024-11-16 00:56:47
VH_04330,Toyota Camry,89.9,74.2,31.659873,-64.454821,83.6,2024-11-08 07:48:00
VH_04331,Hyundai Ioniq,74.7,136.5,76.194233,-135.75464,86.5,2024-11-18 03:46:02
VH_04332,Ford F-150,63.0,98.3,78.233397,-7.134093,82.1,2024-11-16 01:45:27
VH_04333,BMW X5,116.5,135.0,44.491312,-58.169374,73.3,2024-11-01 13:57:18
VH_04334,Mercedes EQS,60.6,0.3,72.806372,20.181163,90.4,2024-11-21 09:52:47
VH_04335,Chevrolet Bolt,89.5,173.9,-44.345031,-23.312956,87.6,2024-11-22 16:15:10
VH_04336,BMW X5,106.3,98.6,-13.181658,-110.209885,81.5,2024-11-15 08:29:20
VH_04337,Tesla Model 3,79.8,168.5,-47.885348,114.205881,83.3,2024-11-28 20:50:47
VH_04338,BMW X5,73.7,171.5,13.888278,129.822943,74.7,2024-11-21 21:27:26
VH_04339,Mercedes EQS,70.2,20.6,76.476569,-55.825876,75.4,2024-11-24 12:58:35
VH_04340,Toyota Camry,93.0,115.0,-45.922721,175.299518,71.5,2024-11-08 23:45:37
VH_04341,Tesla Model 3,77.4,57.5,24.011115,-89.100547,73.9,2024-11-21 05:30:03
VH_04342,Toyota Camry,88.7,163.6,11.461068,-121.01562,72.3,2024-11-18 06:04:27
VH_04343,Ford F-150,89.2,42.5,84.643466,-44.046295,87.2,2024-11-16 09:25:45
VH_04344,Toyota Camry,96.4,16.8,45.247649,-5.511819,91.6,2024-11-19 21:03:46
VH_04345,Toyota Camry,72.3,79.4,5.169523,-53.97309,83.5,2024-11-15 12:52:17
VH_04346,Tesla Model 3,95.7,122.4,72.568452,133.953062,83.6,2024-11-12 21:08:35
VH_04347,Toyota Camry,97.9,96.3,82.654154,-84.979423,93.8,2024-11-30 04:07:49
VH_04348,Toyota Camry,63.9,78.3,61.965895,-64.752176,80.2,2024-11-13 04:24:22
VH_04349,Ford F-150,89.0,42.7,25.237803,-151.430804,76.7,2024-11-14 07:25:31
VH_04350,Honda Civic,86.7,69.0,56.667635,102.761945,97.5,2024-11-04 22:49:06
VH_04351,BMW X5,105.4,149.9,-5.566511,-45.607385,87.8,2024-11-27 02:39:35
VH_04352,Tesla Model 3,73.3,131.5,56.515631,-165.42344,93.4,2024-11-03 21:35:50
VH_04353,Tesla Model 3,60.7,51.6,43.098978,-22.265944,81.4,2024-11-27 17:24:46
VH_04354,Tesla Model 3,61.9,131.3,-77.911702,-99.317824,79.1,2024-11-09 23:25:45
VH_04355,Tesla Model 3,67.5,118.4,66.551291,-142.866434,74.0,2024-11-30 14:46:49
VH_04356,Hyundai Ioniq,116.3,163.8,49.459781,94.680925,80.1,2024-11-10 19:33:17
VH_04357,Tesla Model 3,107.5,157.8,-23.683064,160.160093,79.4,2024-11-29 09:56:44
VH_04358,Tesla Model 3,61.2,71.3,55.899444,1.35689,91.9,2024-11-06 19:51:16
VH_04359,Hyundai Ioniq,115.0,94.6,10.825245,95.006567,79.8,2024-11-23 20:23:34
VH_04360,BMW X5,111.6,26.3,36.280779,-8.606624,75.7,2024-11-21 15:04:17
VH_04361,Ford F-150,95.3,84.4,-50.491364,50.841435,85.5,2024-11-13 00:04:39
VH_04362,Ford F-150,110.7,74.1,12.459417,56.644801,99.9,2024-11-25 10:19:21
VH_04363,Mercedes EQS,115.8,175.7,52.37338,91.468917,90.6,2024-11-15 04:35:47
VH_04364,Honda Civic,81.8,8.3,36.766156,36.216504,74.7,2024-11-30 14:27:55
VH_04365,Chevrolet Bolt,103.8,174.7,43.27501,67.05672,70.5,2024-11-22 10:19:07
VH_04366,Tesla Model 3,102.6,124.2,-63.43827,-51.950735,83.5,2024-11-08 16:28:40
VH_04367,Mercedes EQS,83.1,2.8,21.807366,61.45602,92.1,2024-11-21 15:34:28
VH_04368,Toyota Camry,64.1,79.6,-53.406585,18.412415,93.1,2024-11-22 11:19:05
VH_04369,Mercedes EQS,108.1,56.8,-73.699074,136.537428,93.6,2024-11-27 20:22:14
VH_04370,Tesla Model 3,62.1,91.1,0.146568,-177.42746,79.9,2024-11-16 07:29:41
VH_04371,Tesla Model 3,101.4,145.2,-24.378065,86.995533,80.2,2024-11-24 04:00:00
VH_04372,Hyundai Ioniq,91.3,156.7,80.200165,-168.034744,83.6,2024-11-02 04:00:11
VH_04373,BMW X5,107.9,153.4,-16.425721,-30.453172,75.5,2024-11-07 05:42:13
VH_04374,Tesla Model 3,79.1,98.6,9.502319,101.299492,94.8,2024-11-09 21:23:54
VH_04375,Chevrolet Bolt,116.7,168.6,-49.608979,24.89845,94.4,2024-11-08 13:16:40
VH_04376,Tesla Model 3,118.7,130.5,-59.283165,-149.590393,84.2,2024-11-24 06:35:29
VH_04377,Tesla Model 3,112.2,76.7,-55.401096,-167.277516,98.7,2024-11-19 01:23:12
VH_04378,Honda Civic,62.0,100.7,33.024281,0.669542,99.3,2024-11-21 15:13:16
VH_04379,Honda Civic,105.8,167.2,-13.790741,-121.722046,86.1,2024-11-21 15:49:16
VH_04380,Toyota Camry,84.8,168.2,-4.535399,-46.298361,98.0,2024-11-28 09:14:58
VH_04381,Hyundai Ioniq,107.1,132.3,45.612716,-62.228083,73.0,2024-11-01 03:30:05
VH_04382,Mercedes EQS,104.7,115.0,69.900647,-6.6993,89.8,2024-11-18 04:11:49
VH_04383,BMW X5,77.6,32.2,33.920237,109.105388,86.0,2024-11-30 20:21:09
VH_04384,Honda Civic,92.9,4.6,7.304318,-64.743559,79.8,2024-11-22 17:26:17
VH_04385,Toyota Camry,80.6,90.7,46.092932,102.307226,88.9,2024-11-03 06:08:08
VH_04386,Tesla Model 3,69.2,169.4,-87.045091,-76.946997,81.1,2024-11-23 15:59:43
VH_04387,Toyota Camry,116.2,54.5,-45.954869,-33.815786,70.4,2024-11-06 18:30:29
VH_04388,Chevrolet Bolt,100.8,20.6,-28.21025,-47.979342,81.5,2024-11-22 04:49:20
VH_04389,Hyundai Ioniq,98.9,3.0,-40.411335,58.883424,80.7,2024-11-03 01:02:27
VH_04390,Chevrolet Bolt,109.8,60.4,-35.843571,161.626712,86.6,2024-11-07 16:31:26
VH_04391,Chevrolet Bolt,88.7,73.1,70.530496,44.269398,71.1,2024-11-19 15:53:23
VH_04392,Ford F-150,107.4,112.3,-30.23396,53.684771,92.2,2024-11-25 13:46:35
VH_04393,Tesla Model 3,115.2,40.5,27.974785,-103.980332,76.5,2024-11-15 05:13:53
VH_04394,Tesla Model 3,112.2,54.8,-31.462659,3.595375,92.3,2024-11-24 12:29:56
VH_04395,Hyundai Ioniq,103.8,42.4,-78.368137,94.743824,78.9,2024-11-09 22:20:58
VH_04396,Honda Civic,98.8,157.0,20.263423,118.728641,82.2,2024-11-13 00:41:24
VH_04397,Tesla Model 3,62.1,7.3,-83.724076,-51.492257,87.8,2024-11-27 15:22:00
VH_04398,Hyundai Ioniq,,126.3,67.13703,80.738251,96.0,2024-11-27 09:29:40
VH_04399,Toyota Camry,85.0,113.8,61.590391,-142.383678,70.3,2024-11-28 22:20:07
VH_04400,Tesla Model 3,104.3,9.2,14.318927,160.27955,76.3,2024-11-25 03:59:53
VH_04401,Toyota Camry,117.1,90.2,-69.172875,-36.720007,82.2,2024-11-26 21:20:39
VH_04402,Honda Civic,66.2,160.8,-48.631904,45.614426,78.8,2024-11-30 06:14:27
VH_04403,Mercedes EQS,70.8,17.3,-80.163161,-42.832013,79.8,2024-11-20 20:20:57
VH_04404,Tesla Model 3,69.2,79.1,-69.893516,131.789225,76.6,2024-11-06 05:50:05
VH_04405,Toyota Camry,84.1,90.1,-18.960814,97.299677,74.9,2024-11-29 08:24:47
VH_04406,Toyota Camry,89.9,134.2,15.184937,-68.731473,78.4,2024-11-02 19:15:12
VH_04407,Ford F-150,97.9,116.6,21.041149,-17.513105,84.0,2024-11-12 05:45:49
VH_04408,Mercedes EQS,65.4,60.6,-0.713536,155.82119,71.1,2024-11-14 11:35:47
VH_04409,Chevrolet Bolt,116.3,148.9,-42.289969,146.963185,77.6,2024-11-05 06:01:07
VH_04410,BMW X5,80.0,152.7,-42.751385,-142.27603,75.6,2024-11-13 16:21:42
VH_04411,Toyota Camry,80.7,118.7,43.174143,-128.363631,97.1,2024-11-21 02:26:48
VH_04412,Toyota Camry,77.1,177.5,-43.748744,57.549481,95.2,2024-11-06 13:24:22
VH_04413,Chevrolet Bolt,115.9,147.2,10.386885,-88.455422,85.2,2024-11-21 19:19:19
VH_04414,Hyundai Ioniq,96.2,145.9,55.435392,-20.072222,87.8,2024-11-16 18:57:30
VH_04415,Chevrolet Bolt,78.7,31.3,-4.459953,-29.917499,91.2,2024-11-24 14:02:51
VH_04416,BMW X5,100.6,56.0,-42.924681,94.643837,78.1,2024-11-09 06:28:48
VH_04417,Ford F-150,67.4,63.4,-39.165321,-62.801997,80.2,2024-11-05 04:33:44
VH_04418,Tesla Model 3,68.6,170.0,39.57704,119.203865,76.2,2024-11-13 10:03:53
VH_04419,Ford F-150,111.8,64.8,-76.969056,-176.798235,90.0,2024-11-14 06:15:59
VH_04420,Tesla Model 3,112.2,113.1,49.091699,131.857697,80.2,2024-11-18 20:30:27
VH_04421,Ford F-150,92.5,115.0,1.899665,-81.406662,96.3,2024-11-09 08:18:17
VH_04422,Tesla Model 3,86.3,84.7,-62.76654,-112.26695,79.2,2024-11-09 22:45:39
VH_04423,Ford F-150,72.7,95.3,-71.042358,101.885676,74.5,2024-11-23 19:25:45
VH_04424,Honda Civic,74.8,27.8,-16.30326,-18.422888,97.5,2024-11-21 20:27:20
VH_04425,Ford F-150,86.1,110.6,74.073757,105.657308,95.8,2024-11-29 04:29:15
VH_04426,BMW X5,77.6,69.3,84.515658,50.459485,83.7,2024-11-15 06:47:39
VH_04427,Mercedes EQS,69.1,103.5,-41.672465,39.806949,93.6,2024-11-10 18:28:40
VH_04428,Toyota Camry,80.8,159.3,-61.743042,131.879797,91.8,2024-11-20 13:51:45
VH_04429,Toyota Camry,75.6,146.7,83.508586,-178.3523,90.6,2024-11-12 03:51:51
VH_04430,Ford F-150,85.4,79.0,0.251274,94.772334,71.0,2024-11-04 16:07:46
VH_04431,Tesla Model 3,114.1,128.0,-52.849221,-141.370881,83.5,2024-11-01 17:15:33
VH_04432,Ford F-150,78.1,164.7,9.824068,12.244212,75.7,2024-11-05 22:36:58
VH_04433,Ford F-150,107.7,119.7,69.666677,-145.499085,70.5,2024-11-20 07:43:07
VH_04434,BMW X5,92.4,2.0,-45.084447,-131.338091,71.7,2024-11-06 18:55:03
VH_04435,Honda Civic,73.3,95.1,34.76219,149.201848,89.3,2024-11-18 17:40:49
VH_04436,Ford F-150,64.3,63.7,49.480827,60.534158,77.2,2024-11-24 11:55:44
VH_04437,Tesla Model 3,65.7,87.2,-43.183671,-148.82884,79.5,2024-11-05 02:24:09
VH_04438,Toyota Camry,82.7,76.7,0.019452,124.571486,77.1,2024-11-19 10:47:50
VH_04439,BMW X5,77.4,6.8,-64.593264,148.625705,89.6,2024-11-07 23:14:58
VH_04440,Tesla Model 3,117.1,99.4,18.922443,-127.941333,97.7,2024-11-17 08:30:22
VH_04441,Tesla Model 3,106.9,178.8,-63.64497,164.983449,82.8,2024-11-05 19:41:31
VH_04442,Honda Civic,106.6,60.7,81.984262,-134.865863,71.8,2024-11-15 00:48:53
VH_04443,Tesla Model 3,79.4,86.4,20.438929,29.496399,97.7,2024-11-01 20:34:37
VH_04444,Chevrolet Bolt,102.5,159.2,-78.426803,23.159225,88.4,2024-11-18 04:13:40
VH_04445,Tesla Model 3,117.4,95.6,-14.6881,-45.299098,99.4,2024-11-11 09:49:18
VH_04446,Honda Civic,65.6,70.4,77.397979,62.502221,74.9,2024-11-15 02:56:07
VH_04447,Ford F-150,117.2,84.8,-54.726347,9.163573,99.2,2024-11-05 00:25:08
VH_04448,Hyundai Ioniq,105.3,104.1,-54.898037,-176.395753,96.8,2024-11-08 12:39:02
VH_04449,Tesla Model 3,63.1,152.2,43.007673,-39.185255,81.9,2024-11-02 22:05:38
VH_04450,Honda Civic,97.9,177.3,78.434573,-2.722436,85.4,2024-11-16 20:14:39
VH_04451,Mercedes EQS,86.9,94.2,6.166995,10.673976,75.2,2024-11-12 05:10:37
VH_04452,Toyota Camry,73.7,21.1,-30.568576,-117.319854,87.9,2024-11-11 01:25:14
VH_04453,Ford F-150,94.5,120.7,-58.562308,97.507697,77.7,2024-11-06 10:38:42
VH_04454,Toyota Camry,100.2,121.7,9.120153,162.261025,96.8,2024-11-24 18:04:45
VH_04455,Mercedes EQS,82.1,42.3,-74.642839,13.321833,93.6,2024-11-18 12:36:15
VH_04456,BMW X5,87.3,9.4,-4.400647,46.502696,94.9,2024-11-09 10:22:29
VH_04457,Toyota Camry,76.2,77.1,-18.039015,175.316395,95.1,2024-11-12 18:09:44
VH_04458,Chevrolet Bolt,81.0,176.1,26.922136,53.396626,78.4,2024-11-17 07:40:48
VH_04459,Honda Civic,92.4,65.0,-87.550026,87.006203,92.4,2024-11-02 12:31:26
VH_04460,Chevrolet Bolt,63.3,33.9,-10.115871,-127.86821,88.9,2024-11-04 18:38:49
VH_04461,Honda Civic,106.0,178.4,37.190402,-179.148696,75.8,2024-11-12 11:30:55
VH_04462,Honda Civic,105.4,121.2,14.523572,-84.728856,73.5,2024-11-05 01:09:48
VH_04463,BMW X5,61.9,159.6,31.892062,176.034139,97.6,2024-11-16 20:50:16
VH_04464,BMW X5,111.0,78.3,87.519127,111.402842,81.5,2024-11-28 12:39:27
VH_04465,Mercedes EQS,119.4,133.8,-66.518482,-40.921461,95.1,2024-11-12 00:08:34
VH_04466,Ford F-150,82.7,52.7,72.745027,163.236674,75.7,2024-11-01 09:05:22
VH_04467,Chevrolet Bolt,65.1,80.8,18.371776,29.549699,79.5,2024-11-13 03:19:40
VH_04468,Toyota Camry,105.7,108.7,24.631135,-49.687713,86.6,2024-11-30 00:44:24
VH_04469,Tesla Model 3,60.7,151.5,46.275336,-60.222737,93.1,2024-11-12 07:10:25
VH_04470,Tesla Model 3,69.4,75.1,-49.350419,35.316309,72.6,2024-11-21 23:32:51
VH_04471,Toyota Camry,70.9,19.7,27.388827,-169.872928,91.1,2024-11-26 14:17:52
VH_04472,BMW X5,82.6,179.0,-80.221956,-30.883249,92.3,2024-11-02 01:17:05
VH_04473,Honda Civic,94.9,174.0,-24.060159,-19.52957,83.3,2024-11-04 22:33:01
VH_04474,Chevrolet Bolt,94.8,66.1,-74.618983,-58.632836,74.5,2024-11-25 01:52:13
VH_04475,Toyota Camry,97.4,111.3,60.467989,69.875353,90.3,2024-11-17 21:18:16
VH_04476,Hyundai Ioniq,119.1,56.9,-6.373825,148.566271,88.7,2024-11-26 10:37:46
VH_04477,Toyota Camry,102.9,72.2,41.165343,130.272041,73.0,2024-11-06 03:22:14
VH_04478,Toyota Camry,117.4,16.9,-43.549513,80.394777,73.5,2024-11-15 05:05:35
VH_04479,Toyota Camry,90.0,178.9,69.630521,167.815088,83.2,2024-11-04 14:38:21
VH_04480,Hyundai Ioniq,116.1,79.9,76.156039,-10.813326,95.2,2024-11-13 19:13:48
VH_04481,Toyota Camry,113.5,0.1,-16.223931,34.960039,79.3,2024-11-16 09:53:24
VH_04482,Chevrolet Bolt,92.6,85.6,56.590289,-110.859764,70.2,2024-11-06 22:25:36
VH_04483,Toyota Camry,107.7,168.0,-17.402943,146.288294,83.8,2024-11-19 18:49:56
VH_04484,Tesla Model 3,99.0,6.6,-71.364829,-134.73991,76.4,2024-11-11 18:14:55
VH_04485,Chevrolet Bolt,99.9,94.0,59.08518,-148.374751,74.9,2024-11-12 20:44:08
VH_04486,Ford F-150,88.2,68.5,81.903329,-28.119428,70.4,2024-11-04 02:09:33
VH_04487,BMW X5,99.9,153.4,77.379491,147.937896,78.7,2024-11-07 07:19:17
VH_04488,BMW X5,103.4,127.7,67.166752,19.063923,98.8,2024-11-15 02:55:56
VH_04489,Hyundai Ioniq,85.3,50.4,-41.177769,67.859972,79.1,2024-11-04 09:13:33
VH_04490,Tesla Model 3,75.2,179.7,-32.921345,-75.009068,81.9,2024-11-22 04:33:25
VH_04491,Ford F-150,114.6,95.1,-67.152688,162.839462,71.9,2024-11-21 15:39:37
VH_04492,Tesla Model 3,112.9,22.7,-76.808346,-151.475706,97.6,2024-11-13 16:54:57
VH_04493,Honda Civic,73.5,145.2,79.453466,111.221598,72.9,2024-11-17 09:43:43
VH_04494,Ford F-150,74.3,165.5,-13.937496,-65.30323,71.9,2024-11-25 01:00:14
VH_04495,Honda Civic,75.4,33.9,76.577714,-144.522172,83.0,2024-11-14 02:57:53
VH_04496,Tesla Model 3,78.9,77.4,50.243066,52.406727,78.6,2024-11-05 15:59:51
VH_04497,Honda Civic,72.8,176.5,77.120941,-142.478723,76.7,2024-11-15 02:34:27
VH_04498,Honda Civic,104.6,142.2,23.89256,92.48914,70.4,2024-11-25 02:18:31
VH_04499,Toyota Camry,110.9,8.2,-2.964493,-25.835258,95.1,2024-11-16 14:15:35
VH_04500,Toyota Camry,82.5,20.1,54.13108,9.679677,99.5,2024-11-14 07:34:13
VH_04501,Honda Civic,100.4,114.1,84.043706,49.941271,84.7,2024-11-25 04:34:20
VH_04502,Honda Civic,76.0,40.1,87.431315,118.720911,95.7,2024-11-23 18:11:19
VH_04503,Tesla Model 3,105.5,86.0,-73.119742,-26.434343,93.2,2024-11-08 14:01:44
VH_04504,Toyota Camry,81.8,43.5,29.836977,123.023724,84.5,2024-11-16 12:33:32
VH_04505,Mercedes EQS,119.0,143.1,-51.431993,-173.325154,97.4,2024-11-06 14:39:18
VH_04506,Hyundai Ioniq,97.3,100.3,35.375634,-83.280373,70.5,2024-11-18 09:38:47
VH_04507,BMW X5,61.3,130.4,28.29637,-52.448956,88.0,2024-11-24 10:50:37
VH_04508,Tesla Model 3,69.2,12.1,-41.957768,82.771731,81.7,2024-11-25 12:44:52
VH_04509,Tesla Model 3,116.8,133.4,19.141824,48.638172,75.2,2024-11-04 17:40:13
VH_04510,Chevrolet Bolt,98.1,16.3,-27.660721,-83.012953,94.4,2024-11-19 12:09:52
VH_04511,BMW X5,89.3,116.3,70.642504,-170.665281,99.3,2024-11-03 14:49:39
VH_04512,Honda Civic,107.9,16.0,-67.907135,165.609596,94.7,2024-11-23 08:20:47
VH_04513,Ford F-150,79.9,25.1,9.793802,100.262475,96.4,2024-11-11 04:16:48
VH_04514,Toyota Camry,64.9,59.3,-2.51177,-130.678799,70.1,2024-11-11 09:32:56
VH_04515,Toyota Camry,80.6,136.2,-12.794618,-27.137405,90.7,2024-11-06 15:17:52
VH_04516,Toyota Camry,75.7,34.1,52.408329,-1.15018,91.3,2024-11-10 03:46:07
VH_04517,Chevrolet Bolt,78.9,88.5,35.916782,130.650415,75.4,2024-11-05 21:56:35
VH_04518,Mercedes EQS,78.6,27.2,19.656275,-113.351121,83.2,2024-11-12 13:49:33
VH_04519,Chevrolet Bolt,75.7,66.5,1.473291,-156.418001,91.3,2024-11-14 22:56:53
VH_04520,Tesla Model 3,63.0,154.7,-30.728445,23.967,89.9,2024-11-17 00:29:11
VH_04521,Tesla Model 3,112.2,115.4,73.256413,130.865549,87.2,2024-11-18 10:08:30
VH_04522,Hyundai Ioniq,104.4,98.5,-1.01335,108.261587,91.2,2024-11-11 20:40:22
VH_04523,Tesla Model 3,100.3,32.8,-52.046003,30.589621,83.6,2024-11-11 19:15:45
VH_04524,BMW X5,97.6,76.0,32.582743,145.612509,73.8,2024-11-08 05:07:03
VH_04525,Tesla Model 3,79.2,18.4,69.866326,-153.485207,89.7,2024-11-03 11:05:55
VH_04526,Honda Civic,88.5,33.8,80.197045,63.502843,75.3,2024-11-13 15:04:40
VH_04527,Ford F-150,94.6,171.8,59.811393,112.50194,91.3,2024-11-06 00:41:17
VH_04528,Chevrolet Bolt,68.4,131.3,-57.355223,128.196749,97.2,2024-11-28 01:47:10
VH_04529,Tesla Model 3,75.0,135.5,69.567206,129.638317,84.2,2024-11-28 22:31:50
VH_04530,Ford F-150,95.1,150.1,-45.260673,-175.702514,85.8,2024-11-18 03:34:32
VH_04531,Ford F-150,86.4,93.5,-3.649509,-118.995843,76.8,2024-11-06 10:01:51
VH_04532,Mercedes EQS,116.8,99.7,-64.699409,53.820823,85.5,2024-11-30 23:10:21
VH_04533,Tesla Model 3,95.8,80.3,-22.972243,44.854206,72.2,2024-11-22 19:17:06
VH_04534,BMW X5,78.1,128.6,8.003624,103.22601,94.1,2024-11-27 05:30:33
VH_04535,Ford F-150,,80.0,-39.904878,54.008307,96.6,2024-11-12 05:29:43
VH_04536,Tesla Model 3,65.7,142.7,-9.830276,61.611608,87.2,2024-11-20 05:00:37
VH_04537,Mercedes EQS,110.5,56.4,-84.388766,128.275862,96.5,2024-11-01 17:46:27
VH_04538,Honda Civic,,164.5,75.279237,-64.112599,98.3,2024-11-26 04:25:39
VH_04539,Hyundai Ioniq,72.3,47.5,40.237754,60.168995,93.4,2024-11-02 07:57:44
VH_04540,Toyota Camry,108.7,101.6,44.285721,6.290789,79.7,2024-11-07 14:46:45
VH_04541,Toyota Camry,92.1,88.6,16.480688,19.20008,75.0,2024-11-17 12:50:26
VH_04542,Mercedes EQS,104.2,39.5,-77.372835,-46.404599,93.1,2024-11-05 20:52:31
VH_04543,Tesla Model 3,111.0,170.5,-51.054327,-168.004522,93.2,2024-11-19 12:16:35
VH_04544,Toyota Camry,100.9,88.8,26.03377,58.500397,82.0,2024-11-12 07:22:50
VH_04545,BMW X5,94.4,177.6,39.354054,70.906261,100.0,2024-11-29 15:43:44
VH_04546,Tesla Model 3,104.6,4.6,-45.917477,-105.997811,73.4,2024-11-10 05:43:50
VH_04547,Tesla Model 3,63.4,87.8,22.098417,170.110764,70.3,2024-11-11 10:23:15
VH_04548,Mercedes EQS,97.9,38.0,-15.44964,111.870136,87.4,2024-11-03 11:14:18
VH_04549,Honda Civic,77.2,165.5,3.12476,-163.769842,74.3,2024-11-05 16:25:51
VH_04550,Chevrolet Bolt,109.7,80.8,34.699073,-134.287623,82.9,2024-11-14 02:35:30
VH_04551,BMW X5,74.6,64.8,52.081269,-64.343474,93.0,2024-11-16 22:42:04
VH_04552,Hyundai Ioniq,94.5,109.1,-29.648047,140.798582,81.5,2024-11-22 09:59:07
VH_04553,Hyundai Ioniq,67.2,4.4,-8.946668,-122.793554,96.9,2024-11-02 15:51:10
VH_04554,BMW X5,88.6,146.3,84.544999,-171.830147,77.0,2024-11-16 13:47:02
VH_04555,Tesla Model 3,,176.1,-72.23111,37.616578,94.1,2024-11-21 02:49:28
VH_04556,Tesla Model 3,108.0,168.1,-42.650323,-64.139993,79.8,2024-11-22 16:26:28
VH_04557,Mercedes EQS,104.6,129.5,50.362357,116.773802,83.4,2024-11-15 07:01:42
VH_04558,Toyota Camry,62.0,56.6,-80.004267,164.789422,80.8,2024-11-05 02:56:23
VH_04559,Hyundai Ioniq,115.3,166.2,29.87663,-28.862196,93.9,2024-11-14 14:55:55
VH_04560,Ford F-150,,141.7,-81.269419,82.564287,89.4,2024-11-16 08:07:08
VH_04561,Tesla Model 3,95.8,43.7,76.456003,-171.346791,76.7,2024-11-13 12:00:11
VH_04562,Mercedes EQS,64.7,157.2,-27.159373,46.492758,71.6,2024-11-24 05:47:24
VH_04563,Tesla Model 3,,13.0,-44.128277,102.670963,98.6,2024-11-18 10:40:25
VH_04564,Honda Civic,75.4,175.7,-87.560736,140.205592,71.1,2024-11-15 05:14:24
VH_04565,Ford F-150,75.3,64.6,22.18862,-41.384177,93.8,2024-11-15 08:30:17
VH_04566,Tesla Model 3,92.1,79.3,-59.328705,-33.736275,78.5,2024-11-27 18:39:24
VH_04567,Ford F-150,68.5,50.8,-13.500188,-66.147895,82.7,2024-11-05 00:52:59
VH_04568,Toyota Camry,91.8,125.4,18.438865,85.852476,72.7,2024-11-25 14:51:50
VH_04569,Honda Civic,100.1,19.2,56.596987,-52.95457,90.4,2024-11-19 02:25:11
VH_04570,Toyota Camry,100.5,66.3,-30.6178,-171.901563,77.2,2024-11-17 10:01:46
VH_04571,Tesla Model 3,86.4,150.9,63.056057,99.317733,77.7,2024-11-22 00:17:32
VH_04572,Toyota Camry,88.9,144.7,64.216166,169.429094,89.8,2024-11-10 03:50:27
VH_04573,BMW X5,110.0,18.3,-82.82349,166.471173,76.9,2024-11-08 14:06:50
VH_04574,Toyota Camry,67.3,82.5,-5.074214,-121.621902,79.2,2024-11-19 05:47:01
VH_04575,Tesla Model 3,90.6,165.7,-39.948538,33.737164,78.5,2024-11-25 12:27:23
VH_04576,Toyota Camry,105.5,45.2,-34.504055,158.930668,86.3,2024-11-09 23:47:50
VH_04577,Ford F-150,106.4,156.0,64.11168,106.258149,95.9,2024-11-07 03:57:36
VH_04578,Mercedes EQS,104.8,122.5,48.136282,156.073547,87.9,2024-11-08 15:03:24
VH_04579,Chevrolet Bolt,87.5,129.1,86.243941,-146.765924,95.8,2024-11-15 12:45:11
VH_04580,Tesla Model 3,114.6,103.5,-34.965108,140.065341,87.2,2024-11-16 00:38:08
VH_04581,Honda Civic,111.0,155.5,-44.087644,-34.136197,96.5,2024-11-29 03:47:41
VH_04582,Tesla Model 3,104.9,100.9,61.740119,1.129541,86.8,2024-11-24 03:16:06
VH_04583,Chevrolet Bolt,88.7,119.9,31.243198,-8.157267,94.1,2024-11-28 18:37:31
VH_04584,Honda Civic,72.3,95.6,-32.106772,-81.293051,74.4,2024-11-06 09:55:27
VH_04585,Ford F-150,111.3,81.8,-13.778196,124.804944,87.1,2024-11-15 21:13:41
VH_04586,Tesla Model 3,108.4,77.9,34.955996,-35.899979,71.7,2024-11-30 15:25:06
VH_04587,Tesla Model 3,67.2,34.2,-24.339436,-43.002755,77.6,2024-11-17 15:03:17
VH_04588,Toyota Camry,98.9,37.9,-9.301599,131.281653,84.9,2024-11-01 18:03:12
VH_04589,Tesla Model 3,81.3,135.4,-9.450062,27.058286,70.8,2024-11-19 04:38:10
VH_04590,Tesla Model 3,86.2,141.5,53.37064,84.126723,89.6,2024-11-21 04:17:25
VH_04591,Chevrolet Bolt,99.7,154.0,51.317465,-8.111397,84.4,2024-11-06 09:18:16
VH_04592,Chevrolet Bolt,81.3,81.1,62.540862,160.070447,71.7,2024-11-18 17:28:36
VH_04593,Toyota Camry,105.0,125.5,-25.204453,166.575998,77.7,2024-11-14 16:45:24
VH_04594,Mercedes EQS,109.8,111.8,22.137553,13.761798,83.7,2024-11-16 17:13:06
VH_04595,Toyota Camry,83.4,113.4,-1.689935,161.919945,78.0,2024-11-27 16:18:02
VH_04596,Honda Civic,80.2,60.6,30.438705,-9.57622,98.3,2024-11-20 21:41:06
VH_04597,Honda Civic,109.7,124.2,84.880677,-178.839331,97.1,2024-11-17 05:05:49
VH_04598,Hyundai Ioniq,93.9,61.5,-51.15307,-176.448826,83.5,2024-11-23 20:04:48
VH_04599,Honda Civic,88.2,95.0,37.219479,98.870747,84.2,2024-11-28 18:10:38
VH_04600,Mercedes EQS,90.5,100.1,-79.165576,78.2599,87.4,2024-11-14 05:43:16
VH_04601,Tesla Model 3,111.8,132.4,26.120523,-26.503565,82.1,2024-11-12 09:30:34
VH_04602,Hyundai Ioniq,85.4,109.8,-84.399713,49.039654,93.3,2024-11-22 03:01:12
VH_04603,Tesla Model 3,78.4,97.4,25.456477,97.298646,98.9,2024-11-14 20:35:51
VH_04604,Toyota Camry,81.6,10.2,-3.249721,119.175799,94.1,2024-11-21 23:43:36
VH_04605,Ford F-150,88.7,156.7,-5.9338,9.181081,74.2,2024-11-24 20:01:28
VH_04606,Tesla Model 3,119.6,101.6,-78.366671,-139.789341,75.8,2024-11-21 19:02:13
VH_04607,Chevrolet Bolt,61.3,150.5,-5.267485,-117.504027,88.2,2024-11-17 17:06:06
VH_04608,Tesla Model 3,83.3,13.3,-13.12349,-8.484496,71.9,2024-11-25 17:45:21
VH_04609,Mercedes EQS,63.2,120.6,-86.195739,-157.207609,76.5,2024-11-15 22:41:56
VH_04610,Mercedes EQS,94.8,25.5,80.449532,-7.082941,77.0,2024-11-21 23:32:41
VH_04611,Ford F-150,103.0,136.4,-39.832518,-78.693606,86.6,2024-11-05 09:11:30
VH_04612,Hyundai Ioniq,100.4,115.0,73.372781,40.742173,73.5,2024-11-09 11:21:31
VH_04613,BMW X5,78.0,162.2,-82.903242,-155.458327,73.2,2024-11-08 13:23:30
VH_04614,Hyundai Ioniq,119.6,163.0,-42.629821,149.343419,87.7,2024-11-05 15:43:04
VH_04615,Toyota Camry,99.2,4.9,-56.058166,-97.024229,94.4,2024-11-03 21:23:33
VH_04616,Ford F-150,96.2,69.3,-12.200131,-24.223213,87.4,2024-11-08 11:38:10
VH_04617,Tesla Model 3,116.8,52.2,-56.000732,63.239336,91.6,2024-11-18 08:13:21
VH_04618,Honda Civic,100.6,159.3,-38.341419,-122.753668,85.0,2024-11-19 16:26:58
VH_04619,Hyundai Ioniq,103.2,43.4,23.005494,46.77022,79.7,2024-11-12 19:51:41
VH_04620,Tesla Model 3,,176.6,-57.724089,-18.520942,93.7,2024-11-04 20:24:56
VH_04621,Toyota Camry,94.5,146.5,-17.814397,-51.21,98.5,2024-11-17 00:29:07
VH_04622,Toyota Camry,69.5,79.8,19.138392,-79.948524,95.3,2024-11-15 19:37:18
VH_04623,Chevrolet Bolt,102.2,44.3,-6.146492,-37.953,86.8,2024-11-23 09:31:53
VH_04624,Toyota Camry,89.2,159.3,42.084327,136.687272,85.8,2024-11-14 00:42:35
VH_04625,Mercedes EQS,64.8,30.9,4.782173,-22.968009,75.0,2024-11-24 16:05:12
VH_04626,Chevrolet Bolt,89.9,96.9,75.478233,-149.952583,78.8,2024-11-22 12:15:52
VH_04627,Tesla Model 3,112.3,141.2,17.425496,131.832029,98.7,2024-11-19 11:46:43
VH_04628,Chevrolet Bolt,110.1,50.7,43.85803,-5.012297,72.2,2024-11-25 22:36:42
VH_04629,Hyundai Ioniq,61.1,3.6,-76.051258,142.494092,83.8,2024-11-05 23:10:12
VH_04630,Tesla Model 3,68.1,139.6,-39.630557,103.21678,77.5,2024-11-03 17:30:41
VH_04631,Honda Civic,70.8,65.6,5.239605,-144.111423,88.6,2024-11-11 18:40:08
VH_04632,Ford F-150,79.1,14.2,-52.287604,-104.750543,71.9,2024-11-04 20:34:39
VH_04633,Mercedes EQS,66.8,58.2,-35.614285,-37.559854,95.3,2024-11-05 10:45:18
VH_04634,Hyundai Ioniq,88.6,125.0,40.301899,77.697893,99.6,2024-11-23 09:18:21
VH_04635,Ford F-150,71.4,162.9,-8.817944,-30.652966,70.8,2024-11-25 06:09:22
VH_04636,Tesla Model 3,60.4,169.9,37.015785,72.071351,99.9,2024-11-22 14:49:03
VH_04637,Honda Civic,72.8,150.1,-3.406654,48.102577,71.3,2024-11-01 06:37:55
VH_04638,Toyota Camry,112.9,52.1,-59.075141,-123.665497,94.8,2024-11-27 18:39:53
VH_04639,Ford F-150,69.5,155.7,80.873436,63.816192,77.8,2024-11-01 00:06:01
VH_04640,Ford F-150,72.5,68.6,-41.413719,69.286109,82.8,2024-11-20 13:21:57
VH_04641,Chevrolet Bolt,114.9,56.4,-74.698484,162.04119,77.5,2024-11-27 08:02:28
VH_04642,Tesla Model 3,110.1,149.2,-74.977127,118.818108,91.3,2024-11-02 12:02:45
VH_04643,Tesla Model 3,62.0,54.5,-80.533504,141.906609,92.4,2024-11-04 09:37:03
VH_04644,Honda Civic,94.3,59.0,84.061124,141.932598,97.6,2024-11-20 17:32:31
VH_04645,Toyota Camry,117.8,86.7,18.076562,-111.405319,96.7,2024-11-14 07:16:05
VH_04646,Toyota Camry,118.9,89.0,-2.747702,-22.672312,71.5,2024-11-16 21:22:20
VH_04647,BMW X5,90.1,160.4,-22.315684,-65.943269,80.5,2024-11-14 06:29:35
VH_04648,Tesla Model 3,78.6,155.7,46.281922,-40.755593,96.3,2024-11-25 06:48:47
VH_04649,Honda Civic,66.6,131.2,-1.435227,126.984125,96.4,2024-11-26 03:46:23
VH_04650,Honda Civic,106.6,19.7,-69.154393,22.232491,94.8,2024-11-05 17:10:23
VH_04651,Tesla Model 3,82.1,100.1,80.505049,24.30803,90.1,2024-11-17 00:50:57
VH_04652,Chevrolet Bolt,89.4,100.2,-17.731171,85.686081,81.4,2024-11-16 19:55:58
VH_04653,Honda Civic,75.8,132.1,-73.546462,-72.36052,99.5,2024-11-07 16:04:52
VH_04654,Mercedes EQS,115.5,137.8,44.769585,-2.273334,88.9,2024-11-26 17:32:07
VH_04655,Mercedes EQS,102.0,152.6,-78.336442,114.890189,76.8,2024-11-25 20:17:15
VH_04656,Toyota Camry,118.8,158.8,-16.072733,-89.256082,88.5,2024-11-22 13:34:59
VH_04657,Honda Civic,68.6,11.3,40.61144,59.502174,73.5,2024-11-08 06:36:30
VH_04658,Tesla Model 3,115.6,80.2,-21.212688,14.030383,83.2,2024-11-01 12:21:40
VH_04659,Hyundai Ioniq,92.1,162.3,-50.406631,-50.418981,84.2,2024-11-11 22:52:46
VH_04660,Toyota Camry,99.0,84.2,-15.999054,-142.281879,71.4,2024-11-13 05:06:23
VH_04661,Toyota Camry,87.5,15.0,-83.203434,106.752153,83.0,2024-11-04 21:35:19
VH_04662,Tesla Model 3,112.2,62.6,83.076737,75.729161,86.1,2024-11-01 06:57:05
VH_04663,Honda Civic,,80.8,-4.814614,-89.848323,85.2,2024-11-18 20:25:42
VH_04664,Tesla Model 3,86.2,95.3,-12.979039,-6.050579,94.0,2024-11-22 01:01:39
VH_04665,Ford F-150,67.9,16.6,40.702962,107.417028,75.3,2024-11-12 06:56:52
VH_04666,Hyundai Ioniq,111.8,46.6,-88.078829,48.63267,93.9,2024-11-06 09:01:37
VH_04667,Chevrolet Bolt,87.1,31.8,-24.56213,-5.300368,76.7,2024-11-21 12:37:35
VH_04668,Ford F-150,87.8,175.1,51.326214,-160.421395,85.7,2024-11-28 23:21:35
VH_04669,Hyundai Ioniq,101.2,8.1,16.741547,111.027109,94.2,2024-11-23 14:08:31
VH_04670,Tesla Model 3,106.4,106.4,62.525998,176.02668,86.2,2024-11-05 09:33:41
VH_04671,Honda Civic,106.5,61.6,-17.099166,-133.541101,86.0,2024-11-21 03:26:30
VH_04672,Hyundai Ioniq,60.9,100.7,-83.105679,-51.236577,94.7,2024-11-02 20:50:17
VH_04673,Tesla Model 3,111.0,157.5,-59.687545,-162.984448,89.6,2024-11-12 16:44:10
VH_04674,Tesla Model 3,73.6,66.9,-29.330821,-53.372749,96.5,2024-11-06 03:02:35
VH_04675,Ford F-150,83.5,161.8,45.589869,-23.186531,82.4,2024-11-28 19:03:29
VH_04676,Tesla Model 3,108.3,62.5,64.737332,152.529107,92.4,2024-11-19 17:26:36
VH_04677,Tesla Model 3,63.3,140.5,-46.175524,130.221174,85.4,2024-11-10 03:02:40
VH_04678,Tesla Model 3,108.6,111.4,-57.997995,134.313036,80.8,2024-11-27 16:18:24
VH_04679,Tesla Model 3,114.8,69.7,-41.718252,40.511485,86.8,2024-11-23 11:32:05
VH_04680,Hyundai Ioniq,109.3,163.1,65.176808,-0.713615,72.9,2024-11-27 00:16:18
VH_04681,Tesla Model 3,98.2,51.8,-68.892586,-159.866266,71.5,2024-11-01 05:12:11
VH_04682,Honda Civic,79.4,52.7,-38.30467,165.652499,98.9,2024-11-28 08:36:04
VH_04683,Mercedes EQS,61.6,1.0,-12.492843,-98.947762,94.4,2024-11-21 02:26:54
VH_04684,Ford F-150,,96.1,35.336301,162.622951,84.9,2024-11-02 20:26:58
VH_04685,Hyundai Ioniq,93.9,152.8,-45.904294,-45.733317,93.9,2024-11-14 19:36:56
VH_04686,Toyota Camry,113.0,176.0,24.38145,160.996183,92.4,2024-11-12 18:37:38
VH_04687,Toyota Camry,88.2,22.8,27.873663,27.701951,74.8,2024-11-23 02:37:55
VH_04688,Ford F-150,82.1,179.6,-89.21105,159.857994,71.4,2024-11-03 10:10:35
VH_04689,Chevrolet Bolt,67.1,112.2,76.969827,-62.001984,84.7,2024-11-15 12:06:23
VH_04690,Toyota Camry,114.2,91.4,-89.957215,-78.210149,84.5,2024-11-02 04:23:00
VH_04691,Hyundai Ioniq,90.6,90.2,51.130279,-20.011596,80.3,2024-11-11 20:37:27
VH_04692,Chevrolet Bolt,82.2,25.2,6.523963,-153.732201,95.3,2024-11-03 17:20:41
VH_04693,Toyota Camry,79.8,45.5,-75.488274,108.351096,86.6,2024-11-24 00:13:50
VH_04694,Tesla Model 3,118.8,62.2,39.519704,-136.049465,99.5,2024-11-06 20:14:02
VH_04695,Honda Civic,98.1,15.8,-85.587684,89.516712,94.7,2024-11-05 22:38:19
VH_04696,Tesla Model 3,118.1,168.5,-89.416555,-87.015148,97.8,2024-11-14 08:13:17
VH_04697,Tesla Model 3,82.4,59.6,14.4859,149.111836,76.4,2024-11-08 11:27:06
VH_04698,Tesla Model 3,102.0,26.2,49.374423,22.231944,96.8,2024-11-29 08:18:39
VH_04699,Ford F-150,73.6,83.8,20.115325,-164.864787,98.1,2024-11-18 22:39:11
VH_04700,Mercedes EQS,72.2,8.7,86.17683,-47.891683,76.0,2024-11-03 04:51:22
VH_04701,Chevrolet Bolt,68.9,149.3,62.578093,-106.709171,76.2,2024-11-15 10:07:12
VH_04702,Tesla Model 3,68.2,56.3,87.923683,-154.973331,76.7,2024-11-21 21:16:55
VH_04703,Toyota Camry,77.2,34.1,-36.453534,168.451589,80.5,2024-11-10 11:08:36
VH_04704,Tesla Model 3,78.4,133.1,-33.278886,168.858532,99.2,2024-11-14 14:09:49
VH_04705,Ford F-150,85.2,136.9,-23.731218,91.493128,87.5,2024-11-06 06:50:04
VH_04706,Mercedes EQS,82.9,41.9,27.555737,172.363274,86.0,2024-11-30 23:17:14
VH_04707,Toyota Camry,88.7,74.0,-48.912299,171.263146,92.8,2024-11-07 05:58:43
VH_04708,Toyota Camry,76.9,145.9,-52.165602,112.657178,90.7,2024-11-26 11:50:54
VH_04709,Toyota Camry,74.4,119.1,-20.414659,96.665861,79.7,2024-11-30 15:22:47
VH_04710,Chevrolet Bolt,99.5,89.2,-43.468982,-171.269708,79.3,2024-11-27 12:27:00
VH_04711,Toyota Camry,115.7,77.2,-35.421755,-165.562364,85.0,2024-11-08 10:03:43
VH_04712,Ford F-150,104.3,83.5,-4.206251,2.246212,82.6,2024-11-21 17:02:56
VH_04713,Tesla Model 3,90.2,64.2,84.775133,-5.208723,85.9,2024-11-27 22:20:04
VH_04714,Mercedes EQS,118.6,26.5,-55.816691,127.600043,86.9,2024-11-02 10:25:10
VH_04715,Mercedes EQS,107.8,104.5,-59.449364,-12.909063,71.5,2024-11-23 15:45:34
VH_04716,Mercedes EQS,91.4,166.0,-65.050444,-178.854867,85.2,2024-11-21 02:22:43
VH_04717,Hyundai Ioniq,84.2,94.9,87.33525,-117.407894,89.5,2024-11-04 07:15:01
VH_04718,Toyota Camry,92.7,103.3,-87.970806,-43.775443,96.5,2024-11-20 08:48:26
VH_04719,Toyota Camry,90.3,163.5,-78.606794,146.476331,84.6,2024-11-03 06:42:01
VH_04720,Toyota Camry,111.9,66.5,7.973701,-84.146668,79.7,2024-11-02 03:04:24
VH_04721,Chevrolet Bolt,106.6,122.0,17.420901,-123.558183,78.6,2024-11-30 16:02:13
VH_04722,Chevrolet Bolt,87.4,108.8,-88.490145,-135.607955,86.7,2024-11-26 18:51:39
VH_04723,Ford F-150,93.5,0.8,8.292308,126.081103,96.6,2024-11-13 13:08:57
VH_04724,Honda Civic,91.8,82.1,13.232722,159.884258,94.0,2024-11-14 04:35:02
VH_04725,BMW X5,92.0,34.6,-15.0341,106.529725,86.2,2024-11-23 05:27:23
VH_04726,Ford F-150,98.1,69.6,-57.096363,-102.041504,90.1,2024-11-25 11:36:55
VH_04727,BMW X5,85.3,76.0,40.883396,-72.847979,79.6,2024-11-30 09:51:19
VH_04728,Toyota Camry,88.6,123.1,-49.937318,-171.253237,85.0,2024-11-27 23:31:59
VH_04729,Mercedes EQS,,126.5,-9.876318,-117.727923,99.3,2024-11-17 05:38:13
VH_04730,Ford F-150,110.5,79.0,-67.189829,84.583018,96.2,2024-11-26 14:35:07
VH_04731,BMW X5,77.2,161.2,-29.945922,163.68544,84.6,2024-11-05 18:40:48
VH_04732,Toyota Camry,104.0,36.1,-75.991208,114.677581,99.2,2024-11-06 19:09:34
VH_04733,Honda Civic,100.1,69.8,-65.24543,-7.029443,88.1,2024-11-13 05:38:15
VH_04734,Toyota Camry,110.1,89.4,8.031048,-18.150114,91.7,2024-11-02 21:27:40
VH_04735,Ford F-150,111.8,86.0,-11.753929,-168.470609,79.3,2024-11-01 16:21:02
VH_04736,Honda Civic,86.4,49.4,74.789361,-88.896019,70.4,2024-11-06 13:54:11
VH_04737,Tesla Model 3,86.9,73.1,-20.484892,-137.936089,88.4,2024-11-24 13:58:24
VH_04738,Tesla Model 3,79.0,76.9,23.602886,-66.205593,80.3,2024-11-15 14:20:21
VH_04739,Honda Civic,80.0,141.9,-17.657893,-117.171508,75.4,2024-11-30 11:19:28
VH_04740,Chevrolet Bolt,87.8,24.3,39.351028,-10.015547,78.1,2024-11-22 01:00:41
VH_04741,Mercedes EQS,65.9,178.0,-43.238825,-98.040744,74.9,2024-11-12 07:54:41
VH_04742,Tesla Model 3,100.3,94.6,88.023983,41.813316,94.1,2024-11-27 00:56:27
VH_04743,Honda Civic,96.3,70.2,-62.075646,52.883664,77.6,2024-11-25 07:41:57
VH_04744,BMW X5,71.2,74.2,-12.468651,-148.724423,76.8,2024-11-20 11:42:58
VH_04745,Tesla Model 3,76.1,99.8,10.720859,-67.623746,84.7,2024-11-04 20:16:37
VH_04746,Mercedes EQS,109.9,104.3,-16.124655,-6.825591,88.8,2024-11-01 04:44:18
VH_04747,Toyota Camry,61.9,131.4,-63.243726,-25.93574,95.9,2024-11-19 22:48:12
VH_04748,Tesla Model 3,62.2,143.9,-76.415574,37.75262,71.1,2024-11-05 01:23:11
VH_04749,Chevrolet Bolt,,107.5,-12.655879,-51.977534,90.0,2024-11-16 16:24:35
VH_04750,Ford F-150,116.6,168.4,-45.248736,-160.315646,84.2,2024-11-26 04:35:39
VH_04751,Tesla Model 3,111.3,23.5,42.33476,-3.270542,78.9,2024-11-08 14:04:07
VH_04752,Tesla Model 3,60.3,116.4,-57.43837,77.070004,80.2,2024-11-27 16:42:24
VH_04753,Toyota Camry,116.0,82.4,77.517015,-108.898008,85.0,2024-11-10 15:01:49
VH_04754,BMW X5,84.7,71.4,57.772621,144.352732,87.1,2024-11-06 03:29:04
VH_04755,Ford F-150,86.8,112.9,32.176004,-34.554116,97.2,2024-11-06 17:24:56
VH_04756,Tesla Model 3,65.6,120.4,-44.491052,50.158916,80.7,2024-11-02 02:09:09
VH_04757,Tesla Model 3,70.6,176.2,88.910629,146.936082,77.7,2024-11-16 01:18:21
VH_04758,BMW X5,98.8,137.3,-15.498468,-129.546549,82.9,2024-11-18 06:55:26
VH_04759,Honda Civic,79.2,34.6,-0.164263,-3.475897,95.5,2024-11-04 20:39:41
VH_04760,Toyota Camry,84.7,28.3,-22.678458,26.284811,80.6,2024-11-27 16:08:14
VH_04761,Toyota Camry,89.9,64.6,25.076755,21.938371,97.7,2024-11-28 08:51:04
VH_04762,Tesla Model 3,71.2,46.9,-77.444529,-56.064598,79.7,2024-11-26 16:48:57
VH_04763,Ford F-150,110.4,29.6,-48.885499,110.096467,73.0,2024-11-14 06:58:35
VH_04764,Chevrolet Bolt,61.2,118.6,22.892091,178.661414,88.1,2024-11-25 00:43:32
VH_04765,Toyota Camry,76.8,115.8,-38.292069,-97.955529,91.5,2024-11-08 01:29:46
VH_04766,BMW X5,78.5,122.2,4.554016,161.531963,97.5,2024-11-14 16:59:02
VH_04767,Tesla Model 3,63.2,179.5,71.648206,159.512999,73.9,2024-11-20 02:16:46
VH_04768,Honda Civic,114.8,86.5,51.677473,104.116924,94.2,2024-11-11 05:56:12
VH_04769,Mercedes EQS,77.7,101.3,-88.168947,-17.754385,96.9,2024-11-04 14:46:18
VH_04770,Mercedes EQS,95.8,79.6,-37.516465,174.34519,88.4,2024-11-09 00:17:22
VH_04771,Honda Civic,74.9,68.3,-43.258789,-136.403337,85.1,2024-11-21 13:36:45
VH_04772,Chevrolet Bolt,80.9,108.8,84.529912,-161.887437,97.6,2024-11-09 17:38:19
VH_04773,Chevrolet Bolt,95.5,0.3,25.785736,-10.953917,87.2,2024-11-05 07:13:09
VH_04774,Ford F-150,110.9,95.2,-43.012388,-84.780323,99.6,2024-11-19 09:27:23
VH_04775,Honda Civic,67.0,26.5,48.70491,-76.744278,97.6,2024-11-14 08:40:10
VH_04776,Ford F-150,112.1,124.5,2.540242,-172.761377,95.6,2024-11-11 12:11:19
VH_04777,Tesla Model 3,104.0,106.4,19.863215,-74.714586,79.7,2024-11-22 20:03:17
VH_04778,Tesla Model 3,107.0,164.9,64.238893,42.975901,92.3,2024-11-11 03:49:07
VH_04779,Hyundai Ioniq,103.7,22.2,4.14848,-153.603266,73.0,2024-11-04 11:09:15
VH_04780,Mercedes EQS,78.5,27.4,84.982315,3.91161,79.6,2024-11-13 17:55:22
VH_04781,Ford F-150,118.5,90.9,-50.866309,-12.816162,99.1,2024-11-03 12:24:31
VH_04782,Tesla Model 3,82.2,5.1,-85.475117,-46.430334,89.4,2024-11-01 23:15:19
VH_04783,Ford F-150,116.0,69.3,-50.883683,-20.237486,75.4,2024-11-13 09:31:42
VH_04784,Mercedes EQS,112.4,157.9,-53.611622,-26.131479,83.6,2024-11-01 03:51:51
VH_04785,Tesla Model 3,89.8,94.5,-44.039819,-3.208091,84.4,2024-11-12 17:30:15
VH_04786,Mercedes EQS,115.5,89.8,29.440782,-121.290418,99.1,2024-11-10 06:18:40
VH_04787,Honda Civic,97.3,150.4,-54.870413,23.656453,73.3,2024-11-26 04:53:13
VH_04788,Chevrolet Bolt,76.6,19.4,32.195316,31.042271,90.2,2024-11-25 14:37:47
VH_04789,Chevrolet Bolt,87.1,129.3,12.365983,9.830836,82.0,2024-11-08 03:02:34
VH_04790,Chevrolet Bolt,61.1,75.5,75.229053,-142.322457,88.1,2024-11-29 00:35:27
VH_04791,Tesla Model 3,88.9,51.1,63.407295,15.622378,92.2,2024-11-24 23:42:15
VH_04792,BMW X5,81.7,59.7,-49.701412,166.02652,72.1,2024-11-22 15:35:36
VH_04793,Tesla Model 3,106.4,12.8,29.725574,50.812662,94.5,2024-11-16 23:51:28
VH_04794,Tesla Model 3,112.8,110.9,-13.856167,-145.883503,83.9,2024-11-18 12:20:01
VH_04795,BMW X5,68.5,144.5,54.318814,102.922478,75.1,2024-11-26 15:33:54
VH_04796,Toyota Camry,99.8,138.8,-25.780314,113.907395,85.7,2024-11-23 12:40:30
VH_04797,Chevrolet Bolt,60.3,21.7,-67.457433,-62.788581,85.4,2024-11-03 14:13:25
VH_04798,BMW X5,107.1,34.8,20.531968,-178.993286,97.0,2024-11-25 01:48:50
VH_04799,Toyota Camry,83.0,107.7,-59.291177,20.263905,89.0,2024-11-09 03:27:36
VH_04800,Toyota Camry,115.5,89.6,31.594165,105.64067,93.2,2024-11-09 16:32:01
VH_04801,Toyota Camry,90.9,110.0,-32.893322,-148.014711,92.4,2024-11-17 21:20:54
VH_04802,Honda Civic,75.6,142.8,7.030671,-131.76082,89.7,2024-11-22 13:50:54
VH_04803,Honda Civic,96.2,131.9,-34.11341,54.362557,77.5,2024-11-30 13:11:44
VH_04804,Toyota Camry,107.0,20.7,37.166522,-44.781007,78.1,2024-11-28 21:33:40
VH_04805,Mercedes EQS,105.6,117.3,-58.354066,-85.427717,76.1,2024-11-14 11:50:22
VH_04806,Toyota Camry,,103.4,77.794287,118.324337,93.0,2024-11-22 16:30:29
VH_04807,Tesla Model 3,64.5,63.9,63.670106,-97.733378,89.1,2024-11-26 15:05:51
VH_04808,Tesla Model 3,98.8,10.6,31.303132,142.451706,74.7,2024-11-05 07:18:42
VH_04809,BMW X5,67.1,5.5,-55.531573,55.090912,83.0,2024-11-07 08:08:12
VH_04810,Tesla Model 3,88.6,104.2,-40.700018,118.321753,81.2,2024-11-21 20:33:36
VH_04811,Chevrolet Bolt,64.6,73.5,-17.563727,-14.716893,81.3,2024-11-01 11:07:47
VH_04812,Toyota Camry,103.2,9.8,-41.342884,-82.040126,70.0,2024-11-04 22:34:38
VH_04813,Hyundai Ioniq,,33.4,27.728397,-56.820692,81.4,2024-11-15 18:17:59
VH_04814,Toyota Camry,85.2,115.6,48.555901,154.122652,80.9,2024-11-23 05:35:13
VH_04815,Mercedes EQS,103.5,105.8,-4.210695,170.694567,72.5,2024-11-03 20:20:31
VH_04816,Honda Civic,86.0,58.4,-86.217859,90.832858,91.8,2024-11-12 17:08:17
VH_04817,BMW X5,96.7,53.5,67.041223,93.872471,75.6,2024-11-16 01:53:49
VH_04818,Ford F-150,98.2,155.5,60.814303,121.570258,98.5,2024-11-17 05:37:17
VH_04819,Hyundai Ioniq,110.2,83.3,60.544887,104.587253,79.7,2024-11-15 09:15:30
VH_04820,Toyota Camry,95.8,171.2,37.681487,-154.691334,96.7,2024-11-21 06:50:35
VH_04821,Toyota Camry,72.1,168.2,54.555478,-43.980669,80.5,2024-11-03 17:26:22
VH_04822,Toyota Camry,111.5,9.1,-18.345745,-36.969261,71.6,2024-11-22 01:01:24
VH_04823,BMW X5,87.6,59.7,-79.451294,-137.37115,83.8,2024-11-28 20:53:53
VH_04824,Honda Civic,100.9,79.8,-12.466491,-107.016561,87.8,2024-11-14 20:09:33
VH_04825,Tesla Model 3,61.9,167.4,-20.296362,-162.471443,83.8,2024-11-30 21:33:40
VH_04826,Honda Civic,64.2,26.8,18.915524,154.856888,76.6,2024-11-25 21:49:22
VH_04827,Tesla Model 3,89.4,93.1,38.186934,-17.165309,86.9,2024-11-25 16:22:34
VH_04828,Mercedes EQS,69.2,140.0,-8.051524,43.819655,99.6,2024-11-20 00:22:24
VH_04829,Tesla Model 3,85.8,31.9,87.572314,151.414823,75.6,2024-11-12 09:01:00
VH_04830,Mercedes EQS,,140.3,-83.564154,76.690639,71.9,2024-11-16 18:00:55
VH_04831,Honda Civic,108.9,106.3,-26.1121,-138.362158,99.8,2024-11-11 11:45:08
VH_04832,Honda Civic,111.5,130.8,-74.187224,120.704374,81.5,2024-11-26 08:02:14
VH_04833,Ford F-150,76.6,96.4,73.132924,-114.296107,78.8,2024-11-20 16:41:31
VH_04834,Tesla Model 3,96.5,149.4,53.246839,112.715253,89.2,2024-11-22 19:33:57
VH_04835,Hyundai Ioniq,107.5,10.1,-39.86011,50.355015,89.9,2024-11-11 12:22:32
VH_04836,Chevrolet Bolt,82.4,102.6,24.963444,-11.09393,86.2,2024-11-11 19:28:39
VH_04837,Chevrolet Bolt,99.2,110.0,-24.375921,4.55667,72.2,2024-11-12 17:08:42
VH_04838,Tesla Model 3,94.8,4.2,-40.361715,-21.564742,71.4,2024-11-21 23:33:35
VH_04839,Chevrolet Bolt,76.9,47.1,48.597725,65.647408,86.4,2024-11-16 22:51:27
VH_04840,BMW X5,105.6,110.9,73.401311,-1.975019,86.9,2024-11-05 12:29:47
VH_04841,Toyota Camry,102.2,175.9,22.004989,66.846129,83.0,2024-11-26 23:12:34
VH_04842,Chevrolet Bolt,61.3,90.1,88.823534,164.597242,71.5,2024-11-21 12:32:05
VH_04843,Tesla Model 3,91.4,160.7,59.866942,-69.011747,72.4,2024-11-21 17:04:21
VH_04844,Ford F-150,83.3,18.5,46.663216,66.540963,95.1,2024-11-14 12:15:00
VH_04845,Tesla Model 3,60.1,159.9,-5.617853,20.563188,70.9,2024-11-26 04:32:14
VH_04846,Tesla Model 3,80.7,27.6,89.80729,-175.806301,88.7,2024-11-24 06:47:50
VH_04847,Mercedes EQS,101.0,175.5,-31.986275,-5.701467,78.5,2024-11-01 07:52:44
VH_04848,Chevrolet Bolt,63.5,15.0,-78.389988,103.095686,95.9,2024-11-05 11:36:42
VH_04849,Tesla Model 3,95.4,109.6,-57.946805,-125.160867,79.3,2024-11-15 17:53:36
VH_04850,BMW X5,88.1,47.5,82.745911,39.607725,87.7,2024-11-17 19:23:39
VH_04851,Ford F-150,115.9,32.6,-24.678577,35.670136,71.1,2024-11-01 11:40:36
VH_04852,Honda Civic,111.7,72.6,-51.794679,155.615235,95.1,2024-11-08 00:50:51
VH_04853,Mercedes EQS,105.1,125.5,-4.774486,11.341365,87.3,2024-11-09 00:44:01
VH_04854,Mercedes EQS,70.3,111.1,43.836662,86.902176,77.9,2024-11-14 12:11:37
VH_04855,Hyundai Ioniq,107.3,16.5,4.065766,-178.493896,73.6,2024-11-17 10:48:48
VH_04856,BMW X5,96.1,140.2,30.996066,-46.563227,99.2,2024-11-11 05:30:28
VH_04857,Tesla Model 3,105.8,65.3,-23.685867,171.463492,74.7,2024-11-10 22:35:19
VH_04858,Mercedes EQS,60.8,136.5,19.762848,-92.803219,83.9,2024-11-09 02:22:37
VH_04859,Tesla Model 3,69.0,176.5,-50.334282,-79.646386,77.5,2024-11-08 00:38:25
VH_04860,Ford F-150,72.3,62.9,43.589593,104.976464,96.6,2024-11-16 19:41:46
VH_04861,Ford F-150,69.9,1.2,-54.489921,-99.831279,70.6,2024-11-21 09:42:16
VH_04862,Mercedes EQS,111.4,58.6,-31.307326,8.352638,100.0,2024-11-15 19:08:26
VH_04863,Ford F-150,70.2,160.6,-82.499913,128.85092,86.2,2024-11-26 05:08:07
VH_04864,Tesla Model 3,81.9,62.5,-10.676615,-115.308089,75.7,2024-11-22 22:23:37
VH_04865,Tesla Model 3,85.7,135.5,23.406573,-49.967476,85.2,2024-11-23 11:28:21
VH_04866,BMW X5,82.8,94.2,-23.905755,13.857137,94.8,2024-11-07 14:18:54
VH_04867,BMW X5,105.3,168.7,29.590728,169.905569,99.8,2024-11-19 02:53:51
VH_04868,Ford F-150,63.8,66.6,63.020572,48.927819,83.5,2024-11-02 04:29:33
VH_04869,Ford F-150,72.9,54.1,-72.818386,145.621032,78.6,2024-11-22 13:05:50
VH_04870,Tesla Model 3,80.2,68.4,35.63339,3.356558,90.3,2024-11-11 06:27:59
VH_04871,Honda Civic,65.4,177.7,87.767956,31.626274,84.2,2024-11-26 11:41:07
VH_04872,Hyundai Ioniq,108.5,174.8,-30.101176,2.115893,86.2,2024-11-29 07:37:19
VH_04873,Hyundai Ioniq,119.8,143.7,36.80184,55.698065,93.3,2024-11-30 16:43:55
VH_04874,Chevrolet Bolt,109.7,81.5,44.595668,124.213596,92.8,2024-11-24 15:04:14
VH_04875,Ford F-150,83.3,145.2,-30.208458,-122.928338,79.8,2024-11-19 14:45:02
VH_04876,Toyota Camry,70.1,2.2,83.646584,56.449004,93.5,2024-11-20 19:10:35
VH_04877,Honda Civic,100.6,144.0,-66.328092,23.679839,92.0,2024-11-06 22:10:05
VH_04878,Ford F-150,63.4,13.5,31.999779,159.353995,71.3,2024-11-21 23:55:32
VH_04879,Ford F-150,107.8,36.4,17.788436,-57.64709,71.1,2024-11-19 15:46:57
VH_04880,Tesla Model 3,91.8,93.4,-62.646716,-129.279771,81.4,2024-11-29 06:19:45
VH_04881,Toyota Camry,103.8,2.6,34.922979,-5.492288,81.2,2024-11-25 01:08:31
VH_04882,BMW X5,66.3,10.3,-14.128335,-111.365687,70.4,2024-11-19 06:46:31
VH_04883,Toyota Camry,99.1,117.1,-15.269799,-116.565394,88.8,2024-11-29 05:13:45
VH_04884,Ford F-150,78.0,25.2,-32.56131,16.9619,86.4,2024-11-29 06:35:06
VH_04885,Mercedes EQS,109.4,121.9,79.783935,140.250004,92.8,2024-11-26 04:40:09
VH_04886,Mercedes EQS,105.8,94.6,-73.482816,142.513047,83.8,2024-11-14 16:57:16
VH_04887,Tesla Model 3,70.5,172.6,36.718278,-170.75984,93.4,2024-11-21 02:20:24
VH_04888,Tesla Model 3,90.5,60.1,10.503189,2.011939,77.8,2024-11-14 04:53:50
VH_04889,Tesla Model 3,110.0,24.2,-69.672699,-108.574549,82.9,2024-11-24 23:57:38
VH_04890,Tesla Model 3,111.2,38.2,10.632346,163.003896,93.3,2024-11-04 12:39:04
VH_04891,Mercedes EQS,64.6,166.0,-80.132102,-70.405317,85.4,2024-11-15 10:04:31
VH_04892,Toyota Camry,62.8,106.4,-5.584015,168.683037,79.9,2024-11-19 05:50:20
VH_04893,Chevrolet Bolt,107.2,31.8,9.958315,20.210184,98.8,2024-11-04 04:33:13
VH_04894,Tesla Model 3,110.9,85.1,-6.722485,35.419136,91.4,2024-11-12 02:06:09
VH_04895,Ford F-150,69.6,69.6,21.441132,-21.324548,81.6,2024-11-11 13:03:37
VH_04896,Honda Civic,101.2,19.2,-77.010049,10.01679,83.4,2024-11-01 19:45:41
VH_04897,Tesla Model 3,102.2,156.4,-1.092598,-66.702809,86.3,2024-11-05 11:03:44
VH_04898,Mercedes EQS,92.0,110.0,-59.983683,-30.77819,70.7,2024-11-13 16:55:01
VH_04899,Tesla Model 3,80.6,155.8,-59.856388,-37.352504,86.6,2024-11-28 11:56:13
VH_04900,Toyota Camry,94.5,40.5,78.153497,-173.303018,97.0,2024-11-04 08:54:29
VH_04901,Tesla Model 3,99.5,32.6,-31.706268,-98.819102,96.0,2024-11-09 05:56:40
VH_04902,Honda Civic,92.6,3.2,-51.240765,-18.438242,71.0,2024-11-02 10:50:06
VH_04903,Toyota Camry,99.2,100.8,62.505815,119.707384,79.4,2024-11-04 15:05:21
VH_04904,Toyota Camry,105.3,69.9,-20.247174,131.510209,77.1,2024-11-20 13:30:35
VH_04905,Toyota Camry,87.9,25.7,-1.633064,-166.922379,92.3,2024-11-18 16:37:42
VH_04906,Hyundai Ioniq,102.8,172.1,-88.703885,84.8956,96.9,2024-11-18 00:44:50
VH_04907,Toyota Camry,117.6,65.2,-69.833702,-35.190044,75.6,2024-11-07 09:50:44
VH_04908,BMW X5,64.1,56.2,60.03673,-82.041877,98.2,2024-11-24 13:28:23
VH_04909,Chevrolet Bolt,112.7,65.4,-76.568718,82.52015,80.1,2024-11-11 01:06:10
VH_04910,Ford F-150,67.5,106.5,-10.236583,-160.160331,95.9,2024-11-29 11:18:41
VH_04911,Tesla Model 3,109.6,27.0,85.583528,-8.006814,72.8,2024-11-10 18:48:24
VH_04912,BMW X5,97.9,75.5,-29.261885,-94.859523,71.5,2024-11-19 15:15:56
VH_04913,Hyundai Ioniq,118.8,172.1,-24.857363,-79.937853,76.6,2024-11-05 21:52:56
VH_04914,Tesla Model 3,112.4,3.5,-87.900494,106.346834,79.0,2024-11-20 00:32:10
VH_04915,Chevrolet Bolt,82.6,64.9,-73.345894,-68.371162,85.6,2024-11-06 21:17:52
VH_04916,Tesla Model 3,81.8,173.7,50.683465,-98.946373,77.7,2024-11-18 23:16:38
VH_04917,Tesla Model 3,81.6,129.0,40.733859,162.21497,81.7,2024-11-14 23:02:54
VH_04918,Honda Civic,63.5,90.4,47.299866,149.348648,70.6,2024-11-11 08:52:20
VH_04919,Honda Civic,65.7,176.0,-71.071091,8.02865,97.9,2024-11-01 08:06:56
VH_04920,Toyota Camry,60.9,106.9,63.295863,95.629317,71.0,2024-11-17 16:15:35
VH_04921,Tesla Model 3,119.0,104.1,-60.927034,113.311819,83.8,2024-11-18 04:48:43
VH_04922,Ford F-150,76.8,16.9,-19.53856,-122.583626,74.4,2024-11-26 00:15:15
VH_04923,Mercedes EQS,77.0,35.3,18.737205,-24.738243,82.7,2024-11-28 02:13:54
VH_04924,Toyota Camry,98.3,141.2,-60.359816,-128.81418,70.1,2024-11-27 23:26:55
VH_04925,Ford F-150,64.8,5.4,-49.073674,101.878119,80.2,2024-11-14 19:14:23
VH_04926,Hyundai Ioniq,105.1,15.9,-37.535374,-128.643766,98.9,2024-11-23 18:26:32
VH_04927,Honda Civic,114.4,168.4,78.779179,-58.638324,71.9,2024-11-15 09:33:21
VH_04928,Hyundai Ioniq,82.1,2.8,10.787901,-161.66767,74.4,2024-11-30 23:06:14
VH_04929,Mercedes EQS,118.8,129.4,-26.983453,-10.630463,99.2,2024-11-21 14:50:27
VH_04930,Tesla Model 3,75.3,146.1,33.826947,33.661104,76.1,2024-11-05 12:09:42
VH_04931,Hyundai Ioniq,107.0,4.5,3.727411,-122.584899,79.7,2024-11-26 07:36:39
VH_04932,Honda Civic,102.6,119.7,-10.448461,-125.687314,75.9,2024-11-01 07:01:34
VH_04933,Ford F-150,66.7,10.7,-12.979439,-119.732928,80.9,2024-11-17 07:01:57
VH_04934,Ford F-150,114.9,118.9,-75.552966,-88.341915,72.8,2024-11-21 10:48:19
VH_04935,Tesla Model 3,71.2,5.1,13.679575,-72.299288,72.1,2024-11-18 23:03:12
VH_04936,Tesla Model 3,61.9,69.9,85.943723,-18.312821,71.1,2024-11-27 16:03:22
VH_04937,Chevrolet Bolt,69.9,20.5,-56.172921,-106.500225,92.7,2024-11-30 15:50:38
VH_04938,Ford F-150,97.1,162.7,-85.265962,150.176217,92.9,2024-11-27 08:50:59
VH_04939,Toyota Camry,95.1,117.3,85.608158,-23.735887,73.3,2024-11-03 22:57:41
VH_04940,Tesla Model 3,116.6,51.3,-40.00025,-32.834442,98.3,2024-11-24 06:40:08
VH_04941,Tesla Model 3,87.8,147.0,-21.165389,-60.878208,71.4,2024-11-13 16:39:00
VH_04942,Mercedes EQS,63.5,122.5,26.778817,179.545274,98.3,2024-11-13 00:43:24
VH_04943,Toyota Camry,109.7,103.2,11.661365,-51.774419,96.5,2024-11-29 03:53:32
VH_04944,Ford F-150,70.2,77.7,-88.508745,7.548134,88.9,2024-11-06 04:44:37
VH_04945,Ford F-150,91.7,154.5,-31.97984,-59.917298,70.3,2024-11-10 00:18:25
VH_04946,Ford F-150,100.4,130.5,47.021891,-58.554884,86.9,2024-11-27 01:19:37
VH_04947,Toyota Camry,67.3,151.1,52.49801,10.474775,93.4,2024-11-10 00:19:43
VH_04948,Ford F-150,72.3,108.9,89.937059,-164.625887,95.8,2024-11-10 10:54:49
VH_04949,Tesla Model 3,,78.0,-50.523517,-174.610847,90.1,2024-11-11 22:07:15
VH_04950,Tesla Model 3,73.6,162.2,-37.888352,-142.342754,82.9,2024-11-24 01:07:52
VH_04951,Mercedes EQS,84.1,25.6,33.953508,-156.539864,96.0,2024-11-06 23:19:39
VH_04952,Tesla Model 3,79.7,152.0,68.607128,28.310224,71.1,2024-11-18 04:26:04
VH_04953,Honda Civic,77.6,164.0,-34.823634,157.034432,78.3,2024-11-22 04:33:06
VH_04954,Tesla Model 3,119.3,20.9,-34.307039,3.540498,94.0,2024-11-23 20:33:00
VH_04955,Honda Civic,98.6,44.2,48.907285,153.270526,79.5,2024-11-19 02:10:42
VH_04956,Toyota Camry,85.5,56.6,74.645334,44.975423,86.9,2024-11-09 17:46:51
VH_04957,Honda Civic,73.6,128.9,-50.680786,166.784322,98.4,2024-11-24 17:45:29
VH_04958,Tesla Model 3,71.4,155.1,20.843925,25.551041,99.6,2024-11-16 20:21:32
VH_04959,Honda Civic,105.9,123.0,85.615216,152.611285,78.0,2024-11-12 08:07:58
VH_04960,Toyota Camry,61.3,80.7,3.305406,128.132886,74.5,2024-11-29 00:36:09
VH_04961,Toyota Camry,86.6,145.9,8.515739,50.738583,92.5,2024-11-02 14:54:21
VH_04962,Chevrolet Bolt,108.6,112.9,14.942365,-10.515148,70.2,2024-11-14 00:16:23
VH_04963,Mercedes EQS,74.3,134.9,-10.541415,82.399069,76.5,2024-11-13 02:33:11
VH_04964,Ford F-150,64.0,174.6,4.595696,-85.394258,78.6,2024-11-10 03:33:03
VH_04965,Chevrolet Bolt,100.4,128.8,54.862711,89.860154,74.3,2024-11-07 00:51:39
VH_04966,BMW X5,104.4,51.7,-21.284635,142.852621,70.8,2024-11-10 22:48:37
VH_04967,Hyundai Ioniq,92.3,159.4,45.020188,83.874898,79.4,2024-11-14 14:53:17
VH_04968,Tesla Model 3,79.4,62.8,78.186451,133.495721,83.6,2024-11-10 10:01:11
VH_04969,Honda Civic,65.9,71.4,6.082556,33.283248,82.1,2024-11-12 05:35:37
VH_04970,BMW X5,103.6,2.5,66.271864,8.165918,88.1,2024-11-11 20:30:17
VH_04971,Hyundai Ioniq,62.7,53.7,30.221235,-9.387902,92.1,2024-11-06 01:13:33
VH_04972,Hyundai Ioniq,114.1,1.8,5.312709,-162.993773,90.3,2024-11-13 20:17:02
VH_04973,Mercedes EQS,90.5,111.7,45.189994,61.557636,78.4,2024-11-20 12:32:05
VH_04974,Toyota Camry,71.1,94.8,-59.314867,-156.383282,76.2,2024-11-19 07:51:29
VH_04975,Honda Civic,116.4,98.1,-50.844594,111.00942,95.0,2024-11-04 19:06:02
VH_04976,Ford F-150,71.7,16.9,-74.630824,-17.487689,74.0,2024-11-08 08:44:53
VH_04977,Ford F-150,72.1,134.0,-88.755532,-57.829365,89.5,2024-11-01 03:49:39
VH_04978,BMW X5,98.5,141.7,-48.625763,24.366989,89.6,2024-11-20 12:10:43
VH_04979,Mercedes EQS,84.7,104.5,40.563843,-108.868159,90.7,2024-11-20 18:19:54
VH_04980,Hyundai Ioniq,65.7,158.0,76.651437,-8.97707,73.9,2024-11-08 20:00:14
VH_04981,Ford F-150,108.6,140.6,-71.412285,-152.93062,80.4,2024-11-11 01:48:17
VH_04982,Tesla Model 3,71.1,123.9,6.287199,-167.695812,75.2,2024-11-10 17:07:50
VH_04983,Chevrolet Bolt,63.8,9.2,-47.066065,1.316823,72.2,2024-11-23 23:44:18
VH_04984,Chevrolet Bolt,87.3,2.4,1.962015,-68.482403,99.8,2024-11-23 22:00:34
VH_04985,Hyundai Ioniq,114.8,123.4,5.535722,-154.456055,80.2,2024-11-02 11:16:52
VH_04986,Chevrolet Bolt,65.3,86.5,-76.58328,11.190872,90.1,2024-11-22 13:33:53
VH_04987,Toyota Camry,73.3,116.7,-30.791632,48.31297,76.7,2024-11-03 19:24:56
VH_04988,BMW X5,113.6,173.8,52.701285,103.372991,89.4,2024-11-26 02:13:24
VH_04989,Toyota Camry,85.5,62.7,16.841724,-91.768904,93.2,2024-11-29 15:28:12
VH_04990,Honda Civic,68.9,170.4,49.730866,-164.614488,75.0,2024-11-15 14:07:19
VH_04991,Honda Civic,84.9,154.8,-74.610517,-24.546582,96.7,2024-11-08 17:35:14
VH_04992,BMW X5,63.1,125.1,-0.306448,-169.430924,90.4,2024-11-14 13:34:09
VH_04993,Tesla Model 3,62.2,15.2,36.675739,-152.114369,74.5,2024-11-01 01:01:11
VH_04994,Tesla Model 3,86.3,178.5,69.654881,-122.95384,99.6,2024-11-10 18:49:05
VH_04995,BMW X5,67.7,98.7,-34.63729,-61.298485,75.6,2024-11-22 18:44:34
VH_04996,Honda Civic,118.5,76.6,-77.359666,153.600592,94.1,2024-11-07 07:23:02
VH_04997,Chevrolet Bolt,87.6,73.3,36.629512,170.722102,75.6,2024-11-17 02:36:14
VH_04998,Tesla Model 3,102.4,73.4,12.421988,29.566626,82.8,2024-11-24 00:51:11
VH_04999,Tesla Model 3,101.9,106.9,-44.818593,-101.050476,96.6,2024-11-20 15:28:12
VH_05000,Toyota Camry,74.6,44.4,43.44072,119.805118,82.5,2024-11-05 03:45:27
VH_05001,Toyota Camry,90.4,63.6,-28.322319,-16.960795,91.4,2024-11-26 11:10:50
VH_05002,Mercedes EQS,68.3,109.7,83.616955,1.836531,82.4,2024-11-27 00:09:45
VH_05003,Honda Civic,115.7,92.4,35.61424,-21.667809,79.4,2024-11-28 10:56:16
VH_05004,Honda Civic,71.4,111.5,88.105635,-166.488629,73.9,2024-11-13 23:03:10
VH_05005,Ford F-150,70.9,149.9,-19.811184,50.555418,74.7,2024-11-24 06:31:42
VH_05006,Tesla Model 3,70.4,59.9,82.72879,19.940858,97.4,2024-11-20 07:39:40
VH_05007,Tesla Model 3,103.4,173.3,-11.131483,-32.027466,92.9,2024-11-29 14:21:04
VH_05008,Ford F-150,73.4,142.6,88.710754,81.444947,70.9,2024-11-11 09:10:39
VH_05009,Mercedes EQS,65.4,28.2,19.970258,115.915105,98.1,2024-11-25 21:06:52
VH_05010,Mercedes EQS,79.1,154.5,-87.267654,-31.246665,95.6,2024-11-30 20:11:57
VH_05011,Tesla Model 3,87.8,176.5,65.992664,125.266585,92.4,2024-11-11 01:08:49
VH_05012,Hyundai Ioniq,72.4,14.4,-66.977085,-70.563437,75.0,2024-11-23 20:41:41
VH_05013,Hyundai Ioniq,95.3,32.7,72.320227,-156.254683,98.2,2024-11-19 03:08:09
VH_05014,Ford F-150,81.9,85.5,3.856896,-103.612206,74.5,2024-11-04 11:00:09
VH_05015,Mercedes EQS,101.1,119.9,30.534895,91.611487,93.5,2024-11-20 03:23:10
VH_05016,BMW X5,113.4,178.3,-3.807906,8.413534,88.8,2024-11-14 18:42:28
VH_05017,Tesla Model 3,94.3,1.2,-84.837283,-24.627569,81.4,2024-11-06 15:39:29
VH_05018,Honda Civic,118.4,121.3,-77.96905,-56.565886,99.5,2024-11-22 09:13:32
VH_05019,BMW X5,61.3,124.7,-37.209076,69.702897,81.3,2024-11-23 11:27:37
VH_05020,Ford F-150,65.5,15.2,-51.674008,93.292998,96.9,2024-11-19 18:57:53
VH_05021,Tesla Model 3,118.5,59.1,-30.168037,105.151167,77.9,2024-11-01 19:27:35
VH_05022,Tesla Model 3,71.4,139.5,-57.481497,-172.296925,75.8,2024-11-26 11:32:31
VH_05023,Honda Civic,108.8,55.9,36.797358,162.936015,87.7,2024-11-19 07:25:51
VH_05024,Honda Civic,92.8,140.7,78.717572,112.627337,73.5,2024-11-23 15:13:25
VH_05025,Mercedes EQS,91.1,6.5,-70.563667,50.192928,75.8,2024-11-11 19:52:48
VH_05026,Hyundai Ioniq,91.6,46.8,-71.046348,108.718565,81.7,2024-11-28 08:49:23
VH_05027,Honda Civic,112.0,110.2,65.869937,-123.060392,92.3,2024-11-30 11:35:16
VH_05028,Honda Civic,61.3,116.4,-37.580444,-102.438503,98.2,2024-11-08 22:17:16
VH_05029,Tesla Model 3,71.8,178.9,38.336157,-61.070802,83.2,2024-11-30 15:40:08
VH_05030,Tesla Model 3,115.2,85.6,-28.325086,-40.549816,95.6,2024-11-28 00:58:12
VH_05031,Mercedes EQS,116.3,10.3,25.314301,158.81409,80.5,2024-11-26 13:51:38
VH_05032,Tesla Model 3,86.5,13.3,32.581907,-140.702696,93.6,2024-11-14 19:50:14
VH_05033,Ford F-150,83.9,82.0,81.79101,178.837132,88.2,2024-11-29 03:45:40
VH_05034,Honda Civic,98.6,133.8,39.512388,-132.263934,96.1,2024-11-19 14:15:46
VH_05035,Chevrolet Bolt,88.1,106.1,-5.102512,-61.763085,83.5,2024-11-06 17:47:40
VH_05036,Honda Civic,61.8,108.9,-29.793087,61.205754,97.7,2024-11-27 02:55:26
VH_05037,Toyota Camry,113.0,50.0,-36.335008,21.534386,92.1,2024-11-07 17:04:10
VH_05038,Mercedes EQS,95.3,72.7,-39.810557,-136.410377,90.3,2024-11-19 18:45:00
VH_05039,Chevrolet Bolt,106.0,93.8,61.412216,37.560606,87.5,2024-11-30 05:59:27
VH_05040,Ford F-150,91.2,86.2,-13.702259,23.344236,72.4,2024-11-15 10:03:03
VH_05041,Honda Civic,101.6,58.2,-83.129267,80.940107,88.7,2024-11-30 14:35:26
VH_05042,BMW X5,76.9,52.4,-6.036336,-112.947238,71.6,2024-11-07 16:26:26
VH_05043,Ford F-150,76.4,130.7,-3.523896,-31.692673,71.8,2024-11-17 05:11:29
VH_05044,Honda Civic,109.6,29.4,-4.454344,145.739061,83.7,2024-11-05 09:17:07
VH_05045,Chevrolet Bolt,74.7,22.3,-44.540883,107.224889,77.2,2024-11-27 12:17:50
VH_05046,BMW X5,93.5,158.8,-48.89021,-30.994163,98.5,2024-11-30 13:53:56
VH_05047,Ford F-150,100.6,3.3,27.391355,-46.051792,84.8,2024-11-23 06:49:59
VH_05048,Mercedes EQS,,129.5,-25.518861,-141.727696,87.3,2024-11-11 11:04:01
VH_05049,BMW X5,96.0,31.2,-31.984374,168.627364,83.6,2024-11-30 16:58:56
VH_05050,Chevrolet Bolt,120.0,86.1,48.88196,98.351159,94.3,2024-11-12 21:14:42
VH_05051,Tesla Model 3,118.9,140.0,-77.93124,-34.828116,82.2,2024-11-22 08:13:08
VH_05052,Hyundai Ioniq,111.1,74.0,-17.324219,-96.324336,76.8,2024-11-28 06:26:17
VH_05053,Chevrolet Bolt,107.5,21.5,-88.136877,-108.7621,92.3,2024-11-20 21:46:17
VH_05054,Hyundai Ioniq,101.1,110.7,-14.151766,-170.198681,77.6,2024-11-20 05:57:50
VH_05055,Tesla Model 3,109.5,102.1,-8.548496,99.983553,76.7,2024-11-15 09:57:49
VH_05056,Hyundai Ioniq,117.3,44.7,-43.792664,22.73252,80.1,2024-11-06 00:13:10
VH_05057,Honda Civic,99.2,68.5,-81.2886,14.714997,70.9,2024-11-04 16:50:44
VH_05058,Chevrolet Bolt,111.8,110.8,71.412016,150.439649,74.9,2024-11-01 10:39:45
VH_05059,Tesla Model 3,107.4,106.1,58.107367,-52.073848,95.8,2024-11-16 14:23:41
VH_05060,Tesla Model 3,98.0,71.9,-13.263057,-29.24419,71.2,2024-11-04 20:46:37
VH_05061,Mercedes EQS,112.6,33.9,51.414165,-66.190693,94.2,2024-11-01 16:59:16
VH_05062,Tesla Model 3,113.5,22.1,-33.613074,-15.778067,85.4,2024-11-13 22:57:01
VH_05063,Toyota Camry,68.7,76.2,-14.896332,124.418165,89.5,2024-11-09 11:22:13
VH_05064,Mercedes EQS,108.9,131.1,61.546221,87.394346,75.9,2024-11-12 17:22:41
VH_05065,BMW X5,109.7,78.5,61.457739,-68.143341,74.6,2024-11-05 13:08:38
VH_05066,Ford F-150,75.4,57.7,-19.12712,-43.84592,82.4,2024-11-09 12:10:40
VH_05067,Honda Civic,110.5,164.5,48.839379,-160.902211,82.4,2024-11-04 04:06:50
VH_05068,Hyundai Ioniq,,14.0,-34.75432,49.073612,98.1,2024-11-24 15:12:24
VH_05069,Tesla Model 3,100.1,114.9,-23.65166,-129.40073,77.7,2024-11-21 18:41:13
VH_05070,Ford F-150,113.6,65.2,-12.692107,-157.122849,94.5,2024-11-03 23:43:00
VH_05071,Toyota Camry,105.6,50.5,86.188052,-16.213965,75.2,2024-11-13 15:16:55
VH_05072,Ford F-150,63.1,157.1,79.820421,91.322671,88.5,2024-11-25 18:21:02
VH_05073,Ford F-150,66.9,54.0,-52.171802,-59.779369,76.4,2024-11-13 17:25:32
VH_05074,Chevrolet Bolt,80.6,128.7,57.328941,-134.866115,99.6,2024-11-21 12:38:23
VH_05075,Ford F-150,98.8,89.4,88.153348,-149.523266,92.8,2024-11-25 14:26:44
VH_05076,BMW X5,102.7,143.1,62.426386,-91.849057,92.9,2024-11-03 02:31:36
VH_05077,Tesla Model 3,76.4,15.9,66.499776,-65.774918,81.2,2024-11-27 00:06:27
VH_05078,Toyota Camry,68.3,46.9,46.478194,61.783196,79.5,2024-11-14 01:54:52
VH_05079,Ford F-150,81.1,23.6,-17.726979,-171.689892,88.8,2024-11-21 21:52:06
VH_05080,Chevrolet Bolt,97.5,140.8,-27.219925,33.073041,76.6,2024-11-22 08:12:18
VH_05081,Tesla Model 3,74.3,0.2,-68.609996,12.652166,81.4,2024-11-12 01:31:23
VH_05082,Tesla Model 3,95.8,45.0,70.566772,93.041877,86.4,2024-11-16 13:18:46
VH_05083,Chevrolet Bolt,61.0,105.2,-60.316357,147.965216,92.6,2024-11-06 05:12:25
VH_05084,Chevrolet Bolt,116.0,8.6,-5.008785,-1.256397,70.5,2024-11-17 14:46:23
VH_05085,Honda Civic,94.9,152.8,-46.819024,-82.235955,91.9,2024-11-11 03:41:57
VH_05086,BMW X5,104.8,28.6,-20.093817,-170.961052,79.9,2024-11-18 16:26:46
VH_05087,Tesla Model 3,82.1,62.3,77.123332,177.369366,94.6,2024-11-25 12:21:20
VH_05088,Ford F-150,89.9,69.2,-27.881991,152.680597,86.4,2024-11-11 15:53:57
VH_05089,Toyota Camry,108.6,107.0,18.425224,98.23677,76.2,2024-11-02 10:21:06
VH_05090,Ford F-150,81.1,174.8,0.825137,-52.743675,83.3,2024-11-22 08:30:36
VH_05091,Hyundai Ioniq,71.2,158.5,79.243194,-174.554717,95.4,2024-11-17 12:15:06
VH_05092,Ford F-150,103.6,149.5,-46.39518,-19.548788,76.0,2024-11-04 10:56:14
VH_05093,Chevrolet Bolt,93.7,146.5,23.609266,31.864766,93.0,2024-11-26 08:54:28
VH_05094,Toyota Camry,105.4,114.3,41.623531,119.728115,92.6,2024-11-17 13:50:39
VH_05095,Hyundai Ioniq,69.4,57.5,44.358652,50.518874,70.1,2024-11-11 03:44:03
VH_05096,Tesla Model 3,86.9,169.1,55.301987,2.726786,80.7,2024-11-22 22:37:00
VH_05097,Toyota Camry,63.2,104.4,66.723244,59.23115,71.0,2024-11-17 13:45:41
VH_05098,Tesla Model 3,99.8,22.8,-44.625032,105.53389,87.6,2024-11-03 06:45:14
VH_05099,Toyota Camry,118.9,37.5,-86.243457,-36.395879,77.8,2024-11-26 20:57:05
VH_05100,Toyota Camry,119.7,34.2,-59.805572,-126.34365,88.9,2024-11-13 09:33:46
VH_05101,Tesla Model 3,106.7,2.3,-4.020297,48.762327,87.2,2024-11-04 22:01:47
VH_05102,Honda Civic,99.2,134.8,-89.925068,-155.675714,71.7,2024-11-10 12:11:29
VH_05103,BMW X5,89.3,32.4,32.603404,53.625097,92.0,2024-11-13 06:23:14
VH_05104,Chevrolet Bolt,113.6,14.9,24.951889,173.493826,82.5,2024-11-21 09:40:48
VH_05105,Toyota Camry,64.0,5.3,34.988221,-100.844988,75.5,2024-11-17 14:03:10
VH_05106,Ford F-150,68.1,126.2,-85.510907,-90.732591,98.6,2024-11-10 08:35:57
VH_05107,BMW X5,,0.9,42.571904,-151.180599,96.0,2024-11-11 17:43:26
VH_05108,Ford F-150,79.8,178.1,78.281339,-158.610625,98.6,2024-11-15 07:56:24
VH_05109,Ford F-150,104.3,157.7,38.041557,-83.594839,98.5,2024-11-27 16:36:35
VH_05110,Toyota Camry,108.2,26.7,64.318821,-95.34918,81.9,2024-11-07 19:27:19
VH_05111,Tesla Model 3,111.1,54.1,60.619699,-89.231907,78.4,2024-11-06 14:46:42
VH_05112,Tesla Model 3,62.9,70.8,-12.589448,165.380796,77.1,2024-11-22 23:55:58
VH_05113,Tesla Model 3,113.1,29.6,-43.985393,15.618219,71.2,2024-11-23 06:55:37
VH_05114,Ford F-150,96.5,90.7,-43.701495,43.435156,98.3,2024-11-26 21:03:50
VH_05115,Tesla Model 3,103.6,118.0,-7.901967,84.545917,93.0,2024-11-14 04:13:53
VH_05116,Ford F-150,112.2,77.1,-30.412395,46.726029,83.6,2024-11-18 16:51:35
VH_05117,BMW X5,61.3,40.5,41.670613,-36.552547,83.8,2024-11-16 13:03:36
VH_05118,Ford F-150,105.0,165.8,48.278077,155.399776,99.3,2024-11-02 00:09:05
VH_05119,BMW X5,105.7,128.9,15.115587,45.293241,92.3,2024-11-24 10:49:55
VH_05120,BMW X5,92.4,153.6,-33.392082,-101.803571,71.3,2024-11-01 05:11:42
VH_05121,BMW X5,110.4,34.8,67.855864,-171.070381,88.4,2024-11-27 10:28:10
VH_05122,Ford F-150,107.3,152.8,-89.613948,-124.590678,98.6,2024-11-23 17:58:19
VH_05123,Mercedes EQS,75.7,62.5,56.239031,99.294693,83.0,2024-11-15 02:35:24
VH_05124,Honda Civic,65.4,76.4,5.220642,-57.060437,73.1,2024-11-07 20:21:04
VH_05125,Tesla Model 3,98.1,9.5,61.683713,-54.375108,74.9,2024-11-24 01:03:56
VH_05126,Chevrolet Bolt,70.5,69.9,-49.477495,-90.649283,70.9,2024-11-03 13:40:09
VH_05127,Ford F-150,104.9,46.5,77.981716,123.448026,89.1,2024-11-01 15:09:34
VH_05128,BMW X5,101.5,128.4,68.497708,-151.533206,75.0,2024-11-18 19:58:35
VH_05129,Hyundai Ioniq,78.2,126.4,-48.300221,-36.789206,79.6,2024-11-23 13:05:41
VH_05130,Tesla Model 3,67.6,18.0,-9.860015,72.852438,85.5,2024-11-01 00:55:17
VH_05131,Ford F-150,114.0,173.6,63.186047,133.947677,100.0,2024-11-21 19:42:57
VH_05132,Tesla Model 3,114.8,23.2,-29.911358,155.559884,84.5,2024-11-22 22:09:05
VH_05133,BMW X5,60.7,137.7,78.479096,12.28737,85.8,2024-11-22 00:38:57
VH_05134,Tesla Model 3,119.5,149.7,-71.847025,-9.842656,77.1,2024-11-30 11:03:45
VH_05135,Honda Civic,85.7,102.5,-55.542514,-12.019123,99.3,2024-11-17 15:22:54
VH_05136,Honda Civic,87.6,166.6,6.906326,120.455323,89.2,2024-11-24 20:25:15
VH_05137,Toyota Camry,108.7,39.8,59.332971,-45.386241,81.6,2024-11-19 17:25:37
VH_05138,Tesla Model 3,103.5,175.3,27.146414,56.371377,92.2,2024-11-02 11:06:24
VH_05139,Honda Civic,100.6,3.1,20.706245,76.493888,99.0,2024-11-22 08:30:55
VH_05140,Hyundai Ioniq,108.6,63.2,89.206712,-144.86548,88.3,2024-11-19 10:42:28
VH_05141,Tesla Model 3,97.9,40.1,-49.752591,54.180033,84.6,2024-11-24 20:24:57
VH_05142,Mercedes EQS,103.1,75.3,36.363286,-49.89672,98.9,2024-11-30 13:07:07
VH_05143,Chevrolet Bolt,80.7,123.3,64.527905,-97.162585,93.3,2024-11-15 03:17:08
VH_05144,Tesla Model 3,67.5,136.2,33.008183,28.679227,99.2,2024-11-01 20:09:57
VH_05145,BMW X5,92.9,137.5,-74.323908,79.070231,91.9,2024-11-20 07:14:37
VH_05146,Hyundai Ioniq,109.7,163.5,-85.191817,154.844202,86.1,2024-11-18 01:21:47
VH_05147,Tesla Model 3,98.3,38.8,77.590371,-81.319844,87.0,2024-11-20 18:40:10
VH_05148,Mercedes EQS,86.1,11.0,89.324681,8.028513,83.3,2024-11-13 01:54:18
VH_05149,BMW X5,68.7,162.4,-43.093981,73.379519,83.9,2024-11-08 00:03:30
VH_05150,BMW X5,92.2,134.1,-46.545636,42.204297,78.6,2024-11-15 15:10:52
VH_05151,Chevrolet Bolt,98.4,25.2,5.088159,82.572425,85.7,2024-11-02 04:10:22
VH_05152,Toyota Camry,117.0,31.0,62.736388,-142.470732,90.2,2024-11-28 04:37:22
VH_05153,Ford F-150,62.4,56.2,-42.333627,104.263961,81.3,2024-11-22 06:23:52
VH_05154,Chevrolet Bolt,72.3,18.4,76.439075,-58.457172,72.9,2024-11-28 04:54:48
VH_05155,Tesla Model 3,83.6,72.4,-42.128541,-87.802064,73.1,2024-11-22 11:20:41
VH_05156,Toyota Camry,104.5,47.0,87.716194,-26.882796,91.5,2024-11-07 06:21:45
VH_05157,Toyota Camry,110.7,72.2,53.689835,158.42894,73.4,2024-11-29 18:34:00
VH_05158,Tesla Model 3,88.6,13.0,-71.223819,-46.235965,89.7,2024-11-27 20:43:38
VH_05159,Hyundai Ioniq,75.6,81.8,38.104658,120.243667,70.2,2024-11-02 02:48:25
VH_05160,Tesla Model 3,113.1,46.8,-30.145444,9.556523,71.3,2024-11-21 04:39:37
VH_05161,Tesla Model 3,92.1,93.2,-69.294367,16.424667,77.5,2024-11-09 16:19:03
VH_05162,Toyota Camry,62.8,96.4,-47.722851,-53.946895,78.6,2024-11-09 13:35:29
VH_05163,Ford F-150,112.4,23.0,-43.898135,-134.352812,94.8,2024-11-27 06:24:23
VH_05164,Honda Civic,83.2,2.8,-55.980292,-48.747918,77.4,2024-11-06 05:41:37
VH_05165,Chevrolet Bolt,102.0,63.5,-16.67089,110.668063,73.0,2024-11-29 02:14:04
VH_05166,BMW X5,62.0,18.0,31.244909,-13.508622,76.7,2024-11-04 20:37:22
VH_05167,Ford F-150,109.7,91.2,27.409471,158.635615,79.4,2024-11-13 03:44:17
VH_05168,Toyota Camry,119.0,127.8,31.356107,-131.519299,84.2,2024-11-07 13:49:31
VH_05169,Chevrolet Bolt,118.8,125.5,74.615014,-41.33661,85.1,2024-11-17 09:54:51
VH_05170,Tesla Model 3,110.0,0.8,16.315848,65.213504,78.5,2024-11-24 15:55:27
VH_05171,Mercedes EQS,116.6,2.5,4.708956,56.526603,70.9,2024-11-27 02:39:08
VH_05172,Toyota Camry,69.6,101.9,-81.949641,-35.15181,94.8,2024-11-30 08:54:05
VH_05173,Toyota Camry,83.3,100.1,-36.825141,-124.360874,87.0,2024-11-23 13:16:44
VH_05174,Toyota Camry,79.3,147.9,25.191986,19.835047,99.0,2024-11-26 11:17:43
VH_05175,Hyundai Ioniq,,30.3,9.024548,-41.459899,82.6,2024-11-21 02:24:30
VH_05176,Ford F-150,60.8,1.5,14.33059,-170.739157,96.1,2024-11-26 12:27:44
VH_05177,Ford F-150,90.7,1.2,-45.462799,-179.83363,97.8,2024-11-23 03:21:13
VH_05178,BMW X5,92.8,71.5,4.300486,-7.537558,74.8,2024-11-08 12:06:12
VH_05179,Ford F-150,105.3,34.3,-8.225392,-157.890911,95.8,2024-11-04 00:50:32
VH_05180,Chevrolet Bolt,85.4,132.8,79.116823,-106.175341,91.2,2024-11-23 16:32:01
VH_05181,Chevrolet Bolt,98.9,30.1,-24.069973,-155.126005,95.5,2024-11-04 06:56:53
VH_05182,Tesla Model 3,119.5,10.7,-89.530488,100.295353,96.8,2024-11-23 01:20:52
VH_05183,Hyundai Ioniq,97.2,30.0,57.860453,33.966865,95.5,2024-11-08 12:13:11
VH_05184,Hyundai Ioniq,84.5,59.8,48.403955,-94.424008,87.5,2024-11-19 22:53:55
VH_05185,Tesla Model 3,95.0,161.2,57.606296,-4.562055,89.7,2024-11-30 21:25:08
VH_05186,Toyota Camry,96.5,9.5,-64.656796,98.591818,76.9,2024-11-12 15:20:22
VH_05187,Honda Civic,111.0,90.7,-8.002933,167.890653,96.8,2024-11-11 17:33:35
VH_05188,Tesla Model 3,99.3,116.6,56.887417,-144.919375,83.0,2024-11-30 02:53:57
VH_05189,Tesla Model 3,79.3,163.8,-2.115046,-105.135719,90.9,2024-11-08 06:16:51
VH_05190,BMW X5,65.2,129.5,18.261256,92.879003,99.4,2024-11-30 14:22:36
VH_05191,Tesla Model 3,85.7,101.9,22.899108,-123.542532,71.3,2024-11-23 12:50:02
VH_05192,Chevrolet Bolt,115.0,110.7,41.507192,-145.483652,79.8,2024-11-13 18:43:08
VH_05193,Toyota Camry,64.9,12.8,81.428518,165.024117,84.2,2024-11-08 20:26:13
VH_05194,Ford F-150,80.2,92.9,6.486142,-5.887427,87.6,2024-11-03 02:00:47
VH_05195,Honda Civic,94.6,31.4,-56.907182,148.073708,85.5,2024-11-20 07:30:28
VH_05196,Toyota Camry,92.4,4.0,69.348877,56.442993,99.6,2024-11-03 17:01:02
VH_05197,Ford F-150,99.7,64.0,54.389864,-151.079914,97.1,2024-11-14 20:18:38
VH_05198,Toyota Camry,117.9,118.4,88.979805,-19.309157,90.6,2024-11-30 22:44:58
VH_05199,BMW X5,80.6,147.5,35.549917,-45.499932,89.1,2024-11-25 06:47:47
VH_05200,Hyundai Ioniq,101.3,48.3,57.231204,82.410883,70.0,2024-11-17 11:30:00
VH_05201,Tesla Model 3,93.7,23.0,-52.008498,128.588016,78.2,2024-11-10 02:08:31
VH_05202,Chevrolet Bolt,98.7,123.0,51.249971,64.218229,70.1,2024-11-17 17:54:00
VH_05203,Toyota Camry,101.6,70.8,27.15778,145.493084,79.2,2024-11-14 01:46:29
VH_05204,Ford F-150,63.0,169.0,55.587375,-9.706301,84.5,2024-11-08 17:38:22
VH_05205,Mercedes EQS,92.0,87.2,-7.545849,-92.586226,96.9,2024-11-03 15:20:03
VH_05206,Ford F-150,91.9,60.0,-66.234389,13.175058,70.9,2024-11-30 23:59:24
VH_05207,Tesla Model 3,107.1,10.2,38.90102,118.628358,77.5,2024-11-23 08:10:34
VH_05208,Tesla Model 3,106.2,14.5,-87.415381,-84.90364,93.2,2024-11-03 05:04:52
VH_05209,Toyota Camry,69.4,2.8,50.577396,22.921663,96.3,2024-11-23 04:04:46
VH_05210,Tesla Model 3,119.0,148.7,88.678049,98.867921,92.5,2024-11-25 07:59:55
VH_05211,Mercedes EQS,82.7,172.4,-25.21446,-51.397226,74.2,2024-11-25 16:56:18
VH_05212,Mercedes EQS,79.4,69.2,7.309164,-171.190781,98.7,2024-11-19 15:59:33
VH_05213,BMW X5,118.1,85.9,-59.795318,-35.691715,96.2,2024-11-25 18:22:05
VH_05214,Tesla Model 3,73.4,9.2,-58.364605,-53.153767,82.2,2024-11-13 20:46:11
VH_05215,BMW X5,75.0,51.4,21.906739,-54.316084,87.5,2024-11-25 16:42:21
VH_05216,Toyota Camry,87.3,51.6,-68.712264,71.693903,81.2,2024-11-16 23:14:37
VH_05217,Ford F-150,83.1,137.7,-3.171153,-26.136277,97.3,2024-11-06 03:23:14
VH_05218,Tesla Model 3,91.4,106.3,26.699822,-108.783527,89.3,2024-11-18 16:03:28
VH_05219,Tesla Model 3,80.9,101.5,-60.564234,26.951924,98.2,2024-11-10 06:28:33
VH_05220,BMW X5,115.9,27.3,-76.219747,60.383959,83.8,2024-11-23 10:17:24
VH_05221,Ford F-150,64.9,1.0,-70.569979,69.675712,83.2,2024-11-23 08:51:06
VH_05222,Hyundai Ioniq,109.1,68.2,59.367913,16.381411,99.2,2024-11-29 19:02:36
VH_05223,Chevrolet Bolt,96.2,78.9,89.058656,-99.593423,82.5,2024-11-14 04:05:31
VH_05224,Toyota Camry,119.9,37.0,24.455793,99.19787,81.7,2024-11-26 02:05:30
VH_05225,Toyota Camry,72.7,91.0,-75.330782,47.467202,72.7,2024-11-26 13:21:07
VH_05226,Toyota Camry,108.3,69.0,84.16467,-66.099598,90.2,2024-11-27 04:45:26
VH_05227,Tesla Model 3,64.9,111.3,24.206301,-121.476976,72.0,2024-11-22 16:49:19
VH_05228,Mercedes EQS,104.2,115.2,-85.014368,-64.337064,89.9,2024-11-07 12:18:47
VH_05229,BMW X5,61.2,57.3,62.261164,-72.290964,74.2,2024-11-26 19:16:15
VH_05230,Honda Civic,78.1,60.5,-23.876599,94.506336,98.3,2024-11-21 13:21:56
VH_05231,Honda Civic,82.5,156.8,-73.067054,-118.594804,85.5,2024-11-12 00:38:50
VH_05232,Ford F-150,91.1,81.2,-52.25318,101.265113,90.8,2024-11-12 17:40:54
VH_05233,Toyota Camry,115.1,19.6,42.583879,95.372459,99.7,2024-11-16 21:53:38
VH_05234,Tesla Model 3,70.3,31.8,-23.439527,5.879512,98.9,2024-11-09 19:01:32
VH_05235,BMW X5,79.2,90.0,75.071385,95.708337,99.8,2024-11-23 14:01:54
VH_05236,Honda Civic,72.5,18.5,50.994949,34.894515,85.4,2024-11-20 23:36:44
VH_05237,Ford F-150,89.7,9.8,-53.003835,-12.718109,89.0,2024-11-02 14:47:37
VH_05238,Honda Civic,104.6,8.0,-21.538954,101.223102,95.6,2024-11-19 19:54:05
VH_05239,Toyota Camry,77.8,37.4,-39.629704,-30.557259,75.4,2024-11-19 05:19:40
VH_05240,Mercedes EQS,72.5,130.4,-18.34571,-153.418848,82.1,2024-11-09 16:48:57
VH_05241,BMW X5,92.8,169.7,-83.208698,-118.420112,74.5,2024-11-18 11:24:53
VH_05242,Honda Civic,112.6,48.4,25.169192,81.910268,98.4,2024-11-05 15:03:18
VH_05243,Toyota Camry,99.0,120.3,76.137938,-48.291888,77.9,2024-11-16 03:29:41
VH_05244,BMW X5,70.2,9.2,69.052258,-128.983816,91.7,2024-11-12 22:23:43
VH_05245,Tesla Model 3,99.3,27.7,-59.677692,-167.208666,79.6,2024-11-18 11:39:23
VH_05246,Chevrolet Bolt,113.8,8.2,-16.990865,-152.33075,73.5,2024-11-11 22:56:38
VH_05247,Toyota Camry,60.3,65.8,5.548829,37.553587,84.2,2024-11-09 00:23:27
VH_05248,Honda Civic,63.1,88.5,45.361717,-29.22122,93.8,2024-11-11 22:41:11
VH_05249,Tesla Model 3,82.0,64.4,-46.824962,-46.571523,86.6,2024-11-26 12:37:11
VH_05250,BMW X5,93.4,158.9,20.254368,100.047819,78.9,2024-11-19 21:51:24
VH_05251,Toyota Camry,62.5,157.4,38.982739,-4.200809,98.8,2024-11-10 19:51:29
VH_05252,Chevrolet Bolt,60.2,112.3,42.189859,-134.721508,88.9,2024-11-01 01:07:44
VH_05253,BMW X5,77.3,54.7,-7.928772,147.248359,70.8,2024-11-23 02:05:27
VH_05254,Tesla Model 3,60.9,74.2,60.979321,-55.076413,79.7,2024-11-29 21:31:13
VH_05255,Honda Civic,98.0,134.6,26.194638,-63.693102,98.0,2024-11-29 16:16:24
VH_05256,Ford F-150,107.3,128.1,-66.047486,-107.29598,78.7,2024-11-03 01:05:09
VH_05257,Honda Civic,61.1,71.9,34.236093,26.695369,96.0,2024-11-21 20:30:14
VH_05258,Ford F-150,88.2,152.2,43.017878,-91.350317,92.8,2024-11-17 11:59:25
VH_05259,Toyota Camry,105.7,143.5,-73.636072,-71.560132,91.6,2024-11-03 09:34:08
VH_05260,Tesla Model 3,69.2,71.6,-65.95624,-128.010949,74.7,2024-11-20 23:01:59
VH_05261,Chevrolet Bolt,115.0,136.8,-41.477578,77.678004,73.9,2024-11-14 23:02:14
VH_05262,Tesla Model 3,77.9,26.2,42.883828,-123.768185,78.6,2024-11-02 02:03:01
VH_05263,BMW X5,101.5,139.3,-79.969375,-170.19743,75.7,2024-11-22 17:28:49
VH_05264,Tesla Model 3,96.2,98.0,30.97419,-84.687406,77.1,2024-11-03 23:30:12
VH_05265,Mercedes EQS,110.2,102.1,38.546349,-95.999344,76.9,2024-11-08 20:30:34
VH_05266,Toyota Camry,118.4,21.0,79.376591,179.071721,75.5,2024-11-14 15:00:47
VH_05267,Chevrolet Bolt,101.8,49.5,42.345492,107.944449,78.6,2024-11-27 02:03:53
VH_05268,Toyota Camry,113.9,107.3,-8.224755,28.807767,80.9,2024-11-19 06:01:47
VH_05269,Tesla Model 3,76.5,99.3,-89.951953,-12.623025,87.9,2024-11-20 00:50:33
VH_05270,Hyundai Ioniq,115.8,67.8,-66.805154,161.429168,97.3,2024-11-17 05:33:22
VH_05271,Toyota Camry,110.4,29.5,-77.605186,88.519262,97.4,2024-11-10 14:27:42
VH_05272,BMW X5,95.3,52.5,56.097378,60.663898,87.2,2024-11-22 20:50:20
VH_05273,BMW X5,71.7,130.7,-57.185134,-71.739048,98.4,2024-11-08 13:59:09
VH_05274,Tesla Model 3,85.9,106.9,-60.164307,176.979771,98.4,2024-11-11 19:54:56
VH_05275,Mercedes EQS,103.2,14.9,0.018486,154.008535,75.3,2024-11-08 22:18:14
VH_05276,Toyota Camry,96.1,5.0,-63.981378,65.388045,93.1,2024-11-15 03:21:07
VH_05277,Tesla Model 3,109.1,7.6,39.436812,-145.477717,78.3,2024-11-04 14:41:39
VH_05278,Tesla Model 3,80.3,28.9,16.247332,-124.255405,94.3,2024-11-19 19:54:06
VH_05279,Ford F-150,61.6,119.8,26.104183,-100.614213,91.2,2024-11-17 21:58:36
VH_05280,Mercedes EQS,84.9,28.1,83.77596,68.964248,75.9,2024-11-23 06:52:03
VH_05281,Hyundai Ioniq,81.1,35.4,-28.438918,114.839747,91.8,2024-11-12 08:58:02
VH_05282,Toyota Camry,91.3,91.5,79.789256,-48.524032,88.7,2024-11-30 14:00:49
VH_05283,Chevrolet Bolt,74.5,5.8,25.021389,-83.531801,86.8,2024-11-18 13:04:17
VH_05284,Mercedes EQS,63.6,125.9,-56.670213,111.103752,84.3,2024-11-11 22:08:17
VH_05285,Tesla Model 3,101.9,34.4,-88.978068,-178.387747,82.6,2024-11-04 09:36:03
VH_05286,Tesla Model 3,96.2,54.6,58.64463,-38.226369,83.7,2024-11-23 15:22:12
VH_05287,Tesla Model 3,105.2,30.3,21.558876,-83.204209,77.5,2024-11-18 19:16:29
VH_05288,Mercedes EQS,82.8,65.4,10.079777,97.598696,87.1,2024-11-07 18:24:43
VH_05289,Toyota Camry,116.3,168.3,-89.878364,-117.823505,94.6,2024-11-18 21:53:45
VH_05290,Chevrolet Bolt,98.1,127.2,70.615906,-142.810757,73.3,2024-11-04 00:21:06
VH_05291,Honda Civic,112.5,63.9,-16.113657,55.203741,99.4,2024-11-07 22:24:52
VH_05292,Tesla Model 3,84.5,75.8,26.073544,-170.578709,89.4,2024-11-28 15:38:13
VH_05293,Chevrolet Bolt,117.0,133.0,12.316353,-71.201828,71.1,2024-11-10 17:27:30
VH_05294,Tesla Model 3,76.0,151.4,61.630148,-63.032693,76.0,2024-11-08 13:36:59
VH_05295,Tesla Model 3,79.2,153.1,41.8506,-129.516347,82.2,2024-11-04 06:14:17
VH_05296,Hyundai Ioniq,73.2,156.3,35.187945,146.046133,95.2,2024-11-11 02:03:00
VH_05297,Toyota Camry,80.7,160.1,38.026848,-111.576886,73.6,2024-11-30 13:10:58
VH_05298,BMW X5,100.5,168.5,6.029367,54.196377,70.9,2024-11-18 17:26:17
VH_05299,Tesla Model 3,118.1,14.0,87.757974,-121.128184,80.9,2024-11-20 12:11:27
VH_05300,Honda Civic,86.7,78.8,-6.562378,-23.448302,89.5,2024-11-19 12:17:18
VH_05301,Tesla Model 3,69.8,74.4,78.564278,-96.207699,84.0,2024-11-02 10:50:57
VH_05302,Honda Civic,64.8,7.2,-77.546613,-166.801665,74.1,2024-11-15 01:52:01
VH_05303,Tesla Model 3,60.6,70.5,25.230551,159.280075,73.1,2024-11-25 17:20:21
VH_05304,Honda Civic,103.0,117.5,-85.406658,-87.77627,72.1,2024-11-03 15:39:57
VH_05305,Honda Civic,106.8,11.1,-59.48127,-110.756696,72.1,2024-11-15 05:52:49
VH_05306,Ford F-150,70.4,5.5,12.319219,-105.119604,91.4,2024-11-21 02:38:03
VH_05307,Hyundai Ioniq,113.3,15.4,-76.790784,-14.968657,90.1,2024-11-14 07:48:44
VH_05308,Tesla Model 3,72.4,5.3,-27.357135,102.904612,76.5,2024-11-18 16:35:40
VH_05309,Ford F-150,90.8,98.9,-82.998578,-30.507759,93.1,2024-11-22 14:18:49
VH_05310,Chevrolet Bolt,81.5,20.8,-69.117172,8.059151,80.4,2024-11-04 11:51:19
VH_05311,Tesla Model 3,61.3,63.2,-42.149723,-132.627559,83.7,2024-11-03 12:17:37
VH_05312,Tesla Model 3,63.9,140.1,7.178949,-138.65102,98.9,2024-11-06 22:19:55
VH_05313,Tesla Model 3,114.4,78.2,65.703583,-10.482277,72.9,2024-11-11 02:06:41
VH_05314,Tesla Model 3,97.0,47.4,-83.562949,-142.18614,95.7,2024-11-16 19:22:14
VH_05315,Tesla Model 3,,45.9,35.55216,-0.393305,98.4,2024-11-17 21:10:23
VH_05316,Chevrolet Bolt,111.0,6.5,-53.987712,142.808015,75.6,2024-11-01 08:02:05
VH_05317,Mercedes EQS,79.3,5.7,26.631165,-69.774373,94.4,2024-11-09 13:59:09
VH_05318,Tesla Model 3,61.2,93.2,39.457896,-167.586343,88.3,2024-11-29 18:52:22
VH_05319,Honda Civic,105.9,41.4,-47.737891,-165.968584,90.2,2024-11-29 06:27:06
VH_05320,Ford F-150,96.8,42.8,-76.613044,133.72114,99.5,2024-11-14 01:16:46
VH_05321,Tesla Model 3,61.5,107.1,32.94132,-138.865057,95.0,2024-11-22 22:14:01
VH_05322,Tesla Model 3,66.6,142.4,-65.570874,72.289964,93.8,2024-11-09 23:13:40
VH_05323,Chevrolet Bolt,86.8,161.8,41.93672,-59.244856,87.7,2024-11-13 11:18:15
VH_05324,Toyota Camry,108.0,47.6,-55.490737,74.769522,94.6,2024-11-08 05:11:19
VH_05325,Toyota Camry,75.6,31.3,-46.287194,157.264268,83.0,2024-11-29 21:28:43
VH_05326,Tesla Model 3,110.4,161.0,8.766857,136.341588,71.1,2024-11-04 09:38:15
VH_05327,Ford F-150,70.3,115.3,-65.579326,136.068344,74.5,2024-11-14 03:50:32
VH_05328,Honda Civic,104.2,88.7,-0.416416,5.995711,89.9,2024-11-23 02:42:55
VH_05329,BMW X5,64.0,88.8,1.922501,140.6763,77.5,2024-11-03 14:41:27
VH_05330,Mercedes EQS,107.5,113.9,-75.015997,70.061547,96.6,2024-11-10 06:31:32
VH_05331,Hyundai Ioniq,65.8,64.0,13.739995,-160.285534,75.4,2024-11-13 02:02:40
VH_05332,Ford F-150,83.1,149.2,-20.272485,-120.96878,72.5,2024-11-08 07:57:43
VH_05333,Tesla Model 3,118.0,132.0,32.257626,-42.711825,95.3,2024-11-20 11:23:54
VH_05334,BMW X5,100.9,164.9,-14.674524,31.114269,93.3,2024-11-05 05:52:11
VH_05335,Honda Civic,61.2,48.8,31.213463,44.922541,92.3,2024-11-09 18:19:54
VH_05336,Honda Civic,100.3,179.9,-19.605552,-5.973413,92.7,2024-11-02 00:02:43
VH_05337,Hyundai Ioniq,85.0,159.8,-52.779016,113.840916,87.9,2024-11-17 19:37:38
VH_05338,Chevrolet Bolt,83.5,72.8,89.527088,-25.84494,93.8,2024-11-17 12:33:29
VH_05339,Tesla Model 3,91.6,4.8,-83.354762,119.332192,71.5,2024-11-30 12:51:24
VH_05340,Toyota Camry,73.1,74.9,21.94166,-50.145442,90.8,2024-11-29 16:01:43
VH_05341,Hyundai Ioniq,109.8,63.3,85.697413,-46.522843,82.9,2024-11-15 07:41:35
VH_05342,Hyundai Ioniq,64.7,103.3,-38.173951,-155.689397,73.8,2024-11-11 06:02:43
VH_05343,Hyundai Ioniq,83.5,66.9,35.849924,34.64127,92.5,2024-11-29 08:50:14
VH_05344,Tesla Model 3,62.5,71.8,14.626983,94.43597,85.1,2024-11-16 01:45:11
VH_05345,Honda Civic,92.2,74.4,3.937833,39.569114,77.1,2024-11-05 13:08:17
VH_05346,BMW X5,76.7,150.0,35.196717,170.669971,93.0,2024-11-22 03:20:24
VH_05347,Chevrolet Bolt,82.3,174.4,89.428917,104.476054,78.4,2024-11-24 23:12:35
VH_05348,Mercedes EQS,112.2,132.8,-71.061134,114.668948,80.6,2024-11-07 10:06:31
VH_05349,BMW X5,97.2,9.4,6.908437,116.367334,81.8,2024-11-10 14:29:22
VH_05350,Hyundai Ioniq,63.5,76.4,-37.595257,-25.435014,95.5,2024-11-20 04:56:54
VH_05351,Honda Civic,82.0,36.6,53.047464,159.299695,96.7,2024-11-13 01:19:44
VH_05352,Hyundai Ioniq,101.9,176.2,-38.798169,35.444434,74.1,2024-11-01 01:12:38
VH_05353,Hyundai Ioniq,70.2,82.5,-81.942323,117.525343,70.8,2024-11-24 21:53:47
VH_05354,Tesla Model 3,111.4,20.8,-45.165953,-128.409539,96.0,2024-11-25 09:46:43
VH_05355,BMW X5,74.4,163.2,56.293549,-34.194737,87.9,2024-11-30 19:57:54
VH_05356,Tesla Model 3,87.8,88.0,3.645969,110.390222,80.6,2024-11-20 10:40:24
VH_05357,Hyundai Ioniq,93.8,89.8,-18.676363,-67.525199,96.9,2024-11-03 07:53:46
VH_05358,Toyota Camry,107.0,52.0,30.85086,141.086216,82.0,2024-11-04 15:15:20
VH_05359,Chevrolet Bolt,98.8,22.5,-59.59766,-12.154265,95.2,2024-11-22 13:11:35
VH_05360,Tesla Model 3,66.3,61.3,50.494059,104.979217,98.4,2024-11-09 05:20:02
VH_05361,Tesla Model 3,61.2,152.9,4.180116,-71.181346,93.9,2024-11-18 06:25:16
VH_05362,Tesla Model 3,95.1,162.5,37.312314,31.590686,81.5,2024-11-25 14:51:50
VH_05363,Chevrolet Bolt,114.2,157.2,22.45702,143.158175,95.5,2024-11-29 09:33:49
VH_05364,Honda Civic,76.5,34.2,19.168093,-157.179284,71.3,2024-11-12 07:47:20
VH_05365,Tesla Model 3,93.4,73.9,51.281176,-70.65774,77.7,2024-11-11 21:40:14
VH_05366,BMW X5,106.1,162.7,-22.006328,51.87791,71.1,2024-11-04 00:09:43
VH_05367,Chevrolet Bolt,86.3,40.1,42.868693,37.026078,83.3,2024-11-11 11:44:39
VH_05368,BMW X5,102.9,117.7,-57.650116,26.073343,70.4,2024-11-14 20:38:39
VH_05369,Ford F-150,70.0,87.7,78.630053,-56.918774,95.4,2024-11-15 08:10:09
VH_05370,Tesla Model 3,117.0,14.1,-77.509404,171.540337,98.8,2024-11-06 09:44:44
VH_05371,Honda Civic,85.6,72.6,-89.184731,8.294763,88.3,2024-11-03 03:31:31
VH_05372,BMW X5,82.7,160.6,67.266749,2.04281,88.7,2024-11-25 08:54:56
VH_05373,Honda Civic,102.3,23.3,-23.486458,-28.244097,86.6,2024-11-28 23:49:40
VH_05374,Hyundai Ioniq,109.1,45.1,24.951214,-165.05809,89.8,2024-11-15 07:12:37
VH_05375,Toyota Camry,61.1,41.9,13.367031,-36.215395,85.8,2024-11-10 15:15:19
VH_05376,BMW X5,82.6,170.7,-19.790484,91.976539,85.7,2024-11-13 11:59:50
VH_05377,Tesla Model 3,91.9,179.4,-65.259723,76.009653,93.8,2024-11-11 22:17:38
VH_05378,Mercedes EQS,93.4,160.6,65.841779,-55.960802,98.1,2024-11-02 01:49:03
VH_05379,Ford F-150,88.0,108.2,88.295057,42.46873,93.9,2024-11-26 13:50:02
VH_05380,Honda Civic,91.0,169.9,-76.373509,-157.638645,91.3,2024-11-11 23:11:03
VH_05381,Tesla Model 3,74.3,179.3,55.686797,-154.641838,88.2,2024-11-08 05:33:35
VH_05382,Tesla Model 3,98.7,45.3,-40.792635,-148.693716,76.3,2024-11-25 02:05:03
VH_05383,Tesla Model 3,66.5,117.1,45.497343,75.053496,74.3,2024-11-17 23:50:50
VH_05384,Honda Civic,108.2,55.5,4.745007,-132.163886,94.6,2024-11-29 21:01:50
VH_05385,Tesla Model 3,100.4,117.1,54.455558,-20.417934,82.8,2024-11-22 16:09:49
VH_05386,Honda Civic,80.0,6.2,-32.246966,169.848147,79.6,2024-11-19 15:08:46
VH_05387,Tesla Model 3,99.1,70.6,-8.578607,-101.780305,81.7,2024-11-14 01:33:05
VH_05388,Honda Civic,75.2,50.6,89.11667,95.213117,72.8,2024-11-22 02:17:05
VH_05389,Toyota Camry,69.0,56.9,-15.166209,-156.819575,78.3,2024-11-08 14:03:40
VH_05390,Ford F-150,75.9,43.6,-35.687895,-56.871875,83.3,2024-11-08 20:42:02
VH_05391,Honda Civic,100.9,134.0,-4.666958,-158.337649,81.6,2024-11-13 15:25:32
VH_05392,Tesla Model 3,83.5,14.4,30.545803,95.720262,87.9,2024-11-15 21:11:04
VH_05393,Honda Civic,103.5,11.1,41.113759,-124.169674,82.4,2024-11-25 19:04:14
VH_05394,Honda Civic,114.3,121.8,76.899153,55.719153,82.8,2024-11-07 03:16:17
VH_05395,Ford F-150,75.0,145.3,10.234862,-8.071597,81.5,2024-11-13 15:44:47
VH_05396,BMW X5,,40.4,79.001834,-10.404477,73.6,2024-11-17 17:25:48
VH_05397,Hyundai Ioniq,71.6,49.1,68.053181,100.639964,86.0,2024-11-08 22:20:55
VH_05398,Toyota Camry,81.4,146.3,48.871686,167.080095,75.4,2024-11-11 19:31:28
VH_05399,Tesla Model 3,82.6,65.2,-57.825811,-46.859485,77.6,2024-11-13 13:07:30
VH_05400,Mercedes EQS,,140.2,15.146312,168.713057,92.7,2024-11-28 18:54:48
VH_05401,BMW X5,86.9,111.6,-30.737675,-36.24831,79.0,2024-11-09 05:29:38
VH_05402,Mercedes EQS,62.9,104.1,-11.153843,-60.590355,96.6,2024-11-25 00:34:19
VH_05403,Tesla Model 3,81.5,157.7,35.694269,39.720234,99.4,2024-11-01 13:00:56
VH_05404,Chevrolet Bolt,93.7,117.9,-20.683763,68.844189,88.2,2024-11-22 15:56:53
VH_05405,Ford F-150,111.5,92.1,-30.39095,80.169951,96.0,2024-11-26 05:13:21
VH_05406,Ford F-150,111.1,63.6,34.130158,-95.996346,89.5,2024-11-13 22:30:38
VH_05407,Chevrolet Bolt,67.9,104.9,34.050151,-12.186574,91.5,2024-11-27 15:45:55
VH_05408,Mercedes EQS,76.2,152.5,54.562527,-158.152353,88.5,2024-11-13 14:22:40
VH_05409,Tesla Model 3,92.1,1.3,35.798342,5.602213,81.6,2024-11-28 02:04:54
VH_05410,Toyota Camry,62.8,128.2,-17.897648,139.816161,95.2,2024-11-09 10:50:23
VH_05411,BMW X5,78.4,144.9,-71.352073,-53.657008,86.5,2024-11-10 09:28:38
VH_05412,Honda Civic,116.6,15.3,70.06406,-135.866193,96.5,2024-11-08 14:45:17
VH_05413,Tesla Model 3,89.3,68.1,-4.731382,-149.110814,92.3,2024-11-25 01:00:11
VH_05414,Ford F-150,77.5,125.8,86.644538,146.089424,87.1,2024-11-06 16:44:35
VH_05415,Tesla Model 3,84.9,139.5,-68.348165,-118.938218,92.4,2024-11-20 06:40:16
VH_05416,Tesla Model 3,92.7,130.1,25.748855,-24.630944,96.4,2024-11-20 02:12:43
VH_05417,Tesla Model 3,104.2,90.4,-57.571761,-12.800626,99.2,2024-11-09 19:17:08
VH_05418,Chevrolet Bolt,89.6,117.4,70.158931,18.737135,83.2,2024-11-23 03:05:54
VH_05419,Toyota Camry,110.5,16.6,-41.819376,59.612349,80.8,2024-11-30 14:20:02
VH_05420,Chevrolet Bolt,87.4,66.7,-58.943922,164.377643,99.9,2024-11-30 00:19:08
VH_05421,BMW X5,118.9,4.7,21.641227,-74.766907,72.1,2024-11-22 10:21:27
VH_05422,Chevrolet Bolt,80.5,23.1,-38.528679,119.629893,94.5,2024-11-05 15:42:50
VH_05423,Ford F-150,80.8,56.6,88.537066,128.698051,98.5,2024-11-28 01:23:05
VH_05424,Tesla Model 3,93.9,15.2,-73.425795,37.317947,70.1,2024-11-02 06:18:13
VH_05425,Mercedes EQS,88.3,76.9,30.144337,-108.929235,96.1,2024-11-11 04:07:22
VH_05426,Toyota Camry,110.9,162.3,-36.40753,-92.236073,75.9,2024-11-20 10:19:20
VH_05427,Mercedes EQS,69.7,58.0,-88.538918,-99.754658,80.8,2024-11-12 19:12:04
VH_05428,Toyota Camry,104.3,130.4,-58.529867,83.797451,71.0,2024-11-08 18:59:30
VH_05429,Honda Civic,78.0,72.6,-31.048982,128.096323,72.1,2024-11-29 02:57:40
VH_05430,Honda Civic,96.3,152.8,47.333496,92.36712,84.1,2024-11-12 06:51:00
VH_05431,Ford F-150,108.3,0.3,-12.852838,56.860905,73.8,2024-11-27 18:57:43
VH_05432,Toyota Camry,62.5,161.8,54.29019,-102.094839,79.2,2024-11-19 20:27:47
VH_05433,Chevrolet Bolt,111.9,141.4,67.462328,41.78804,85.5,2024-11-12 04:29:40
VH_05434,Tesla Model 3,86.0,75.5,63.309624,-71.892021,90.1,2024-11-16 00:30:34
VH_05435,Tesla Model 3,90.5,21.1,29.10552,155.110031,75.8,2024-11-07 10:07:35
VH_05436,Mercedes EQS,111.6,137.0,11.61669,48.153312,81.3,2024-11-02 02:49:07
VH_05437,Tesla Model 3,112.1,104.5,-63.572128,39.537681,74.2,2024-11-04 16:58:34
VH_05438,Hyundai Ioniq,109.8,47.9,-42.72403,-103.507724,92.8,2024-11-17 13:31:29
VH_05439,Hyundai Ioniq,96.1,87.0,71.939386,-158.488763,87.4,2024-11-11 01:13:41
VH_05440,Tesla Model 3,68.1,21.4,-65.087196,-173.332535,85.3,2024-11-29 17:46:58
VH_05441,Chevrolet Bolt,71.5,136.2,84.948743,136.913965,97.5,2024-11-06 02:09:51
VH_05442,Toyota Camry,60.2,120.0,50.45545,171.537146,88.7,2024-11-15 11:16:22
VH_05443,Tesla Model 3,85.5,78.2,87.770813,-158.072127,88.8,2024-11-19 20:20:29
VH_05444,Mercedes EQS,117.0,6.9,40.930829,127.773185,70.2,2024-11-16 20:40:06
VH_05445,Ford F-150,101.8,156.6,3.745866,-151.471934,91.0,2024-11-10 17:40:39
VH_05446,BMW X5,112.2,49.4,75.177675,-30.136611,97.5,2024-11-24 23:05:10
VH_05447,Tesla Model 3,71.1,132.4,-70.609823,147.607361,80.3,2024-11-28 21:07:38
VH_05448,Mercedes EQS,97.9,118.0,22.196657,28.053122,92.8,2024-11-24 00:13:20
VH_05449,Mercedes EQS,118.1,107.3,61.641117,177.429207,88.6,2024-11-03 06:58:58
VH_05450,Toyota Camry,64.0,68.3,-78.162523,51.639193,79.5,2024-11-28 14:54:47
VH_05451,Tesla Model 3,114.5,148.8,86.088635,-71.05355,89.0,2024-11-20 07:36:35
VH_05452,Tesla Model 3,94.2,4.9,68.062385,-153.170101,94.7,2024-11-01 15:50:09
VH_05453,Mercedes EQS,64.9,160.9,58.353109,-101.99195,92.3,2024-11-01 21:01:24
VH_05454,Chevrolet Bolt,77.5,109.5,-24.494628,124.067,75.9,2024-11-13 22:47:20
VH_05455,BMW X5,89.6,22.7,-89.463137,30.020652,71.0,2024-11-06 15:46:38
VH_05456,Ford F-150,80.1,144.7,87.203977,104.769434,80.8,2024-11-09 16:37:41
VH_05457,Chevrolet Bolt,80.6,77.8,-58.897967,-69.024837,99.7,2024-11-28 05:08:12
VH_05458,Toyota Camry,111.5,116.4,33.918327,168.821775,70.5,2024-11-15 14:01:40
VH_05459,Tesla Model 3,89.7,47.7,-40.270449,138.049891,79.9,2024-11-18 07:05:34
VH_05460,Tesla Model 3,65.8,72.8,41.79952,-121.325968,78.5,2024-11-17 03:58:40
VH_05461,Mercedes EQS,98.3,81.1,52.709464,163.227725,78.7,2024-11-04 21:50:58
VH_05462,Tesla Model 3,93.9,66.5,12.025161,45.636118,77.0,2024-11-29 02:46:14
VH_05463,Toyota Camry,83.8,138.5,-0.429516,67.39979,88.7,2024-11-18 11:44:44
VH_05464,Chevrolet Bolt,118.9,164.5,-30.191575,1.543997,99.3,2024-11-26 18:14:39
VH_05465,Honda Civic,62.6,125.1,-55.955644,-86.245583,87.7,2024-11-02 14:06:34
VH_05466,Toyota Camry,90.9,118.9,15.654737,-128.545907,93.2,2024-11-27 04:56:49
VH_05467,Chevrolet Bolt,79.5,92.5,-54.018706,77.41961,98.8,2024-11-03 04:31:42
VH_05468,Hyundai Ioniq,61.4,81.4,-52.892957,-150.282677,71.6,2024-11-27 18:52:02
VH_05469,Tesla Model 3,84.6,115.6,-34.944132,-52.280928,90.8,2024-11-23 04:20:31
VH_05470,Hyundai Ioniq,87.5,99.2,54.680628,-87.715823,70.7,2024-11-29 18:20:36
VH_05471,Tesla Model 3,99.2,166.4,-87.433624,-159.374197,72.2,2024-11-05 21:38:48
VH_05472,Ford F-150,110.7,69.5,-1.03202,-167.946646,71.1,2024-11-14 09:44:16
VH_05473,Ford F-150,81.5,131.1,-70.351923,126.119125,99.0,2024-11-07 13:28:39
VH_05474,Chevrolet Bolt,99.9,91.1,-71.364414,134.88721,87.5,2024-11-16 19:04:14
VH_05475,Honda Civic,79.6,44.8,12.993312,-127.40117,95.3,2024-11-21 22:34:29
VH_05476,BMW X5,76.1,168.6,29.369269,77.942837,90.8,2024-11-28 09:05:14
VH_05477,Toyota Camry,63.7,164.1,-79.459882,-111.327817,73.9,2024-11-17 04:21:14
VH_05478,Mercedes EQS,75.3,89.3,-12.36245,-140.154208,96.5,2024-11-15 22:44:01
VH_05479,Toyota Camry,74.1,45.1,36.613871,35.608179,92.5,2024-11-07 13:53:50
VH_05480,Tesla Model 3,84.7,13.8,-67.77902,114.409866,82.4,2024-11-28 08:36:53
VH_05481,Ford F-150,65.3,126.5,24.680222,-179.335402,71.9,2024-11-11 01:12:33
VH_05482,Tesla Model 3,101.8,22.1,-8.143815,117.212927,80.1,2024-11-18 21:32:30
VH_05483,Mercedes EQS,83.4,83.6,-45.767291,-100.296878,91.8,2024-11-10 07:52:53
VH_05484,Toyota Camry,78.4,52.8,-34.689234,-38.490646,75.1,2024-11-25 12:43:30
VH_05485,Toyota Camry,89.2,119.2,25.767112,-67.03848,76.0,2024-11-28 17:43:50
VH_05486,Toyota Camry,60.8,131.4,-23.90147,41.313858,97.1,2024-11-14 02:57:13
VH_05487,Tesla Model 3,98.5,78.5,-48.342006,-125.134376,98.6,2024-11-24 21:01:51
VH_05488,Toyota Camry,61.6,90.3,-56.695504,-76.79302,97.7,2024-11-03 10:43:58
VH_05489,Honda Civic,82.4,14.3,82.345834,-54.062445,83.8,2024-11-28 19:05:26
VH_05490,Honda Civic,110.2,157.5,-22.83732,-58.985445,86.6,2024-11-29 18:50:36
VH_05491,Honda Civic,118.5,66.2,22.086726,-87.845241,88.8,2024-11-07 19:45:55
VH_05492,Mercedes EQS,89.0,23.1,-35.012615,-84.784008,85.7,2024-11-09 07:53:38
VH_05493,BMW X5,63.6,29.2,70.401759,42.198599,89.3,2024-11-23 06:43:20
VH_05494,Ford F-150,83.0,139.5,27.678838,-92.170455,77.9,2024-11-02 14:09:28
VH_05495,Honda Civic,80.1,88.3,45.631544,175.513595,77.3,2024-11-15 03:03:03
VH_05496,Tesla Model 3,105.7,68.4,39.899992,-98.231367,76.6,2024-11-07 17:21:26
VH_05497,Toyota Camry,63.9,2.8,-69.197775,-104.06383,78.5,2024-11-15 16:17:01
VH_05498,BMW X5,71.1,50.8,-6.304962,-7.87354,90.3,2024-11-02 08:22:25
VH_05499,Tesla Model 3,82.3,119.5,21.089964,86.03469,96.7,2024-11-24 00:32:57
VH_05500,Tesla Model 3,99.6,76.9,43.287976,22.810781,82.0,2024-11-23 23:07:22
VH_05501,Mercedes EQS,104.2,93.3,-9.021703,-113.820636,82.1,2024-11-29 17:19:21
VH_05502,Hyundai Ioniq,106.8,14.0,-51.895629,-174.449687,83.4,2024-11-22 02:11:05
VH_05503,Tesla Model 3,97.1,68.5,-59.77933,-18.998173,82.1,2024-11-11 13:42:57
VH_05504,BMW X5,90.4,170.2,-10.279319,147.865425,88.5,2024-11-14 17:20:39
VH_05505,Chevrolet Bolt,62.9,170.8,-25.88746,-113.754919,71.4,2024-11-04 04:57:12
VH_05506,Toyota Camry,110.6,149.7,56.620737,170.293547,92.0,2024-11-07 21:53:42
VH_05507,Honda Civic,102.0,167.7,40.495702,-95.230933,91.5,2024-11-07 17:08:11
VH_05508,Toyota Camry,93.1,145.5,-48.186137,-139.785124,96.8,2024-11-04 14:39:33
VH_05509,Honda Civic,84.4,155.3,68.346518,-10.199027,90.3,2024-11-21 01:32:59
VH_05510,Ford F-150,62.4,20.6,18.653192,9.738937,91.5,2024-11-17 01:03:46
VH_05511,Hyundai Ioniq,107.5,21.2,-1.064172,144.942263,73.9,2024-11-29 07:07:29
VH_05512,Toyota Camry,71.8,21.1,26.492878,156.881252,85.5,2024-11-01 12:11:25
VH_05513,Chevrolet Bolt,78.1,37.8,66.613523,80.604806,79.1,2024-11-25 17:35:23
VH_05514,Honda Civic,118.8,128.0,43.338148,126.243331,83.4,2024-11-14 15:34:03
VH_05515,Ford F-150,93.1,62.4,-85.354773,61.220265,80.7,2024-11-23 07:22:52
VH_05516,Honda Civic,64.0,175.5,62.101755,10.302333,89.0,2024-11-14 13:10:02
VH_05517,Mercedes EQS,69.4,87.7,-43.120378,3.225033,77.7,2024-11-14 09:46:30
VH_05518,Toyota Camry,73.9,109.3,-53.119911,-39.697038,98.7,2024-11-14 21:54:15
VH_05519,Toyota Camry,105.3,141.4,42.231953,-137.978013,86.2,2024-11-04 16:34:16
VH_05520,Tesla Model 3,91.6,133.2,39.032548,52.061924,78.9,2024-11-22 14:55:45
VH_05521,BMW X5,95.3,78.9,3.218444,-74.993694,91.0,2024-11-23 11:12:56
VH_05522,Hyundai Ioniq,101.5,43.6,24.121753,-143.155807,85.5,2024-11-26 05:48:33
VH_05523,Mercedes EQS,84.9,58.9,-38.717967,115.008453,93.7,2024-11-14 11:03:40
VH_05524,Tesla Model 3,112.5,63.3,29.137657,34.982039,89.1,2024-11-02 10:49:59
VH_05525,BMW X5,96.1,129.5,-4.286488,-20.892451,71.7,2024-11-15 23:42:49
VH_05526,Toyota Camry,82.4,174.4,-85.175877,-172.905093,84.5,2024-11-06 01:01:44
VH_05527,BMW X5,75.7,27.2,-59.024081,-53.480958,75.3,2024-11-09 21:43:15
VH_05528,Toyota Camry,93.3,68.7,34.317434,-87.00019,81.0,2024-11-17 14:22:37
VH_05529,BMW X5,114.9,29.3,63.228357,-142.341999,84.1,2024-11-26 19:34:45
VH_05530,Tesla Model 3,79.2,166.2,-17.360207,148.512535,92.8,2024-11-14 02:10:41
VH_05531,Tesla Model 3,78.5,91.0,-65.655648,-124.585511,75.5,2024-11-03 11:45:18
VH_05532,Chevrolet Bolt,60.2,52.7,12.75051,-164.893323,74.9,2024-11-17 12:39:32
VH_05533,Tesla Model 3,63.7,149.2,33.582413,80.704848,85.4,2024-11-21 08:36:18
VH_05534,Tesla Model 3,84.7,171.1,-10.958206,-45.38436,71.6,2024-11-12 14:00:58
VH_05535,Tesla Model 3,118.5,132.3,-28.355146,79.442028,99.7,2024-11-10 11:20:24
VH_05536,Honda Civic,63.6,131.8,-13.954501,-54.945223,81.9,2024-11-28 14:08:54
VH_05537,Hyundai Ioniq,97.7,121.1,48.249787,-59.109726,86.2,2024-11-13 07:15:14
VH_05538,Mercedes EQS,81.1,39.1,-44.991899,146.508397,72.2,2024-11-02 07:45:07
VH_05539,Mercedes EQS,107.7,121.9,-84.026277,25.101781,84.8,2024-11-02 15:43:08
VH_05540,Toyota Camry,116.9,74.1,-45.908443,-112.859595,95.1,2024-11-06 19:35:58
VH_05541,Honda Civic,109.8,56.7,18.413361,-9.800455,93.8,2024-11-28 23:45:49
VH_05542,Tesla Model 3,80.2,77.5,-47.815971,161.755159,90.4,2024-11-11 06:45:38
VH_05543,Hyundai Ioniq,70.7,5.9,58.825548,144.749814,76.5,2024-11-03 04:43:13
VH_05544,Chevrolet Bolt,87.4,29.9,11.04444,-88.632734,97.9,2024-11-30 00:04:48
VH_05545,Mercedes EQS,114.8,102.0,42.097027,-4.810231,78.8,2024-11-27 06:00:15
VH_05546,Honda Civic,62.0,87.5,-19.461493,139.216292,89.2,2024-11-26 17:14:56
VH_05547,Chevrolet Bolt,72.8,90.5,67.55385,-159.352634,73.1,2024-11-11 00:43:16
VH_05548,Tesla Model 3,81.0,123.7,14.496271,160.192748,85.9,2024-11-18 16:13:07
VH_05549,Ford F-150,69.9,37.9,-1.116583,-164.075056,78.6,2024-11-26 10:49:46
VH_05550,Chevrolet Bolt,83.9,43.6,-56.319183,-79.683466,90.4,2024-11-20 09:00:39
VH_05551,Honda Civic,84.6,50.2,-70.263995,156.5922,75.1,2024-11-06 02:08:09
VH_05552,Ford F-150,104.6,58.5,-34.021229,-11.850094,77.4,2024-11-29 13:02:29
VH_05553,Toyota Camry,63.3,21.7,69.093094,61.321852,72.3,2024-11-19 17:10:21
VH_05554,Honda Civic,104.7,6.3,-4.75543,-43.180124,71.5,2024-11-30 15:32:14
VH_05555,Ford F-150,99.7,116.7,87.780336,-85.126444,72.5,2024-11-03 03:50:41
VH_05556,Tesla Model 3,75.9,88.1,66.037094,-119.895474,89.8,2024-11-23 06:04:37
VH_05557,Hyundai Ioniq,62.0,1.9,-32.150388,100.265725,95.0,2024-11-12 12:53:53
VH_05558,Ford F-150,109.1,176.5,-40.638564,60.317308,93.1,2024-11-20 06:47:55
VH_05559,Toyota Camry,,96.7,71.497379,-51.379613,72.6,2024-11-29 09:44:49
VH_05560,Ford F-150,114.7,57.6,-19.274635,-95.284997,95.8,2024-11-20 14:59:46
VH_05561,Ford F-150,64.3,20.8,56.560869,3.12486,73.4,2024-11-17 21:01:50
VH_05562,Honda Civic,70.3,81.7,53.372883,29.419174,82.2,2024-11-15 03:14:13
VH_05563,Tesla Model 3,105.8,23.5,62.655563,-128.86843,80.4,2024-11-27 12:27:48
VH_05564,Toyota Camry,93.1,59.5,64.992749,167.992694,81.7,2024-11-24 18:50:38
VH_05565,Tesla Model 3,100.8,29.1,30.580005,130.618737,97.9,2024-11-26 06:46:47
VH_05566,Tesla Model 3,91.2,155.3,-47.600461,-24.159923,85.0,2024-11-28 04:00:41
VH_05567,BMW X5,119.8,50.9,2.479725,83.908464,94.1,2024-11-23 21:48:30
VH_05568,Toyota Camry,83.5,114.4,-26.697105,48.426625,75.5,2024-11-19 21:17:21
VH_05569,Hyundai Ioniq,84.3,116.0,-85.752767,160.041694,84.4,2024-11-18 22:10:21
VH_05570,Toyota Camry,74.3,4.5,-56.44517,-128.476673,100.0,2024-11-01 15:45:09
VH_05571,Mercedes EQS,101.5,118.6,-87.163828,-10.677853,70.2,2024-11-08 13:02:26
VH_05572,Honda Civic,74.1,40.0,54.310227,-84.648778,90.5,2024-11-11 11:33:53
VH_05573,BMW X5,77.3,148.3,-0.212174,24.746487,87.4,2024-11-07 23:37:58
VH_05574,Ford F-150,119.4,126.6,21.978296,134.652537,79.8,2024-11-08 15:51:13
VH_05575,BMW X5,85.0,157.7,19.933919,82.416413,92.8,2024-11-20 04:27:54
VH_05576,Tesla Model 3,112.3,91.9,-64.564332,-68.624953,90.4,2024-11-09 10:33:47
VH_05577,Hyundai Ioniq,90.9,140.8,21.070825,-55.575179,85.1,2024-11-21 05:11:50
VH_05578,Ford F-150,99.9,4.6,53.896908,114.789332,70.9,2024-11-26 22:27:28
VH_05579,Chevrolet Bolt,63.7,3.5,-52.585947,-38.146863,75.3,2024-11-08 02:47:31
VH_05580,BMW X5,106.7,59.3,-67.135653,-5.794566,88.1,2024-11-07 14:33:04
VH_05581,Tesla Model 3,74.0,24.1,36.672748,74.182038,75.4,2024-11-08 04:05:15
VH_05582,Toyota Camry,78.9,62.7,-63.718924,-161.933542,72.9,2024-11-29 01:57:54
VH_05583,Tesla Model 3,112.4,102.0,73.367975,-88.703138,72.9,2024-11-20 03:46:46
VH_05584,Honda Civic,102.1,140.5,-77.670677,-178.482788,82.0,2024-11-15 09:03:59
VH_05585,Chevrolet Bolt,107.0,158.2,-49.547153,29.18217,82.8,2024-11-01 05:25:16
VH_05586,Toyota Camry,117.0,149.0,-31.732699,-126.381291,87.2,2024-11-20 04:20:35
VH_05587,Honda Civic,114.4,86.2,85.710056,-146.339338,72.6,2024-11-07 12:49:45
VH_05588,Tesla Model 3,87.2,34.8,13.203098,29.862365,72.6,2024-11-13 18:31:15
VH_05589,Tesla Model 3,79.8,65.7,-80.240586,-32.115669,76.5,2024-11-29 04:05:48
VH_05590,Honda Civic,111.5,61.2,73.028989,-157.193652,81.3,2024-11-21 09:56:24
VH_05591,Tesla Model 3,81.6,111.6,79.024996,28.966197,98.2,2024-11-29 23:29:31
VH_05592,Honda Civic,109.5,105.4,-16.924851,86.630347,74.1,2024-11-19 08:40:48
VH_05593,Tesla Model 3,78.4,127.7,52.734828,-54.914349,73.1,2024-11-15 01:04:41
VH_05594,Tesla Model 3,100.0,132.8,-54.521606,64.752772,99.2,2024-11-15 09:44:52
VH_05595,Chevrolet Bolt,111.1,28.0,-54.44425,-0.917502,84.1,2024-11-14 04:24:37
VH_05596,Tesla Model 3,76.4,32.6,-72.222273,-113.065247,79.0,2024-11-06 05:29:48
VH_05597,Honda Civic,107.6,151.5,-55.476175,4.757027,90.0,2024-11-28 23:29:03
VH_05598,Toyota Camry,74.0,79.9,-71.287741,-62.401281,70.9,2024-11-09 13:49:12
VH_05599,Hyundai Ioniq,81.9,42.6,10.713336,-174.692921,92.1,2024-11-12 09:58:10
VH_05600,Tesla Model 3,66.1,53.7,-52.691302,164.151281,72.6,2024-11-11 13:30:28
VH_05601,Honda Civic,85.6,36.3,30.974043,-73.887517,76.8,2024-11-22 08:02:59
VH_05602,Tesla Model 3,96.3,173.5,83.92672,141.77688,81.4,2024-11-10 11:53:09
VH_05603,Tesla Model 3,75.7,113.1,36.283257,133.787615,96.0,2024-11-11 06:02:20
VH_05604,Toyota Camry,98.3,91.1,71.90215,-63.487162,73.2,2024-11-20 21:52:45
VH_05605,Toyota Camry,117.8,124.1,-63.519112,-36.698469,86.2,2024-11-28 15:38:45
VH_05606,Ford F-150,95.5,130.6,-28.621457,18.380217,71.2,2024-11-25 20:46:54
VH_05607,Chevrolet Bolt,80.8,21.3,10.198121,26.245327,90.6,2024-11-05 20:29:03
VH_05608,Chevrolet Bolt,99.8,92.6,-74.650039,87.678693,81.1,2024-11-15 05:45:45
VH_05609,Tesla Model 3,71.7,165.7,-31.996251,82.674341,80.2,2024-11-10 17:22:34
VH_05610,Toyota Camry,91.0,78.1,51.604594,-30.861367,90.8,2024-11-19 17:45:26
VH_05611,Honda Civic,66.0,148.7,-32.630872,-93.237273,83.6,2024-11-01 23:06:49
VH_05612,Chevrolet Bolt,100.1,125.0,-47.353342,-10.936771,73.8,2024-11-13 14:31:39
VH_05613,Chevrolet Bolt,85.1,135.5,63.796581,166.773768,94.1,2024-11-09 10:49:03
VH_05614,Tesla Model 3,107.4,146.8,17.066312,128.255288,89.9,2024-11-19 19:54:04
VH_05615,Tesla Model 3,87.1,177.7,-13.286865,174.943798,95.6,2024-11-14 05:53:45
VH_05616,Chevrolet Bolt,85.8,110.3,-78.266936,92.128392,73.2,2024-11-19 07:15:12
VH_05617,Tesla Model 3,93.1,159.4,-8.592335,87.619882,98.1,2024-11-19 16:42:18
VH_05618,Honda Civic,89.5,46.5,69.957035,138.063888,88.2,2024-11-07 23:33:46
VH_05619,Mercedes EQS,80.7,157.9,-8.450802,-59.445178,94.0,2024-11-13 15:30:02
VH_05620,Ford F-150,66.2,20.2,37.080407,14.940727,92.0,2024-11-14 04:43:55
VH_05621,Toyota Camry,96.2,83.9,62.171433,-8.364031,78.4,2024-11-22 08:38:43
VH_05622,Chevrolet Bolt,95.3,10.3,-37.030932,-87.120479,80.7,2024-11-04 00:00:45
VH_05623,Mercedes EQS,83.5,73.6,41.623595,-101.495437,79.9,2024-11-16 15:18:23
VH_05624,Tesla Model 3,105.3,33.5,-69.140493,-104.355539,88.5,2024-11-21 18:04:25
VH_05625,BMW X5,73.0,148.1,-34.437998,156.051613,86.1,2024-11-18 16:58:52
VH_05626,Honda Civic,66.5,109.2,68.767551,-12.190569,77.4,2024-11-18 13:43:41
VH_05627,BMW X5,83.5,144.2,13.603727,-128.966686,91.4,2024-11-14 02:18:04
VH_05628,Tesla Model 3,101.5,35.3,-17.05571,0.932391,72.9,2024-11-23 09:38:18
VH_05629,Tesla Model 3,117.9,78.7,65.018584,167.473195,80.3,2024-11-17 03:47:03
VH_05630,Hyundai Ioniq,71.7,48.5,-23.525635,-162.843504,90.0,2024-11-26 07:26:36
VH_05631,Hyundai Ioniq,90.2,118.3,19.244963,13.722815,77.1,2024-11-03 23:13:55
VH_05632,Chevrolet Bolt,103.9,126.7,3.691691,-62.902456,88.8,2024-11-06 21:26:32
VH_05633,Honda Civic,72.3,149.9,20.924162,148.454178,72.6,2024-11-28 11:24:20
VH_05634,Tesla Model 3,75.8,163.9,-25.879849,-68.392136,96.2,2024-11-02 14:39:05
VH_05635,Mercedes EQS,87.8,70.1,-33.969281,-128.662062,98.6,2024-11-18 12:16:46
VH_05636,Chevrolet Bolt,62.0,4.1,50.043361,-122.801639,90.1,2024-11-24 12:55:58
VH_05637,Tesla Model 3,87.9,167.1,-86.447977,-47.455041,97.6,2024-11-21 22:09:29
VH_05638,Toyota Camry,108.8,146.6,-81.001417,-17.00023,98.9,2024-11-22 10:27:27
VH_05639,Ford F-150,96.5,57.7,30.078277,-179.833414,70.8,2024-11-18 04:00:56
VH_05640,Toyota Camry,118.0,17.7,63.149448,-171.678941,75.1,2024-11-12 02:10:50
VH_05641,Tesla Model 3,108.3,18.5,40.750193,-82.099411,91.4,2024-11-04 00:52:10
VH_05642,Mercedes EQS,90.8,101.4,-64.951515,31.512987,94.7,2024-11-05 06:34:29
VH_05643,Chevrolet Bolt,72.6,5.1,-57.719413,67.772119,71.3,2024-11-05 13:07:50
VH_05644,Honda Civic,75.4,121.4,62.251702,-116.465537,87.2,2024-11-17 20:47:29
VH_05645,Toyota Camry,79.3,43.3,0.723273,69.920929,70.8,2024-11-30 18:25:35
VH_05646,Ford F-150,89.7,86.4,48.597859,-67.20906,97.8,2024-11-14 17:57:00
VH_05647,Toyota Camry,109.5,41.7,-52.067358,159.665493,93.3,2024-11-28 02:14:13
VH_05648,Mercedes EQS,78.5,131.5,-15.411956,-156.164401,97.6,2024-11-11 01:22:41
VH_05649,BMW X5,93.7,142.6,10.647642,-73.948188,76.3,2024-11-06 16:54:29
VH_05650,Toyota Camry,62.9,119.1,52.176019,58.133154,92.2,2024-11-29 05:40:39
VH_05651,Tesla Model 3,82.0,134.0,-46.244482,178.328486,97.8,2024-11-06 18:21:50
VH_05652,BMW X5,101.0,133.1,22.546453,-109.997185,78.5,2024-11-12 08:18:23
VH_05653,Honda Civic,102.5,7.6,46.459745,120.330899,97.5,2024-11-06 09:21:36
VH_05654,Chevrolet Bolt,109.1,149.8,-72.022969,126.233177,74.8,2024-11-19 14:07:03
VH_05655,Toyota Camry,113.1,119.7,12.415881,166.169825,72.0,2024-11-19 06:18:55
VH_05656,Tesla Model 3,98.1,93.8,31.52906,58.110117,94.7,2024-11-27 09:50:15
VH_05657,Toyota Camry,115.7,27.8,66.61985,150.625685,86.7,2024-11-20 09:00:17
VH_05658,Hyundai Ioniq,100.8,163.8,48.66389,-129.443552,95.2,2024-11-18 06:37:41
VH_05659,BMW X5,113.0,43.2,-25.61261,-68.540771,89.8,2024-11-04 08:58:58
VH_05660,Tesla Model 3,100.9,62.8,73.783544,-17.511403,75.5,2024-11-19 23:11:21
VH_05661,Tesla Model 3,118.8,126.3,-60.742611,110.610765,89.9,2024-11-12 05:45:56
VH_05662,Tesla Model 3,75.7,112.1,-79.63551,-154.685374,89.0,2024-11-04 15:44:04
VH_05663,BMW X5,60.6,8.0,25.686357,55.762705,88.7,2024-11-18 17:30:30
VH_05664,Ford F-150,68.3,161.1,20.828466,41.35217,77.1,2024-11-05 08:25:39
VH_05665,BMW X5,111.0,86.5,-50.367803,151.08386,75.5,2024-11-19 15:23:27
VH_05666,Chevrolet Bolt,79.2,39.0,46.983147,14.486591,71.6,2024-11-09 15:23:27
VH_05667,Tesla Model 3,94.6,70.4,20.832229,73.554328,77.1,2024-11-28 01:20:52
VH_05668,Toyota Camry,80.7,59.6,-57.164605,-153.5665,90.4,2024-11-06 10:22:36
VH_05669,Tesla Model 3,102.0,162.6,76.444688,64.726613,90.4,2024-11-15 16:42:50
VH_05670,Honda Civic,93.0,55.8,17.034075,-178.59111,78.1,2024-11-18 18:55:51
VH_05671,Honda Civic,103.7,124.4,63.986324,-12.154481,99.2,2024-11-07 12:53:56
VH_05672,Toyota Camry,103.4,81.4,-30.923061,40.426413,74.0,2024-11-13 04:36:01
VH_05673,Tesla Model 3,97.6,168.9,5.331121,26.701498,70.8,2024-11-11 03:16:25
VH_05674,Tesla Model 3,101.5,19.0,-80.597297,50.36546,73.9,2024-11-04 06:43:25
VH_05675,BMW X5,69.0,135.4,17.540306,-117.963816,80.2,2024-11-22 18:00:59
VH_05676,Toyota Camry,81.4,174.4,-61.962916,-102.742082,71.7,2024-11-03 16:59:09
VH_05677,Toyota Camry,96.4,138.6,77.74,88.08183,76.2,2024-11-02 02:54:31
VH_05678,Mercedes EQS,69.5,18.6,-20.317342,-22.714183,86.0,2024-11-30 16:02:59
VH_05679,Toyota Camry,114.4,88.0,-14.77922,-144.484573,76.2,2024-11-15 16:53:53
VH_05680,Honda Civic,113.4,62.6,-58.124898,44.122743,81.0,2024-11-20 07:32:42
VH_05681,Hyundai Ioniq,83.9,11.5,81.789553,35.254193,91.8,2024-11-30 01:01:38
VH_05682,Ford F-150,113.8,102.0,67.465698,-152.96931,79.0,2024-11-18 16:38:58
VH_05683,Tesla Model 3,105.7,77.0,-54.725376,-17.333237,86.7,2024-11-09 12:19:32
VH_05684,Toyota Camry,85.0,52.6,1.449304,15.623126,97.3,2024-11-25 03:52:26
VH_05685,Tesla Model 3,95.0,161.8,-31.813511,-1.201703,91.7,2024-11-16 14:38:27
VH_05686,Tesla Model 3,84.4,65.8,59.695885,-37.327752,88.0,2024-11-29 04:59:45
VH_05687,Chevrolet Bolt,76.8,60.7,-72.101623,30.923141,70.2,2024-11-30 21:58:38
VH_05688,Toyota Camry,119.9,59.6,0.55431,-178.99994,96.2,2024-11-21 14:52:15
VH_05689,Ford F-150,117.4,89.9,-25.720201,125.308035,86.4,2024-11-15 12:49:52
VH_05690,Ford F-150,84.4,1.2,81.356812,-39.693458,85.2,2024-11-09 21:50:23
VH_05691,Toyota Camry,61.9,53.2,-14.844653,94.689192,79.9,2024-11-08 21:37:48
VH_05692,Honda Civic,96.9,32.5,-58.539371,-113.600645,93.3,2024-11-11 21:13:37
VH_05693,Mercedes EQS,70.5,147.1,39.849325,-84.436394,94.6,2024-11-07 12:36:17
VH_05694,Tesla Model 3,82.7,58.4,39.409125,139.270433,78.8,2024-11-23 12:38:26
VH_05695,Toyota Camry,111.2,113.4,-33.279349,-144.88376,90.2,2024-11-16 23:05:12
VH_05696,Honda Civic,105.2,100.9,-46.728101,174.540923,79.4,2024-11-12 00:31:59
VH_05697,Hyundai Ioniq,111.8,52.8,19.638964,120.954681,90.5,2024-11-04 05:31:32
VH_05698,Tesla Model 3,80.8,169.9,76.004697,52.24633,88.0,2024-11-17 11:50:04
VH_05699,Hyundai Ioniq,93.0,85.2,32.318953,-151.499603,99.7,2024-11-28 17:39:41
VH_05700,Ford F-150,63.9,16.2,30.1261,91.463109,83.7,2024-11-04 01:42:54
VH_05701,Honda Civic,77.2,109.3,-47.013024,-27.492981,70.8,2024-11-27 08:23:22
VH_05702,Chevrolet Bolt,65.8,156.7,-33.388409,-178.94761,90.2,2024-11-16 15:25:18
VH_05703,Ford F-150,83.4,152.9,21.321259,-17.177712,89.5,2024-11-14 01:37:48
VH_05704,BMW X5,110.8,65.2,-1.664671,99.555242,76.2,2024-11-15 02:52:22
VH_05705,Ford F-150,104.1,30.2,-87.033858,-72.112436,70.5,2024-11-25 16:56:23
VH_05706,Tesla Model 3,108.8,157.8,-56.345922,45.785817,98.5,2024-11-16 13:27:13
VH_05707,Hyundai Ioniq,62.2,83.7,-10.270643,-63.204645,71.0,2024-11-19 02:53:07
VH_05708,Toyota Camry,80.1,159.6,19.119047,26.555656,83.7,2024-11-22 17:39:27
VH_05709,Tesla Model 3,118.9,176.8,63.8747,118.223648,87.4,2024-11-19 09:39:10
VH_05710,Honda Civic,61.8,154.4,-17.653877,146.947736,82.7,2024-11-14 09:05:27
VH_05711,Honda Civic,105.6,146.9,-59.069605,15.111059,93.6,2024-11-28 00:29:22
VH_05712,Chevrolet Bolt,110.9,56.4,49.746586,-50.389152,94.9,2024-11-27 02:55:35
VH_05713,Ford F-150,89.1,132.7,34.771418,29.889439,95.4,2024-11-07 14:59:33
VH_05714,Chevrolet Bolt,110.3,19.9,-22.574082,22.807372,90.1,2024-11-13 05:24:00
VH_05715,Toyota Camry,86.1,3.8,4.269265,-115.883793,82.7,2024-11-01 22:38:45
VH_05716,Hyundai Ioniq,,128.1,-26.258717,-152.295282,74.1,2024-11-13 13:33:00
VH_05717,Tesla Model 3,95.2,140.0,15.036751,-59.642018,93.4,2024-11-10 23:25:07
VH_05718,Toyota Camry,96.1,158.5,11.244452,153.824992,89.8,2024-11-10 17:31:38
VH_05719,BMW X5,81.5,156.0,35.098241,-83.314246,90.8,2024-11-12 18:48:55
VH_05720,Toyota Camry,104.1,160.3,5.173934,133.454624,73.4,2024-11-26 01:01:36
VH_05721,Mercedes EQS,107.0,123.9,36.900428,-148.53374,91.6,2024-11-12 08:13:16
VH_05722,Toyota Camry,96.6,157.9,78.521687,-104.953315,72.8,2024-11-12 09:56:40
VH_05723,BMW X5,64.9,162.9,-87.758631,-12.487821,92.8,2024-11-05 18:30:37
VH_05724,Tesla Model 3,90.2,138.9,-15.073247,-91.553279,85.3,2024-11-30 22:01:23
VH_05725,Toyota Camry,110.5,130.4,-55.443254,161.103414,75.2,2024-11-03 10:51:01
VH_05726,Hyundai Ioniq,116.3,32.6,-80.247952,-78.50684,78.8,2024-11-12 14:42:52
VH_05727,Ford F-150,66.7,88.3,49.735416,100.189075,72.9,2024-11-13 09:34:31
VH_05728,Tesla Model 3,88.5,144.6,-83.810116,-75.271982,74.2,2024-11-17 12:57:20
VH_05729,Mercedes EQS,95.5,2.7,50.713243,47.519029,85.3,2024-11-08 23:08:48
VH_05730,Mercedes EQS,105.9,89.7,37.170385,14.103049,93.4,2024-11-11 19:59:16
VH_05731,Mercedes EQS,107.1,42.9,-1.404992,-80.722668,77.7,2024-11-11 21:10:16
VH_05732,Hyundai Ioniq,114.4,151.1,42.994697,-9.72251,75.1,2024-11-05 09:53:02
VH_05733,Mercedes EQS,73.4,165.9,3.700046,-96.248792,85.0,2024-11-08 21:02:20
VH_05734,Toyota Camry,97.7,60.2,-61.927628,164.152238,90.7,2024-11-30 22:00:20
VH_05735,Honda Civic,82.1,51.8,-58.37669,-146.731123,98.6,2024-11-01 10:07:35
VH_05736,Chevrolet Bolt,85.0,7.8,-65.357347,-141.92298,74.0,2024-11-01 11:29:06
VH_05737,Tesla Model 3,106.5,67.9,-38.793912,49.218019,80.1,2024-11-11 08:15:41
VH_05738,BMW X5,109.7,23.0,46.144068,-91.713991,91.7,2024-11-03 03:03:44
VH_05739,BMW X5,66.0,43.2,-43.868395,38.067022,86.3,2024-11-29 03:42:38
VH_05740,Tesla Model 3,95.4,147.6,-75.128463,117.0926,78.6,2024-11-29 10:06:18
VH_05741,BMW X5,75.4,48.9,74.060529,30.221885,92.1,2024-11-22 07:40:45
VH_05742,Tesla Model 3,77.7,151.7,28.568385,94.877605,78.7,2024-11-13 04:05:38
VH_05743,Tesla Model 3,78.4,22.6,-70.603091,121.188027,82.4,2024-11-28 14:56:30
VH_05744,Ford F-150,60.1,47.3,-20.830551,-143.679157,78.5,2024-11-13 13:17:07
VH_05745,Honda Civic,101.6,65.4,-34.296718,-155.440533,78.8,2024-11-16 10:43:53
VH_05746,Mercedes EQS,68.1,159.7,46.117261,12.290948,93.9,2024-11-15 11:11:04
VH_05747,Ford F-150,111.9,159.3,19.867784,142.224428,77.5,2024-11-04 23:47:11
VH_05748,Ford F-150,93.5,27.9,-47.232808,34.542808,76.7,2024-11-22 04:59:09
VH_05749,Ford F-150,97.0,89.9,-43.086145,-101.235992,76.4,2024-11-24 12:56:31
VH_05750,Tesla Model 3,120.0,134.7,89.3678,85.612523,100.0,2024-11-13 04:51:16
VH_05751,Toyota Camry,69.8,20.8,89.196142,169.448302,99.7,2024-11-01 01:44:51
VH_05752,Tesla Model 3,111.1,121.9,-40.490204,-144.741168,78.6,2024-11-07 16:08:04
VH_05753,Honda Civic,118.5,154.0,74.475875,-164.315892,78.9,2024-11-04 08:12:12
VH_05754,Toyota Camry,80.7,148.2,-81.126558,62.92442,95.7,2024-11-12 11:12:08
VH_05755,Tesla Model 3,95.7,166.4,10.26828,45.725083,97.1,2024-11-23 03:20:02
VH_05756,BMW X5,117.4,28.7,88.601844,11.152057,97.5,2024-11-10 04:25:19
VH_05757,Toyota Camry,87.6,64.1,77.19293,141.316116,93.6,2024-11-21 03:34:38
VH_05758,Honda Civic,69.5,15.8,18.65113,108.035275,93.1,2024-11-18 22:34:00
VH_05759,Mercedes EQS,103.6,100.2,-27.600227,2.664025,91.2,2024-11-29 01:54:44
VH_05760,Toyota Camry,102.6,16.8,-67.956079,-144.104102,98.6,2024-11-14 02:53:09
VH_05761,Ford F-150,67.2,147.2,37.940415,-95.346634,74.0,2024-11-01 02:24:41
VH_05762,Toyota Camry,71.4,118.4,15.881669,56.126492,99.5,2024-11-17 11:25:55
VH_05763,Honda Civic,78.5,33.8,11.490867,-16.652396,73.0,2024-11-29 22:08:43
VH_05764,Ford F-150,97.5,48.7,59.157005,133.808326,90.2,2024-11-11 11:19:14
VH_05765,Tesla Model 3,68.9,139.5,59.031918,169.612399,95.1,2024-11-02 13:12:24
VH_05766,Hyundai Ioniq,96.8,14.6,43.283743,94.641057,76.7,2024-11-19 06:16:53
VH_05767,Hyundai Ioniq,68.0,116.6,-89.316083,5.677522,93.9,2024-11-25 04:09:17
VH_05768,Ford F-150,70.2,45.8,0.49078,122.043368,92.1,2024-11-24 14:09:38
VH_05769,Toyota Camry,68.1,163.9,-59.937069,-1.526843,94.3,2024-11-29 13:07:46
VH_05770,Honda Civic,96.0,14.1,-63.631967,126.510532,87.1,2024-11-25 10:10:42
VH_05771,BMW X5,99.5,84.7,-60.689808,-78.846132,89.5,2024-11-18 11:22:30
VH_05772,Chevrolet Bolt,62.2,69.1,14.923263,113.273362,80.7,2024-11-27 05:39:02
VH_05773,Honda Civic,65.4,139.4,-6.567809,2.423525,80.7,2024-11-21 16:35:31
VH_05774,Honda Civic,111.3,10.1,-70.814972,12.550874,71.6,2024-11-14 09:36:57
VH_05775,Tesla Model 3,61.3,25.9,-11.2361,-158.725643,90.0,2024-11-07 03:19:54
VH_05776,Tesla Model 3,83.3,61.1,-5.156954,-146.840901,99.5,2024-11-01 22:32:31
VH_05777,Ford F-150,111.6,135.1,-27.213656,129.938839,77.2,2024-11-24 01:09:59
VH_05778,Mercedes EQS,74.2,48.6,53.633264,169.75174,94.5,2024-11-05 10:06:49
VH_05779,Tesla Model 3,92.8,144.3,-24.101599,-153.168581,81.7,2024-11-03 07:17:33
VH_05780,Tesla Model 3,66.4,106.6,-75.99818,-122.7828,82.2,2024-11-24 00:55:29
VH_05781,Toyota Camry,79.8,20.4,-64.917658,58.955881,98.0,2024-11-10 23:31:02
VH_05782,Toyota Camry,103.2,9.5,-21.483064,-96.308962,70.7,2024-11-02 19:10:30
VH_05783,Tesla Model 3,87.3,53.1,40.086247,-117.211403,80.5,2024-11-08 09:33:59
VH_05784,Tesla Model 3,79.6,152.8,54.273324,-58.800148,94.5,2024-11-14 12:33:28
VH_05785,BMW X5,73.4,13.8,18.343877,-73.117894,80.6,2024-11-29 21:25:13
VH_05786,Mercedes EQS,63.2,69.3,-49.444813,179.653919,97.8,2024-11-14 16:42:49
VH_05787,Toyota Camry,115.9,79.4,87.870538,-87.970484,82.7,2024-11-19 15:21:47
VH_05788,Toyota Camry,67.5,73.7,35.632494,-39.657399,84.8,2024-11-22 08:53:16
VH_05789,Chevrolet Bolt,76.6,64.0,45.288783,158.288259,92.7,2024-11-15 06:49:14
VH_05790,Tesla Model 3,70.2,7.8,17.526916,-26.361597,99.1,2024-11-08 03:38:25
VH_05791,Toyota Camry,96.3,95.8,-22.420578,-97.411862,72.5,2024-11-20 07:53:22
VH_05792,Ford F-150,98.8,52.2,45.131755,4.167634,84.6,2024-11-11 18:46:56
VH_05793,Honda Civic,85.7,22.1,-21.586365,-56.439784,96.6,2024-11-28 11:36:56
VH_05794,Tesla Model 3,71.1,16.5,49.003064,50.105439,98.5,2024-11-16 10:26:13
VH_05795,Honda Civic,71.0,0.9,-27.487537,63.573071,77.8,2024-11-23 14:07:34
VH_05796,Honda Civic,107.3,126.7,-15.139336,17.301326,85.9,2024-11-25 20:12:11
VH_05797,Ford F-150,91.6,134.7,70.63437,174.973139,89.3,2024-11-11 21:27:01
VH_05798,Chevrolet Bolt,79.2,114.1,-9.300042,95.590095,83.5,2024-11-28 10:27:09
VH_05799,Toyota Camry,102.7,46.8,-27.1006,-74.718568,74.9,2024-11-29 04:48:21
VH_05800,BMW X5,63.5,138.4,-35.416911,-41.546799,75.0,2024-11-24 04:15:03
VH_05801,Tesla Model 3,90.9,105.3,-0.945697,61.881554,79.8,2024-11-22 23:55:39
VH_05802,Mercedes EQS,98.5,77.6,54.371097,153.50676,92.9,2024-11-12 06:57:45
VH_05803,Tesla Model 3,90.7,60.0,-88.973191,129.07167,98.9,2024-11-26 08:41:05
VH_05804,Chevrolet Bolt,115.5,107.2,-22.836148,-141.292707,98.6,2024-11-30 05:54:15
VH_05805,Honda Civic,100.8,154.1,54.62285,-31.417858,72.1,2024-11-28 07:34:30
VH_05806,Tesla Model 3,69.3,60.5,-51.054877,143.908209,70.6,2024-11-01 09:50:17
VH_05807,Mercedes EQS,103.7,112.1,52.557717,132.645974,89.2,2024-11-10 05:59:14
VH_05808,Tesla Model 3,108.1,100.7,-2.547287,-17.137328,81.0,2024-11-09 19:02:03
VH_05809,Tesla Model 3,103.1,67.7,-50.173323,47.234892,72.0,2024-11-16 03:13:52
VH_05810,Tesla Model 3,76.4,173.7,21.92007,-6.341477,91.3,2024-11-15 00:40:43
VH_05811,Toyota Camry,63.4,76.9,-30.94065,163.066013,81.6,2024-11-11 18:48:19
VH_05812,Ford F-150,103.8,139.2,4.375859,32.91055,71.2,2024-11-05 10:28:51
VH_05813,BMW X5,109.9,159.2,45.075763,161.858761,84.5,2024-11-23 07:49:41
VH_05814,Honda Civic,75.9,150.0,16.390727,18.680064,84.3,2024-11-12 08:46:44
VH_05815,Hyundai Ioniq,118.3,19.0,-15.093022,25.602433,74.3,2024-11-17 17:59:47
VH_05816,Mercedes EQS,89.4,74.5,-81.484299,-164.471584,99.1,2024-11-30 13:50:14
VH_05817,Mercedes EQS,108.9,84.7,-80.723383,33.985409,83.9,2024-11-04 01:23:15
VH_05818,Tesla Model 3,67.9,113.3,34.031036,-36.637992,92.3,2024-11-04 11:07:31
VH_05819,Hyundai Ioniq,82.7,0.6,73.873401,103.119581,94.3,2024-11-02 23:47:07
VH_05820,Tesla Model 3,,11.2,-86.277286,-177.778391,74.5,2024-11-07 19:39:24
VH_05821,Tesla Model 3,67.0,126.4,10.728529,-101.45612,99.4,2024-11-30 19:25:02
VH_05822,Ford F-150,65.7,134.1,-68.058959,167.935126,72.3,2024-11-27 12:12:02
VH_05823,Ford F-150,104.0,101.9,52.147183,81.461149,73.4,2024-11-19 13:05:47
VH_05824,Ford F-150,86.2,93.3,-4.166163,-156.680277,95.2,2024-11-06 08:01:24
VH_05825,BMW X5,78.3,14.7,54.590521,99.705107,82.8,2024-11-09 17:06:04
VH_05826,Mercedes EQS,104.6,65.3,12.135563,-87.375188,74.1,2024-11-29 15:29:08
VH_05827,Tesla Model 3,90.4,69.5,-12.125443,-127.492612,71.9,2024-11-24 12:41:43
VH_05828,Tesla Model 3,,140.9,56.293723,-88.853192,79.0,2024-11-29 21:18:08
VH_05829,BMW X5,79.6,175.0,37.099672,152.478156,74.7,2024-11-05 01:26:03
VH_05830,Hyundai Ioniq,99.8,142.7,74.868156,120.179081,77.9,2024-11-26 11:31:23
VH_05831,Honda Civic,101.7,170.6,21.183914,169.524443,70.1,2024-11-09 06:47:51
VH_05832,Tesla Model 3,118.1,117.2,-65.102691,-102.502966,98.9,2024-11-09 17:03:35
VH_05833,Ford F-150,99.6,113.3,-38.253127,-20.652458,98.3,2024-11-10 10:22:12
VH_05834,Ford F-150,69.3,72.1,34.236955,41.620089,89.1,2024-11-01 16:42:53
VH_05835,Mercedes EQS,106.7,74.8,-13.443929,83.533751,94.5,2024-11-14 14:18:38
VH_05836,Toyota Camry,113.1,32.0,44.200893,19.670202,85.0,2024-11-10 11:32:36
VH_05837,Hyundai Ioniq,62.6,150.1,-36.128858,-24.336473,70.9,2024-11-29 02:07:45
VH_05838,BMW X5,85.0,156.1,46.375823,-22.682296,87.0,2024-11-02 12:52:14
VH_05839,Chevrolet Bolt,116.8,127.6,62.819736,160.370051,79.4,2024-11-30 14:38:08
VH_05840,Tesla Model 3,114.4,114.7,-43.736674,77.317476,73.7,2024-11-21 03:32:30
VH_05841,Tesla Model 3,119.9,59.0,-43.7343,118.963249,79.6,2024-11-25 09:01:24
VH_05842,Tesla Model 3,104.0,163.7,-28.048964,-13.745842,98.4,2024-11-12 21:34:56
VH_05843,Toyota Camry,114.0,81.0,-27.976971,-88.320054,84.0,2024-11-29 06:05:40
VH_05844,Ford F-150,110.5,93.8,62.803623,97.111121,74.4,2024-11-09 10:10:10
VH_05845,Tesla Model 3,106.1,76.7,-32.32563,92.226402,86.0,2024-11-15 01:19:42
VH_05846,BMW X5,111.7,138.3,48.679923,-75.728856,82.9,2024-11-15 19:45:47
VH_05847,Hyundai Ioniq,76.5,10.5,70.601754,-169.175402,70.8,2024-11-05 20:39:15
VH_05848,Tesla Model 3,74.0,74.8,46.225081,141.294823,86.9,2024-11-18 10:23:09
VH_05849,Honda Civic,72.1,178.2,-59.003803,172.261543,74.1,2024-11-13 01:55:00
VH_05850,BMW X5,117.4,130.2,-50.694631,-40.46499,85.4,2024-11-08 20:38:25
VH_05851,Ford F-150,106.5,94.3,83.387979,95.464195,94.5,2024-11-24 12:13:19
VH_05852,Ford F-150,78.2,162.3,-63.223382,-178.092995,93.6,2024-11-11 17:34:41
VH_05853,Toyota Camry,96.9,0.1,-53.669791,111.41117,84.0,2024-11-20 06:12:41
VH_05854,Honda Civic,96.7,162.0,30.9583,-6.544386,70.2,2024-11-16 01:59:56
VH_05855,Ford F-150,66.9,14.2,44.765074,10.197936,89.1,2024-11-08 11:08:48
VH_05856,Honda Civic,81.2,109.7,-61.117558,-153.608286,80.7,2024-11-23 11:01:21
VH_05857,Tesla Model 3,115.2,60.8,13.834002,-156.88609,76.1,2024-11-30 03:12:59
VH_05858,Mercedes EQS,98.3,4.1,69.656974,115.29819,88.2,2024-11-07 15:44:28
VH_05859,Tesla Model 3,108.1,11.6,27.996612,37.295686,94.9,2024-11-04 00:22:32
VH_05860,Toyota Camry,94.7,47.7,-50.227227,-167.222806,83.8,2024-11-11 22:28:42
VH_05861,Tesla Model 3,60.8,67.5,-18.543616,-75.923802,83.4,2024-11-21 01:15:19
VH_05862,Hyundai Ioniq,93.2,150.2,4.705892,-42.246643,75.9,2024-11-09 00:11:37
VH_05863,Tesla Model 3,108.6,75.1,-49.261191,50.883619,72.6,2024-11-12 23:10:28
VH_05864,Toyota Camry,63.7,61.1,64.718337,1.058,95.6,2024-11-24 02:16:32
VH_05865,Tesla Model 3,76.6,47.9,85.817976,-113.058228,91.6,2024-11-15 04:01:00
VH_05866,Tesla Model 3,73.2,142.9,30.647306,108.288176,91.9,2024-11-06 10:30:34
VH_05867,Tesla Model 3,71.9,132.1,60.071185,82.012648,96.2,2024-11-04 01:40:56
VH_05868,Tesla Model 3,78.0,130.4,34.294847,81.453542,95.0,2024-11-16 01:55:09
VH_05869,Hyundai Ioniq,81.3,51.2,-4.576634,-91.394959,93.7,2024-11-15 05:09:25
VH_05870,Tesla Model 3,80.2,143.4,80.755995,-5.643932,94.7,2024-11-15 19:33:59
VH_05871,Tesla Model 3,96.4,164.2,10.053496,32.256598,75.4,2024-11-14 23:14:10
VH_05872,Honda Civic,101.5,4.7,27.221199,-79.356133,73.7,2024-11-01 10:58:46
VH_05873,Honda Civic,98.2,110.0,-68.678451,93.984375,95.1,2024-11-22 15:04:19
VH_05874,Ford F-150,108.0,66.9,11.856765,121.038313,70.9,2024-11-17 19:34:43
VH_05875,Chevrolet Bolt,97.2,68.4,78.032249,171.529154,82.9,2024-11-09 13:54:03
VH_05876,Tesla Model 3,72.9,102.0,54.217055,153.499882,91.9,2024-11-01 09:46:45
VH_05877,Toyota Camry,100.3,161.1,27.783758,85.763945,98.3,2024-11-29 21:02:46
VH_05878,Ford F-150,99.5,155.9,-23.538151,69.549578,83.6,2024-11-24 15:57:56
VH_05879,Hyundai Ioniq,73.1,31.6,-25.41654,-67.876173,85.9,2024-11-24 18:18:17
VH_05880,Toyota Camry,67.4,180.0,42.856136,-137.88986,83.3,2024-11-06 22:02:56
VH_05881,BMW X5,100.0,65.7,-54.699333,-128.855081,78.8,2024-11-28 08:04:20
VH_05882,Toyota Camry,67.5,15.6,-12.826763,-68.750823,76.6,2024-11-25 01:16:00
VH_05883,BMW X5,88.5,82.4,-77.680995,-63.483188,90.5,2024-11-30 13:02:04
VH_05884,Toyota Camry,113.8,120.4,32.554102,-149.823025,71.7,2024-11-17 23:33:49
VH_05885,BMW X5,76.7,161.4,49.700522,-117.322292,83.0,2024-11-24 11:47:43
VH_05886,BMW X5,85.5,50.5,31.196826,-107.243919,73.7,2024-11-05 00:03:23
VH_05887,Tesla Model 3,60.0,107.9,-64.584075,17.78081,89.8,2024-11-24 02:09:59
VH_05888,Tesla Model 3,69.2,125.0,-3.345803,-142.956276,76.7,2024-11-22 08:19:59
VH_05889,Tesla Model 3,62.8,106.2,65.037849,89.50701,80.6,2024-11-19 15:11:30
VH_05890,Chevrolet Bolt,95.6,123.1,25.497033,178.853865,86.4,2024-11-20 05:07:17
VH_05891,Toyota Camry,93.9,49.6,-75.830176,-77.171545,87.2,2024-11-10 23:22:45
VH_05892,Tesla Model 3,114.3,15.7,-21.326267,49.397977,86.3,2024-11-16 03:42:40
VH_05893,Honda Civic,70.2,134.7,-67.467245,6.443082,81.8,2024-11-01 11:23:49
VH_05894,Tesla Model 3,105.0,73.6,-59.439351,66.506881,92.2,2024-11-27 16:38:17
VH_05895,BMW X5,70.3,107.0,-73.985939,114.894819,82.0,2024-11-10 16:09:59
VH_05896,Tesla Model 3,63.7,79.2,56.129139,107.821698,85.5,2024-11-22 06:03:15
VH_05897,Chevrolet Bolt,100.2,92.0,32.690722,163.163887,79.2,2024-11-10 15:38:52
VH_05898,Toyota Camry,87.9,52.6,-29.353416,63.166684,96.9,2024-11-22 21:08:13
VH_05899,Toyota Camry,88.1,52.4,26.685499,-74.339362,82.6,2024-11-17 19:30:10
VH_05900,BMW X5,90.1,17.5,-45.992603,92.796563,96.6,2024-11-11 18:17:19
VH_05901,Honda Civic,117.1,43.6,-11.960685,-165.68716,83.7,2024-11-18 03:29:34
VH_05902,Honda Civic,90.3,68.4,67.456932,-16.842846,71.8,2024-11-17 08:07:08
VH_05903,Chevrolet Bolt,103.1,68.7,-13.183763,157.083553,87.3,2024-11-18 08:04:45
VH_05904,Honda Civic,,168.6,38.130558,-26.446578,98.5,2024-11-21 10:20:19
VH_05905,Mercedes EQS,84.6,62.3,62.529223,-104.693476,81.6,2024-11-13 08:40:39
VH_05906,Toyota Camry,111.9,116.7,-43.256631,-114.971099,78.2,2024-11-13 14:54:59
VH_05907,Toyota Camry,86.2,51.0,61.881778,-65.392997,93.6,2024-11-19 19:47:30
VH_05908,Tesla Model 3,60.3,12.1,28.815741,-124.06263,97.1,2024-11-24 16:52:30
VH_05909,Tesla Model 3,97.9,95.6,9.252043,33.270051,91.3,2024-11-29 05:45:33
VH_05910,Hyundai Ioniq,68.7,14.6,-72.883802,33.268931,94.2,2024-11-28 03:19:09
VH_05911,Tesla Model 3,66.3,109.9,-3.98254,37.415523,72.9,2024-11-17 03:21:28
VH_05912,Hyundai Ioniq,,152.6,81.917669,-12.471648,80.9,2024-11-21 10:28:51
VH_05913,Tesla Model 3,66.2,5.8,3.586247,76.605808,90.5,2024-11-16 12:08:09
VH_05914,Hyundai Ioniq,67.6,23.6,17.478278,-148.857197,73.9,2024-11-26 03:53:58
VH_05915,Honda Civic,70.1,19.3,53.279247,120.172833,96.2,2024-11-17 08:37:42
VH_05916,Chevrolet Bolt,64.8,170.7,-53.835149,-105.758267,95.4,2024-11-23 08:58:34
VH_05917,Ford F-150,94.2,20.8,-31.291914,76.749458,93.8,2024-11-24 17:37:17
VH_05918,Toyota Camry,85.6,32.8,54.27191,-56.632768,77.4,2024-11-24 21:03:04
VH_05919,Hyundai Ioniq,82.2,16.7,3.361575,-134.085712,83.1,2024-11-21 13:49:52
VH_05920,Tesla Model 3,80.3,69.0,17.304952,-15.925948,84.1,2024-11-17 00:08:49
VH_05921,Tesla Model 3,101.6,74.4,6.300791,132.641243,99.6,2024-11-10 11:27:01
VH_05922,Ford F-150,74.1,60.1,-56.190693,-78.029772,70.4,2024-11-23 23:32:21
VH_05923,Toyota Camry,95.6,152.2,83.016688,-21.247869,83.4,2024-11-15 08:36:03
VH_05924,Ford F-150,78.9,127.6,6.99224,-138.63587,95.4,2024-11-24 17:03:31
VH_05925,Chevrolet Bolt,118.8,118.7,-70.968194,-134.245546,79.9,2024-11-16 19:47:42
VH_05926,Tesla Model 3,116.4,172.5,-39.690828,-165.60507,93.4,2024-11-03 19:40:22
VH_05927,Chevrolet Bolt,63.9,11.9,-34.138361,59.521553,81.2,2024-11-27 11:30:32
VH_05928,Chevrolet Bolt,84.9,124.8,21.538654,151.112044,90.7,2024-11-11 15:19:11
VH_05929,Tesla Model 3,107.4,52.8,69.225428,-151.843451,79.2,2024-11-09 00:38:10
VH_05930,BMW X5,74.3,144.3,60.450828,151.971076,93.3,2024-11-13 01:59:41
VH_05931,Chevrolet Bolt,109.9,4.6,-23.644035,-14.858883,96.9,2024-11-30 15:43:24
VH_05932,Toyota Camry,118.6,111.7,-9.803637,121.994621,81.0,2024-11-08 14:55:05
VH_05933,Tesla Model 3,106.4,157.8,57.238848,47.438353,96.0,2024-11-30 11:04:17
VH_05934,Ford F-150,118.7,79.3,32.418067,-16.507277,79.3,2024-11-05 14:38:06
VH_05935,Honda Civic,104.1,178.5,10.562832,-106.929788,84.1,2024-11-06 22:08:40
VH_05936,Honda Civic,105.7,93.6,87.525171,-160.211016,70.4,2024-11-14 08:49:15
VH_05937,Toyota Camry,104.1,60.4,45.953471,-114.056377,92.1,2024-11-06 12:03:58
VH_05938,Ford F-150,89.1,123.7,75.767388,113.592743,97.5,2024-11-11 06:01:30
VH_05939,Honda Civic,60.6,71.5,-39.341206,-23.188779,80.8,2024-11-25 08:21:35
VH_05940,Ford F-150,88.5,142.3,-0.291405,146.146474,88.7,2024-11-26 12:46:46
VH_05941,BMW X5,119.3,62.9,0.102666,73.634434,84.7,2024-11-18 06:12:35
VH_05942,Tesla Model 3,94.9,15.4,-37.390884,35.565126,83.7,2024-11-30 04:56:00
VH_05943,Toyota Camry,85.0,116.5,20.184366,155.167692,87.7,2024-11-09 14:07:33
VH_05944,Honda Civic,98.3,102.8,-26.216894,-172.529593,95.8,2024-11-10 21:55:59
VH_05945,Toyota Camry,105.7,120.7,83.188659,-38.706426,95.7,2024-11-27 07:28:26
VH_05946,Hyundai Ioniq,119.0,102.8,-35.699357,-173.613507,76.9,2024-11-19 16:52:03
VH_05947,Toyota Camry,79.9,115.5,89.28694,136.163076,97.5,2024-11-13 16:42:04
VH_05948,Mercedes EQS,76.4,30.3,42.180055,179.169546,81.2,2024-11-05 14:54:07
VH_05949,Tesla Model 3,73.4,60.7,61.047931,-78.396218,81.2,2024-11-22 05:25:28
VH_05950,Toyota Camry,102.7,113.5,12.548793,130.637408,72.1,2024-11-02 11:16:26
VH_05951,Hyundai Ioniq,107.2,169.5,32.347947,-120.748738,91.6,2024-11-24 04:44:22
VH_05952,Toyota Camry,106.4,37.1,82.244273,15.38851,82.0,2024-11-07 23:09:48
VH_05953,Tesla Model 3,94.1,74.0,-22.185008,-139.12767,89.1,2024-11-10 12:32:36
VH_05954,Ford F-150,97.9,72.7,-77.715856,-78.932128,76.8,2024-11-06 20:23:03
VH_05955,BMW X5,71.8,119.7,2.179769,-111.179166,96.4,2024-11-28 02:40:02
VH_05956,Hyundai Ioniq,98.4,156.2,38.380139,-49.438398,99.4,2024-11-04 05:20:46
VH_05957,Honda Civic,119.1,9.1,3.564637,-60.562374,97.7,2024-11-16 03:17:16
VH_05958,Chevrolet Bolt,106.7,156.2,-39.659901,171.741537,83.5,2024-11-11 10:24:21
VH_05959,Tesla Model 3,75.1,159.2,53.679494,80.220669,76.5,2024-11-10 22:19:34
VH_05960,Toyota Camry,98.0,56.0,-37.376052,45.459901,73.7,2024-11-25 21:11:39
VH_05961,Ford F-150,88.9,148.7,-60.759156,-153.051487,84.4,2024-11-23 18:29:04
VH_05962,Tesla Model 3,115.6,146.6,40.892859,-74.042201,74.2,2024-11-30 14:21:01
VH_05963,BMW X5,62.1,18.7,-65.558528,141.242807,86.3,2024-11-07 11:24:01
VH_05964,Hyundai Ioniq,80.4,15.6,-3.57413,-58.649426,70.6,2024-11-24 19:17:01
VH_05965,Ford F-150,85.3,14.4,-64.121173,67.473943,89.9,2024-11-14 07:44:51
VH_05966,Chevrolet Bolt,109.0,112.0,-14.445736,51.794507,89.0,2024-11-05 11:15:46
VH_05967,Tesla Model 3,83.5,86.7,-40.256664,-5.675114,99.7,2024-11-16 08:38:56
VH_05968,Tesla Model 3,91.9,124.1,50.19622,-23.084936,95.1,2024-11-11 09:32:12
VH_05969,Chevrolet Bolt,82.3,135.1,-6.751829,63.393825,99.2,2024-11-06 23:16:47
VH_05970,Tesla Model 3,94.5,102.7,-54.905441,69.879448,96.2,2024-11-05 04:39:01
VH_05971,Hyundai Ioniq,103.3,86.1,29.854398,90.759095,84.7,2024-11-01 13:10:28
VH_05972,Toyota Camry,,30.8,-11.060266,130.250938,93.2,2024-11-14 10:19:06
VH_05973,Tesla Model 3,71.0,91.0,62.587309,161.639456,70.0,2024-11-01 12:22:58
VH_05974,Tesla Model 3,92.7,90.1,45.848601,-28.784003,93.5,2024-11-14 22:11:41
VH_05975,Honda Civic,117.1,150.0,-34.646985,34.848925,89.8,2024-11-27 05:44:45
VH_05976,BMW X5,98.7,148.3,-35.274965,54.4058,84.6,2024-11-14 04:36:07
VH_05977,BMW X5,71.6,32.1,-52.286347,29.270741,75.0,2024-11-27 20:11:04
VH_05978,Toyota Camry,84.2,84.7,26.671021,-105.474084,81.0,2024-11-24 20:11:42
VH_05979,BMW X5,107.2,51.7,-2.859934,69.714525,81.6,2024-11-16 17:50:01
VH_05980,Tesla Model 3,94.8,46.9,81.597084,-76.366969,70.5,2024-11-25 12:40:55
VH_05981,Tesla Model 3,67.7,31.2,86.123621,-46.568969,77.8,2024-11-07 16:55:32
VH_05982,Ford F-150,83.6,135.4,34.598588,-45.557246,92.8,2024-11-28 18:25:21
VH_05983,Tesla Model 3,114.4,66.6,43.040312,51.947282,77.0,2024-11-14 21:45:43
VH_05984,Tesla Model 3,69.0,172.3,-14.060299,-127.624103,89.7,2024-11-24 20:25:12
VH_05985,Tesla Model 3,60.1,176.4,-62.600247,64.929011,85.1,2024-11-24 08:44:17
VH_05986,Tesla Model 3,63.7,26.0,-33.097433,98.110962,91.5,2024-11-21 19:19:33
VH_05987,Ford F-150,97.7,117.9,-46.928018,37.081164,81.7,2024-11-24 05:18:10
VH_05988,Honda Civic,99.5,136.2,52.005268,-99.41692,93.9,2024-11-10 20:35:22
VH_05989,Hyundai Ioniq,71.7,35.3,-9.700606,-25.354188,85.4,2024-11-27 18:46:38
VH_05990,BMW X5,83.9,104.6,5.277744,-55.62076,73.7,2024-11-22 17:16:21
VH_05991,Ford F-150,112.2,78.1,6.933938,147.978201,81.4,2024-11-09 18:20:30
VH_05992,Tesla Model 3,75.0,6.7,55.488399,48.592748,95.0,2024-11-30 21:20:12
VH_05993,Ford F-150,92.6,88.3,41.895859,-50.432712,73.4,2024-11-30 07:16:59
VH_05994,BMW X5,82.6,93.0,76.244813,34.858284,70.9,2024-11-10 13:29:14
VH_05995,Ford F-150,115.7,31.8,73.56625,100.794973,91.7,2024-11-03 19:00:29
VH_05996,Ford F-150,87.8,179.6,-62.233039,58.559805,83.0,2024-11-26 22:51:40
VH_05997,Toyota Camry,63.4,72.7,-7.756576,173.135442,94.2,2024-11-27 03:09:40
VH_05998,Chevrolet Bolt,117.7,120.7,-48.794322,36.63141,72.3,2024-11-04 06:46:18
VH_05999,Honda Civic,62.7,117.4,-11.187416,146.656595,85.0,2024-11-28 20:56:37
VH_06000,Mercedes EQS,73.7,5.9,-51.204124,-5.073245,71.3,2024-11-21 14:32:20
VH_06001,Chevrolet Bolt,75.4,69.8,-80.040193,-95.261552,74.5,2024-11-27 23:54:30
VH_06002,Mercedes EQS,89.9,70.1,-70.43822,13.156552,93.4,2024-11-06 09:21:35
VH_06003,Honda Civic,109.4,135.8,-75.408844,-129.156814,79.0,2024-11-20 10:17:08
VH_06004,Hyundai Ioniq,81.9,85.1,-42.406439,-34.935934,76.1,2024-11-27 17:38:59
VH_06005,Mercedes EQS,105.9,145.4,28.89365,8.422853,71.0,2024-11-23 13:51:04
VH_06006,Tesla Model 3,115.7,127.2,61.828327,2.923939,91.4,2024-11-18 05:29:56
VH_06007,Hyundai Ioniq,112.4,1.5,14.209633,112.246058,97.4,2024-11-21 19:30:45
VH_06008,Tesla Model 3,101.2,126.0,-61.011623,71.018026,78.0,2024-11-16 04:41:17
VH_06009,Toyota Camry,115.8,11.7,-41.889001,-169.666767,85.1,2024-11-23 16:17:16
VH_06010,Chevrolet Bolt,80.7,109.3,-22.552678,-98.755149,78.6,2024-11-16 14:41:00
VH_06011,Ford F-150,82.9,52.9,11.760433,-143.881036,71.8,2024-11-25 05:55:24
VH_06012,Tesla Model 3,94.4,114.5,-7.825574,-126.180416,74.2,2024-11-21 20:08:50
VH_06013,Tesla Model 3,114.4,131.5,-74.776758,176.405409,98.0,2024-11-12 12:03:29
VH_06014,BMW X5,60.6,89.4,-65.553975,99.059578,92.3,2024-11-24 02:52:33
VH_06015,Tesla Model 3,108.3,177.1,20.06995,95.034434,90.8,2024-11-28 07:56:42
VH_06016,Tesla Model 3,92.3,7.0,-32.547136,-89.228196,77.2,2024-11-27 21:33:38
VH_06017,Hyundai Ioniq,95.7,1.8,77.516151,5.659809,96.2,2024-11-08 12:31:22
VH_06018,Chevrolet Bolt,113.1,89.6,67.023805,-160.321134,82.1,2024-11-30 23:45:49
VH_06019,Chevrolet Bolt,117.1,65.9,69.231755,-55.299125,87.1,2024-11-29 10:03:56
VH_06020,Mercedes EQS,69.4,25.9,-43.494799,-65.225277,98.3,2024-11-17 10:38:08
VH_06021,Tesla Model 3,70.9,17.3,43.752093,12.989944,88.5,2024-11-14 13:48:15
VH_06022,BMW X5,71.4,144.3,12.925845,-45.496802,72.6,2024-11-22 17:02:58
VH_06023,Toyota Camry,96.0,37.5,-80.676862,18.587558,79.5,2024-11-29 08:10:30
VH_06024,Ford F-150,114.7,86.7,-27.139195,57.347125,92.9,2024-11-30 00:24:51
VH_06025,Honda Civic,63.9,151.1,58.00001,-104.879441,97.1,2024-11-04 02:13:07
VH_06026,Tesla Model 3,91.1,87.2,-82.613497,110.491609,89.4,2024-11-04 02:23:11
VH_06027,Tesla Model 3,71.4,4.5,-22.364009,106.13428,76.9,2024-11-26 17:55:21
VH_06028,Honda Civic,76.5,23.8,-10.655038,179.704833,85.6,2024-11-30 05:57:35
VH_06029,Tesla Model 3,113.3,71.4,0.956471,166.237907,77.0,2024-11-10 01:58:47
VH_06030,Hyundai Ioniq,63.4,26.0,0.442521,-162.959467,81.5,2024-11-03 12:48:08
VH_06031,BMW X5,71.4,19.2,-72.729489,54.940268,71.6,2024-11-27 12:29:18
VH_06032,Tesla Model 3,119.9,102.1,-31.329191,40.773606,86.5,2024-11-27 14:23:00
VH_06033,BMW X5,76.3,2.8,67.300071,15.700807,98.2,2024-11-21 18:30:13
VH_06034,Tesla Model 3,78.5,12.5,48.738487,145.609948,89.2,2024-11-03 11:56:10
VH_06035,Chevrolet Bolt,82.4,91.9,-34.91043,-10.106968,80.1,2024-11-19 11:23:16
VH_06036,Chevrolet Bolt,61.6,141.5,40.816661,120.126197,81.8,2024-11-01 07:53:55
VH_06037,Ford F-150,120.0,49.0,-19.559323,-141.096333,70.3,2024-11-05 17:27:59
VH_06038,BMW X5,113.4,140.4,50.155767,-100.378985,80.0,2024-11-21 05:53:53
VH_06039,Toyota Camry,82.5,67.7,60.540018,124.718468,94.9,2024-11-02 09:53:48
VH_06040,Toyota Camry,97.1,150.2,63.462813,51.811146,90.9,2024-11-21 18:53:16
VH_06041,Hyundai Ioniq,92.3,103.4,58.694396,-8.533146,91.0,2024-11-13 01:41:53
VH_06042,Hyundai Ioniq,115.6,55.5,-42.020567,-13.799107,96.3,2024-11-29 19:33:53
VH_06043,Chevrolet Bolt,71.4,156.5,-75.123167,104.666702,93.3,2024-11-19 19:35:30
VH_06044,Honda Civic,61.1,22.5,-65.144605,-27.868578,93.5,2024-11-25 03:09:06
VH_06045,Chevrolet Bolt,105.9,156.5,-56.287463,63.207472,76.8,2024-11-04 21:58:31
VH_06046,Tesla Model 3,108.8,104.6,-66.461488,53.292557,92.9,2024-11-07 11:43:23
VH_06047,Hyundai Ioniq,87.0,178.6,77.724877,-140.735883,76.6,2024-11-13 02:29:19
VH_06048,Ford F-150,,163.1,6.703448,-144.814042,77.9,2024-11-08 21:18:13
VH_06049,Mercedes EQS,92.0,138.3,-87.648695,-68.87207,76.5,2024-11-10 12:27:28
VH_06050,Ford F-150,70.8,79.7,23.953322,109.123816,82.5,2024-11-20 14:00:30
VH_06051,Honda Civic,114.4,70.7,46.874208,-167.733932,89.8,2024-11-17 04:44:41
VH_06052,Chevrolet Bolt,62.4,8.9,-25.144763,20.219373,89.7,2024-11-11 10:44:59
VH_06053,Chevrolet Bolt,79.7,149.8,65.728511,-160.87077,72.8,2024-11-16 05:48:08
VH_06054,Honda Civic,101.1,177.7,44.340365,169.940419,83.6,2024-11-06 04:07:21
VH_06055,Honda Civic,63.0,86.6,21.779081,147.897125,94.0,2024-11-06 04:13:45
VH_06056,Chevrolet Bolt,112.8,176.4,66.838378,-138.794756,90.1,2024-11-06 12:59:42
VH_06057,Tesla Model 3,76.3,73.1,69.948899,56.813955,80.2,2024-11-06 08:46:01
VH_06058,Chevrolet Bolt,62.1,156.2,-16.79887,-49.160945,95.3,2024-11-20 04:50:13
VH_06059,BMW X5,92.2,65.2,64.201001,-67.06713,80.0,2024-11-20 08:55:15
VH_06060,Ford F-150,115.9,89.3,-11.959278,37.616578,96.7,2024-11-30 02:29:57
VH_06061,Toyota Camry,99.8,49.6,76.095521,107.11053,77.0,2024-11-28 05:39:58
VH_06062,Ford F-150,85.7,33.2,-12.772651,-83.023975,95.4,2024-11-30 19:14:56
VH_06063,Mercedes EQS,91.6,70.6,-33.830405,139.138456,86.5,2024-11-12 08:16:36
VH_06064,Honda Civic,102.7,96.7,-79.235148,-45.342181,76.2,2024-11-05 05:00:56
VH_06065,Hyundai Ioniq,64.9,35.9,31.960155,-109.089141,82.9,2024-11-06 07:18:53
VH_06066,Ford F-150,113.8,29.5,1.216017,-9.064324,78.9,2024-11-23 03:33:31
VH_06067,Hyundai Ioniq,94.7,34.5,-59.25406,-116.743981,93.1,2024-11-06 08:26:34
VH_06068,BMW X5,82.8,109.8,84.967629,-33.366263,74.8,2024-11-09 06:15:01
VH_06069,Tesla Model 3,92.8,119.9,4.080251,161.173062,94.4,2024-11-10 13:33:18
VH_06070,Tesla Model 3,98.1,135.2,35.319192,65.08975,79.1,2024-11-26 14:50:32
VH_06071,Toyota Camry,86.8,5.0,-8.707708,39.628854,74.5,2024-11-21 09:11:05
VH_06072,Chevrolet Bolt,89.2,73.3,-10.928128,32.317377,94.3,2024-11-03 16:44:38
VH_06073,Tesla Model 3,90.4,43.7,-37.949529,-126.240366,73.7,2024-11-25 13:34:40
VH_06074,Tesla Model 3,79.0,60.1,-75.972958,143.24455,89.9,2024-11-15 01:10:01
VH_06075,Tesla Model 3,115.3,92.5,-12.2417,-67.940471,77.5,2024-11-04 05:40:45
VH_06076,Chevrolet Bolt,110.7,15.7,-8.744783,140.670586,89.5,2024-11-19 11:28:15
VH_06077,BMW X5,114.6,54.8,-31.423466,179.758993,84.8,2024-11-17 23:15:03
VH_06078,Toyota Camry,61.2,147.4,-21.389418,-145.574101,83.1,2024-11-06 07:11:57
VH_06079,Honda Civic,116.7,178.9,-26.873432,-9.347509,75.6,2024-11-21 15:41:45
VH_06080,BMW X5,91.1,1.3,21.436577,-107.421405,72.2,2024-11-24 20:31:10
VH_06081,Mercedes EQS,60.9,1.0,-69.970357,-45.238066,89.3,2024-11-15 12:28:05
VH_06082,BMW X5,66.1,104.9,-72.245161,29.671323,90.7,2024-11-18 10:25:51
VH_06083,Toyota Camry,106.5,97.7,64.345781,-41.882271,71.1,2024-11-23 16:05:36
VH_06084,Mercedes EQS,83.6,130.8,62.082699,6.285583,86.1,2024-11-12 17:04:09
VH_06085,Toyota Camry,91.1,12.3,58.999795,-68.06378,74.2,2024-11-23 17:43:32
VH_06086,BMW X5,118.7,117.4,-85.824536,34.025041,70.9,2024-11-01 20:22:20
VH_06087,Tesla Model 3,103.4,69.3,-44.866599,-178.845665,70.7,2024-11-01 07:59:11
VH_06088,Chevrolet Bolt,60.2,64.4,40.270309,62.666481,88.4,2024-11-25 20:05:15
VH_06089,Toyota Camry,90.8,41.5,-80.503313,-116.153913,89.1,2024-11-19 07:57:12
VH_06090,Hyundai Ioniq,119.7,145.4,-7.743889,-120.122057,93.5,2024-11-11 18:37:43
VH_06091,Chevrolet Bolt,96.8,58.3,-42.890429,-105.285252,97.5,2024-11-19 17:32:05
VH_06092,BMW X5,79.9,8.7,-6.42115,-51.610266,79.8,2024-11-07 20:05:51
VH_06093,Hyundai Ioniq,105.5,118.2,-24.110604,32.293899,71.6,2024-11-17 16:45:46
VH_06094,Tesla Model 3,117.7,101.4,69.952702,96.792287,95.3,2024-11-05 16:29:19
VH_06095,Toyota Camry,99.5,145.7,15.733018,-73.447849,82.6,2024-11-19 10:33:04
VH_06096,Chevrolet Bolt,102.9,109.8,21.987488,-14.979018,84.0,2024-11-01 12:53:55
VH_06097,Tesla Model 3,65.4,117.9,-46.375961,150.070501,81.6,2024-11-05 10:10:17
VH_06098,Tesla Model 3,96.5,153.8,36.216643,-23.68457,82.6,2024-11-03 09:32:03
VH_06099,Chevrolet Bolt,118.7,28.2,-25.072936,-76.127564,94.8,2024-11-21 18:40:36
VH_06100,Tesla Model 3,84.8,97.2,26.267091,57.199465,75.0,2024-11-26 06:35:58
VH_06101,Tesla Model 3,81.6,83.2,74.377551,-112.454382,89.4,2024-11-16 11:53:10
VH_06102,Ford F-150,78.0,157.7,11.212626,-119.799347,79.8,2024-11-24 10:15:17
VH_06103,Ford F-150,89.2,31.7,-41.259093,-19.727973,80.7,2024-11-18 18:40:28
VH_06104,Tesla Model 3,69.7,152.3,55.851135,62.349402,88.5,2024-11-17 04:07:26
VH_06105,Honda Civic,72.1,33.9,-1.718499,-27.567977,93.2,2024-11-03 19:50:24
VH_06106,Ford F-150,104.1,14.1,-67.028354,-154.300886,76.7,2024-11-26 00:59:31
VH_06107,Honda Civic,107.2,115.4,32.450999,-85.78052,72.2,2024-11-14 22:39:46
VH_06108,Toyota Camry,72.9,142.7,-38.065951,99.184339,79.9,2024-11-23 01:01:40
VH_06109,Chevrolet Bolt,90.4,128.2,-48.407979,-27.018316,85.6,2024-11-10 17:14:46
VH_06110,Hyundai Ioniq,67.6,27.1,66.166909,-102.553127,88.7,2024-11-10 08:02:14
VH_06111,Chevrolet Bolt,101.4,167.8,-28.867855,167.210128,80.6,2024-11-24 19:06:33
VH_06112,Tesla Model 3,119.1,142.2,-14.404175,125.941349,98.2,2024-11-21 23:57:40
VH_06113,Chevrolet Bolt,103.4,115.3,55.654144,84.551833,74.5,2024-11-13 09:58:36
VH_06114,BMW X5,117.7,85.6,-32.239755,140.926805,70.5,2024-11-03 06:05:17
VH_06115,Tesla Model 3,64.6,144.1,57.465498,-121.55945,96.7,2024-11-07 18:58:22
VH_06116,Mercedes EQS,80.3,65.4,-57.804023,129.659477,82.5,2024-11-25 20:33:06
VH_06117,Tesla Model 3,71.5,100.0,74.020009,-144.46021,99.3,2024-11-08 23:23:35
VH_06118,BMW X5,73.8,24.0,43.887638,88.751223,73.4,2024-11-13 19:40:40
VH_06119,Tesla Model 3,114.5,19.2,26.28037,-83.998082,73.7,2024-11-30 23:52:09
VH_06120,Tesla Model 3,92.6,79.3,9.080807,111.528126,93.0,2024-11-04 19:24:06
VH_06121,BMW X5,98.3,137.1,-71.924608,-115.699914,86.1,2024-11-10 00:56:31
VH_06122,Mercedes EQS,70.5,123.5,-55.768684,-52.080796,78.1,2024-11-30 15:40:04
VH_06123,Toyota Camry,72.5,129.1,58.040771,22.546898,75.6,2024-11-02 16:53:29
VH_06124,Toyota Camry,111.2,80.0,12.162983,-90.957006,76.0,2024-11-27 14:41:29
VH_06125,Tesla Model 3,77.6,60.9,-8.267323,175.68108,86.8,2024-11-23 18:46:14
VH_06126,Mercedes EQS,106.7,113.4,-88.812558,-114.42558,76.5,2024-11-21 20:24:26
VH_06127,Hyundai Ioniq,119.2,105.0,-87.382256,40.304851,88.5,2024-11-22 01:10:11
VH_06128,Tesla Model 3,118.7,107.9,-22.846097,-6.586983,86.8,2024-11-25 01:14:00
VH_06129,BMW X5,119.5,102.5,19.206561,-101.76307,85.7,2024-11-06 06:06:11
VH_06130,Tesla Model 3,119.9,22.2,71.035639,24.535285,86.9,2024-11-23 08:04:56
VH_06131,Ford F-150,67.1,42.2,28.699033,35.504977,89.9,2024-11-02 18:04:45
VH_06132,BMW X5,65.5,60.6,-1.000809,148.611482,85.6,2024-11-20 05:54:05
VH_06133,Hyundai Ioniq,113.9,165.8,-52.06636,-106.428109,75.0,2024-11-23 23:41:00
VH_06134,Chevrolet Bolt,90.3,146.7,18.816476,-32.975703,83.0,2024-11-22 00:12:01
VH_06135,Honda Civic,116.1,66.4,7.08073,88.582963,76.4,2024-11-05 07:34:07
VH_06136,Hyundai Ioniq,114.8,10.7,30.823994,-34.163167,95.9,2024-11-05 02:08:04
VH_06137,Chevrolet Bolt,96.9,151.6,-52.785871,40.9102,82.1,2024-11-18 15:41:49
VH_06138,Toyota Camry,77.4,36.2,-86.722966,-52.68003,84.9,2024-11-03 04:38:52
VH_06139,Tesla Model 3,100.8,179.7,49.057166,-14.058403,87.2,2024-11-03 00:20:27
VH_06140,Tesla Model 3,97.8,178.1,47.398544,17.281991,88.3,2024-11-30 12:15:30
VH_06141,Ford F-150,79.9,93.9,-53.314182,144.583367,75.7,2024-11-13 16:57:14
VH_06142,Honda Civic,106.1,30.1,-71.74425,-55.578043,96.1,2024-11-27 14:42:48
VH_06143,Chevrolet Bolt,85.5,115.7,47.028167,92.373821,96.9,2024-11-06 05:13:50
VH_06144,Hyundai Ioniq,100.9,8.6,13.364419,132.756388,91.9,2024-11-29 09:16:53
VH_06145,Chevrolet Bolt,67.4,173.5,44.127942,-74.948296,80.7,2024-11-03 21:25:12
VH_06146,Mercedes EQS,60.9,14.3,-46.415484,-84.153826,88.9,2024-11-08 20:12:59
VH_06147,Tesla Model 3,101.3,163.6,51.047672,-88.323115,96.7,2024-11-09 08:06:50
VH_06148,Mercedes EQS,78.2,24.4,34.576134,68.153955,91.0,2024-11-09 15:44:28
VH_06149,Mercedes EQS,72.7,167.1,-18.389386,125.010019,73.8,2024-11-02 06:29:14
VH_06150,Toyota Camry,65.0,51.0,23.238543,-130.236576,90.2,2024-11-28 17:29:37
VH_06151,BMW X5,109.4,144.9,-17.970438,54.483503,92.5,2024-11-10 00:24:28
VH_06152,BMW X5,108.8,179.2,0.560536,-116.305926,87.1,2024-11-27 14:33:51
VH_06153,Tesla Model 3,66.1,27.4,51.002005,96.920406,81.7,2024-11-13 14:31:34
VH_06154,Toyota Camry,106.8,96.6,18.979777,-4.241884,74.8,2024-11-30 12:20:54
VH_06155,Ford F-150,88.1,127.1,19.331117,62.668264,80.7,2024-11-05 22:16:27
VH_06156,Tesla Model 3,101.2,112.1,-76.535788,-57.032377,76.4,2024-11-06 16:39:44
VH_06157,Toyota Camry,68.1,152.2,71.15602,-93.872162,88.0,2024-11-01 01:59:07
VH_06158,Toyota Camry,63.1,161.7,-47.579476,94.803545,97.6,2024-11-27 17:11:36
VH_06159,BMW X5,106.1,35.7,-74.445006,-130.191395,90.5,2024-11-16 16:42:27
VH_06160,BMW X5,73.6,1.3,76.492659,-112.91001,98.5,2024-11-28 22:22:14
VH_06161,BMW X5,84.9,80.1,-44.743767,144.411016,75.7,2024-11-12 10:49:59
VH_06162,Tesla Model 3,66.0,16.5,-15.378543,-98.351118,78.7,2024-11-27 04:25:43
VH_06163,Tesla Model 3,101.5,28.4,-15.794526,-24.351244,72.6,2024-11-15 16:35:35
VH_06164,Tesla Model 3,61.1,158.5,20.680926,178.851084,89.3,2024-11-16 02:33:10
VH_06165,Ford F-150,67.0,13.7,57.772853,50.613534,75.9,2024-11-19 09:45:25
VH_06166,BMW X5,65.3,72.2,-14.631495,146.502266,75.9,2024-11-05 01:14:56
VH_06167,Tesla Model 3,78.1,30.4,2.706814,50.008374,76.4,2024-11-16 18:48:29
VH_06168,Tesla Model 3,109.8,92.1,-32.220966,-112.691982,91.5,2024-11-22 16:37:22
VH_06169,Tesla Model 3,94.1,128.2,17.296034,-33.721278,99.2,2024-11-23 03:22:00
VH_06170,Tesla Model 3,74.4,115.4,-27.625351,-137.057381,88.2,2024-11-01 00:08:37
VH_06171,Toyota Camry,83.3,1.2,-12.020915,-148.199585,75.9,2024-11-04 16:53:32
VH_06172,Toyota Camry,62.5,55.5,86.392668,1.093151,70.3,2024-11-22 23:15:14
VH_06173,Toyota Camry,60.9,72.0,-64.486944,48.381992,98.8,2024-11-14 01:48:25
VH_06174,Honda Civic,75.2,155.8,31.637063,-134.867028,98.5,2024-11-20 06:22:56
VH_06175,Honda Civic,115.7,168.2,-59.916289,155.722259,91.9,2024-11-10 02:27:01
VH_06176,Chevrolet Bolt,84.4,170.4,33.158186,158.811411,76.1,2024-11-24 14:45:11
VH_06177,Chevrolet Bolt,98.9,138.2,20.016391,-23.940144,89.8,2024-11-19 22:13:51
VH_06178,Tesla Model 3,111.3,33.5,17.254502,-32.998365,75.8,2024-11-05 07:41:17
VH_06179,Tesla Model 3,72.4,23.9,20.708835,21.939294,94.1,2024-11-27 16:58:09
VH_06180,Tesla Model 3,108.7,149.4,-89.789967,50.753327,82.5,2024-11-24 11:50:34
VH_06181,Mercedes EQS,94.0,12.7,64.21067,-78.078218,72.8,2024-11-27 05:13:30
VH_06182,Honda Civic,78.5,82.7,-13.955457,-135.65407,82.5,2024-11-03 00:29:11
VH_06183,Toyota Camry,92.7,105.0,-31.269536,68.777518,81.9,2024-11-21 07:51:25
VH_06184,Chevrolet Bolt,71.0,28.4,0.311113,23.871315,91.3,2024-11-04 11:27:23
VH_06185,Chevrolet Bolt,65.1,1.9,74.448146,-42.28697,90.2,2024-11-18 21:27:42
VH_06186,Ford F-150,97.2,34.2,41.709241,163.146208,83.6,2024-11-30 01:59:44
VH_06187,Tesla Model 3,92.8,60.3,69.302682,-27.518366,70.4,2024-11-03 15:54:02
VH_06188,Toyota Camry,112.7,40.1,42.466266,164.054902,92.1,2024-11-04 10:56:39
VH_06189,Honda Civic,63.0,84.4,-85.587025,123.472498,74.2,2024-11-12 09:02:40
VH_06190,Tesla Model 3,97.5,172.7,24.91779,119.663315,91.1,2024-11-05 17:26:20
VH_06191,BMW X5,68.4,112.7,86.679276,-167.330603,74.6,2024-11-10 13:31:24
VH_06192,Hyundai Ioniq,72.3,66.9,9.620839,-99.868318,87.3,2024-11-30 23:11:30
VH_06193,Mercedes EQS,64.1,125.8,82.315272,45.531026,99.8,2024-11-29 06:44:08
VH_06194,Tesla Model 3,104.5,165.5,-46.143673,116.534269,83.7,2024-11-08 15:18:26
VH_06195,BMW X5,119.5,70.2,-11.229964,12.041251,74.7,2024-11-20 00:07:53
VH_06196,Mercedes EQS,,99.2,-37.251083,-133.114832,93.1,2024-11-20 19:28:23
VH_06197,Toyota Camry,78.3,123.5,53.324456,-44.351028,83.8,2024-11-10 14:37:58
VH_06198,Honda Civic,84.2,147.6,-21.217662,-156.748975,90.3,2024-11-28 01:03:23
VH_06199,Toyota Camry,108.6,110.6,-67.794978,2.065909,83.2,2024-11-03 10:40:19
VH_06200,Ford F-150,95.4,14.2,-52.472484,93.312523,85.5,2024-11-12 12:50:34
VH_06201,Tesla Model 3,73.1,21.5,-37.876231,-149.699064,91.2,2024-11-06 15:22:17
VH_06202,Hyundai Ioniq,64.5,172.8,-11.157476,-32.324067,96.8,2024-11-02 00:38:05
VH_06203,BMW X5,119.7,179.8,45.547514,-79.35677,98.8,2024-11-03 13:30:48
VH_06204,Tesla Model 3,77.0,152.4,-59.254465,-145.145464,95.2,2024-11-09 01:30:39
VH_06205,Honda Civic,113.2,173.7,-64.424974,7.230008,99.3,2024-11-13 19:14:06
VH_06206,Hyundai Ioniq,66.7,141.1,-74.435479,-44.004604,76.4,2024-11-20 19:54:14
VH_06207,Tesla Model 3,76.4,10.5,43.375883,96.009949,99.5,2024-11-06 13:35:16
VH_06208,Ford F-150,99.3,77.0,-66.111325,2.13704,75.9,2024-11-01 16:15:00
VH_06209,Toyota Camry,104.2,86.9,29.651578,-152.47515,77.3,2024-11-20 22:45:37
VH_06210,Tesla Model 3,70.5,153.5,-29.771556,-83.609382,91.6,2024-11-07 05:51:45
VH_06211,Ford F-150,112.6,96.1,4.749612,-149.878777,82.9,2024-11-16 06:47:34
VH_06212,Chevrolet Bolt,64.4,143.8,-15.953841,103.454185,78.3,2024-11-22 01:19:44
VH_06213,Tesla Model 3,90.0,145.1,-70.849877,-111.576432,90.5,2024-11-03 20:23:27
VH_06214,Toyota Camry,66.0,10.6,-58.003767,37.418735,73.0,2024-11-17 10:18:15
VH_06215,BMW X5,111.5,154.3,65.170295,66.651709,95.2,2024-11-27 17:51:39
VH_06216,Mercedes EQS,64.9,21.7,80.027994,-146.249873,81.5,2024-11-07 09:22:32
VH_06217,Toyota Camry,104.7,45.0,-29.187423,102.754863,99.2,2024-11-25 17:27:40
VH_06218,Chevrolet Bolt,95.5,17.5,-41.277038,-162.684781,73.4,2024-11-07 19:47:21
VH_06219,Honda Civic,80.2,41.0,-75.315526,-1.735655,81.5,2024-11-03 09:09:52
VH_06220,Tesla Model 3,65.7,101.0,-57.586882,10.323541,89.0,2024-11-27 23:46:50
VH_06221,Honda Civic,88.1,138.9,52.264293,164.998057,86.4,2024-11-30 21:19:28
VH_06222,Mercedes EQS,117.3,41.3,-0.243499,143.337581,92.4,2024-11-17 21:32:55
VH_06223,BMW X5,60.8,147.2,43.567547,-88.014716,77.0,2024-11-01 01:57:03
VH_06224,Honda Civic,93.3,33.3,3.08814,158.973464,76.5,2024-11-04 19:36:27
VH_06225,Chevrolet Bolt,110.3,31.1,23.232492,128.072005,94.9,2024-11-15 14:33:55
VH_06226,Ford F-150,61.3,136.8,-34.355889,24.150735,86.0,2024-11-29 13:53:10
VH_06227,Tesla Model 3,107.8,101.3,-50.20831,28.670939,95.1,2024-11-01 18:17:30
VH_06228,Tesla Model 3,115.8,106.3,-14.437111,79.235675,88.3,2024-11-12 23:28:36
VH_06229,Toyota Camry,60.4,46.5,21.322095,-147.855837,72.6,2024-11-03 03:00:41
VH_06230,BMW X5,86.6,70.0,-19.7655,-8.384996,81.6,2024-11-06 03:48:43
VH_06231,Hyundai Ioniq,103.4,100.1,-41.82606,-31.045429,93.9,2024-11-27 03:21:38
VH_06232,Tesla Model 3,68.1,115.4,-84.427781,35.753174,84.7,2024-11-26 18:34:45
VH_06233,Hyundai Ioniq,91.4,150.0,-77.245661,-141.98578,81.7,2024-11-20 02:06:23
VH_06234,BMW X5,73.6,50.5,71.420862,-159.929085,81.1,2024-11-07 21:39:24
VH_06235,Honda Civic,78.5,136.1,-59.196665,104.717094,93.4,2024-11-20 21:35:48
VH_06236,Tesla Model 3,99.0,72.7,-85.391706,169.914488,72.2,2024-11-01 08:51:54
VH_06237,Ford F-150,118.1,105.2,75.854827,162.767797,84.3,2024-11-08 15:34:58
VH_06238,Hyundai Ioniq,64.1,112.3,-78.743551,-159.878377,94.1,2024-11-21 13:23:16
VH_06239,Toyota Camry,91.6,67.7,57.195009,-131.697111,90.9,2024-11-18 14:56:47
VH_06240,Toyota Camry,94.6,151.6,2.447518,-89.931304,91.6,2024-11-03 11:25:13
VH_06241,BMW X5,78.3,7.1,65.598265,-48.173073,83.7,2024-11-08 17:10:18
VH_06242,Ford F-150,79.1,173.1,-20.862258,146.463618,78.3,2024-11-21 19:06:25
VH_06243,Chevrolet Bolt,83.4,82.4,-29.669203,98.301318,98.3,2024-11-05 00:52:04
VH_06244,Tesla Model 3,68.4,168.7,-86.769181,8.031348,89.7,2024-11-17 09:19:45
VH_06245,Ford F-150,106.1,34.5,-23.900029,-27.805601,88.9,2024-11-10 00:25:51
VH_06246,Tesla Model 3,113.1,32.8,39.858798,-57.933778,80.4,2024-11-21 10:32:07
VH_06247,Tesla Model 3,61.7,128.2,62.406588,135.76667,75.6,2024-11-30 11:40:16
VH_06248,Toyota Camry,90.8,46.5,-81.5093,5.659808,72.0,2024-11-21 22:17:05
VH_06249,Tesla Model 3,100.2,114.4,43.277145,-111.175864,70.3,2024-11-13 06:36:50
VH_06250,Toyota Camry,117.2,29.0,18.524949,59.558775,84.9,2024-11-19 03:19:45
VH_06251,BMW X5,109.6,22.3,34.187979,-156.762809,77.2,2024-11-29 07:10:24
VH_06252,Tesla Model 3,109.6,1.7,-87.535713,-177.351265,77.4,2024-11-21 09:45:55
VH_06253,BMW X5,78.6,132.4,70.818989,24.209065,95.0,2024-11-06 03:32:26
VH_06254,Toyota Camry,62.5,61.0,-30.090892,-179.854305,95.0,2024-11-22 20:24:33
VH_06255,Tesla Model 3,62.2,133.1,54.156199,-163.280542,79.7,2024-11-03 17:36:06
VH_06256,Toyota Camry,115.0,132.4,11.453043,-82.355709,75.8,2024-11-30 08:27:02
VH_06257,Tesla Model 3,106.7,137.3,73.870926,5.881124,75.8,2024-11-26 07:48:22
VH_06258,Toyota Camry,76.0,135.8,-56.21655,-132.090561,87.6,2024-11-21 03:06:53
VH_06259,Honda Civic,102.0,70.0,-9.886341,168.024466,96.6,2024-11-23 02:35:54
VH_06260,Ford F-150,87.5,33.3,-16.011306,152.257367,87.1,2024-11-15 12:32:13
VH_06261,Tesla Model 3,107.3,124.0,22.100969,-51.29441,78.2,2024-11-27 05:26:34
VH_06262,BMW X5,87.7,97.2,41.201391,61.78143,77.9,2024-11-07 17:04:58
VH_06263,Tesla Model 3,109.9,143.1,45.40383,-9.96714,80.8,2024-11-26 21:14:53
VH_06264,Honda Civic,88.3,167.8,-82.630613,-25.215591,78.0,2024-11-26 22:28:30
VH_06265,Ford F-150,104.6,143.7,44.255826,79.654122,86.1,2024-11-19 17:05:09
VH_06266,Honda Civic,117.7,128.8,65.510002,-143.487962,96.6,2024-11-06 11:32:07
VH_06267,Toyota Camry,72.1,83.0,-11.117176,-79.783169,91.5,2024-11-15 12:08:02
VH_06268,Ford F-150,61.3,43.3,60.535283,113.600209,93.7,2024-11-16 00:46:32
VH_06269,Chevrolet Bolt,119.1,134.5,8.249156,95.136089,72.3,2024-11-16 01:56:50
VH_06270,Hyundai Ioniq,,70.3,-33.847207,11.861451,90.6,2024-11-10 12:22:45
VH_06271,Toyota Camry,110.4,166.9,-56.706579,-32.201959,74.9,2024-11-12 00:44:51
VH_06272,BMW X5,90.1,102.7,-46.458268,-65.337703,78.9,2024-11-20 06:16:05
VH_06273,Toyota Camry,77.0,162.5,83.555484,-115.689941,71.9,2024-11-03 00:55:40
VH_06274,BMW X5,95.6,53.3,18.235825,22.365735,73.1,2024-11-23 08:31:00
VH_06275,Toyota Camry,99.9,10.3,72.470914,23.859062,70.1,2024-11-04 16:31:55
VH_06276,Tesla Model 3,103.3,110.0,76.974615,47.944531,93.8,2024-11-25 07:39:36
VH_06277,Toyota Camry,109.4,160.4,-18.576866,-29.026168,84.0,2024-11-29 23:11:53
VH_06278,Honda Civic,67.1,135.4,-51.230473,122.386315,82.1,2024-11-08 21:53:46
VH_06279,Honda Civic,101.6,23.9,-79.784528,178.385376,88.8,2024-11-02 15:13:44
VH_06280,Honda Civic,61.6,81.7,74.760478,32.520207,91.1,2024-11-19 03:17:59
VH_06281,Ford F-150,108.2,137.7,-36.393073,-153.468408,82.8,2024-11-19 13:20:15
VH_06282,Tesla Model 3,62.5,163.4,40.872506,142.552135,84.9,2024-11-22 01:25:08
VH_06283,Tesla Model 3,113.1,156.7,-86.086374,-139.099187,79.6,2024-11-28 14:03:03
VH_06284,Chevrolet Bolt,115.3,38.2,36.09513,-64.647883,83.8,2024-11-06 16:55:50
VH_06285,Toyota Camry,98.5,127.6,36.433615,-169.60615,98.3,2024-11-23 03:44:19
VH_06286,Chevrolet Bolt,100.3,39.0,70.387154,-79.475469,99.4,2024-11-10 09:12:30
VH_06287,Toyota Camry,68.4,116.6,70.410173,-6.614076,81.0,2024-11-24 20:40:39
VH_06288,Mercedes EQS,115.4,168.4,-20.165814,16.304702,76.1,2024-11-10 00:58:54
VH_06289,Tesla Model 3,118.1,52.8,-39.074678,-29.314646,99.3,2024-11-30 08:05:15
VH_06290,Hyundai Ioniq,93.0,6.3,-2.392081,-50.759286,96.0,2024-11-14 20:57:08
VH_06291,Tesla Model 3,80.7,61.0,44.967114,17.692026,81.8,2024-11-15 12:42:29
VH_06292,Tesla Model 3,106.5,104.7,-40.133169,-18.561019,77.3,2024-11-19 17:37:41
VH_06293,Ford F-150,67.6,117.5,30.317031,162.964251,72.7,2024-11-17 18:58:12
VH_06294,Honda Civic,100.0,88.3,69.276536,-62.554505,72.6,2024-11-23 16:00:07
VH_06295,Tesla Model 3,83.6,46.7,22.871801,-81.453655,86.8,2024-11-24 05:25:43
VH_06296,Tesla Model 3,86.5,80.1,-16.634118,-109.138367,83.4,2024-11-04 18:07:03
VH_06297,Chevrolet Bolt,119.9,34.8,4.297321,-22.016607,93.3,2024-11-09 16:36:52
VH_06298,Honda Civic,112.4,170.8,84.35391,134.958749,90.0,2024-11-25 12:58:09
VH_06299,Ford F-150,100.2,78.9,38.621758,-78.218931,97.6,2024-11-01 10:40:31
VH_06300,Hyundai Ioniq,102.2,119.6,61.443017,-10.560491,99.0,2024-11-20 14:02:29
VH_06301,Tesla Model 3,109.4,72.9,-42.864006,-33.492773,72.8,2024-11-20 15:30:01
VH_06302,Hyundai Ioniq,106.3,62.3,-74.539369,-157.075073,96.8,2024-11-12 07:58:46
VH_06303,Toyota Camry,67.5,110.8,25.494608,-5.657933,71.4,2024-11-21 21:10:59
VH_06304,Honda Civic,85.6,141.8,75.730669,-88.752715,95.1,2024-11-03 13:49:33
VH_06305,Hyundai Ioniq,66.1,2.5,47.92556,-54.022751,77.1,2024-11-21 03:15:24
VH_06306,BMW X5,66.4,161.5,33.789096,-46.946893,96.0,2024-11-09 22:20:55
VH_06307,Tesla Model 3,64.7,24.1,89.080356,164.449794,81.2,2024-11-08 11:37:41
VH_06308,Hyundai Ioniq,116.1,108.2,39.287228,22.044736,99.0,2024-11-10 11:57:21
VH_06309,BMW X5,66.9,97.7,-64.876726,158.647451,75.4,2024-11-23 11:34:47
VH_06310,Mercedes EQS,65.0,117.5,0.08757,-158.448976,72.5,2024-11-14 11:55:08
VH_06311,Ford F-150,63.1,129.6,85.582585,-88.554425,99.2,2024-11-16 07:03:12
VH_06312,Tesla Model 3,80.0,80.4,-2.540031,-75.559317,89.4,2024-11-08 06:23:19
VH_06313,Ford F-150,73.7,109.2,-56.117677,177.93002,91.2,2024-11-04 05:14:03
VH_06314,Ford F-150,109.4,43.4,-19.75914,112.237245,99.8,2024-11-26 02:58:00
VH_06315,Honda Civic,95.3,115.4,4.386973,-39.584693,85.5,2024-11-25 03:20:19
VH_06316,Tesla Model 3,94.7,140.7,70.659648,3.771018,92.7,2024-11-21 17:28:52
VH_06317,Tesla Model 3,66.4,116.6,-6.076817,45.046488,77.8,2024-11-15 12:11:38
VH_06318,Mercedes EQS,96.6,49.8,11.513583,171.881821,91.8,2024-11-30 05:15:41
VH_06319,Tesla Model 3,84.0,146.4,13.260477,-11.746443,76.0,2024-11-03 15:40:47
VH_06320,BMW X5,68.8,152.0,-37.617353,79.379474,79.9,2024-11-26 19:43:44
VH_06321,Chevrolet Bolt,95.4,89.9,87.471588,-83.551273,79.0,2024-11-12 18:33:04
VH_06322,Tesla Model 3,103.7,123.2,53.404382,67.439503,71.3,2024-11-09 09:16:34
VH_06323,Honda Civic,95.2,123.4,58.897924,32.000863,72.8,2024-11-04 21:11:07
VH_06324,Tesla Model 3,62.3,172.4,-76.682298,56.09691,99.6,2024-11-25 15:38:27
VH_06325,Honda Civic,72.6,91.7,-84.23124,-75.364055,73.2,2024-11-19 19:42:38
VH_06326,BMW X5,69.9,41.4,-88.586865,95.903616,95.8,2024-11-22 22:38:40
VH_06327,BMW X5,82.3,110.6,45.162569,-105.968863,74.8,2024-11-21 22:02:54
VH_06328,BMW X5,74.5,136.8,-6.427047,88.90593,77.2,2024-11-21 16:30:24
VH_06329,BMW X5,75.4,95.7,-14.001878,178.754582,76.6,2024-11-04 00:04:40
VH_06330,Tesla Model 3,119.4,25.3,87.188467,16.113188,89.9,2024-11-18 04:25:13
VH_06331,Tesla Model 3,74.6,128.7,82.539894,-6.802374,71.7,2024-11-18 06:12:59
VH_06332,Honda Civic,92.3,13.9,-13.891102,87.708901,92.9,2024-11-30 05:58:48
VH_06333,Ford F-150,85.2,26.7,-41.141641,-146.457268,74.1,2024-11-04 21:07:28
VH_06334,Ford F-150,117.2,65.8,0.253554,40.840104,75.9,2024-11-30 22:33:55
VH_06335,Toyota Camry,72.4,85.9,-68.492252,-140.015586,97.7,2024-11-17 00:18:02
VH_06336,Mercedes EQS,99.8,81.1,-79.471099,-0.641236,88.6,2024-11-10 01:14:27
VH_06337,Tesla Model 3,78.0,161.6,57.261149,-71.840097,94.8,2024-11-23 18:18:14
VH_06338,Tesla Model 3,96.1,78.9,-71.441364,122.273624,81.2,2024-11-21 03:45:41
VH_06339,Chevrolet Bolt,110.0,38.0,31.279637,-133.013719,74.7,2024-11-15 08:29:06
VH_06340,Chevrolet Bolt,103.5,77.3,-48.450072,160.462216,99.0,2024-11-26 15:32:19
VH_06341,Honda Civic,90.8,127.6,55.341946,108.113815,70.4,2024-11-17 19:20:50
VH_06342,Tesla Model 3,80.7,128.2,-65.656574,-111.454444,75.6,2024-11-23 23:43:07
VH_06343,Tesla Model 3,110.3,88.4,-77.229853,-124.338934,79.2,2024-11-06 08:40:32
VH_06344,Chevrolet Bolt,70.4,99.0,-11.004531,-121.545817,95.6,2024-11-27 13:42:39
VH_06345,Honda Civic,75.0,175.7,78.078869,140.706117,91.4,2024-11-15 22:20:18
VH_06346,Honda Civic,89.6,68.2,22.498158,-67.357302,91.3,2024-11-01 03:04:38
VH_06347,Honda Civic,101.0,21.1,57.900472,58.690565,94.5,2024-11-11 17:03:07
VH_06348,Hyundai Ioniq,119.7,43.1,-15.471447,-111.993672,80.0,2024-11-02 07:00:51
VH_06349,Toyota Camry,113.4,155.2,68.88073,175.617586,84.1,2024-11-03 03:26:30
VH_06350,Tesla Model 3,62.4,157.0,-57.819358,175.731645,80.8,2024-11-07 08:55:31
VH_06351,Ford F-150,62.6,105.6,13.655047,-50.630393,99.6,2024-11-03 09:26:09
VH_06352,Ford F-150,91.7,52.5,-21.064979,125.744586,73.5,2024-11-01 18:04:07
VH_06353,Chevrolet Bolt,77.2,155.4,-57.35675,111.185397,94.7,2024-11-28 10:34:33
VH_06354,Mercedes EQS,66.0,21.9,-2.323946,24.382195,93.7,2024-11-21 07:50:15
VH_06355,Hyundai Ioniq,104.2,92.7,23.325625,0.957131,83.9,2024-11-21 20:31:49
VH_06356,Tesla Model 3,71.0,170.7,-54.56631,-27.101788,77.2,2024-11-17 21:53:54
VH_06357,Hyundai Ioniq,101.3,161.9,-28.751246,-38.18859,99.0,2024-11-10 16:08:07
VH_06358,Hyundai Ioniq,87.8,150.4,-79.056046,68.689985,90.2,2024-11-08 11:59:08
VH_06359,BMW X5,76.5,15.8,84.699936,-26.112537,94.4,2024-11-16 05:47:43
VH_06360,Honda Civic,78.0,96.6,-21.798591,-37.242111,89.1,2024-11-13 08:19:44
VH_06361,Toyota Camry,111.4,21.6,-60.15172,1.809867,70.3,2024-11-01 05:52:49
VH_06362,Honda Civic,110.1,150.6,-70.246775,93.615089,98.9,2024-11-13 18:31:29
VH_06363,Toyota Camry,90.6,88.0,-72.428239,92.853381,77.2,2024-11-09 15:43:30
VH_06364,Tesla Model 3,70.8,58.5,40.236449,58.688811,86.3,2024-11-11 19:50:03
VH_06365,Honda Civic,85.6,138.7,-60.401808,82.913848,96.1,2024-11-11 03:35:32
VH_06366,Honda Civic,76.1,8.0,-28.383874,-137.300967,84.8,2024-11-18 22:00:25
VH_06367,BMW X5,120.0,179.8,-11.323802,-164.772017,89.5,2024-11-02 17:38:22
VH_06368,Mercedes EQS,,63.3,-74.46848,175.371272,85.9,2024-11-19 12:08:46
VH_06369,Ford F-150,103.9,89.9,45.388296,44.333665,88.8,2024-11-11 00:08:23
VH_06370,Ford F-150,90.5,104.0,-38.669029,-133.777936,99.1,2024-11-19 21:06:53
VH_06371,Toyota Camry,113.7,15.5,-32.394304,71.754223,89.0,2024-11-26 12:28:59
VH_06372,Toyota Camry,61.1,86.6,-0.310281,-58.152034,79.9,2024-11-11 06:59:10
VH_06373,Ford F-150,115.7,40.2,40.426348,-131.10749,75.8,2024-11-03 15:10:15
VH_06374,Tesla Model 3,92.3,49.4,-20.130744,155.816865,79.6,2024-11-06 02:48:10
VH_06375,BMW X5,97.9,15.8,1.179616,77.367552,97.2,2024-11-15 11:35:10
VH_06376,Ford F-150,92.9,55.6,20.904911,-122.097757,82.1,2024-11-14 14:01:04
VH_06377,BMW X5,87.2,11.8,65.124019,165.331525,98.8,2024-11-13 02:48:33
VH_06378,Hyundai Ioniq,112.2,119.0,-77.980241,-27.995255,75.8,2024-11-03 03:31:20
VH_06379,Tesla Model 3,107.4,148.7,-2.449743,-113.816507,87.3,2024-11-04 20:03:28
VH_06380,Hyundai Ioniq,92.0,158.1,-60.294884,53.288518,84.0,2024-11-21 07:28:19
VH_06381,Tesla Model 3,115.5,107.6,36.651981,89.82648,83.0,2024-11-02 01:40:22
VH_06382,BMW X5,90.3,110.9,-20.12251,39.861014,80.8,2024-11-20 13:26:43
VH_06383,Hyundai Ioniq,66.0,147.6,64.755118,-112.726474,87.3,2024-11-05 05:18:29
VH_06384,Ford F-150,119.2,56.4,-12.460974,-101.025356,86.9,2024-11-12 12:39:06
VH_06385,Honda Civic,89.6,40.2,-54.324207,-44.128247,73.4,2024-11-13 17:04:45
VH_06386,BMW X5,118.9,24.2,23.305291,-33.09748,87.4,2024-11-26 01:11:36
VH_06387,Chevrolet Bolt,67.2,85.5,26.421716,16.369555,76.5,2024-11-16 09:31:03
VH_06388,Honda Civic,107.9,172.7,78.532387,60.30128,75.1,2024-11-02 09:22:47
VH_06389,Toyota Camry,109.6,102.2,46.807713,59.171146,80.1,2024-11-17 15:46:17
VH_06390,Chevrolet Bolt,74.4,2.0,53.956727,-54.110288,71.8,2024-11-27 18:52:25
VH_06391,Hyundai Ioniq,82.1,112.8,81.716195,-88.574283,78.7,2024-11-05 16:51:36
VH_06392,Ford F-150,111.7,91.3,-27.362223,-96.296726,99.4,2024-11-27 12:31:21
VH_06393,Honda Civic,65.1,109.4,45.723644,-112.88746,91.7,2024-11-08 22:35:23
VH_06394,Ford F-150,110.7,145.8,-10.352383,102.023853,78.7,2024-11-25 02:41:53
VH_06395,Tesla Model 3,101.1,145.8,-65.21661,164.633685,72.4,2024-11-28 00:51:06
VH_06396,BMW X5,99.7,15.5,85.356298,-17.309559,72.8,2024-11-01 07:53:01
VH_06397,Toyota Camry,62.6,9.6,74.952934,133.82025,83.1,2024-11-25 04:20:07
VH_06398,Chevrolet Bolt,87.3,179.0,-71.012787,45.586354,72.0,2024-11-14 04:53:48
VH_06399,Tesla Model 3,60.3,142.6,-84.911339,-174.46976,94.8,2024-11-12 01:14:41
VH_06400,Tesla Model 3,110.0,123.7,-59.667839,-137.724276,94.7,2024-11-29 13:57:53
VH_06401,Hyundai Ioniq,,164.8,-75.655954,81.590783,96.9,2024-11-28 16:56:07
VH_06402,Tesla Model 3,81.3,114.5,65.592961,136.743927,87.4,2024-11-23 15:00:43
VH_06403,Tesla Model 3,116.3,48.0,-45.035149,-18.615931,82.6,2024-11-15 00:42:15
VH_06404,Ford F-150,64.5,131.7,43.496765,151.169572,82.8,2024-11-28 20:04:14
VH_06405,Mercedes EQS,82.4,123.9,8.160627,118.281628,76.2,2024-11-20 06:44:24
VH_06406,Tesla Model 3,97.3,79.8,-2.270341,-163.981344,99.9,2024-11-29 16:02:31
VH_06407,Honda Civic,90.9,133.6,33.773081,37.172596,90.9,2024-11-30 13:30:12
VH_06408,Toyota Camry,111.9,141.9,-49.899534,7.981774,73.9,2024-11-19 05:55:29
VH_06409,Hyundai Ioniq,67.3,84.6,24.310176,100.369287,81.4,2024-11-04 10:07:00
VH_06410,Tesla Model 3,84.2,123.0,14.448805,-41.387371,95.4,2024-11-28 12:03:14
VH_06411,Honda Civic,103.7,176.1,66.472661,62.660485,90.3,2024-11-25 09:17:51
VH_06412,BMW X5,85.5,141.3,-26.084251,151.282615,93.7,2024-11-27 04:00:44
VH_06413,Toyota Camry,82.3,107.5,-10.38311,163.259259,88.0,2024-11-23 12:34:27
VH_06414,Toyota Camry,88.9,124.5,52.612679,45.597174,70.5,2024-11-23 10:41:58
VH_06415,Ford F-150,103.9,74.1,-66.040643,56.036168,77.4,2024-11-24 01:22:06
VH_06416,Toyota Camry,114.1,101.9,-39.771847,98.038149,90.7,2024-11-09 12:43:11
VH_06417,Tesla Model 3,93.7,72.8,-29.190382,-161.208998,77.4,2024-11-27 10:31:59
VH_06418,Toyota Camry,82.1,151.2,-89.456288,87.634307,80.8,2024-11-04 22:47:17
VH_06419,BMW X5,119.7,169.0,-65.646293,-90.523883,70.1,2024-11-17 03:07:21
VH_06420,Tesla Model 3,86.3,100.9,-59.858325,46.300382,85.8,2024-11-01 17:32:27
VH_06421,Ford F-150,119.0,139.6,79.637333,31.832134,94.5,2024-11-17 04:45:06
VH_06422,Tesla Model 3,112.2,90.0,21.329462,-101.522821,85.4,2024-11-27 02:12:33
VH_06423,Chevrolet Bolt,108.9,5.7,17.721769,29.560115,72.1,2024-11-30 04:28:00
VH_06424,Chevrolet Bolt,60.6,22.9,33.297931,53.722244,80.4,2024-11-14 16:35:45
VH_06425,Mercedes EQS,78.4,112.4,11.332899,-2.856968,96.8,2024-11-23 01:05:57
VH_06426,Mercedes EQS,,98.3,70.144228,14.844197,81.9,2024-11-07 00:31:25
VH_06427,Tesla Model 3,86.4,138.8,-37.233804,10.235201,79.5,2024-11-29 10:26:25
VH_06428,Toyota Camry,75.4,76.0,59.467052,170.626014,95.8,2024-11-30 22:50:39
VH_06429,BMW X5,85.1,25.4,35.268166,69.879982,81.8,2024-11-23 02:17:34
VH_06430,BMW X5,60.7,109.2,-60.488496,59.302433,71.7,2024-11-12 23:18:02
VH_06431,BMW X5,66.1,157.4,-18.335863,-18.424348,71.9,2024-11-04 17:16:20
VH_06432,Tesla Model 3,67.1,20.0,-41.802576,-59.899728,88.3,2024-11-30 01:23:51
VH_06433,Honda Civic,113.4,85.7,-75.868205,5.657784,88.2,2024-11-02 02:02:28
VH_06434,Tesla Model 3,64.7,18.8,9.945845,53.225108,71.0,2024-11-02 16:42:58
VH_06435,Toyota Camry,78.7,19.6,76.225636,-147.642524,77.1,2024-11-05 08:44:17
VH_06436,Hyundai Ioniq,88.9,127.2,74.03204,-79.622774,95.1,2024-11-17 18:28:45
VH_06437,Mercedes EQS,79.7,145.2,-57.007774,-90.963356,76.2,2024-11-17 12:26:15
VH_06438,Ford F-150,64.5,142.9,45.908454,88.559116,72.6,2024-11-20 22:27:26
VH_06439,Ford F-150,61.4,35.4,-54.034374,4.511179,91.4,2024-11-25 16:59:41
VH_06440,Ford F-150,61.1,80.4,-36.979379,-104.834753,75.4,2024-11-16 09:25:01
VH_06441,Tesla Model 3,60.1,176.9,-74.226285,-48.27878,81.9,2024-11-23 09:08:23
VH_06442,Hyundai Ioniq,,70.7,-11.671047,-26.27893,94.2,2024-11-24 07:06:19
VH_06443,Honda Civic,97.5,148.0,-52.566397,-156.777688,93.9,2024-11-08 06:25:03
VH_06444,Tesla Model 3,111.4,98.6,-12.023899,97.516428,71.9,2024-11-16 08:34:17
VH_06445,BMW X5,115.0,102.7,30.35752,-109.319445,80.5,2024-11-04 16:25:32
VH_06446,Mercedes EQS,76.6,170.6,-21.84887,-104.881127,74.6,2024-11-13 12:00:16
VH_06447,Tesla Model 3,84.2,17.7,72.762331,-127.878523,83.7,2024-11-03 09:16:54
VH_06448,Ford F-150,97.1,104.9,65.812366,-25.465507,98.6,2024-11-14 14:32:00
VH_06449,Chevrolet Bolt,74.1,93.0,46.142006,76.077198,92.0,2024-11-28 05:30:49
VH_06450,Mercedes EQS,108.1,116.5,-24.772995,154.734786,72.9,2024-11-19 14:27:03
VH_06451,Ford F-150,74.3,121.7,79.580817,57.173488,94.5,2024-11-19 23:35:13
VH_06452,Mercedes EQS,95.0,39.6,66.813438,-25.741459,84.7,2024-11-06 19:29:15
VH_06453,Chevrolet Bolt,101.7,164.0,-59.610234,-74.491856,87.2,2024-11-06 05:59:38
VH_06454,Tesla Model 3,106.2,163.8,-51.855973,138.168343,82.8,2024-11-12 14:26:27
VH_06455,Hyundai Ioniq,66.8,38.1,76.255055,56.031965,75.1,2024-11-18 16:09:14
VH_06456,Tesla Model 3,89.6,16.1,-8.973894,-135.955659,91.5,2024-11-22 04:48:25
VH_06457,Tesla Model 3,,111.6,-74.631438,-9.95457,88.4,2024-11-08 05:59:27
VH_06458,Chevrolet Bolt,116.8,126.6,11.700086,-90.394074,76.3,2024-11-11 00:18:30
VH_06459,BMW X5,82.4,63.4,-59.837637,91.580501,95.7,2024-11-07 15:56:59
VH_06460,Toyota Camry,118.9,125.7,24.062451,97.712229,91.6,2024-11-02 08:40:19
VH_06461,Toyota Camry,66.2,142.8,29.722948,-147.579285,95.0,2024-11-27 17:30:31
VH_06462,BMW X5,100.0,96.9,-76.046393,54.189702,78.7,2024-11-19 17:54:56
VH_06463,Honda Civic,108.8,17.4,-54.973617,-133.13814,84.6,2024-11-11 06:55:14
VH_06464,Ford F-150,111.2,51.3,65.986104,165.849993,96.7,2024-11-22 07:42:55
VH_06465,Tesla Model 3,68.5,129.0,-50.813499,-129.940678,74.1,2024-11-08 16:55:08
VH_06466,Honda Civic,72.0,177.3,10.11838,-102.65818,85.4,2024-11-04 19:34:21
VH_06467,Hyundai Ioniq,75.1,52.8,89.857618,156.191134,93.3,2024-11-27 06:53:31
VH_06468,Chevrolet Bolt,80.8,1.3,-43.530437,-78.108135,72.7,2024-11-21 14:17:49
VH_06469,Chevrolet Bolt,76.4,14.0,-28.046766,31.039444,90.0,2024-11-02 15:10:53
VH_06470,Chevrolet Bolt,79.3,136.0,-50.95313,28.449596,89.0,2024-11-14 00:20:29
VH_06471,Toyota Camry,76.1,96.8,-48.251219,81.67274,73.6,2024-11-29 12:10:12
VH_06472,Honda Civic,115.1,135.6,27.376559,37.322478,84.5,2024-11-13 19:23:32
VH_06473,Ford F-150,103.0,141.2,43.900028,60.769805,70.8,2024-11-21 18:34:54
VH_06474,Toyota Camry,80.8,128.4,-71.364358,-25.631938,75.2,2024-11-02 06:36:55
VH_06475,Mercedes EQS,99.6,80.7,87.998372,-86.742598,96.0,2024-11-27 14:24:00
VH_06476,Honda Civic,69.9,93.2,15.203811,-133.446364,73.5,2024-11-09 08:16:29
VH_06477,Ford F-150,112.3,123.3,32.109282,-177.90981,92.5,2024-11-27 16:15:59
VH_06478,Tesla Model 3,63.1,176.7,63.960013,3.137383,70.6,2024-11-24 00:10:13
VH_06479,BMW X5,111.2,106.9,2.595435,-114.318084,99.9,2024-11-29 04:03:58
VH_06480,Toyota Camry,81.4,112.7,-89.295867,73.224386,87.8,2024-11-08 00:00:00
VH_06481,Toyota Camry,80.7,46.7,11.682426,-103.831374,91.9,2024-11-24 18:46:14
VH_06482,Tesla Model 3,94.9,105.7,82.677824,-175.956089,79.5,2024-11-02 02:30:20
VH_06483,BMW X5,,121.1,-59.791504,-7.490469,86.8,2024-11-07 14:40:30
VH_06484,Mercedes EQS,110.3,103.0,52.139682,118.169523,97.0,2024-11-13 00:30:51
VH_06485,Tesla Model 3,96.7,145.7,30.142606,154.211296,75.1,2024-11-02 15:33:07
VH_06486,Ford F-150,110.4,53.9,9.170966,128.044304,84.0,2024-11-02 13:24:35
VH_06487,Mercedes EQS,,86.6,6.147633,-3.341182,93.6,2024-11-03 09:20:56
VH_06488,Tesla Model 3,92.5,26.7,-21.379207,2.250399,96.7,2024-11-28 06:49:34
VH_06489,Tesla Model 3,82.2,103.7,81.973798,-162.005482,79.8,2024-11-18 09:16:04
VH_06490,BMW X5,71.2,116.3,1.840602,149.898661,98.9,2024-11-02 01:05:28
VH_06491,Chevrolet Bolt,95.0,129.4,84.006799,-75.688386,78.4,2024-11-06 07:41:02
VH_06492,Tesla Model 3,86.5,67.2,14.887334,-157.51992,82.2,2024-11-25 07:29:52
VH_06493,Honda Civic,74.9,22.6,-28.09539,62.336959,89.9,2024-11-02 00:55:18
VH_06494,Hyundai Ioniq,68.8,108.4,-13.306806,-79.457665,90.7,2024-11-14 01:29:34
VH_06495,Toyota Camry,101.9,177.4,77.625575,67.576535,86.2,2024-11-21 16:46:42
VH_06496,Tesla Model 3,64.5,56.2,79.118375,56.579584,75.5,2024-11-28 12:35:05
VH_06497,BMW X5,113.8,121.2,76.161995,34.171449,96.9,2024-11-24 12:57:10
VH_06498,Toyota Camry,94.9,79.1,66.516898,-1.194388,71.3,2024-11-05 06:52:47
VH_06499,Toyota Camry,65.0,116.0,44.022679,-163.04935,81.0,2024-11-11 15:05:28
VH_06500,Mercedes EQS,73.4,62.9,-63.261621,45.18567,84.1,2024-11-10 19:20:29
VH_06501,Tesla Model 3,117.5,135.6,-74.401742,-64.607805,98.9,2024-11-27 08:58:58
VH_06502,Honda Civic,86.0,44.6,77.276771,174.033253,89.5,2024-11-11 17:46:18
VH_06503,Tesla Model 3,63.4,19.8,-28.287087,-127.520615,97.0,2024-11-06 15:01:03
VH_06504,Mercedes EQS,114.0,93.9,0.040455,110.119047,88.4,2024-11-30 00:01:58
VH_06505,Tesla Model 3,66.9,26.6,37.793702,-62.91297,87.4,2024-11-06 17:00:18
VH_06506,Tesla Model 3,74.0,117.8,-13.851494,17.538109,78.4,2024-11-05 06:45:06
VH_06507,Toyota Camry,87.0,47.5,88.41897,88.009364,91.0,2024-11-28 12:23:42
VH_06508,Tesla Model 3,113.4,148.6,-89.13599,-32.450753,86.7,2024-11-09 19:04:32
VH_06509,Honda Civic,76.3,28.6,-27.480204,-84.416942,97.6,2024-11-16 06:06:49
VH_06510,Toyota Camry,90.8,112.6,0.196719,51.023886,84.6,2024-11-17 00:52:19
VH_06511,Tesla Model 3,63.9,81.0,-69.697881,-77.400474,77.2,2024-11-29 02:42:41
VH_06512,Toyota Camry,107.4,160.7,71.680953,-82.901388,88.1,2024-11-13 10:55:16
VH_06513,Hyundai Ioniq,95.7,5.2,89.171152,42.12659,71.5,2024-11-03 06:23:29
VH_06514,Chevrolet Bolt,64.2,172.1,-15.048152,-62.686131,88.4,2024-11-05 12:48:11
VH_06515,Tesla Model 3,102.1,33.9,84.866047,142.255666,72.6,2024-11-23 20:19:59
VH_06516,Toyota Camry,105.5,70.1,-20.735931,-173.804929,97.5,2024-11-12 12:53:13
VH_06517,Honda Civic,86.8,0.5,11.506693,26.871101,70.8,2024-11-21 21:43:35
VH_06518,Ford F-150,91.0,10.8,-9.465121,-159.340887,73.1,2024-11-19 05:53:35
VH_06519,Tesla Model 3,61.1,144.8,-31.313145,-121.601865,95.2,2024-11-27 05:30:16
VH_06520,Chevrolet Bolt,72.9,89.8,14.259468,-52.608009,80.7,2024-11-26 20:58:13
VH_06521,BMW X5,71.3,94.5,66.188292,83.091822,81.6,2024-11-17 03:07:00
VH_06522,Tesla Model 3,93.9,44.2,75.35954,163.965182,73.2,2024-11-08 04:09:47
VH_06523,Hyundai Ioniq,84.6,98.7,41.774404,-177.398827,88.8,2024-11-28 02:01:34
VH_06524,Tesla Model 3,119.6,126.9,30.892329,-116.698856,72.4,2024-11-23 13:00:29
VH_06525,Tesla Model 3,108.9,4.1,22.948135,9.086933,83.9,2024-11-21 13:47:15
VH_06526,Tesla Model 3,117.9,31.1,-29.624991,11.190886,73.4,2024-11-06 15:32:03
VH_06527,Mercedes EQS,86.4,75.4,68.885343,126.46369,86.4,2024-11-22 20:06:24
VH_06528,Tesla Model 3,111.6,56.0,-42.61348,-11.413241,93.5,2024-11-01 22:38:30
VH_06529,Honda Civic,112.2,169.7,54.805665,-55.723907,83.3,2024-11-20 23:11:30
VH_06530,Toyota Camry,65.5,60.9,-36.31334,-53.977478,79.0,2024-11-22 09:09:07
VH_06531,Chevrolet Bolt,118.7,63.5,17.115443,-157.044085,87.2,2024-11-30 20:51:06
VH_06532,Honda Civic,,152.1,87.54486,57.331522,77.9,2024-11-29 12:27:10
VH_06533,Honda Civic,80.1,167.6,-35.874077,128.162689,82.7,2024-11-19 03:54:39
VH_06534,Mercedes EQS,66.6,62.9,9.298131,117.029164,83.7,2024-11-11 12:55:49
VH_06535,Toyota Camry,118.6,142.9,31.135652,-15.304513,82.1,2024-11-20 12:44:00
VH_06536,Ford F-150,102.1,152.4,25.967562,-114.575048,99.0,2024-11-12 16:19:51
VH_06537,Toyota Camry,118.6,57.7,16.060358,-2.22096,82.1,2024-11-17 20:28:40
VH_06538,Chevrolet Bolt,63.9,179.6,-40.058236,92.557773,93.9,2024-11-22 05:54:48
VH_06539,Tesla Model 3,86.1,58.9,31.609389,44.617735,92.0,2024-11-03 08:52:04
VH_06540,Honda Civic,94.1,178.5,-7.286257,95.046259,82.6,2024-11-09 07:36:22
VH_06541,Honda Civic,114.5,116.3,-25.537485,145.31818,70.0,2024-11-23 09:14:05
VH_06542,Toyota Camry,117.5,31.2,-15.001676,-59.122612,72.0,2024-11-10 21:41:42
VH_06543,Tesla Model 3,118.2,17.7,-29.616047,105.906434,98.1,2024-11-22 23:04:45
VH_06544,Tesla Model 3,112.9,14.8,87.712672,169.481333,86.5,2024-11-11 09:07:58
VH_06545,Toyota Camry,106.5,23.9,22.996117,-159.315818,75.0,2024-11-11 19:31:50
VH_06546,BMW X5,109.8,156.5,-18.16982,84.317999,70.5,2024-11-22 23:58:29
VH_06547,Tesla Model 3,115.4,178.0,53.344313,-100.77097,73.4,2024-11-04 18:18:54
VH_06548,Tesla Model 3,77.7,91.3,-31.725677,-30.701339,98.5,2024-11-27 23:15:36
VH_06549,Tesla Model 3,80.4,123.6,49.7968,-86.889612,98.0,2024-11-12 11:53:24
VH_06550,Chevrolet Bolt,77.3,27.1,-27.968019,115.378023,96.1,2024-11-29 11:49:07
VH_06551,Honda Civic,81.8,93.8,45.301122,-43.845582,75.8,2024-11-30 16:28:38
VH_06552,Chevrolet Bolt,62.8,179.1,-61.023079,-23.744336,99.5,2024-11-25 22:16:01
VH_06553,Honda Civic,60.2,92.1,66.481591,-149.875089,91.0,2024-11-17 05:36:49
VH_06554,Hyundai Ioniq,75.8,146.2,31.173741,143.171927,98.4,2024-11-18 20:22:30
VH_06555,Toyota Camry,66.2,98.3,83.27873,69.264607,78.7,2024-11-04 18:49:17
VH_06556,Tesla Model 3,102.8,106.7,-35.259665,177.762192,91.3,2024-11-18 18:04:37
VH_06557,Toyota Camry,113.7,132.6,77.028857,91.874882,81.3,2024-11-17 16:34:57
VH_06558,Hyundai Ioniq,87.1,18.6,-2.608519,89.927449,71.3,2024-11-15 19:25:57
VH_06559,Tesla Model 3,101.4,86.3,-41.689778,47.541852,99.0,2024-11-17 13:02:37
VH_06560,Tesla Model 3,118.8,145.8,39.801152,-117.820338,99.8,2024-11-03 07:07:03
VH_06561,Tesla Model 3,71.1,176.0,-66.76832,168.447004,83.5,2024-11-20 12:51:06
VH_06562,Toyota Camry,78.7,177.8,29.172379,-110.658742,94.0,2024-11-18 06:17:51
VH_06563,BMW X5,108.7,112.1,-8.701298,87.731951,97.5,2024-11-04 04:58:01
VH_06564,Hyundai Ioniq,68.0,178.0,-60.895483,90.705061,70.3,2024-11-30 21:08:14
VH_06565,Mercedes EQS,94.7,130.6,-14.098898,-10.382508,88.9,2024-11-07 02:25:52
VH_06566,Tesla Model 3,117.1,125.7,-69.010195,98.315283,85.0,2024-11-12 22:07:46
VH_06567,Tesla Model 3,64.7,110.3,-69.349053,164.070373,93.0,2024-11-20 01:08:00
VH_06568,Honda Civic,109.2,33.5,76.232881,-67.917626,80.2,2024-11-19 18:57:46
VH_06569,Honda Civic,92.1,72.1,-27.648196,-172.487194,86.4,2024-11-29 23:45:13
VH_06570,Hyundai Ioniq,88.3,113.9,-65.61782,98.106799,93.4,2024-11-12 04:04:53
VH_06571,BMW X5,114.4,132.8,-88.531123,-57.407395,76.4,2024-11-15 22:15:58
VH_06572,Toyota Camry,92.6,156.0,-86.000242,98.262915,82.3,2024-11-22 03:38:29
VH_06573,Ford F-150,88.4,71.8,-33.863657,25.84014,98.9,2024-11-08 23:18:04
VH_06574,Tesla Model 3,66.0,76.3,47.261754,-120.171354,89.7,2024-11-15 08:13:10
VH_06575,Ford F-150,74.2,81.6,14.75383,64.953637,96.1,2024-11-04 04:40:10
VH_06576,Ford F-150,84.4,130.9,-42.234357,110.301883,86.3,2024-11-06 20:26:36
VH_06577,Toyota Camry,68.7,38.4,38.460488,64.449852,89.0,2024-11-15 01:22:44
VH_06578,Tesla Model 3,107.3,120.2,-35.626344,-70.644103,80.7,2024-11-20 04:18:07
VH_06579,Toyota Camry,107.5,132.3,-35.781602,-61.714727,91.0,2024-11-09 14:21:51
VH_06580,Chevrolet Bolt,82.1,25.3,43.728852,-146.501733,74.0,2024-11-03 16:36:38
VH_06581,Ford F-150,73.2,142.1,-74.642697,-95.64951,86.1,2024-11-22 09:25:20
VH_06582,Chevrolet Bolt,76.9,71.4,79.528674,-132.369946,92.0,2024-11-18 01:38:22
VH_06583,Toyota Camry,82.0,166.3,24.745003,-126.974396,80.1,2024-11-28 17:22:40
VH_06584,Tesla Model 3,110.2,79.5,60.995591,-176.221908,82.4,2024-11-23 17:57:17
VH_06585,Mercedes EQS,111.6,39.2,79.885945,166.514515,83.8,2024-11-02 06:44:48
VH_06586,Ford F-150,96.7,130.5,-44.041145,21.350755,74.8,2024-11-24 05:55:56
VH_06587,BMW X5,116.8,38.2,-69.164528,35.774754,92.8,2024-11-29 06:18:23
VH_06588,BMW X5,92.9,28.5,78.272709,23.195614,72.5,2024-11-11 05:33:41
VH_06589,Toyota Camry,103.4,2.4,-47.478568,0.130522,86.0,2024-11-16 14:58:32
VH_06590,Honda Civic,81.8,70.4,-68.586009,-146.187556,72.6,2024-11-21 02:56:19
VH_06591,Chevrolet Bolt,118.2,60.1,48.520419,48.456175,74.8,2024-11-23 18:58:57
VH_06592,Honda Civic,102.4,70.7,-60.829756,-13.66559,91.5,2024-11-16 00:53:53
VH_06593,Toyota Camry,90.3,22.2,72.141413,-83.113163,80.9,2024-11-18 00:50:11
VH_06594,Honda Civic,110.8,48.3,18.456899,-56.536706,89.5,2024-11-04 09:11:39
VH_06595,Tesla Model 3,83.1,38.2,7.936854,-64.279567,78.5,2024-11-01 03:50:53
VH_06596,BMW X5,99.3,25.2,73.354763,170.680318,94.0,2024-11-25 09:47:16
VH_06597,Honda Civic,66.0,14.2,84.942201,165.470477,96.3,2024-11-12 21:29:57
VH_06598,Tesla Model 3,94.4,111.2,-47.843376,178.991515,91.0,2024-11-09 23:55:42
VH_06599,Ford F-150,62.4,129.1,76.091471,135.709863,94.3,2024-11-21 17:10:08
VH_06600,Toyota Camry,107.0,79.0,57.619843,149.764962,90.4,2024-11-26 18:04:28
VH_06601,Toyota Camry,92.8,99.5,-21.933082,-32.84607,78.7,2024-11-01 21:25:33
VH_06602,Toyota Camry,95.9,177.9,-3.445922,-100.302106,90.7,2024-11-15 06:06:34
VH_06603,Toyota Camry,84.6,65.8,59.244711,-53.986262,70.5,2024-11-06 14:16:57
VH_06604,Honda Civic,73.0,59.8,-55.997502,-137.460588,80.1,2024-11-13 06:09:48
VH_06605,Tesla Model 3,71.9,131.2,-20.008958,29.334937,84.0,2024-11-21 16:32:52
VH_06606,Hyundai Ioniq,79.7,78.2,-37.715344,-104.209183,72.6,2024-11-26 00:02:32
VH_06607,Chevrolet Bolt,67.2,111.5,-43.13401,108.742647,98.6,2024-11-24 23:17:52
VH_06608,Toyota Camry,113.4,62.5,-32.351897,-98.244509,73.0,2024-11-27 18:39:02
VH_06609,BMW X5,112.8,63.3,-89.856362,-40.496649,97.7,2024-11-14 20:12:49
VH_06610,Honda Civic,60.8,174.1,56.951307,81.816461,71.6,2024-11-08 17:13:25
VH_06611,BMW X5,93.6,50.7,14.080901,-108.251118,98.6,2024-11-08 06:30:26
VH_06612,Ford F-150,109.6,114.2,10.628603,75.985068,82.2,2024-11-19 20:13:00
VH_06613,Hyundai Ioniq,91.7,17.6,-18.015043,64.226545,98.2,2024-11-09 17:44:39
VH_06614,Toyota Camry,77.1,56.1,-54.779735,-66.95616,89.8,2024-11-21 15:26:56
VH_06615,Hyundai Ioniq,75.3,170.4,-72.792397,118.427604,98.0,2024-11-12 08:06:43
VH_06616,Toyota Camry,61.1,114.8,-0.61173,-86.148064,74.2,2024-11-02 10:06:04
VH_06617,Mercedes EQS,118.7,159.6,24.711222,-54.166162,75.5,2024-11-15 06:18:16
VH_06618,Tesla Model 3,60.3,170.0,12.622379,178.474556,88.1,2024-11-22 11:57:01
VH_06619,Mercedes EQS,93.7,152.1,-81.51305,-85.469093,81.1,2024-11-05 20:51:24
VH_06620,Chevrolet Bolt,106.3,4.5,-25.419605,-84.514488,96.5,2024-11-15 08:45:50
VH_06621,Tesla Model 3,86.8,50.9,-82.071836,-142.290135,79.2,2024-11-06 01:41:52
VH_06622,BMW X5,100.8,154.7,73.335553,6.548547,84.6,2024-11-28 23:32:10
VH_06623,Toyota Camry,110.8,14.0,35.663322,-35.790524,87.7,2024-11-08 19:06:32
VH_06624,Mercedes EQS,66.9,116.2,-7.901248,96.44484,71.0,2024-11-04 01:28:38
VH_06625,Honda Civic,91.4,121.4,-34.532521,-8.032256,82.1,2024-11-12 10:31:54
VH_06626,BMW X5,106.8,124.5,77.478509,-68.44816,93.2,2024-11-29 22:49:19
VH_06627,Toyota Camry,66.1,56.6,88.94004,27.51854,93.0,2024-11-25 08:02:14
VH_06628,Honda Civic,88.0,170.0,-21.590582,115.70974,83.7,2024-11-05 23:22:47
VH_06629,Tesla Model 3,74.5,80.0,75.174376,84.594618,92.9,2024-11-22 09:31:23
VH_06630,Mercedes EQS,109.6,37.1,-10.210164,-43.951781,77.1,2024-11-04 07:18:02
VH_06631,Tesla Model 3,102.4,17.0,-17.132006,6.452312,87.6,2024-11-19 00:51:34
VH_06632,Honda Civic,68.3,12.8,-1.041276,-25.100127,84.8,2024-11-24 19:41:43
VH_06633,Tesla Model 3,78.9,114.9,-40.881468,86.261758,75.2,2024-11-05 06:17:55
VH_06634,Chevrolet Bolt,,153.4,-85.127452,56.888779,94.1,2024-11-28 00:34:17
VH_06635,Tesla Model 3,101.6,141.3,12.890186,98.330823,78.1,2024-11-03 14:00:47
VH_06636,Tesla Model 3,104.5,8.2,-75.300155,-16.790385,79.2,2024-11-13 12:49:55
VH_06637,Toyota Camry,65.6,56.4,-4.486556,-22.970644,99.8,2024-11-14 07:20:23
VH_06638,BMW X5,71.3,90.1,-56.502363,-155.614184,77.7,2024-11-27 04:00:32
VH_06639,Honda Civic,111.4,86.0,-88.425179,168.65321,92.5,2024-11-03 02:19:53
VH_06640,Tesla Model 3,87.7,115.9,-24.653648,-83.07892,75.8,2024-11-14 23:39:48
VH_06641,Tesla Model 3,76.5,121.8,32.209988,-158.127975,75.2,2024-11-06 05:54:42
VH_06642,Honda Civic,109.4,119.1,-18.272779,-22.905752,88.8,2024-11-01 01:44:58
VH_06643,Ford F-150,101.9,102.9,-63.157505,102.131609,93.2,2024-11-06 15:18:26
VH_06644,Tesla Model 3,91.4,78.8,-85.416301,136.585812,98.3,2024-11-12 16:35:14
VH_06645,Chevrolet Bolt,118.4,135.9,-40.204508,-96.990857,83.2,2024-11-18 11:18:50
VH_06646,Hyundai Ioniq,62.8,31.0,70.843061,-172.66998,76.0,2024-11-25 22:23:03
VH_06647,Tesla Model 3,79.3,126.1,17.132061,-163.470957,74.2,2024-11-15 17:12:18
VH_06648,Honda Civic,116.0,27.7,3.155989,-28.836618,74.0,2024-11-19 09:01:34
VH_06649,Toyota Camry,114.5,163.5,21.230768,-73.411942,90.5,2024-11-15 05:44:39
VH_06650,Tesla Model 3,87.5,9.9,-38.457743,-62.542567,80.4,2024-11-24 19:32:03
VH_06651,Ford F-150,70.0,160.9,-86.778847,93.393816,70.6,2024-11-27 04:59:24
VH_06652,Chevrolet Bolt,111.8,44.8,3.163607,-175.903661,90.5,2024-11-01 16:03:59
VH_06653,Tesla Model 3,70.3,85.1,-88.458648,49.631071,91.9,2024-11-27 19:26:20
VH_06654,Chevrolet Bolt,76.1,56.5,-33.567277,-178.284079,74.4,2024-11-09 18:51:38
VH_06655,Toyota Camry,67.3,92.5,-71.37104,44.434883,76.1,2024-11-16 13:06:58
VH_06656,Hyundai Ioniq,109.2,139.2,72.920857,78.081513,74.5,2024-11-09 01:53:31
VH_06657,Tesla Model 3,73.5,46.6,-41.773921,143.500896,96.4,2024-11-03 19:27:32
VH_06658,BMW X5,93.4,168.1,30.147976,-88.455204,86.3,2024-11-29 21:04:16
VH_06659,Hyundai Ioniq,116.3,30.0,30.682295,-102.738823,98.7,2024-11-07 03:51:13
VH_06660,Tesla Model 3,116.4,54.2,45.777413,175.137212,73.6,2024-11-29 08:03:45
VH_06661,BMW X5,64.9,91.5,-73.115154,3.249733,75.9,2024-11-06 09:14:20
VH_06662,BMW X5,73.6,168.6,34.714234,77.645179,90.4,2024-11-09 16:03:10
VH_06663,Ford F-150,75.6,119.2,58.573307,-87.352111,73.9,2024-11-24 04:59:57
VH_06664,Tesla Model 3,63.1,47.5,2.867138,39.755098,90.4,2024-11-24 21:42:44
VH_06665,Toyota Camry,106.3,29.8,-58.480963,-56.434988,90.5,2024-11-22 23:08:02
VH_06666,Mercedes EQS,73.1,45.6,64.741553,-48.693298,71.6,2024-11-11 07:01:32
VH_06667,Ford F-150,86.3,48.4,-49.982828,84.318714,92.6,2024-11-03 12:49:56
VH_06668,BMW X5,60.3,116.7,9.132488,-179.291128,98.5,2024-11-24 15:59:31
VH_06669,Toyota Camry,86.1,119.6,-3.062677,-49.165495,85.2,2024-11-29 05:33:56
VH_06670,Honda Civic,114.3,171.9,40.894762,148.214473,79.5,2024-11-12 09:03:41
VH_06671,Ford F-150,79.9,40.0,-51.863071,95.711144,87.7,2024-11-02 19:25:38
VH_06672,Honda Civic,92.0,167.4,44.671237,149.22866,78.7,2024-11-03 17:15:59
VH_06673,BMW X5,95.6,52.1,59.680349,-43.266344,73.1,2024-11-30 16:56:19
VH_06674,Tesla Model 3,116.3,159.5,-68.436185,87.528735,97.0,2024-11-23 09:35:23
VH_06675,Tesla Model 3,84.0,50.4,-83.523837,26.794761,88.4,2024-11-08 16:24:03
VH_06676,BMW X5,99.4,135.8,-31.009844,-138.296964,83.5,2024-11-12 21:58:04
VH_06677,BMW X5,86.8,9.8,-4.336731,81.687369,94.9,2024-11-02 02:29:58
VH_06678,Chevrolet Bolt,86.8,114.9,-30.070132,-39.07616,83.8,2024-11-15 06:52:04
VH_06679,Toyota Camry,82.1,7.8,-14.645991,77.570188,96.0,2024-11-13 15:24:48
VH_06680,Tesla Model 3,107.4,142.2,11.457726,-164.715695,91.3,2024-11-07 01:00:44
VH_06681,Toyota Camry,89.3,88.5,71.314841,85.877755,85.5,2024-11-12 09:50:38
VH_06682,Tesla Model 3,,29.8,-38.454001,90.450642,95.5,2024-11-11 15:16:58
VH_06683,Chevrolet Bolt,103.8,176.1,-88.252694,-102.814749,79.1,2024-11-26 21:30:14
VH_06684,Tesla Model 3,118.4,140.3,37.234437,104.402874,70.5,2024-11-10 12:19:30
VH_06685,Hyundai Ioniq,71.6,139.9,-48.634374,159.550304,98.1,2024-11-10 05:48:06
VH_06686,Chevrolet Bolt,76.2,19.0,75.886112,-21.231903,76.6,2024-11-08 07:56:12
VH_06687,Honda Civic,94.3,143.3,-84.809093,98.971164,86.5,2024-11-25 23:51:19
VH_06688,Chevrolet Bolt,118.5,131.9,-70.501048,41.919589,85.0,2024-11-18 17:13:57
VH_06689,Hyundai Ioniq,119.3,83.2,-65.137139,-116.130773,87.5,2024-11-24 08:22:41
VH_06690,Tesla Model 3,97.3,25.8,3.949096,137.716932,91.0,2024-11-28 21:58:33
VH_06691,Toyota Camry,83.8,157.4,-73.054269,-165.962325,75.4,2024-11-14 10:04:07
VH_06692,Mercedes EQS,109.8,101.1,73.916406,146.807191,93.1,2024-11-27 08:27:28
VH_06693,Mercedes EQS,83.3,12.1,12.856772,-87.323057,81.8,2024-11-02 21:30:55
VH_06694,Toyota Camry,82.8,110.2,6.803337,-33.495486,96.2,2024-11-13 10:43:43
VH_06695,Honda Civic,76.4,11.6,8.227462,-150.531744,73.2,2024-11-13 18:05:41
VH_06696,Honda Civic,86.4,174.9,-31.87272,139.631718,76.9,2024-11-05 23:23:41
VH_06697,Tesla Model 3,104.8,94.6,-65.597118,1.138081,75.3,2024-11-11 21:16:25
VH_06698,Honda Civic,,29.0,41.71138,153.89642,97.7,2024-11-09 17:21:40
VH_06699,Ford F-150,114.4,67.0,-69.36499,-56.21687,98.6,2024-11-24 15:34:27
VH_06700,Toyota Camry,103.8,168.0,30.021511,-93.102047,96.0,2024-11-13 22:23:07
VH_06701,Chevrolet Bolt,64.1,69.5,82.467584,-95.811112,74.8,2024-11-23 10:17:01
VH_06702,Honda Civic,81.9,104.9,-66.266591,-21.329923,73.3,2024-11-28 18:13:56
VH_06703,Tesla Model 3,76.5,4.8,-56.0355,152.947053,98.6,2024-11-17 02:03:51
VH_06704,BMW X5,86.4,161.4,45.329857,40.951727,93.8,2024-11-12 06:36:38
VH_06705,Chevrolet Bolt,98.8,171.8,50.632767,34.36651,84.7,2024-11-21 17:36:25
VH_06706,Tesla Model 3,105.4,72.1,-61.508207,-134.702179,72.8,2024-11-25 03:38:02
VH_06707,BMW X5,71.6,138.3,-31.385237,92.207841,87.9,2024-11-27 09:28:52
VH_06708,Ford F-150,65.1,2.3,-84.247439,125.871997,84.1,2024-11-12 11:29:27
VH_06709,Ford F-150,67.0,150.5,59.71841,-123.667885,82.3,2024-11-24 03:16:41
VH_06710,Hyundai Ioniq,64.2,97.2,32.19534,-162.840355,97.3,2024-11-10 00:40:14
VH_06711,Chevrolet Bolt,104.0,15.9,-54.204129,44.994624,74.5,2024-11-24 01:06:45
VH_06712,Honda Civic,75.5,52.4,-23.55252,57.53206,80.5,2024-11-14 18:24:34
VH_06713,Ford F-150,114.7,170.5,-10.136103,148.912582,91.3,2024-11-09 11:32:00
VH_06714,Toyota Camry,107.8,147.0,41.201855,-14.503421,94.5,2024-11-23 02:48:58
VH_06715,Honda Civic,84.5,70.5,-20.252572,24.642419,87.3,2024-11-13 15:54:40
VH_06716,Tesla Model 3,60.3,138.9,-68.290653,-9.941607,88.3,2024-11-26 19:40:50
VH_06717,Chevrolet Bolt,71.5,67.7,57.994343,-132.87154,99.3,2024-11-30 08:57:36
VH_06718,Ford F-150,110.4,36.8,-84.649755,-2.757283,95.8,2024-11-24 23:15:32
VH_06719,Tesla Model 3,96.0,31.8,86.897332,-116.575515,72.5,2024-11-08 19:59:35
VH_06720,Tesla Model 3,73.0,143.6,83.515134,103.608583,73.3,2024-11-22 02:01:39
VH_06721,Tesla Model 3,62.0,172.8,-20.02076,-118.630892,79.7,2024-11-05 23:01:57
VH_06722,Hyundai Ioniq,71.5,75.5,53.457944,98.195923,96.0,2024-11-15 02:35:01
VH_06723,Tesla Model 3,100.3,143.6,-56.95246,148.615055,77.6,2024-11-05 19:42:19
VH_06724,Honda Civic,81.3,125.5,-79.493369,-84.464456,75.6,2024-11-28 07:22:28
VH_06725,BMW X5,92.5,90.1,26.951999,-124.746544,84.4,2024-11-30 23:47:36
VH_06726,Tesla Model 3,85.1,164.1,28.976766,4.705968,70.8,2024-11-05 17:37:19
VH_06727,Ford F-150,95.8,48.0,20.705765,-102.222028,99.8,2024-11-18 00:08:47
VH_06728,BMW X5,89.2,159.6,32.799552,160.455282,77.7,2024-11-06 10:52:36
VH_06729,Tesla Model 3,99.2,128.3,42.530511,-1.919921,88.4,2024-11-05 20:07:18
VH_06730,Ford F-150,108.8,12.3,-62.394488,3.150592,99.4,2024-11-21 16:57:41
VH_06731,Toyota Camry,107.4,60.5,73.188773,-85.545736,81.2,2024-11-20 13:41:45
VH_06732,Honda Civic,105.2,62.5,55.168415,29.506412,76.4,2024-11-13 05:48:47
VH_06733,Mercedes EQS,112.7,8.5,-6.876222,131.241614,86.5,2024-11-30 12:48:14
VH_06734,Ford F-150,69.9,155.5,69.983809,-9.865254,91.9,2024-11-16 13:51:16
VH_06735,Honda Civic,114.6,60.5,-45.270764,78.433475,73.5,2024-11-08 14:20:35
VH_06736,Chevrolet Bolt,71.1,85.5,-22.892643,136.890081,90.3,2024-11-28 16:12:51
VH_06737,Hyundai Ioniq,115.8,112.5,-45.490815,-175.190608,87.3,2024-11-27 11:58:28
VH_06738,Honda Civic,75.1,77.0,84.019035,-126.536163,88.6,2024-11-22 10:39:12
VH_06739,Chevrolet Bolt,91.2,101.4,82.76554,-65.03722,72.4,2024-11-10 18:50:09
VH_06740,Ford F-150,84.0,32.6,45.859252,43.747333,79.0,2024-11-30 13:24:01
VH_06741,Hyundai Ioniq,110.2,172.7,-7.382591,-11.971799,74.1,2024-11-30 23:10:43
VH_06742,BMW X5,66.7,70.2,5.905559,-101.698285,72.1,2024-11-18 06:34:40
VH_06743,Tesla Model 3,61.5,129.2,17.117009,148.630729,88.3,2024-11-19 13:26:47
VH_06744,Hyundai Ioniq,99.9,58.5,4.06564,21.7456,72.1,2024-11-14 04:04:25
VH_06745,Toyota Camry,108.5,96.8,60.672971,76.723539,71.0,2024-11-07 11:50:53
VH_06746,Tesla Model 3,95.6,175.6,72.476233,-150.477154,84.6,2024-11-15 13:35:59
VH_06747,Toyota Camry,119.5,114.3,-55.910931,43.792808,97.8,2024-11-03 05:48:44
VH_06748,Chevrolet Bolt,75.2,173.4,-4.576771,58.001225,93.8,2024-11-13 18:15:11
VH_06749,Ford F-150,100.2,18.9,-22.575464,-111.074017,83.1,2024-11-21 11:46:13
VH_06750,Chevrolet Bolt,63.9,174.3,7.401307,116.612785,79.8,2024-11-10 18:09:38
VH_06751,Toyota Camry,64.6,159.2,-9.565784,32.999209,81.9,2024-11-09 17:11:18
VH_06752,Tesla Model 3,63.0,96.4,19.563372,-4.917746,99.9,2024-11-25 13:06:26
VH_06753,Tesla Model 3,71.7,85.1,18.193362,-8.327621,86.2,2024-11-25 19:54:41
VH_06754,Tesla Model 3,85.6,75.5,24.289622,44.600065,79.9,2024-11-06 02:12:11
VH_06755,Mercedes EQS,117.5,161.3,9.663844,-77.100676,79.1,2024-11-24 01:08:58
VH_06756,Tesla Model 3,70.8,85.4,-8.533718,3.190149,79.7,2024-11-16 10:33:06
VH_06757,Ford F-150,113.7,166.3,-6.813339,-37.142715,85.6,2024-11-17 14:18:24
VH_06758,Mercedes EQS,93.1,91.4,-55.653769,14.506102,81.2,2024-11-21 02:33:52
VH_06759,Honda Civic,116.6,41.7,-60.006205,-12.0938,81.0,2024-11-04 23:53:14
VH_06760,BMW X5,64.3,148.4,-13.358231,-125.879123,83.6,2024-11-05 02:23:02
VH_06761,Ford F-150,80.7,169.9,-21.093465,-39.692798,96.6,2024-11-28 09:40:42
VH_06762,Honda Civic,92.4,148.0,-67.358738,175.352217,87.6,2024-11-02 06:53:21
VH_06763,Hyundai Ioniq,79.5,71.6,56.95681,-27.947401,92.9,2024-11-14 11:24:39
VH_06764,BMW X5,115.6,7.0,85.581084,-35.340479,79.3,2024-11-10 18:08:52
VH_06765,Toyota Camry,74.3,60.3,35.014358,13.941675,85.5,2024-11-10 18:56:10
VH_06766,Mercedes EQS,73.5,117.7,-42.584292,-90.361126,74.6,2024-11-14 20:46:42
VH_06767,Mercedes EQS,115.9,123.4,0.305828,156.932286,88.9,2024-11-01 09:18:08
VH_06768,Mercedes EQS,108.4,77.3,-32.063138,-86.871931,88.3,2024-11-05 06:08:21
VH_06769,Ford F-150,61.3,27.3,6.648023,-150.327151,71.2,2024-11-10 23:06:15
VH_06770,BMW X5,104.9,71.9,62.83454,-12.062078,70.4,2024-11-25 19:51:58
VH_06771,Toyota Camry,107.8,55.5,22.490333,73.497137,96.8,2024-11-20 00:06:25
VH_06772,Ford F-150,68.6,89.0,-2.473001,-30.964281,70.1,2024-11-30 13:26:09
VH_06773,Tesla Model 3,116.0,29.1,-78.762853,-149.372684,74.0,2024-11-28 20:38:19
VH_06774,Honda Civic,117.4,66.3,-7.829053,175.227743,99.4,2024-11-08 14:04:13
VH_06775,Toyota Camry,64.4,106.6,65.574959,88.311862,97.2,2024-11-19 06:01:43
VH_06776,Tesla Model 3,68.2,135.4,-55.811408,10.987385,73.3,2024-11-03 08:27:00
VH_06777,Mercedes EQS,88.5,122.8,-69.196269,-14.05208,97.5,2024-11-15 06:10:04
VH_06778,Toyota Camry,61.2,39.8,88.308501,147.661302,78.0,2024-11-06 16:24:42
VH_06779,Tesla Model 3,79.4,82.0,46.628307,150.79693,72.9,2024-11-07 09:49:27
VH_06780,Tesla Model 3,73.4,154.2,63.678285,-98.546193,88.0,2024-11-19 07:36:17
VH_06781,Toyota Camry,110.2,51.6,24.916438,122.293613,99.0,2024-11-11 17:48:39
VH_06782,Chevrolet Bolt,66.3,19.2,-39.564543,83.817591,82.3,2024-11-19 15:58:36
VH_06783,Chevrolet Bolt,94.7,33.7,81.26514,39.434984,83.6,2024-11-10 08:28:53
VH_06784,Tesla Model 3,67.8,95.3,-84.215611,112.399526,78.7,2024-11-21 01:19:38
VH_06785,Ford F-150,81.6,165.9,27.994029,173.99182,72.0,2024-11-04 05:20:34
VH_06786,Ford F-150,100.2,102.0,-75.430095,152.786956,87.8,2024-11-29 15:03:37
VH_06787,Tesla Model 3,79.3,159.3,-29.361389,-48.482652,98.3,2024-11-05 01:50:49
VH_06788,BMW X5,83.3,48.9,41.46928,-159.089471,93.7,2024-11-15 01:50:15
VH_06789,Honda Civic,81.6,119.3,12.167628,-86.475518,74.4,2024-11-04 09:55:31
VH_06790,Chevrolet Bolt,,6.8,47.015367,1.57828,90.0,2024-11-01 01:54:57
VH_06791,BMW X5,64.4,150.7,24.329605,-172.017808,78.6,2024-11-07 09:06:57
VH_06792,Tesla Model 3,117.4,17.9,68.063916,-167.799253,82.2,2024-11-24 13:13:30
VH_06793,Ford F-150,81.2,14.6,71.620694,9.455235,86.5,2024-11-16 05:30:21
VH_06794,BMW X5,80.8,169.5,37.36955,158.76285,85.5,2024-11-07 21:39:58
VH_06795,Toyota Camry,97.0,171.5,25.803911,110.453558,78.5,2024-11-05 14:14:59
VH_06796,Toyota Camry,61.1,173.4,-21.104599,-102.667911,92.0,2024-11-11 12:14:48
VH_06797,Tesla Model 3,108.5,74.1,13.208501,-168.136934,99.7,2024-11-19 10:36:14
VH_06798,BMW X5,91.0,88.6,38.687991,-59.609307,85.7,2024-11-10 02:55:54
VH_06799,Toyota Camry,98.0,103.6,69.543229,138.727955,72.5,2024-11-18 16:29:50
VH_06800,Ford F-150,63.3,83.6,-85.823272,-69.77927,75.9,2024-11-01 08:29:25
VH_06801,Toyota Camry,86.8,23.4,67.553105,135.957817,80.9,2024-11-11 08:29:04
VH_06802,BMW X5,87.6,131.4,-51.121389,-95.677399,90.9,2024-11-20 03:48:35
VH_06803,Toyota Camry,69.7,22.9,-79.491316,133.929364,76.2,2024-11-26 16:54:18
VH_06804,Honda Civic,74.1,134.4,43.222559,142.336804,77.0,2024-11-01 03:18:32
VH_06805,Ford F-150,113.7,74.0,-13.673022,-49.150743,93.4,2024-11-02 10:48:35
VH_06806,Ford F-150,63.4,108.4,-31.189157,-73.749333,96.9,2024-11-27 06:49:02
VH_06807,Honda Civic,69.9,38.2,-0.901252,124.121009,94.4,2024-11-06 20:53:02
VH_06808,Tesla Model 3,61.2,136.0,-51.051696,-167.092498,92.9,2024-11-29 08:18:23
VH_06809,Tesla Model 3,109.1,105.7,54.490678,115.180941,71.2,2024-11-29 03:37:54
VH_06810,Toyota Camry,101.8,9.9,5.223912,-6.932403,98.7,2024-11-25 10:59:55
VH_06811,Tesla Model 3,91.6,67.2,3.855274,-70.856232,74.9,2024-11-09 23:36:47
VH_06812,Toyota Camry,86.4,94.1,-5.839052,-48.163315,83.0,2024-11-15 05:40:01
VH_06813,Chevrolet Bolt,68.5,31.6,-1.134484,-171.699716,88.1,2024-11-08 02:36:03
VH_06814,Hyundai Ioniq,67.8,73.4,-10.57958,39.523217,74.1,2024-11-10 01:54:05
VH_06815,BMW X5,70.4,76.4,-79.556782,165.928922,80.7,2024-11-10 06:24:46
VH_06816,BMW X5,66.1,49.4,8.551437,-152.742709,78.6,2024-11-02 01:20:55
VH_06817,Tesla Model 3,102.0,119.6,-7.822542,-0.453563,88.7,2024-11-06 20:03:03
VH_06818,Ford F-150,63.0,106.1,3.120621,76.03156,76.4,2024-11-08 02:44:34
VH_06819,Tesla Model 3,119.7,165.6,-29.171558,-53.563142,76.5,2024-11-23 16:02:49
VH_06820,BMW X5,77.9,87.0,-5.772215,-24.569206,71.9,2024-11-22 02:08:42
VH_06821,Mercedes EQS,92.2,91.7,-8.273012,109.388928,99.7,2024-11-15 13:33:09
VH_06822,Chevrolet Bolt,97.8,69.9,84.172291,43.92748,99.6,2024-11-17 18:18:13
VH_06823,Hyundai Ioniq,112.8,102.6,-50.563303,-169.728232,77.3,2024-11-24 20:46:43
VH_06824,Tesla Model 3,115.6,179.9,77.568008,151.100974,90.1,2024-11-16 03:27:51
VH_06825,Tesla Model 3,67.6,102.0,63.761345,-108.208982,86.0,2024-11-20 21:27:12
VH_06826,Tesla Model 3,61.3,56.4,-32.96807,-151.713686,97.9,2024-11-17 20:26:52
VH_06827,Honda Civic,81.2,144.6,-82.193701,155.10194,94.2,2024-11-27 10:58:48
VH_06828,Tesla Model 3,91.3,143.1,19.041035,-42.792969,73.1,2024-11-19 01:40:38
VH_06829,Mercedes EQS,96.5,11.5,-77.056374,1.006704,95.0,2024-11-29 18:31:47
VH_06830,Toyota Camry,60.5,14.3,-56.500493,-30.728203,76.4,2024-11-06 16:10:13
VH_06831,Hyundai Ioniq,84.4,116.7,-43.053251,-158.30526,71.5,2024-11-04 08:34:31
VH_06832,Toyota Camry,84.2,138.3,-3.337252,39.63703,80.3,2024-11-12 23:30:29
VH_06833,Tesla Model 3,69.1,73.0,9.311086,-134.864002,98.1,2024-11-04 06:17:12
VH_06834,Ford F-150,113.1,127.9,-74.958905,84.334201,90.8,2024-11-13 00:06:18
VH_06835,Honda Civic,102.4,5.8,56.83452,-9.415718,77.4,2024-11-17 12:14:03
VH_06836,Tesla Model 3,81.9,149.7,-68.322937,-114.860805,94.4,2024-11-10 20:18:13
VH_06837,Toyota Camry,90.5,101.5,58.21622,-157.883858,82.3,2024-11-13 04:45:09
VH_06838,Toyota Camry,72.3,174.7,-75.304731,-130.436825,98.4,2024-11-03 18:53:42
VH_06839,Honda Civic,76.8,177.4,-52.284309,112.684617,93.7,2024-11-26 11:41:27
VH_06840,Honda Civic,105.7,131.5,66.878475,54.701716,87.0,2024-11-25 00:38:28
VH_06841,Chevrolet Bolt,111.1,63.0,32.864301,-71.672418,78.9,2024-11-10 04:50:58
VH_06842,Tesla Model 3,66.4,175.0,-63.247395,-74.770503,83.3,2024-11-29 00:40:48
VH_06843,Ford F-150,71.6,148.2,-47.526655,54.463973,94.0,2024-11-17 14:29:00
VH_06844,Toyota Camry,60.4,161.7,-15.881921,90.43632,84.5,2024-11-28 00:26:29
VH_06845,BMW X5,83.1,23.4,15.714223,-110.926569,86.4,2024-11-06 08:54:55
VH_06846,Hyundai Ioniq,77.7,59.9,78.349223,-95.794691,88.5,2024-11-27 20:04:09
VH_06847,Toyota Camry,106.7,149.5,50.58788,114.64261,83.2,2024-11-26 19:47:47
VH_06848,Mercedes EQS,103.8,62.4,88.549104,-80.27347,86.1,2024-11-03 15:06:54
VH_06849,Ford F-150,69.7,129.6,86.298358,66.933764,73.9,2024-11-27 21:27:54
VH_06850,Toyota Camry,85.4,78.1,-2.718099,-59.130507,83.5,2024-11-10 07:38:07
VH_06851,Chevrolet Bolt,103.8,51.1,72.408612,-53.683333,98.2,2024-11-29 13:56:34
VH_06852,Ford F-150,86.4,53.5,-64.126822,83.724145,70.2,2024-11-28 00:34:22
VH_06853,Tesla Model 3,85.0,130.3,-36.854626,120.35557,84.7,2024-11-01 22:35:32
VH_06854,Ford F-150,91.1,30.1,-10.014809,81.698247,80.4,2024-11-14 02:04:35
VH_06855,Tesla Model 3,73.7,177.0,-29.229791,67.80308,87.0,2024-11-23 03:34:46
VH_06856,Chevrolet Bolt,78.7,93.9,3.636168,167.825071,95.2,2024-11-10 09:50:04
VH_06857,Tesla Model 3,113.9,152.8,66.28545,-100.386703,70.8,2024-11-09 19:59:04
VH_06858,BMW X5,86.8,117.2,25.145472,-177.361376,76.9,2024-11-13 08:51:34
VH_06859,Honda Civic,66.6,167.0,69.634962,-57.78025,96.5,2024-11-24 20:08:11
VH_06860,Hyundai Ioniq,68.4,32.8,-75.148781,65.807381,88.8,2024-11-08 18:35:45
VH_06861,Honda Civic,114.5,6.0,-35.030165,48.202306,76.4,2024-11-14 15:39:19
VH_06862,Mercedes EQS,115.8,8.5,-49.303188,117.913383,84.4,2024-11-11 05:36:55
VH_06863,Tesla Model 3,82.4,138.3,-52.164545,120.829627,93.8,2024-11-07 01:57:13
VH_06864,Tesla Model 3,99.8,74.0,7.747031,-34.949022,82.5,2024-11-14 14:01:01
VH_06865,Honda Civic,71.3,156.9,1.395577,83.067406,97.6,2024-11-30 22:04:46
VH_06866,BMW X5,94.6,97.6,67.514809,126.725127,73.4,2024-11-11 16:08:51
VH_06867,Tesla Model 3,113.8,52.9,-33.265081,-64.533562,90.9,2024-11-29 22:56:28
VH_06868,Tesla Model 3,89.8,88.5,-33.255573,-67.819274,96.6,2024-11-27 07:02:17
VH_06869,Tesla Model 3,90.2,97.9,28.321535,-140.837065,98.5,2024-11-20 10:05:49
VH_06870,Chevrolet Bolt,108.8,33.3,2.18677,-167.512438,72.5,2024-11-17 11:09:36
VH_06871,Toyota Camry,66.7,91.9,-36.841258,105.713076,83.7,2024-11-18 07:02:54
VH_06872,Honda Civic,75.5,103.3,-77.281916,62.848019,90.3,2024-11-02 12:49:32
VH_06873,Honda Civic,85.7,115.7,87.742298,-37.173069,72.9,2024-11-09 19:27:43
VH_06874,Toyota Camry,85.4,123.2,54.500248,78.821125,99.3,2024-11-01 20:27:34
VH_06875,Tesla Model 3,108.2,62.7,-53.945154,-90.622524,98.1,2024-11-21 01:26:50
VH_06876,Toyota Camry,93.9,39.8,30.007811,-62.925832,95.4,2024-11-06 06:31:17
VH_06877,BMW X5,91.9,27.9,81.474668,-103.083199,71.6,2024-11-15 12:45:04
VH_06878,Toyota Camry,62.2,102.2,-9.455355,172.968261,94.6,2024-11-22 00:11:05
VH_06879,BMW X5,76.4,164.8,33.012075,-97.14831,97.6,2024-11-13 12:52:23
VH_06880,Tesla Model 3,82.9,143.8,61.798064,29.321782,92.1,2024-11-10 22:28:48
VH_06881,BMW X5,69.0,121.0,62.587952,-143.668165,78.6,2024-11-29 21:42:16
VH_06882,Toyota Camry,88.4,38.4,-29.009097,54.757208,74.8,2024-11-03 07:33:57
VH_06883,Toyota Camry,73.5,136.9,-75.552,-39.316902,89.8,2024-11-21 11:26:39
VH_06884,Toyota Camry,75.8,148.7,50.156237,-18.714677,99.6,2024-11-26 12:32:55
VH_06885,Toyota Camry,72.0,0.6,-78.604101,-148.802398,72.9,2024-11-30 23:01:13
VH_06886,Mercedes EQS,110.2,119.4,87.330045,-38.199469,88.1,2024-11-04 23:40:11
VH_06887,Honda Civic,105.8,123.6,38.430934,-56.579756,91.6,2024-11-27 23:54:22
VH_06888,BMW X5,76.1,147.3,-26.866583,-82.128108,87.3,2024-11-29 07:12:12
VH_06889,Tesla Model 3,105.7,105.0,39.202581,71.376521,86.0,2024-11-16 10:56:27
VH_06890,Tesla Model 3,67.3,22.0,-3.413418,-119.277008,72.4,2024-11-07 08:40:03
VH_06891,Toyota Camry,86.6,5.1,-25.582606,174.754812,95.0,2024-11-26 10:20:01
VH_06892,Tesla Model 3,111.1,152.4,0.26104,51.669473,97.3,2024-11-23 08:09:58
VH_06893,Tesla Model 3,66.9,133.8,-27.78079,66.056597,76.7,2024-11-05 05:44:21
VH_06894,Mercedes EQS,118.9,6.7,-33.950091,132.587762,97.9,2024-11-13 09:21:01
VH_06895,Tesla Model 3,110.0,21.7,65.214331,-125.749266,88.8,2024-11-13 14:24:13
VH_06896,Toyota Camry,94.2,130.7,82.004938,-15.275226,75.4,2024-11-12 01:36:20
VH_06897,Hyundai Ioniq,80.1,92.2,-88.5816,-23.466047,83.3,2024-11-03 13:30:02
VH_06898,Ford F-150,100.6,23.3,14.066092,117.174502,83.5,2024-11-01 21:30:01
VH_06899,Chevrolet Bolt,79.3,120.7,59.440451,-40.551915,74.5,2024-11-26 15:26:39
VH_06900,Ford F-150,111.1,102.3,0.153161,111.005335,85.1,2024-11-24 13:20:04
VH_06901,Honda Civic,97.4,14.2,39.250938,-29.277188,99.0,2024-11-26 03:58:22
VH_06902,Honda Civic,76.9,178.3,-75.513794,-94.370273,87.1,2024-11-02 16:41:58
VH_06903,Chevrolet Bolt,113.7,36.8,-0.044031,74.178814,74.4,2024-11-07 22:50:11
VH_06904,Toyota Camry,68.4,48.7,83.468877,-104.493632,72.7,2024-11-12 22:21:22
VH_06905,Toyota Camry,119.2,143.2,6.067427,-159.199955,79.6,2024-11-05 23:34:52
VH_06906,Toyota Camry,85.9,150.7,1.243395,-0.901403,81.2,2024-11-15 16:15:54
VH_06907,Chevrolet Bolt,117.8,132.9,-80.510231,-24.972505,82.4,2024-11-13 22:59:05
VH_06908,Hyundai Ioniq,96.6,92.6,87.114623,104.989569,96.1,2024-11-18 02:38:58
VH_06909,Honda Civic,62.6,78.2,-13.911042,-58.11647,97.5,2024-11-21 01:56:52
VH_06910,Ford F-150,107.1,94.8,-30.070979,83.993293,79.2,2024-11-22 20:53:29
VH_06911,Mercedes EQS,107.9,110.4,-82.584126,50.916898,98.0,2024-11-30 16:51:53
VH_06912,Chevrolet Bolt,72.5,68.1,-86.11348,102.470804,97.8,2024-11-20 06:37:42
VH_06913,Chevrolet Bolt,97.9,129.9,68.213983,105.773701,78.6,2024-11-07 10:20:20
VH_06914,Hyundai Ioniq,110.4,133.2,65.703579,12.621371,83.5,2024-11-26 11:04:00
VH_06915,Tesla Model 3,,39.3,-75.679429,-153.799781,83.0,2024-11-27 02:59:37
VH_06916,Tesla Model 3,61.3,51.3,-17.41517,-138.151551,74.4,2024-11-13 04:49:47
VH_06917,BMW X5,80.3,58.8,-32.84685,-39.660494,90.7,2024-11-11 04:23:23
VH_06918,Hyundai Ioniq,118.5,99.3,45.962105,-104.812561,88.6,2024-11-07 19:44:01
VH_06919,Tesla Model 3,72.6,10.5,-38.850393,91.949698,72.9,2024-11-12 05:01:38
VH_06920,Toyota Camry,105.0,174.1,8.81781,-113.046103,70.9,2024-11-27 01:46:43
VH_06921,BMW X5,116.3,132.7,-0.290282,-163.457449,92.7,2024-11-09 11:13:44
VH_06922,Toyota Camry,80.1,80.5,36.288278,112.267031,92.3,2024-11-24 23:55:34
VH_06923,Honda Civic,102.5,62.5,-88.768781,-115.657988,73.9,2024-11-07 07:12:41
VH_06924,Toyota Camry,113.3,12.2,-52.356671,-174.784756,78.6,2024-11-24 00:35:55
VH_06925,Honda Civic,102.8,119.2,70.004327,-162.23061,91.7,2024-11-23 22:30:12
VH_06926,Hyundai Ioniq,96.1,14.1,84.350809,173.508776,88.1,2024-11-27 03:27:47
VH_06927,Honda Civic,112.4,74.1,-13.943949,-67.6278,77.2,2024-11-08 04:10:14
VH_06928,Ford F-150,93.7,15.8,8.786882,67.574858,91.4,2024-11-11 14:06:37
VH_06929,Chevrolet Bolt,93.7,149.5,75.209168,89.840061,92.4,2024-11-10 15:31:59
VH_06930,Ford F-150,84.3,53.9,79.580503,-77.811762,90.2,2024-11-04 17:10:52
VH_06931,Honda Civic,113.1,160.0,-14.290902,146.234131,91.6,2024-11-27 00:24:41
VH_06932,Tesla Model 3,66.7,13.5,-18.360942,164.042738,88.1,2024-11-08 08:04:34
VH_06933,Toyota Camry,113.6,104.1,-60.456381,-95.056227,92.3,2024-11-24 19:23:37
VH_06934,Honda Civic,94.8,164.1,-28.269337,63.559303,99.7,2024-11-11 05:04:28
VH_06935,Honda Civic,68.8,11.6,53.015937,178.449803,86.8,2024-11-26 03:21:42
VH_06936,Chevrolet Bolt,115.1,86.5,-48.658717,81.837868,74.3,2024-11-25 03:52:56
VH_06937,BMW X5,104.4,93.4,54.164856,-147.365465,96.7,2024-11-15 23:59:24
VH_06938,Tesla Model 3,60.4,170.4,-53.378826,94.194881,78.1,2024-11-08 08:28:33
VH_06939,Tesla Model 3,89.1,25.0,17.66478,-71.968705,94.2,2024-11-25 07:54:16
VH_06940,Honda Civic,75.8,134.8,-82.201002,-102.547938,73.9,2024-11-10 05:08:41
VH_06941,Hyundai Ioniq,96.2,67.4,74.298893,34.981327,72.8,2024-11-15 04:23:19
VH_06942,Ford F-150,104.3,80.0,14.058978,111.648812,97.9,2024-11-12 15:25:36
VH_06943,BMW X5,114.0,5.1,44.54047,-125.089039,95.5,2024-11-08 00:10:02
VH_06944,Honda Civic,79.3,123.6,-53.397095,-159.843655,81.3,2024-11-08 15:41:48
VH_06945,Chevrolet Bolt,93.6,50.7,-78.077159,17.339506,93.8,2024-11-23 17:17:11
VH_06946,Chevrolet Bolt,110.0,165.8,19.97669,-148.532668,84.1,2024-11-21 18:14:23
VH_06947,Tesla Model 3,86.3,33.7,82.278755,-134.878467,96.1,2024-11-15 15:08:28
VH_06948,Ford F-150,95.2,66.1,37.695684,46.222122,71.7,2024-11-05 12:55:17
VH_06949,Toyota Camry,113.4,11.4,40.032401,9.758651,98.4,2024-11-17 16:53:20
VH_06950,Honda Civic,98.1,38.1,-20.357328,-145.195288,84.4,2024-11-28 01:34:51
VH_06951,Chevrolet Bolt,110.3,161.3,-32.402897,-125.28428,93.8,2024-11-25 12:23:09
VH_06952,Hyundai Ioniq,119.1,55.8,73.696422,158.990048,94.7,2024-11-14 07:35:04
VH_06953,Chevrolet Bolt,61.4,151.8,1.077648,51.556986,87.6,2024-11-17 05:23:53
VH_06954,Ford F-150,65.2,134.7,-87.413629,-86.665813,94.2,2024-11-14 17:30:38
VH_06955,Toyota Camry,110.4,160.1,59.179688,21.205938,94.7,2024-11-17 02:10:57
VH_06956,Chevrolet Bolt,83.2,29.0,66.918356,7.995917,77.6,2024-11-06 14:45:12
VH_06957,Hyundai Ioniq,100.7,57.9,27.380604,130.211882,90.5,2024-11-04 14:06:22
VH_06958,Chevrolet Bolt,88.8,85.8,-84.942724,-94.065502,76.4,2024-11-27 08:18:16
VH_06959,Toyota Camry,79.8,154.6,-85.773087,-117.387303,79.3,2024-11-05 00:19:45
VH_06960,Hyundai Ioniq,109.9,66.6,71.527577,141.796845,98.2,2024-11-26 18:25:58
VH_06961,Toyota Camry,90.5,70.8,-83.571235,-145.535534,73.0,2024-11-11 21:51:13
VH_06962,Honda Civic,76.8,145.6,-35.205132,147.592164,91.5,2024-11-25 10:02:10
VH_06963,Tesla Model 3,110.4,148.4,29.577488,-17.060218,78.6,2024-11-21 10:10:16
VH_06964,Honda Civic,103.4,35.3,-48.496301,-81.99793,70.5,2024-11-03 03:22:32
VH_06965,Tesla Model 3,110.5,126.4,8.554272,-150.720967,73.5,2024-11-25 22:17:16
VH_06966,Mercedes EQS,74.2,0.6,67.150262,-134.844661,74.6,2024-11-26 23:45:37
VH_06967,Tesla Model 3,104.0,107.4,17.457257,40.411183,99.0,2024-11-13 04:59:05
VH_06968,Hyundai Ioniq,86.6,35.2,-51.526541,-116.579447,99.7,2024-11-30 20:25:05
VH_06969,Hyundai Ioniq,101.8,68.6,64.779479,-52.974493,82.1,2024-11-27 18:26:34
VH_06970,BMW X5,99.5,154.0,70.45898,-176.488367,85.9,2024-11-19 03:59:20
VH_06971,Honda Civic,102.4,136.0,81.653826,62.707203,87.3,2024-11-08 10:14:02
VH_06972,Toyota Camry,82.2,38.2,-56.850265,100.079035,78.4,2024-11-16 18:59:40
VH_06973,BMW X5,71.3,66.5,78.870018,-144.211944,83.0,2024-11-09 02:51:02
VH_06974,BMW X5,103.8,7.3,-8.382891,145.649744,97.9,2024-11-14 07:52:00
VH_06975,Chevrolet Bolt,,80.9,-9.93188,-152.832968,90.6,2024-11-21 10:41:10
VH_06976,Chevrolet Bolt,66.0,5.6,40.531332,83.726874,93.3,2024-11-22 10:08:03
VH_06977,Tesla Model 3,78.5,109.2,11.677557,-106.951536,72.9,2024-11-18 10:43:57
VH_06978,Chevrolet Bolt,105.7,153.0,51.507472,130.934401,79.6,2024-11-05 22:31:30
VH_06979,Chevrolet Bolt,79.6,147.1,78.391067,16.67288,73.0,2024-11-09 23:27:29
VH_06980,Tesla Model 3,69.5,179.9,71.573058,50.775342,71.4,2024-11-07 12:57:55
VH_06981,BMW X5,71.8,151.0,-29.85917,14.296563,86.0,2024-11-17 16:23:25
VH_06982,Toyota Camry,62.7,26.2,-4.869567,88.683441,70.4,2024-11-26 18:05:59
VH_06983,Tesla Model 3,82.3,116.1,86.884676,6.048523,77.8,2024-11-07 14:51:52
VH_06984,Hyundai Ioniq,80.8,113.1,78.686551,-166.306272,95.0,2024-11-22 01:26:07
VH_06985,Toyota Camry,66.6,54.3,-64.892556,11.692894,85.3,2024-11-04 12:38:26
VH_06986,Honda Civic,74.0,160.5,-39.881507,-77.235334,84.1,2024-11-29 17:06:19
VH_06987,Tesla Model 3,89.1,111.9,20.182327,122.170881,92.3,2024-11-10 15:32:17
VH_06988,Mercedes EQS,111.5,27.1,-27.730645,118.329878,95.1,2024-11-18 19:23:15
VH_06989,Honda Civic,87.9,142.3,56.323012,132.287256,75.7,2024-11-12 05:10:50
VH_06990,Honda Civic,,39.4,22.230336,19.891954,80.8,2024-11-28 12:45:11
VH_06991,Tesla Model 3,90.7,25.7,-19.951807,-10.639008,78.7,2024-11-12 14:30:28
VH_06992,Hyundai Ioniq,114.4,37.1,85.438817,47.039766,70.3,2024-11-30 13:55:26
VH_06993,Ford F-150,118.8,9.1,-70.871451,67.349916,70.2,2024-11-30 11:28:01
VH_06994,Tesla Model 3,67.0,53.9,-1.516504,-45.465355,87.1,2024-11-27 02:19:57
VH_06995,Chevrolet Bolt,70.1,153.3,73.130672,-89.153931,79.2,2024-11-14 23:28:01
VH_06996,Hyundai Ioniq,63.6,38.4,76.782324,155.256538,89.0,2024-11-24 05:48:08
VH_06997,Toyota Camry,113.5,3.8,2.660076,142.356924,86.6,2024-11-26 15:26:44
VH_06998,Toyota Camry,93.5,166.4,-75.566986,161.113975,89.6,2024-11-29 05:10:05
VH_06999,Chevrolet Bolt,101.0,96.4,49.153533,-3.390322,93.7,2024-11-07 23:13:17
VH_07000,Chevrolet Bolt,67.3,68.6,-27.235458,-74.081497,86.0,2024-11-22 02:34:11
VH_07001,Hyundai Ioniq,109.0,38.6,74.147133,77.124597,93.3,2024-11-27 08:38:04
VH_07002,Toyota Camry,63.2,172.3,-59.971207,9.098341,92.9,2024-11-07 03:44:54
VH_07003,Toyota Camry,78.7,47.1,67.792979,-129.381339,99.0,2024-11-15 04:47:24
VH_07004,Tesla Model 3,82.8,61.7,-31.729737,-114.999553,81.0,2024-11-03 10:37:05
VH_07005,BMW X5,103.3,44.6,-84.756476,-144.206834,80.6,2024-11-14 13:31:35
VH_07006,Ford F-150,103.8,147.2,44.330794,103.34546,77.6,2024-11-26 01:25:19
VH_07007,Mercedes EQS,70.5,40.6,24.438417,121.172647,97.1,2024-11-03 05:44:56
VH_07008,Ford F-150,75.6,50.4,88.632338,12.29347,98.3,2024-11-04 04:52:44
VH_07009,Honda Civic,109.6,26.0,46.734609,-33.682277,96.5,2024-11-14 20:04:33
VH_07010,Honda Civic,65.7,39.0,-43.086034,-111.911266,91.7,2024-11-23 22:01:24
VH_07011,Tesla Model 3,111.7,57.9,-27.517983,115.878588,90.7,2024-11-10 06:30:43
VH_07012,Chevrolet Bolt,93.0,162.2,-69.37603,136.268764,80.6,2024-11-23 01:25:47
VH_07013,BMW X5,119.7,10.2,-8.983228,-89.382508,74.1,2024-11-10 03:37:04
VH_07014,Tesla Model 3,85.7,64.9,5.841081,-48.358505,73.2,2024-11-13 13:46:00
VH_07015,Mercedes EQS,60.0,136.3,75.661935,96.30719,83.4,2024-11-16 09:27:15
VH_07016,Chevrolet Bolt,76.5,74.1,64.17954,29.341746,92.6,2024-11-08 06:57:00
VH_07017,Tesla Model 3,61.1,77.3,-55.743862,-98.309171,95.0,2024-11-12 04:36:54
VH_07018,Honda Civic,110.8,36.2,46.029974,-96.983798,73.4,2024-11-05 18:17:13
VH_07019,Hyundai Ioniq,74.6,89.8,26.795312,-159.122646,99.6,2024-11-26 18:00:55
VH_07020,Chevrolet Bolt,61.2,30.9,45.186727,14.14833,96.7,2024-11-11 12:46:14
VH_07021,Chevrolet Bolt,64.0,31.9,-25.384559,-64.872728,99.9,2024-11-14 15:48:00
VH_07022,Tesla Model 3,101.0,108.6,-18.75432,-3.419671,79.8,2024-11-07 23:27:22
VH_07023,Ford F-150,61.0,44.5,-81.687795,148.184554,85.2,2024-11-23 03:23:16
VH_07024,Honda Civic,106.8,111.2,47.650411,66.980981,76.1,2024-11-30 18:15:15
VH_07025,BMW X5,101.3,50.3,54.923139,35.79487,75.9,2024-11-11 15:08:09
VH_07026,BMW X5,108.5,60.5,-19.878745,108.111665,92.3,2024-11-15 03:06:17
VH_07027,Hyundai Ioniq,108.2,24.0,-15.538461,124.281703,98.6,2024-11-27 03:29:48
VH_07028,Toyota Camry,98.6,28.4,-16.290122,-8.054496,72.7,2024-11-21 22:18:16
VH_07029,Toyota Camry,65.5,69.7,-50.618926,105.119562,73.6,2024-11-23 05:07:57
VH_07030,Toyota Camry,114.8,177.8,16.147997,112.081916,79.0,2024-11-24 14:51:40
VH_07031,Chevrolet Bolt,70.7,138.2,-28.506328,141.068563,99.2,2024-11-22 11:27:29
VH_07032,BMW X5,83.2,141.3,-7.853576,-143.559115,83.1,2024-11-23 08:09:48
VH_07033,Mercedes EQS,107.5,49.2,13.610283,57.065142,71.5,2024-11-20 11:05:30
VH_07034,BMW X5,62.3,83.8,5.515833,161.485833,76.2,2024-11-11 11:49:30
VH_07035,Toyota Camry,109.4,100.0,67.560729,-9.400028,84.7,2024-11-10 22:19:18
VH_07036,Hyundai Ioniq,81.9,75.4,21.980458,-153.268772,85.1,2024-11-23 00:45:04
VH_07037,Chevrolet Bolt,105.2,133.5,-64.444959,51.375731,95.8,2024-11-26 12:46:34
VH_07038,Tesla Model 3,73.2,133.2,-68.913567,-162.766803,95.3,2024-11-23 10:34:25
VH_07039,Chevrolet Bolt,78.0,162.0,4.197794,110.007066,70.1,2024-11-15 06:43:17
VH_07040,Hyundai Ioniq,100.6,82.2,29.839842,133.396405,74.9,2024-11-12 08:44:01
VH_07041,Hyundai Ioniq,83.9,179.0,62.748395,-144.296825,95.7,2024-11-08 11:37:55
VH_07042,Tesla Model 3,102.1,109.7,-82.696831,-19.838268,96.6,2024-11-07 10:39:25
VH_07043,Ford F-150,92.4,158.7,-48.181566,110.38367,82.8,2024-11-24 18:48:27
VH_07044,Ford F-150,85.7,112.2,-20.576995,130.895647,73.8,2024-11-12 14:05:08
VH_07045,Mercedes EQS,61.1,144.4,-24.97578,-175.976093,70.3,2024-11-28 03:09:16
VH_07046,Hyundai Ioniq,102.6,171.6,-48.341705,0.182526,71.5,2024-11-04 05:16:56
VH_07047,Chevrolet Bolt,115.0,142.9,26.220679,-178.390584,99.6,2024-11-23 18:35:14
VH_07048,Tesla Model 3,119.1,87.0,25.44403,29.058389,85.1,2024-11-27 01:41:33
VH_07049,Tesla Model 3,67.4,93.0,-22.738331,74.236945,82.4,2024-11-13 16:03:14
VH_07050,Toyota Camry,70.3,115.3,-66.401294,152.2664,70.8,2024-11-09 07:04:39
VH_07051,Chevrolet Bolt,70.8,54.2,61.371367,-24.075283,99.2,2024-11-21 01:26:58
VH_07052,BMW X5,88.4,149.0,11.074231,-36.722487,99.8,2024-11-20 14:01:22
VH_07053,Chevrolet Bolt,89.9,9.4,73.247406,16.016465,85.9,2024-11-10 13:40:07
VH_07054,Chevrolet Bolt,70.5,177.4,31.238622,7.935675,70.8,2024-11-29 01:18:59
VH_07055,Toyota Camry,71.2,71.2,17.782171,-16.133773,93.0,2024-11-28 23:05:58
VH_07056,Tesla Model 3,86.9,175.6,-36.631745,-20.073748,95.1,2024-11-28 13:37:26
VH_07057,Toyota Camry,75.7,10.0,32.781184,140.255826,83.7,2024-11-16 15:05:08
VH_07058,Tesla Model 3,69.3,135.5,-65.98608,-83.563742,96.2,2024-11-16 21:25:45
VH_07059,Tesla Model 3,95.2,74.3,39.031481,116.084671,97.1,2024-11-06 09:03:39
VH_07060,BMW X5,110.5,14.0,-12.705323,14.624662,84.7,2024-11-06 13:24:08
VH_07061,Ford F-150,62.8,166.4,75.171218,24.867174,84.1,2024-11-19 14:20:34
VH_07062,Tesla Model 3,62.8,32.2,-87.529384,53.406885,77.5,2024-11-21 21:05:33
VH_07063,Tesla Model 3,67.8,92.1,-65.430897,-56.282872,75.4,2024-11-02 10:29:30
VH_07064,Tesla Model 3,66.1,178.6,84.921993,55.663974,82.0,2024-11-06 06:32:22
VH_07065,Mercedes EQS,112.9,4.2,-25.011788,179.959745,89.4,2024-11-02 06:41:08
VH_07066,Hyundai Ioniq,66.4,159.1,12.454096,-35.019381,77.8,2024-11-08 17:34:14
VH_07067,BMW X5,78.8,80.0,-19.893304,-30.340881,88.4,2024-11-11 16:39:31
VH_07068,Honda Civic,110.9,169.2,-85.298903,35.798727,96.3,2024-11-20 18:54:02
VH_07069,Mercedes EQS,115.7,145.6,-23.267089,170.184074,74.6,2024-11-10 07:13:35
VH_07070,Ford F-150,66.0,124.6,63.931647,-34.078275,79.0,2024-11-09 14:36:53
VH_07071,Ford F-150,116.8,169.4,13.950757,-75.586832,71.2,2024-11-29 07:13:23
VH_07072,Chevrolet Bolt,61.3,107.6,41.242325,16.980516,86.6,2024-11-07 05:49:28
VH_07073,Hyundai Ioniq,110.6,12.9,-43.586344,28.257941,84.8,2024-11-06 01:47:57
VH_07074,Honda Civic,85.3,76.3,82.140592,-160.572709,98.8,2024-11-26 20:26:21
VH_07075,Chevrolet Bolt,88.0,56.5,77.040199,-111.822,73.0,2024-11-23 08:38:43
VH_07076,Honda Civic,89.0,141.8,-29.457826,166.188613,86.2,2024-11-25 06:02:34
VH_07077,Hyundai Ioniq,103.1,91.3,59.785367,-57.286263,91.9,2024-11-13 05:15:29
VH_07078,Toyota Camry,119.4,103.9,25.449655,-160.620548,87.1,2024-11-23 10:54:14
VH_07079,Tesla Model 3,107.1,36.6,79.743456,-178.844679,70.9,2024-11-05 09:19:26
VH_07080,Tesla Model 3,117.2,34.9,27.530577,144.324144,90.8,2024-11-30 15:12:12
VH_07081,Mercedes EQS,98.1,22.2,-88.567137,-84.950372,74.0,2024-11-10 23:07:32
VH_07082,Chevrolet Bolt,115.9,6.0,84.463323,133.509412,86.5,2024-11-19 18:35:05
VH_07083,Toyota Camry,82.5,125.3,34.945606,157.940999,77.8,2024-11-24 14:02:55
VH_07084,BMW X5,96.9,53.7,-59.900273,-146.426993,97.0,2024-11-22 06:15:35
VH_07085,Ford F-150,83.8,56.7,71.584682,-100.995579,91.1,2024-11-05 02:33:04
VH_07086,Ford F-150,75.0,60.0,-14.443771,-15.697194,75.7,2024-11-05 04:25:27
VH_07087,Tesla Model 3,73.6,20.8,14.615349,26.074934,74.6,2024-11-23 23:54:10
VH_07088,Ford F-150,102.0,178.3,-6.758732,-162.536466,79.8,2024-11-10 22:01:28
VH_07089,Toyota Camry,62.3,59.8,-20.957773,174.837762,73.7,2024-11-22 19:03:43
VH_07090,Tesla Model 3,72.6,10.0,11.693093,145.865442,94.3,2024-11-13 18:04:48
VH_07091,Tesla Model 3,119.3,32.8,-55.092481,75.564174,97.4,2024-11-05 23:46:32
VH_07092,Tesla Model 3,110.0,167.1,73.954163,18.530119,89.2,2024-11-29 02:12:52
VH_07093,Chevrolet Bolt,96.8,36.4,16.283385,-127.948515,92.9,2024-11-11 01:01:49
VH_07094,Ford F-150,61.8,120.2,51.843169,-165.052883,89.4,2024-11-25 23:09:33
VH_07095,Ford F-150,61.0,29.6,-36.228942,-167.443616,74.2,2024-11-23 04:59:29
VH_07096,Mercedes EQS,76.5,22.2,13.226231,117.455575,88.4,2024-11-08 01:58:51
VH_07097,Toyota Camry,80.2,97.7,-0.139875,79.4431,73.6,2024-11-02 22:08:42
VH_07098,Chevrolet Bolt,69.3,92.4,-54.682493,82.730813,78.9,2024-11-22 09:58:33
VH_07099,Mercedes EQS,106.7,65.1,-19.435663,149.334073,72.9,2024-11-26 17:22:36
VH_07100,Hyundai Ioniq,119.5,168.2,19.107357,141.68648,97.9,2024-11-08 16:00:17
VH_07101,Tesla Model 3,66.3,125.4,17.404512,-60.813915,72.4,2024-11-06 08:03:54
VH_07102,Tesla Model 3,108.6,84.9,9.641998,-58.522969,83.3,2024-11-06 01:48:50
VH_07103,Chevrolet Bolt,64.4,179.5,59.273817,38.728548,89.0,2024-11-26 05:27:17
VH_07104,Honda Civic,76.2,153.2,9.172199,61.32591,88.8,2024-11-13 07:21:18
VH_07105,Toyota Camry,84.0,124.0,-25.61519,167.396706,71.3,2024-11-25 07:58:45
VH_07106,Toyota Camry,75.7,93.2,-29.537369,5.136108,94.6,2024-11-03 03:08:38
VH_07107,Toyota Camry,63.0,43.3,51.164382,-8.980222,85.8,2024-11-30 10:07:11
VH_07108,Chevrolet Bolt,77.3,115.3,8.049445,140.37732,93.0,2024-11-01 01:16:54
VH_07109,Tesla Model 3,68.8,69.9,46.069111,-167.420183,89.1,2024-11-29 22:32:23
VH_07110,Hyundai Ioniq,80.7,115.9,-71.048132,23.644591,87.2,2024-11-01 21:31:33
VH_07111,Toyota Camry,60.1,138.8,-6.309853,-110.161878,86.0,2024-11-25 09:59:43
VH_07112,Hyundai Ioniq,79.8,3.6,84.550181,-100.65239,76.1,2024-11-19 19:19:53
VH_07113,Toyota Camry,87.9,10.9,-64.603812,-2.453675,74.1,2024-11-12 08:42:45
VH_07114,BMW X5,66.1,140.1,78.591059,70.618077,87.6,2024-11-06 01:07:09
VH_07115,Mercedes EQS,68.6,39.7,-45.254908,72.990113,85.6,2024-11-28 05:08:57
VH_07116,Ford F-150,75.6,116.1,87.343469,-173.744066,92.7,2024-11-21 12:10:28
VH_07117,Mercedes EQS,76.5,24.7,-66.836037,117.650338,72.6,2024-11-16 19:52:45
VH_07118,Honda Civic,76.3,116.5,2.568982,-53.81155,74.4,2024-11-15 11:58:05
VH_07119,Toyota Camry,101.9,3.3,34.429117,-40.005719,86.0,2024-11-01 04:06:55
VH_07120,Tesla Model 3,74.8,86.8,32.101865,124.561646,84.7,2024-11-01 17:13:30
VH_07121,Tesla Model 3,98.0,60.3,-72.839805,-70.729922,98.5,2024-11-20 02:45:41
VH_07122,Hyundai Ioniq,,34.3,-1.185111,-159.473378,71.2,2024-11-09 15:24:30
VH_07123,Chevrolet Bolt,107.3,1.6,-35.388678,-172.619808,74.7,2024-11-22 14:25:02
VH_07124,Honda Civic,117.3,173.3,88.746123,138.343263,76.2,2024-11-16 01:37:06
VH_07125,Tesla Model 3,64.2,60.7,58.351051,-149.476748,88.0,2024-11-13 04:44:28
VH_07126,Mercedes EQS,114.7,95.2,-11.743118,133.828077,82.8,2024-11-22 07:02:29
VH_07127,Hyundai Ioniq,77.6,161.2,84.067472,113.782816,93.1,2024-11-10 18:28:01
VH_07128,Chevrolet Bolt,72.4,179.8,-83.739245,-78.3975,92.3,2024-11-20 17:32:39
VH_07129,Mercedes EQS,81.3,15.4,14.820452,28.319502,87.9,2024-11-26 11:49:29
VH_07130,Tesla Model 3,119.3,6.0,46.111704,-43.054135,97.8,2024-11-23 19:08:35
VH_07131,Toyota Camry,63.4,113.1,-60.552201,71.081669,76.9,2024-11-07 06:45:38
VH_07132,Honda Civic,83.4,96.9,-48.381335,-70.262166,90.7,2024-11-19 20:11:19
VH_07133,Ford F-150,80.0,5.2,55.731233,84.22518,77.1,2024-11-13 20:31:23
VH_07134,Hyundai Ioniq,97.5,150.2,-12.265872,45.634843,79.2,2024-11-22 17:43:40
VH_07135,Tesla Model 3,89.4,170.8,-45.157535,-123.486569,95.9,2024-11-29 17:00:32
VH_07136,Toyota Camry,69.9,29.8,-74.386198,-97.015658,79.2,2024-11-01 06:11:36
VH_07137,Toyota Camry,64.3,72.5,20.581689,-76.109007,70.6,2024-11-20 05:33:57
VH_07138,Mercedes EQS,114.7,164.1,-44.587549,-46.470462,97.7,2024-11-20 17:47:59
VH_07139,Toyota Camry,100.0,30.2,-74.976048,128.162942,82.9,2024-11-29 07:14:30
VH_07140,Hyundai Ioniq,76.6,40.0,46.730197,63.075988,72.1,2024-11-17 10:55:30
VH_07141,Ford F-150,62.8,57.6,-19.452971,-149.986769,83.3,2024-11-24 01:47:39
VH_07142,Toyota Camry,78.0,53.5,-36.482511,-84.114761,78.7,2024-11-21 05:15:01
VH_07143,BMW X5,69.3,12.7,-18.875847,-87.702164,78.9,2024-11-02 07:02:10
VH_07144,Tesla Model 3,61.6,28.8,-6.653545,-38.375652,81.6,2024-11-01 11:54:26
VH_07145,Hyundai Ioniq,81.4,129.3,-77.081191,-101.59901,91.1,2024-11-26 16:14:30
VH_07146,Tesla Model 3,77.0,67.7,52.781469,37.175293,76.7,2024-11-23 22:23:29
VH_07147,Toyota Camry,114.7,33.4,48.93311,-116.552722,77.7,2024-11-24 10:21:58
VH_07148,Honda Civic,107.0,13.0,62.380301,60.159973,89.2,2024-11-06 03:28:35
VH_07149,BMW X5,104.2,26.0,85.534608,-122.593356,95.0,2024-11-29 07:30:09
VH_07150,Ford F-150,110.4,83.1,19.667647,36.110255,78.6,2024-11-25 12:22:48
VH_07151,Ford F-150,78.7,153.7,-16.730413,18.513911,75.3,2024-11-23 05:43:48
VH_07152,Mercedes EQS,117.8,130.2,-37.026375,-166.745879,82.8,2024-11-10 02:36:08
VH_07153,Ford F-150,107.5,168.6,0.596236,-84.195173,72.2,2024-11-19 08:53:58
VH_07154,Toyota Camry,76.6,13.4,79.179,-54.930836,81.7,2024-11-10 10:17:44
VH_07155,Tesla Model 3,105.4,141.3,6.383744,-29.030632,79.5,2024-11-09 20:27:45
VH_07156,BMW X5,75.8,63.9,-66.819163,-170.519231,84.5,2024-11-21 10:35:56
VH_07157,Tesla Model 3,78.0,137.9,-88.604316,-28.681288,87.4,2024-11-07 17:22:27
VH_07158,Toyota Camry,113.1,27.2,-46.908294,-43.095283,84.7,2024-11-02 11:18:49
VH_07159,Tesla Model 3,106.1,121.2,-77.011673,112.470336,86.2,2024-11-17 01:42:12
VH_07160,Tesla Model 3,101.4,168.7,-31.002567,130.563579,81.0,2024-11-04 07:04:14
VH_07161,Toyota Camry,118.9,56.1,8.090686,23.717325,82.5,2024-11-27 18:19:58
VH_07162,Honda Civic,96.2,65.5,-37.778199,129.228136,80.2,2024-11-02 21:33:20
VH_07163,Hyundai Ioniq,109.7,142.0,44.391856,161.495936,92.0,2024-11-19 12:10:48
VH_07164,Tesla Model 3,60.8,100.1,-82.031038,-66.341107,74.7,2024-11-13 16:07:42
VH_07165,Honda Civic,98.4,117.5,-74.65999,178.005996,88.8,2024-11-12 22:48:26
VH_07166,Honda Civic,116.8,148.8,-79.905278,-140.135961,82.4,2024-11-19 22:56:32
VH_07167,Hyundai Ioniq,99.9,7.8,57.245543,39.333159,98.2,2024-11-09 19:58:53
VH_07168,BMW X5,111.1,46.3,1.060423,-38.211812,80.5,2024-11-22 02:13:48
VH_07169,Honda Civic,95.4,153.5,58.791937,-6.398105,73.3,2024-11-18 18:14:04
VH_07170,Honda Civic,100.5,99.4,-56.152924,-41.786596,72.6,2024-11-04 08:19:29
VH_07171,Toyota Camry,93.5,40.1,-21.986592,94.260975,95.5,2024-11-15 20:03:24
VH_07172,Toyota Camry,71.8,83.9,-39.243963,-161.119289,78.8,2024-11-07 21:05:58
VH_07173,Ford F-150,116.6,98.5,49.746718,112.417842,94.0,2024-11-22 01:55:53
VH_07174,Chevrolet Bolt,112.0,19.6,-30.763921,-53.954165,86.9,2024-11-04 17:50:57
VH_07175,Toyota Camry,115.2,107.3,-21.079912,61.83382,81.1,2024-11-25 19:48:51
VH_07176,BMW X5,85.7,4.9,49.138804,169.886618,84.1,2024-11-27 10:50:04
VH_07177,BMW X5,117.0,68.6,-72.732702,128.403671,92.5,2024-11-23 20:50:15
VH_07178,Ford F-150,87.1,165.8,39.494219,-126.204191,88.0,2024-11-07 11:56:41
VH_07179,Tesla Model 3,114.2,36.4,-69.87106,31.469291,88.4,2024-11-29 09:12:14
VH_07180,Chevrolet Bolt,110.4,143.1,54.955691,-141.949211,78.8,2024-11-19 01:16:33
VH_07181,Hyundai Ioniq,78.9,104.8,34.687942,12.815689,75.9,2024-11-27 20:16:11
VH_07182,Chevrolet Bolt,77.8,54.6,-49.258895,20.681647,90.0,2024-11-26 08:46:14
VH_07183,Tesla Model 3,109.5,67.3,70.350049,-52.673078,80.4,2024-11-23 01:31:01
VH_07184,Mercedes EQS,111.9,61.6,-13.655304,-17.284186,98.2,2024-11-23 18:12:56
VH_07185,BMW X5,91.8,61.9,-13.609935,-112.280856,70.6,2024-11-12 00:05:23
VH_07186,Honda Civic,107.0,157.1,-17.512936,34.139395,72.7,2024-11-14 18:57:24
VH_07187,BMW X5,90.0,175.0,57.991819,-17.698475,85.7,2024-11-19 14:40:23
VH_07188,Honda Civic,114.4,53.2,64.593488,-140.627606,93.7,2024-11-04 21:25:26
VH_07189,Chevrolet Bolt,88.9,174.7,-42.082701,29.140692,73.2,2024-11-28 21:04:04
VH_07190,Mercedes EQS,97.1,139.0,60.870261,-139.151501,94.1,2024-11-16 08:14:37
VH_07191,Hyundai Ioniq,73.1,144.1,57.787213,-158.955859,71.5,2024-11-06 17:22:05
VH_07192,Hyundai Ioniq,66.1,68.9,51.824669,-114.264777,88.4,2024-11-21 08:58:35
VH_07193,Toyota Camry,69.8,139.6,51.869171,1.55925,95.0,2024-11-12 14:20:17
VH_07194,BMW X5,108.6,32.0,76.038927,171.043572,76.0,2024-11-28 09:40:37
VH_07195,Tesla Model 3,91.0,54.8,-14.325588,0.044879,72.1,2024-11-07 03:10:41
VH_07196,Hyundai Ioniq,62.7,85.1,33.9082,-18.451688,82.7,2024-11-06 20:30:12
VH_07197,Honda Civic,117.9,105.3,24.907928,80.770464,84.1,2024-11-01 17:19:15
VH_07198,Hyundai Ioniq,97.1,170.4,-51.949252,63.186412,87.6,2024-11-13 09:43:18
VH_07199,Ford F-150,77.6,158.1,-21.26531,-40.815885,84.6,2024-11-06 05:15:37
VH_07200,Mercedes EQS,60.1,115.2,32.009401,-54.987584,75.0,2024-11-17 02:22:35
VH_07201,Honda Civic,63.0,46.9,-22.591288,70.173872,85.3,2024-11-20 10:07:25
VH_07202,Mercedes EQS,108.0,111.3,-62.993451,130.429578,96.0,2024-11-03 12:52:36
VH_07203,Tesla Model 3,,69.3,52.98903,79.576921,88.7,2024-11-24 05:16:57
VH_07204,Tesla Model 3,78.3,20.8,-41.014964,49.872807,72.5,2024-11-01 02:55:18
VH_07205,Toyota Camry,77.1,25.9,39.132395,179.845472,97.9,2024-11-23 16:21:13
VH_07206,Ford F-150,70.4,166.4,-85.059819,120.455648,82.9,2024-11-26 11:35:14
VH_07207,Honda Civic,98.5,5.0,29.149833,78.302894,90.1,2024-11-06 20:48:11
VH_07208,BMW X5,96.6,25.5,-75.497351,-23.84765,73.3,2024-11-12 10:02:30
VH_07209,Tesla Model 3,83.4,61.7,-49.327063,137.640014,94.2,2024-11-30 07:33:33
VH_07210,Hyundai Ioniq,60.1,133.7,23.801623,-145.421483,90.1,2024-11-18 09:03:35
VH_07211,Tesla Model 3,101.0,149.7,-14.053995,-33.224071,74.9,2024-11-08 10:23:43
VH_07212,Chevrolet Bolt,111.6,6.9,-22.292358,-157.334015,70.8,2024-11-05 21:03:40
VH_07213,Mercedes EQS,61.3,125.7,-85.591094,25.511439,81.4,2024-11-12 11:13:09
VH_07214,BMW X5,75.6,99.1,70.730422,10.68008,72.2,2024-11-13 22:01:46
VH_07215,Ford F-150,105.4,177.2,10.533427,-86.37496,83.3,2024-11-01 18:03:39
VH_07216,Chevrolet Bolt,88.1,124.3,-35.550413,-105.252231,79.3,2024-11-06 11:32:17
VH_07217,BMW X5,88.0,66.4,-12.736132,-41.215786,94.9,2024-11-30 03:31:17
VH_07218,Honda Civic,65.3,30.6,85.94115,30.130512,75.4,2024-11-19 03:09:46
VH_07219,Toyota Camry,,165.1,81.22976,31.416241,94.3,2024-11-04 23:39:48
VH_07220,Mercedes EQS,71.7,144.5,-19.427277,126.444922,85.1,2024-11-01 05:21:03
VH_07221,Ford F-150,87.6,68.1,-4.323122,-167.798589,90.8,2024-11-04 16:11:26
VH_07222,Tesla Model 3,97.2,152.1,6.328289,154.778388,71.9,2024-11-01 21:35:20
VH_07223,Mercedes EQS,97.6,15.8,29.772665,-10.758818,75.6,2024-11-05 00:03:54
VH_07224,Honda Civic,74.6,48.8,50.327567,-168.082159,98.8,2024-11-18 18:00:19
VH_07225,Tesla Model 3,106.3,28.8,-49.091879,-151.845327,86.5,2024-11-20 02:32:27
VH_07226,Honda Civic,84.7,166.1,-56.561922,-141.309979,85.3,2024-11-17 06:42:31
VH_07227,Tesla Model 3,102.0,172.9,2.934265,-135.050533,72.9,2024-11-28 12:34:21
VH_07228,Mercedes EQS,112.8,178.3,23.112756,-112.765498,75.4,2024-11-29 09:57:09
VH_07229,Ford F-150,112.5,45.9,64.252803,-170.144165,92.3,2024-11-21 23:27:36
VH_07230,Chevrolet Bolt,114.3,153.4,13.25667,-116.360815,73.8,2024-11-03 13:22:38
VH_07231,Toyota Camry,89.4,69.3,31.547279,114.90328,81.6,2024-11-27 18:49:30
VH_07232,Toyota Camry,116.3,30.2,54.656966,-58.514576,87.6,2024-11-15 07:15:56
VH_07233,Tesla Model 3,108.3,143.2,37.50341,-118.634056,80.5,2024-11-03 22:37:19
VH_07234,Mercedes EQS,64.6,31.5,4.890789,-166.226697,82.4,2024-11-22 22:28:53
VH_07235,Honda Civic,60.1,89.0,-70.024063,-57.550576,98.8,2024-11-15 21:35:32
VH_07236,Honda Civic,71.8,176.9,-62.103771,-158.578439,96.7,2024-11-18 09:04:31
VH_07237,Hyundai Ioniq,104.8,77.5,12.368088,-45.344161,75.6,2024-11-24 05:07:00
VH_07238,Mercedes EQS,103.7,142.1,-3.693977,55.489733,87.3,2024-11-30 04:37:42
VH_07239,Tesla Model 3,,47.1,-12.516727,27.391719,92.4,2024-11-27 02:53:51
VH_07240,BMW X5,108.5,13.0,69.403554,119.422157,91.9,2024-11-07 23:04:04
VH_07241,BMW X5,99.0,41.0,-80.784997,72.825428,91.7,2024-11-19 14:07:37
VH_07242,Honda Civic,83.2,124.3,-57.439419,-0.884284,74.5,2024-11-15 04:45:09
VH_07243,Tesla Model 3,107.1,75.2,-72.445336,12.42035,70.4,2024-11-11 00:35:23
VH_07244,Tesla Model 3,61.1,141.3,75.561688,-148.803883,91.3,2024-11-06 22:15:51
VH_07245,Honda Civic,74.3,145.4,71.710918,123.573862,93.5,2024-11-13 00:50:21
VH_07246,Tesla Model 3,100.6,127.2,2.904876,-119.697278,71.6,2024-11-12 05:23:06
VH_07247,Ford F-150,95.3,25.7,7.373553,-10.124996,75.4,2024-11-22 20:46:56
VH_07248,Toyota Camry,64.4,164.6,85.164175,-165.297001,74.2,2024-11-12 06:46:32
VH_07249,Toyota Camry,100.2,90.8,-85.950106,31.501603,70.4,2024-11-24 12:03:43
VH_07250,Toyota Camry,104.3,111.0,-39.290257,78.488285,96.3,2024-11-02 16:07:52
VH_07251,Hyundai Ioniq,87.8,140.9,-63.147619,-91.49052,99.0,2024-11-29 11:52:43
VH_07252,Toyota Camry,63.9,164.8,-31.923794,-68.993722,72.0,2024-11-06 22:46:07
VH_07253,BMW X5,87.6,116.8,-44.952252,62.144861,80.1,2024-11-06 21:29:44
VH_07254,Tesla Model 3,81.5,50.6,-59.31959,-99.75028,77.8,2024-11-03 00:17:30
VH_07255,Toyota Camry,103.1,117.5,81.702713,105.430832,97.4,2024-11-01 10:49:58
VH_07256,Mercedes EQS,96.4,114.0,-71.38286,-145.438377,70.0,2024-11-26 09:39:38
VH_07257,Hyundai Ioniq,76.4,58.5,-75.565161,36.654719,88.9,2024-11-29 21:39:29
VH_07258,Ford F-150,100.5,71.4,-87.999138,88.364181,90.4,2024-11-17 10:37:28
VH_07259,Ford F-150,111.8,175.2,-30.492666,160.54945,92.8,2024-11-27 13:18:19
VH_07260,Tesla Model 3,87.0,78.3,-49.553006,-111.64463,78.3,2024-11-26 10:33:30
VH_07261,Hyundai Ioniq,110.6,20.2,62.485526,58.907651,73.6,2024-11-21 17:37:58
VH_07262,Tesla Model 3,118.5,93.6,66.656165,-7.078309,93.4,2024-11-14 20:00:12
VH_07263,Chevrolet Bolt,106.1,36.3,-14.575355,69.26966,94.2,2024-11-17 17:54:18
VH_07264,Tesla Model 3,64.4,51.7,-69.322573,41.243175,84.8,2024-11-14 03:38:07
VH_07265,Tesla Model 3,80.5,107.9,-22.188729,119.457499,96.2,2024-11-12 14:09:33
VH_07266,Tesla Model 3,82.8,171.9,-78.263847,108.999275,88.5,2024-11-06 13:31:00
VH_07267,BMW X5,76.3,93.2,84.556054,179.660583,74.9,2024-11-16 12:56:31
VH_07268,Mercedes EQS,111.5,151.8,76.025406,-137.035653,76.5,2024-11-19 13:54:20
VH_07269,Honda Civic,118.2,144.2,58.503656,-4.460554,76.0,2024-11-29 03:47:12
VH_07270,Honda Civic,91.7,63.5,-28.767257,55.414373,86.8,2024-11-08 20:36:39
VH_07271,BMW X5,117.8,59.3,18.444112,143.374797,94.8,2024-11-18 12:57:42
VH_07272,Mercedes EQS,118.5,20.4,-55.660866,-155.094928,91.5,2024-11-20 19:54:15
VH_07273,Tesla Model 3,82.4,48.3,-65.990915,-113.976821,82.5,2024-11-11 15:36:23
VH_07274,Tesla Model 3,67.4,111.1,9.293439,105.13852,89.7,2024-11-25 02:47:30
VH_07275,Ford F-150,88.4,143.4,46.815327,-69.11334,97.7,2024-11-25 03:52:19
VH_07276,Tesla Model 3,90.1,98.8,-40.861428,-12.464199,73.3,2024-11-19 05:59:02
VH_07277,Honda Civic,85.5,74.9,77.254257,-50.624732,76.5,2024-11-30 02:00:45
VH_07278,Chevrolet Bolt,69.7,46.9,67.223638,159.971152,84.6,2024-11-30 00:27:57
VH_07279,Tesla Model 3,104.5,124.9,77.4422,-69.760976,82.5,2024-11-26 03:13:41
VH_07280,Tesla Model 3,95.5,54.0,-28.78796,-121.849927,75.7,2024-11-29 05:55:47
VH_07281,Toyota Camry,112.1,170.8,-84.582686,-144.704772,90.1,2024-11-27 06:11:50
VH_07282,Ford F-150,66.8,34.2,7.836564,-111.92607,70.5,2024-11-08 23:33:56
VH_07283,Ford F-150,61.8,63.7,-12.95064,52.832808,83.4,2024-11-08 23:30:53
VH_07284,Tesla Model 3,92.2,120.1,-16.560919,-162.837633,86.4,2024-11-21 20:32:51
VH_07285,Chevrolet Bolt,66.5,153.4,79.634297,96.616566,97.8,2024-11-21 22:22:10
VH_07286,Toyota Camry,118.6,124.2,16.673129,160.472603,71.0,2024-11-18 12:53:21
VH_07287,Hyundai Ioniq,64.5,147.4,-81.645259,51.866607,97.2,2024-11-12 17:08:59
VH_07288,Toyota Camry,74.1,21.8,51.32119,-71.283281,83.8,2024-11-15 05:41:37
VH_07289,Chevrolet Bolt,73.4,29.7,4.7482,-52.333445,95.7,2024-11-11 20:28:11
VH_07290,Honda Civic,73.8,73.4,62.707071,58.892968,98.6,2024-11-09 22:06:14
VH_07291,Honda Civic,68.8,161.9,51.769492,-0.785041,87.2,2024-11-07 11:55:25
VH_07292,Hyundai Ioniq,66.3,153.6,-58.621869,12.446814,72.1,2024-11-02 07:52:05
VH_07293,Tesla Model 3,79.4,3.6,-8.392437,39.755756,80.5,2024-11-26 06:56:19
VH_07294,Chevrolet Bolt,87.6,156.1,13.481694,60.385832,91.2,2024-11-19 07:13:14
VH_07295,Toyota Camry,118.6,39.0,16.334427,-14.867893,92.2,2024-11-22 20:40:27
VH_07296,Ford F-150,90.9,60.6,-42.134848,-86.002297,89.3,2024-11-14 07:01:00
VH_07297,Tesla Model 3,69.3,58.4,-17.476575,-105.90856,96.0,2024-11-24 03:34:10
VH_07298,Tesla Model 3,73.2,1.8,-49.90917,-177.517371,83.7,2024-11-19 12:03:55
VH_07299,Tesla Model 3,108.7,27.3,-38.803484,54.78461,81.0,2024-11-03 06:25:45
VH_07300,Hyundai Ioniq,114.5,114.0,55.34144,109.351798,87.8,2024-11-01 13:55:04
VH_07301,Tesla Model 3,66.5,24.5,-28.087917,-161.437951,89.9,2024-11-25 09:40:12
VH_07302,Tesla Model 3,89.7,118.2,-72.41032,-40.889106,82.5,2024-11-21 06:32:39
VH_07303,Ford F-150,87.0,88.8,23.701806,96.187593,77.1,2024-11-24 01:13:15
VH_07304,Chevrolet Bolt,115.5,126.7,-75.406653,-95.037367,98.8,2024-11-16 14:11:23
VH_07305,Chevrolet Bolt,75.8,133.3,-67.316188,65.173646,96.5,2024-11-15 14:08:07
VH_07306,Toyota Camry,115.4,69.7,-79.849335,-4.694603,93.5,2024-11-29 00:26:29
VH_07307,Tesla Model 3,,171.0,75.210353,52.717075,81.4,2024-11-30 10:35:45
VH_07308,Chevrolet Bolt,93.3,66.4,-36.443109,15.864603,96.0,2024-11-15 10:20:30
VH_07309,Tesla Model 3,78.6,91.7,18.978735,-35.419159,83.0,2024-11-27 19:13:00
VH_07310,Honda Civic,93.8,48.8,-41.015649,129.109478,97.2,2024-11-28 11:30:49
VH_07311,BMW X5,117.5,64.9,-12.884257,136.028908,72.0,2024-11-12 22:30:50
VH_07312,Tesla Model 3,62.7,14.7,35.586665,-131.938692,88.4,2024-11-15 06:13:57
VH_07313,BMW X5,65.4,4.6,-12.518475,33.687273,94.3,2024-11-09 06:50:12
VH_07314,Mercedes EQS,68.9,19.7,-65.39347,-113.235848,87.8,2024-11-11 19:12:00
VH_07315,Tesla Model 3,71.2,93.2,-65.262634,167.381046,99.9,2024-11-30 01:47:33
VH_07316,Ford F-150,81.6,82.0,2.172778,-104.037901,73.3,2024-11-12 14:58:44
VH_07317,Tesla Model 3,68.9,7.1,36.517933,-98.677653,84.8,2024-11-11 06:55:41
VH_07318,Honda Civic,64.1,80.0,-44.269603,-0.9454,97.3,2024-11-29 18:06:04
VH_07319,Ford F-150,104.6,156.5,-24.570893,154.770319,79.6,2024-11-16 11:24:43
VH_07320,Hyundai Ioniq,108.5,58.3,42.638053,25.39489,73.6,2024-11-14 02:52:03
VH_07321,Tesla Model 3,77.5,75.8,-80.27312,-93.633072,84.8,2024-11-14 22:16:30
VH_07322,Hyundai Ioniq,119.1,92.3,10.512085,-34.421929,71.0,2024-11-13 18:35:04
VH_07323,Hyundai Ioniq,115.7,53.7,42.861577,-49.395406,94.2,2024-11-03 10:01:45
VH_07324,Honda Civic,100.6,104.2,-45.319753,-1.121428,91.0,2024-11-28 20:43:40
VH_07325,Mercedes EQS,66.1,172.1,82.284111,10.505184,70.0,2024-11-21 18:41:19
VH_07326,Tesla Model 3,80.4,51.9,-41.120982,-177.570866,79.6,2024-11-09 18:45:15
VH_07327,Mercedes EQS,96.2,61.9,-3.124178,124.67666,97.6,2024-11-24 00:22:50
VH_07328,Hyundai Ioniq,90.1,11.1,9.499759,160.984028,81.9,2024-11-12 10:16:36
VH_07329,Honda Civic,63.3,17.6,4.652293,-80.478015,100.0,2024-11-09 20:20:42
VH_07330,Tesla Model 3,81.8,114.2,31.779479,-135.187444,78.3,2024-11-29 14:47:32
VH_07331,Toyota Camry,74.4,36.2,13.64968,-42.907953,76.7,2024-11-02 17:21:53
VH_07332,Ford F-150,66.2,5.2,-27.751198,90.844922,85.6,2024-11-14 23:12:40
VH_07333,Honda Civic,83.7,33.8,-34.852911,28.659956,70.6,2024-11-21 12:48:50
VH_07334,Honda Civic,86.2,166.5,-34.218143,-135.257354,81.3,2024-11-03 14:45:19
VH_07335,Hyundai Ioniq,79.4,80.9,-55.768088,79.731569,71.2,2024-11-18 10:01:16
VH_07336,Mercedes EQS,77.7,74.9,-56.489267,-100.06758,72.4,2024-11-11 06:32:46
VH_07337,Chevrolet Bolt,69.3,13.4,-81.566072,-135.23049,90.5,2024-11-02 23:24:35
VH_07338,Honda Civic,89.3,34.4,40.815554,168.049737,86.4,2024-11-02 15:09:42
VH_07339,Tesla Model 3,104.4,140.9,10.625383,102.347812,85.5,2024-11-28 17:41:22
VH_07340,Toyota Camry,93.1,166.3,75.068189,69.689927,82.5,2024-11-19 17:13:05
VH_07341,Honda Civic,90.6,91.3,77.569422,116.221549,98.1,2024-11-22 01:06:45
VH_07342,Honda Civic,95.8,38.5,71.787881,-156.230334,75.4,2024-11-07 19:25:31
VH_07343,Ford F-150,96.4,8.0,62.051559,-83.000684,80.8,2024-11-10 16:07:55
VH_07344,Ford F-150,73.8,67.8,21.899923,36.477746,78.0,2024-11-12 21:42:12
VH_07345,Tesla Model 3,76.9,106.7,56.8454,128.650231,75.3,2024-11-18 20:11:30
VH_07346,BMW X5,60.8,147.4,-29.474555,-96.417623,98.1,2024-11-26 07:14:54
VH_07347,Ford F-150,84.8,155.8,-83.650662,-114.30326,76.7,2024-11-08 21:12:16
VH_07348,Mercedes EQS,,164.3,19.497078,-43.3348,86.1,2024-11-20 08:27:15
VH_07349,Tesla Model 3,66.6,41.2,-26.127234,68.269926,80.9,2024-11-03 09:27:41
VH_07350,Toyota Camry,97.6,16.6,36.730924,143.548333,95.4,2024-11-19 07:07:16
VH_07351,Tesla Model 3,65.5,28.7,52.440659,-130.121919,79.2,2024-11-20 23:53:49
VH_07352,Tesla Model 3,105.7,0.6,-43.707004,96.242589,72.7,2024-11-01 18:29:26
VH_07353,Tesla Model 3,63.2,159.7,25.962239,-38.50969,78.3,2024-11-06 00:07:00
VH_07354,Toyota Camry,79.3,106.0,-43.442394,163.223802,85.8,2024-11-18 10:24:30
VH_07355,Honda Civic,76.0,66.9,-1.501776,88.056713,72.7,2024-11-24 16:57:05
VH_07356,Ford F-150,116.1,1.2,49.696544,-20.955584,99.7,2024-11-20 21:47:08
VH_07357,Ford F-150,73.4,37.5,-54.37623,-87.356015,95.4,2024-11-27 12:55:26
VH_07358,Chevrolet Bolt,64.5,10.9,46.793818,114.163562,70.9,2024-11-02 04:32:01
VH_07359,Mercedes EQS,70.6,164.5,-76.99263,-132.283565,83.9,2024-11-02 08:42:45
VH_07360,Hyundai Ioniq,83.9,158.5,-22.8172,29.586306,99.3,2024-11-23 20:35:21
VH_07361,Chevrolet Bolt,77.8,20.0,-66.720406,1.057537,85.0,2024-11-09 11:28:48
VH_07362,Honda Civic,118.4,31.6,52.078995,-88.739478,97.0,2024-11-08 05:04:57
VH_07363,Tesla Model 3,102.6,46.1,28.686792,139.151827,99.5,2024-11-23 22:54:36
VH_07364,Hyundai Ioniq,93.8,172.0,-74.475658,-24.284392,73.3,2024-11-04 09:39:54
VH_07365,Ford F-150,91.5,53.0,15.872356,125.685867,88.9,2024-11-28 12:13:23
VH_07366,Tesla Model 3,64.5,27.5,67.146853,68.382628,90.6,2024-11-07 03:51:13
VH_07367,Toyota Camry,95.7,15.6,-26.927483,149.51354,80.3,2024-11-29 16:01:19
VH_07368,Toyota Camry,112.4,38.0,70.561813,37.235077,85.6,2024-11-03 06:06:24
VH_07369,Toyota Camry,115.3,29.1,-40.690264,-118.822637,87.8,2024-11-18 11:45:31
VH_07370,Tesla Model 3,89.8,52.6,-9.755751,59.48972,78.3,2024-11-15 20:18:42
VH_07371,Toyota Camry,83.4,37.7,28.598959,-42.141025,84.4,2024-11-28 15:15:04
VH_07372,BMW X5,80.3,21.8,-72.252682,-174.793103,98.5,2024-11-19 01:48:08
VH_07373,Chevrolet Bolt,69.9,13.3,65.496808,11.210161,80.5,2024-11-29 09:26:31
VH_07374,Hyundai Ioniq,92.4,13.0,-54.82644,107.219004,91.8,2024-11-26 13:44:35
VH_07375,Honda Civic,62.0,118.3,86.220239,-96.409076,77.1,2024-11-19 00:45:20
VH_07376,BMW X5,74.8,105.4,37.856342,-117.843606,91.6,2024-11-28 22:21:42
VH_07377,Tesla Model 3,77.2,80.9,-52.374001,-10.927659,86.4,2024-11-05 23:40:41
VH_07378,Hyundai Ioniq,110.0,15.6,46.096071,-102.746622,74.8,2024-11-23 19:23:04
VH_07379,Mercedes EQS,88.9,10.2,-72.194345,-151.653819,75.4,2024-11-11 19:37:21
VH_07380,BMW X5,86.3,49.6,-28.201205,-81.402093,94.9,2024-11-19 03:51:25
VH_07381,Ford F-150,67.3,168.9,46.742506,-96.550934,89.2,2024-11-01 05:53:50
VH_07382,Toyota Camry,80.3,177.2,61.384092,-15.999212,81.1,2024-11-26 18:17:43
VH_07383,Chevrolet Bolt,110.1,132.6,-76.760612,-39.243607,99.2,2024-11-18 03:27:23
VH_07384,Chevrolet Bolt,100.4,16.7,-11.060828,101.928885,81.6,2024-11-08 11:37:20
VH_07385,Toyota Camry,73.0,9.5,-69.528885,132.571418,79.1,2024-11-24 11:33:46
VH_07386,Hyundai Ioniq,69.6,174.3,56.814251,-134.815315,98.9,2024-11-14 18:54:48
VH_07387,Mercedes EQS,116.8,101.6,37.112408,-65.743821,81.5,2024-11-15 02:34:02
VH_07388,Toyota Camry,65.9,119.1,50.729825,-83.489778,70.3,2024-11-26 04:42:13
VH_07389,Toyota Camry,73.5,132.4,54.829825,59.309775,88.2,2024-11-08 17:50:07
VH_07390,Tesla Model 3,,176.9,-6.084689,41.7112,90.8,2024-11-30 18:33:25
VH_07391,Honda Civic,111.6,110.8,16.38657,105.69432,82.8,2024-11-28 23:16:10
VH_07392,Mercedes EQS,73.6,19.0,69.214412,-172.066699,95.4,2024-11-26 09:47:53
VH_07393,Ford F-150,104.5,60.0,73.491544,69.870626,97.9,2024-11-06 20:15:42
VH_07394,Chevrolet Bolt,89.2,76.2,-32.300909,-10.036078,90.3,2024-11-26 12:47:25
VH_07395,Mercedes EQS,85.8,146.2,8.429174,-61.251113,91.9,2024-11-27 17:16:49
VH_07396,Tesla Model 3,72.1,100.2,77.646559,-47.638129,89.6,2024-11-18 18:18:53
VH_07397,Chevrolet Bolt,77.9,10.9,66.579577,-58.61981,97.6,2024-11-05 01:09:13
VH_07398,Hyundai Ioniq,116.4,71.8,51.326735,20.721466,72.7,2024-11-27 08:53:36
VH_07399,Honda Civic,65.5,68.5,51.018722,125.106158,99.5,2024-11-26 23:25:23
VH_07400,Tesla Model 3,76.3,177.9,10.709281,-64.662311,90.9,2024-11-30 20:18:30
VH_07401,Mercedes EQS,111.9,81.5,-7.55562,-143.9533,98.6,2024-11-28 17:40:01
VH_07402,Chevrolet Bolt,61.5,34.6,87.792764,170.487106,92.8,2024-11-14 22:38:39
VH_07403,Mercedes EQS,101.2,100.8,20.345727,100.487356,81.5,2024-11-17 16:53:31
VH_07404,Mercedes EQS,117.9,146.4,24.314191,40.228363,80.6,2024-11-02 01:31:19
VH_07405,Honda Civic,85.3,176.2,-27.424485,45.231813,75.1,2024-11-14 03:37:41
VH_07406,Tesla Model 3,116.5,31.3,3.450937,-19.755387,98.0,2024-11-30 19:32:53
VH_07407,Tesla Model 3,71.3,36.5,-69.247907,-73.622132,84.0,2024-11-03 11:48:42
VH_07408,Hyundai Ioniq,94.4,157.4,67.806211,85.49387,82.7,2024-11-28 08:14:12
VH_07409,Tesla Model 3,69.0,140.5,12.210748,178.829271,80.7,2024-11-22 11:10:52
VH_07410,Toyota Camry,67.1,1.0,11.772939,128.32541,76.0,2024-11-22 14:19:31
VH_07411,BMW X5,108.1,143.5,-82.767885,-37.115707,81.1,2024-11-14 07:27:15
VH_07412,Tesla Model 3,98.8,65.5,13.926483,-102.999136,70.5,2024-11-23 04:13:41
VH_07413,Toyota Camry,74.5,139.6,-22.591817,103.815624,90.7,2024-11-03 22:47:17
VH_07414,Tesla Model 3,106.1,93.0,-89.282969,-35.759676,94.6,2024-11-28 08:43:16
VH_07415,Ford F-150,67.4,79.6,69.63756,-79.824056,87.4,2024-11-21 09:02:16
VH_07416,Honda Civic,95.0,24.4,39.622636,95.346992,97.3,2024-11-04 09:54:59
VH_07417,Hyundai Ioniq,116.8,173.0,-8.643474,41.683093,93.4,2024-11-02 10:07:50
VH_07418,Chevrolet Bolt,105.3,80.5,-89.723598,69.411226,85.9,2024-11-27 02:23:13
VH_07419,Honda Civic,70.1,38.4,-10.31474,150.829762,93.9,2024-11-01 03:09:04
VH_07420,Chevrolet Bolt,116.5,79.3,-82.976234,-155.12688,90.0,2024-11-15 13:43:09
VH_07421,Tesla Model 3,119.1,51.1,-74.291629,152.448008,73.8,2024-11-28 20:11:45
VH_07422,Tesla Model 3,68.6,3.9,-51.336035,-34.573614,89.6,2024-11-13 19:36:20
VH_07423,BMW X5,62.1,33.2,41.400389,116.264914,90.0,2024-11-13 19:01:03
VH_07424,Tesla Model 3,61.4,106.1,-51.256243,69.056558,85.4,2024-11-06 22:04:58
VH_07425,Ford F-150,63.6,139.7,-56.146709,149.280428,73.1,2024-11-27 06:34:41
VH_07426,Ford F-150,98.5,158.6,77.838158,88.822229,79.2,2024-11-02 05:01:21
VH_07427,Honda Civic,107.4,23.8,-1.06716,-51.073278,96.6,2024-11-27 10:31:13
VH_07428,Toyota Camry,83.8,66.4,9.787127,34.168838,84.8,2024-11-25 13:50:12
VH_07429,Tesla Model 3,102.1,53.8,27.98759,-87.020877,96.4,2024-11-09 06:54:32
VH_07430,Hyundai Ioniq,107.5,71.7,89.030879,-120.570226,80.0,2024-11-15 16:45:06
VH_07431,Tesla Model 3,117.6,16.8,35.37842,123.602923,91.0,2024-11-24 13:31:47
VH_07432,BMW X5,83.2,146.7,7.961089,143.233185,79.0,2024-11-03 14:15:46
VH_07433,Honda Civic,84.4,142.9,74.214328,-82.83977,70.8,2024-11-04 09:46:25
VH_07434,Ford F-150,62.3,18.1,54.084194,-82.625211,95.5,2024-11-06 13:37:41
VH_07435,Mercedes EQS,66.3,124.3,-80.499716,-36.999203,92.2,2024-11-02 02:46:05
VH_07436,Toyota Camry,108.9,109.9,74.30436,-121.324158,92.0,2024-11-05 11:36:28
VH_07437,Mercedes EQS,76.3,32.5,-86.659233,-163.023577,75.8,2024-11-16 03:30:44
VH_07438,Toyota Camry,62.1,106.5,-39.377312,-102.830502,87.6,2024-11-15 10:08:40
VH_07439,Chevrolet Bolt,,61.9,-11.598261,11.196519,81.7,2024-11-08 04:30:52
VH_07440,Honda Civic,108.5,134.1,37.437025,-3.038891,93.0,2024-11-23 05:32:41
VH_07441,Chevrolet Bolt,68.3,88.6,-52.441698,8.930224,86.7,2024-11-24 19:50:19
VH_07442,Tesla Model 3,114.9,55.6,-19.9255,-173.760422,83.3,2024-11-14 23:34:07
VH_07443,Mercedes EQS,88.5,103.8,-76.288946,-22.917117,84.3,2024-11-14 16:03:14
VH_07444,Hyundai Ioniq,111.2,13.3,-63.973752,-147.056315,78.4,2024-11-23 12:04:38
VH_07445,Toyota Camry,106.4,155.4,83.813605,58.880543,94.6,2024-11-30 00:10:36
VH_07446,Tesla Model 3,95.6,89.0,-55.501546,112.465647,95.5,2024-11-15 04:10:52
VH_07447,Ford F-150,66.9,134.4,40.898027,-128.528977,84.7,2024-11-21 04:46:31
VH_07448,Ford F-150,77.8,120.2,-65.933898,119.169098,79.4,2024-11-22 14:34:29
VH_07449,Chevrolet Bolt,105.6,75.8,69.044159,-162.157748,70.8,2024-11-25 07:41:42
VH_07450,Toyota Camry,102.3,64.8,-60.653211,-137.807623,76.7,2024-11-14 15:12:18
VH_07451,Ford F-150,113.8,128.5,-24.52615,-69.211495,97.5,2024-11-11 14:13:44
VH_07452,Chevrolet Bolt,64.8,90.1,61.324856,-129.794611,97.6,2024-11-19 17:19:48
VH_07453,Toyota Camry,81.2,170.8,-25.795623,28.17588,91.4,2024-11-14 06:17:01
VH_07454,BMW X5,78.9,72.9,-25.922066,-79.085779,89.8,2024-11-25 01:55:17
VH_07455,Tesla Model 3,116.1,144.8,83.558752,77.192602,76.6,2024-11-25 18:40:06
VH_07456,Honda Civic,115.0,137.6,51.223155,163.878846,97.3,2024-11-11 07:35:12
VH_07457,BMW X5,106.7,29.1,-13.819222,72.593821,92.3,2024-11-10 16:33:10
VH_07458,Hyundai Ioniq,112.3,51.1,89.638203,68.825673,74.0,2024-11-15 20:42:25
VH_07459,Tesla Model 3,60.8,51.1,2.464595,-66.460199,88.6,2024-11-03 13:29:30
VH_07460,BMW X5,90.1,137.6,82.192255,-110.915339,81.0,2024-11-15 05:10:07
VH_07461,Tesla Model 3,63.4,107.2,-74.590993,146.400422,84.4,2024-11-18 03:46:13
VH_07462,Toyota Camry,87.4,135.3,-83.454048,-14.822083,86.2,2024-11-13 09:43:16
VH_07463,Ford F-150,92.6,89.6,-83.541186,144.642184,80.0,2024-11-11 06:36:25
VH_07464,Hyundai Ioniq,76.3,173.2,-69.793146,147.871705,99.3,2024-11-02 19:32:06
VH_07465,Tesla Model 3,101.9,160.2,-58.453463,82.099492,90.7,2024-11-03 02:46:53
VH_07466,Toyota Camry,93.7,105.4,-89.535659,-111.166765,93.7,2024-11-08 00:49:37
VH_07467,Tesla Model 3,101.9,17.4,-29.357792,26.407961,87.2,2024-11-18 21:11:23
VH_07468,Tesla Model 3,70.4,48.2,19.365759,-21.807241,83.0,2024-11-17 09:52:55
VH_07469,Toyota Camry,108.1,68.2,-81.707436,16.517776,73.3,2024-11-23 20:02:59
VH_07470,Toyota Camry,72.3,98.6,30.704247,-125.585276,80.7,2024-11-27 01:59:38
VH_07471,Honda Civic,64.2,51.7,85.561212,70.34942,88.7,2024-11-23 19:17:26
VH_07472,Toyota Camry,109.4,117.8,-29.172382,-67.842049,95.8,2024-11-27 11:27:37
VH_07473,Ford F-150,63.8,155.6,64.724817,143.103045,82.3,2024-11-25 04:58:02
VH_07474,BMW X5,82.8,21.3,-47.782137,-174.785989,73.7,2024-11-11 03:28:40
VH_07475,Hyundai Ioniq,105.8,46.3,-82.515736,-106.522431,79.8,2024-11-29 08:27:18
VH_07476,Honda Civic,115.6,40.3,-54.210155,-141.386463,73.5,2024-11-04 14:48:03
VH_07477,Honda Civic,113.9,33.2,-54.382768,75.032364,81.4,2024-11-19 20:18:54
VH_07478,Toyota Camry,96.3,172.8,75.974328,109.962706,99.2,2024-11-04 19:11:25
VH_07479,Tesla Model 3,95.5,171.8,-43.583536,94.702131,70.1,2024-11-15 03:33:16
VH_07480,Ford F-150,66.8,23.6,-28.222259,174.741163,78.3,2024-11-28 01:59:11
VH_07481,Ford F-150,116.0,67.0,21.434439,-26.762379,71.8,2024-11-24 06:41:46
VH_07482,Toyota Camry,66.5,36.4,33.342892,-46.990365,76.3,2024-11-12 20:56:09
VH_07483,Honda Civic,114.5,49.6,66.784946,-53.948538,85.0,2024-11-01 03:44:42
VH_07484,Ford F-150,81.0,66.2,-64.44769,165.096572,77.8,2024-11-12 14:10:27
VH_07485,Chevrolet Bolt,93.5,174.7,73.357747,111.340048,72.6,2024-11-10 15:31:47
VH_07486,Chevrolet Bolt,100.8,138.1,-2.432865,-179.233516,80.1,2024-11-24 06:24:55
VH_07487,Hyundai Ioniq,62.5,132.8,-78.869446,131.661836,87.0,2024-11-26 16:08:43
VH_07488,Mercedes EQS,118.7,44.7,-13.305764,-20.887139,72.9,2024-11-11 08:59:37
VH_07489,Hyundai Ioniq,104.4,134.8,34.172852,-37.250397,76.1,2024-11-29 00:39:55
VH_07490,Ford F-150,78.5,4.2,30.349211,-114.630116,78.6,2024-11-18 09:47:02
VH_07491,Tesla Model 3,107.9,34.3,21.239381,25.212717,74.8,2024-11-22 14:23:16
VH_07492,Hyundai Ioniq,90.7,134.2,-63.163014,106.16251,96.6,2024-11-06 20:16:43
VH_07493,Tesla Model 3,113.1,66.2,22.485838,110.835175,70.4,2024-11-03 14:38:06
VH_07494,Toyota Camry,99.5,50.7,-7.145702,149.172524,81.5,2024-11-27 08:35:57
VH_07495,Tesla Model 3,74.4,89.9,85.613875,-122.951381,95.4,2024-11-08 12:53:27
VH_07496,Ford F-150,104.8,167.3,-48.278023,-62.960442,71.3,2024-11-27 12:29:12
VH_07497,Chevrolet Bolt,72.9,106.5,16.297497,-99.751934,94.9,2024-11-19 21:39:28
VH_07498,Tesla Model 3,102.0,157.0,-54.659868,73.247931,76.9,2024-11-06 07:45:03
VH_07499,Hyundai Ioniq,95.1,84.6,35.695274,0.826621,89.7,2024-11-14 12:36:16
VH_07500,Tesla Model 3,75.4,64.8,38.992321,75.512214,70.4,2024-11-10 07:49:03
VH_07501,Mercedes EQS,98.9,151.0,7.647866,1.580338,94.8,2024-11-18 12:07:21
VH_07502,Hyundai Ioniq,88.5,148.7,67.867977,153.40683,73.4,2024-11-09 13:44:00
VH_07503,Chevrolet Bolt,84.7,58.0,73.69584,7.087976,99.6,2024-11-07 07:24:41
VH_07504,Chevrolet Bolt,67.5,132.0,-27.428607,-150.962963,89.0,2024-11-29 12:19:04
VH_07505,Honda Civic,109.7,40.9,-36.4507,64.527333,84.1,2024-11-29 01:56:22
VH_07506,Ford F-150,92.5,179.5,65.311692,-164.386768,93.2,2024-11-13 10:00:09
VH_07507,Ford F-150,101.8,100.2,84.226661,-148.309927,87.7,2024-11-19 07:14:43
VH_07508,Toyota Camry,99.0,63.5,64.065325,-131.924778,89.9,2024-11-13 13:05:24
VH_07509,Hyundai Ioniq,114.9,30.7,-10.409282,-137.790019,94.2,2024-11-02 09:56:41
VH_07510,Hyundai Ioniq,79.6,168.3,85.744845,153.456901,96.0,2024-11-30 12:11:44
VH_07511,Chevrolet Bolt,67.0,19.7,58.881779,176.886324,97.1,2024-11-15 23:12:49
VH_07512,Mercedes EQS,115.8,172.4,45.085972,87.723897,81.7,2024-11-07 00:37:48
VH_07513,Tesla Model 3,73.1,139.8,-85.752229,-14.862632,91.3,2024-11-10 08:40:54
VH_07514,Hyundai Ioniq,105.8,118.1,-60.644929,-171.856198,93.6,2024-11-09 23:47:06
VH_07515,Ford F-150,117.4,1.3,77.254441,172.2452,99.5,2024-11-25 23:17:55
VH_07516,Tesla Model 3,74.4,138.7,21.082254,57.047403,99.6,2024-11-17 01:42:01
VH_07517,Tesla Model 3,107.6,179.2,32.77931,-24.281843,75.5,2024-11-13 19:32:12
VH_07518,Honda Civic,75.9,65.9,1.156458,-12.275789,77.0,2024-11-18 15:13:37
VH_07519,Hyundai Ioniq,107.4,102.3,29.990196,4.618455,85.5,2024-11-16 06:15:47
VH_07520,Honda Civic,81.5,152.8,18.048771,40.100214,84.5,2024-11-02 14:46:35
VH_07521,Tesla Model 3,97.8,142.8,-38.974923,21.709212,79.6,2024-11-16 06:14:22
VH_07522,Ford F-150,68.2,151.5,-32.147687,82.332911,85.1,2024-11-22 22:49:24
VH_07523,Tesla Model 3,110.4,156.3,14.008616,-113.106856,85.1,2024-11-28 08:12:32
VH_07524,Mercedes EQS,74.3,117.4,31.708443,67.250759,83.7,2024-11-21 19:11:15
VH_07525,Mercedes EQS,68.8,9.2,22.754414,-21.443563,88.3,2024-11-18 04:15:46
VH_07526,Tesla Model 3,81.4,149.3,53.082882,-111.987993,87.9,2024-11-19 03:57:53
VH_07527,Honda Civic,67.2,153.7,-67.272966,135.217421,90.7,2024-11-23 22:47:42
VH_07528,Tesla Model 3,93.5,67.8,-0.572013,113.967875,71.5,2024-11-01 18:59:51
VH_07529,Chevrolet Bolt,83.6,172.0,2.97259,60.417101,71.6,2024-11-19 17:41:55
VH_07530,Chevrolet Bolt,87.3,21.0,-7.851727,156.582785,77.7,2024-11-01 23:08:16
VH_07531,Hyundai Ioniq,118.0,12.0,22.824964,-33.638358,86.4,2024-11-09 20:37:17
VH_07532,Honda Civic,90.9,84.4,42.08778,-19.397558,83.9,2024-11-21 06:12:10
VH_07533,Ford F-150,74.8,52.9,-89.990386,-45.473657,86.8,2024-11-28 00:57:29
VH_07534,Mercedes EQS,91.7,5.0,-47.591314,-148.051794,72.6,2024-11-29 13:22:21
VH_07535,Tesla Model 3,105.0,101.8,-43.559962,-174.565942,98.9,2024-11-01 23:38:53
VH_07536,Ford F-150,63.0,48.1,28.976856,-87.157365,94.1,2024-11-23 22:47:08
VH_07537,Tesla Model 3,64.3,31.3,-32.336606,107.933725,99.0,2024-11-06 03:56:18
VH_07538,Tesla Model 3,110.7,59.1,-29.810869,120.417374,77.8,2024-11-02 11:04:15
VH_07539,Tesla Model 3,116.9,100.8,32.322144,-113.578122,73.4,2024-11-27 19:39:57
VH_07540,Tesla Model 3,73.7,5.4,2.511351,54.741225,76.9,2024-11-18 00:39:10
VH_07541,Mercedes EQS,64.5,78.0,21.691663,48.79544,95.2,2024-11-06 23:45:20
VH_07542,BMW X5,67.6,159.3,86.397727,-106.163559,79.8,2024-11-03 15:48:56
VH_07543,Mercedes EQS,93.0,76.1,33.718241,156.017072,93.5,2024-11-11 12:39:16
VH_07544,Mercedes EQS,117.1,69.0,55.401796,-175.642712,96.2,2024-11-03 23:41:38
VH_07545,Ford F-150,60.6,9.5,-28.173299,135.414592,91.3,2024-11-15 01:36:00
VH_07546,Toyota Camry,65.7,97.3,-57.960805,82.809972,70.7,2024-11-05 17:18:40
VH_07547,Honda Civic,103.5,7.3,21.653873,-81.569983,97.4,2024-11-28 10:27:10
VH_07548,BMW X5,109.0,57.8,-71.773816,-111.546116,74.4,2024-11-15 02:46:33
VH_07549,Tesla Model 3,81.1,120.5,-61.865357,-75.489961,91.3,2024-11-04 05:44:10
VH_07550,Tesla Model 3,75.6,52.8,9.396844,156.068194,74.1,2024-11-27 15:49:22
VH_07551,Honda Civic,112.4,69.2,7.11512,-101.107971,98.4,2024-11-09 11:18:20
VH_07552,Honda Civic,92.2,152.9,40.698309,162.162368,82.3,2024-11-25 07:14:36
VH_07553,BMW X5,84.5,128.9,-16.332181,146.556837,88.3,2024-11-16 18:42:09
VH_07554,Tesla Model 3,90.6,152.6,-10.96626,165.893943,95.6,2024-11-04 21:55:59
VH_07555,Tesla Model 3,89.5,119.9,-12.788513,23.470332,75.4,2024-11-12 20:25:12
VH_07556,Tesla Model 3,75.2,46.2,54.754707,53.375556,99.3,2024-11-13 09:05:53
VH_07557,Toyota Camry,60.3,117.4,9.539278,-61.603189,95.7,2024-11-25 09:07:38
VH_07558,Toyota Camry,95.8,129.5,42.327697,-119.290911,92.5,2024-11-03 19:59:03
VH_07559,Chevrolet Bolt,112.5,20.6,89.304203,-68.551253,81.6,2024-11-17 00:18:41
VH_07560,Tesla Model 3,61.9,179.8,77.489012,20.21727,70.4,2024-11-04 15:27:13
VH_07561,Hyundai Ioniq,90.5,80.0,60.313829,179.898658,70.9,2024-11-04 12:42:38
VH_07562,Toyota Camry,113.7,128.1,7.142784,70.226317,92.7,2024-11-23 22:49:21
VH_07563,Ford F-150,66.8,7.9,-7.372545,3.111785,89.3,2024-11-14 10:54:41
VH_07564,Toyota Camry,75.2,56.9,67.879882,98.885075,95.3,2024-11-07 12:17:22
VH_07565,Hyundai Ioniq,88.2,16.1,58.931644,69.989621,86.9,2024-11-17 02:35:42
VH_07566,Honda Civic,112.9,1.4,-40.94399,81.519388,90.4,2024-11-07 09:37:25
VH_07567,Hyundai Ioniq,113.9,94.6,78.454584,-154.491955,80.2,2024-11-05 07:07:09
VH_07568,Hyundai Ioniq,86.0,122.5,65.978084,126.002551,70.2,2024-11-25 20:58:15
VH_07569,Chevrolet Bolt,91.3,175.3,-5.133994,-28.312467,92.3,2024-11-06 04:26:38
VH_07570,Tesla Model 3,87.5,80.2,-61.181617,2.546171,79.8,2024-11-21 20:32:17
VH_07571,Honda Civic,117.9,123.3,-75.927083,91.943975,86.9,2024-11-18 05:37:16
VH_07572,Tesla Model 3,93.5,130.0,39.798172,-2.78973,74.3,2024-11-21 04:53:46
VH_07573,BMW X5,116.5,153.2,16.355845,173.130588,91.7,2024-11-12 11:56:37
VH_07574,Mercedes EQS,88.3,44.5,-72.466362,105.492957,94.5,2024-11-16 11:41:32
VH_07575,Hyundai Ioniq,71.6,81.8,28.675304,128.895622,87.4,2024-11-11 02:49:46
VH_07576,Tesla Model 3,92.6,20.6,88.666437,60.188808,88.8,2024-11-28 21:27:37
VH_07577,Hyundai Ioniq,99.9,89.1,76.097169,-24.630879,95.5,2024-11-07 12:31:39
VH_07578,Chevrolet Bolt,87.5,112.1,59.955013,153.119624,86.1,2024-11-04 22:54:40
VH_07579,Ford F-150,118.1,26.0,46.179926,89.444216,71.4,2024-11-19 08:08:49
VH_07580,Tesla Model 3,105.8,5.8,29.901131,96.042426,97.6,2024-11-16 10:38:37
VH_07581,Tesla Model 3,98.0,123.1,88.939093,-163.772157,74.3,2024-11-11 20:10:35
VH_07582,Toyota Camry,114.5,73.1,38.90505,-33.670133,91.5,2024-11-07 08:36:08
VH_07583,BMW X5,113.3,105.8,-21.223019,143.831588,97.8,2024-11-01 08:49:51
VH_07584,Honda Civic,98.1,38.6,45.458506,-1.627887,73.8,2024-11-27 16:36:25
VH_07585,Tesla Model 3,87.3,175.6,-69.143675,126.856507,92.2,2024-11-22 03:49:16
VH_07586,Ford F-150,83.1,161.4,4.04253,96.592906,75.4,2024-11-12 02:37:57
VH_07587,BMW X5,91.4,156.5,27.670329,-84.40367,81.9,2024-11-16 18:10:47
VH_07588,Mercedes EQS,77.5,70.9,-89.461933,55.564646,91.5,2024-11-20 13:47:00
VH_07589,Honda Civic,91.6,59.7,1.145535,37.93785,93.5,2024-11-12 14:42:36
VH_07590,Tesla Model 3,64.2,13.9,59.001231,86.622322,75.7,2024-11-02 12:46:22
VH_07591,Toyota Camry,77.8,17.1,18.899412,178.4203,79.0,2024-11-26 19:48:55
VH_07592,Toyota Camry,85.0,156.6,44.652903,-78.042907,82.4,2024-11-13 12:50:00
VH_07593,Mercedes EQS,106.5,123.3,46.399939,53.636859,99.9,2024-11-05 16:28:38
VH_07594,Chevrolet Bolt,72.9,76.5,28.827353,79.269331,81.6,2024-11-14 23:21:19
VH_07595,Mercedes EQS,89.2,9.6,-50.264265,-21.372325,70.5,2024-11-22 09:25:37
VH_07596,Hyundai Ioniq,67.5,23.9,73.753973,-26.752933,96.2,2024-11-20 03:48:26
VH_07597,Toyota Camry,112.3,136.3,-85.293068,119.408921,93.0,2024-11-21 07:54:56
VH_07598,BMW X5,60.4,23.7,10.64954,29.340784,88.8,2024-11-03 12:44:12
VH_07599,Toyota Camry,90.4,2.1,55.825795,-80.817071,98.5,2024-11-24 04:10:41
VH_07600,Mercedes EQS,61.1,135.9,79.285331,-19.916623,83.9,2024-11-08 08:32:11
VH_07601,Chevrolet Bolt,95.9,139.5,75.136445,155.055296,76.8,2024-11-16 07:07:24
VH_07602,Mercedes EQS,91.3,172.9,-11.463252,-157.664443,92.1,2024-11-02 17:42:44
VH_07603,Honda Civic,82.3,100.0,46.595448,27.115985,91.4,2024-11-19 21:04:35
VH_07604,Honda Civic,86.2,89.3,61.879252,-119.329602,73.3,2024-11-22 09:58:05
VH_07605,Tesla Model 3,96.2,153.4,-64.482866,-146.613344,73.7,2024-11-21 08:06:47
VH_07606,Hyundai Ioniq,100.0,77.5,-46.744353,71.541238,92.4,2024-11-24 00:54:39
VH_07607,Tesla Model 3,61.6,12.2,-11.334871,14.859257,96.3,2024-11-13 14:28:33
VH_07608,Hyundai Ioniq,74.8,24.1,-31.293797,-147.024062,87.6,2024-11-20 19:24:18
VH_07609,Tesla Model 3,93.3,16.2,-86.736693,-167.219818,90.4,2024-11-12 17:41:14
VH_07610,Tesla Model 3,112.7,176.1,25.532936,-39.255546,73.5,2024-11-17 04:05:45
VH_07611,Toyota Camry,104.8,130.9,65.390104,-93.754859,80.3,2024-11-04 21:31:52
VH_07612,Tesla Model 3,90.0,68.4,75.273019,-178.808063,97.7,2024-11-19 08:21:18
VH_07613,Chevrolet Bolt,110.4,6.3,84.398616,148.101556,91.1,2024-11-28 19:13:42
VH_07614,Tesla Model 3,90.4,12.3,-22.366064,10.51197,76.1,2024-11-08 05:01:58
VH_07615,Ford F-150,92.5,58.4,89.541828,176.719826,93.2,2024-11-15 12:17:22
VH_07616,Tesla Model 3,100.2,99.6,11.057776,21.270219,96.2,2024-11-12 00:42:37
VH_07617,Honda Civic,78.0,128.4,-20.739311,-153.070659,80.2,2024-11-14 19:56:26
VH_07618,Toyota Camry,99.6,148.9,-20.305018,-144.897563,98.3,2024-11-26 12:21:43
VH_07619,Mercedes EQS,100.6,23.5,-78.592361,113.222195,74.8,2024-11-08 13:14:31
VH_07620,Chevrolet Bolt,99.1,112.5,-46.776017,109.786426,86.4,2024-11-11 00:57:44
VH_07621,Tesla Model 3,,122.9,-82.994752,-95.433287,74.8,2024-11-25 13:05:49
VH_07622,Ford F-150,96.1,173.6,-25.437991,-14.015056,84.0,2024-11-23 09:49:41
VH_07623,Tesla Model 3,117.0,133.9,77.773544,150.01704,89.3,2024-11-02 01:12:27
VH_07624,Honda Civic,111.4,66.6,-84.334564,-134.499022,93.2,2024-11-30 13:33:54
VH_07625,Tesla Model 3,104.7,34.7,-20.653045,30.384518,90.8,2024-11-10 09:14:27
VH_07626,BMW X5,116.5,168.2,2.256069,138.830438,77.6,2024-11-16 12:03:31
VH_07627,Tesla Model 3,102.8,24.3,-22.594285,-75.473046,96.0,2024-11-13 09:49:51
VH_07628,Toyota Camry,70.1,61.4,66.008764,-154.407096,72.7,2024-11-12 09:51:21
VH_07629,Tesla Model 3,104.2,26.6,68.576972,10.047825,82.9,2024-11-06 06:27:53
VH_07630,Mercedes EQS,104.1,167.0,-51.559433,-54.796767,73.0,2024-11-12 00:47:56
VH_07631,Toyota Camry,67.4,118.1,-46.057104,-129.715442,76.2,2024-11-21 09:50:22
VH_07632,BMW X5,101.3,9.7,-57.52627,162.47854,98.4,2024-11-18 23:35:03
VH_07633,Mercedes EQS,70.6,166.4,-76.246807,-137.810649,73.1,2024-11-29 10:31:09
VH_07634,Toyota Camry,94.3,38.9,41.553079,2.65391,87.5,2024-11-11 08:27:49
VH_07635,Ford F-150,72.4,108.2,58.150324,-112.232392,94.2,2024-11-30 08:32:59
VH_07636,Hyundai Ioniq,98.7,101.2,88.57188,-27.804289,97.9,2024-11-08 20:25:13
VH_07637,Ford F-150,,136.5,72.63299,-124.82944,86.9,2024-11-25 14:04:25
VH_07638,Toyota Camry,92.7,47.9,-53.292933,-65.59273,99.9,2024-11-26 05:01:52
VH_07639,Toyota Camry,119.1,44.7,79.670241,1.976004,86.8,2024-11-18 14:09:31
VH_07640,Ford F-150,91.5,139.2,-2.524019,162.436187,87.8,2024-11-25 06:49:41
VH_07641,Tesla Model 3,84.5,89.1,-80.734294,-79.389084,82.6,2024-11-14 06:30:26
VH_07642,Toyota Camry,72.0,62.0,13.478098,80.035127,89.0,2024-11-19 12:34:40
VH_07643,Tesla Model 3,76.4,124.3,80.38002,30.156943,90.6,2024-11-23 21:41:05
VH_07644,Mercedes EQS,68.7,7.3,-2.777194,-45.848825,99.5,2024-11-08 10:12:02
VH_07645,Toyota Camry,98.4,99.8,9.441397,-147.370162,83.9,2024-11-27 06:10:26
VH_07646,Ford F-150,106.5,146.7,58.471033,-111.518192,90.2,2024-11-06 05:33:16
VH_07647,BMW X5,97.4,64.3,1.709328,-30.031201,85.7,2024-11-06 04:17:30
VH_07648,Chevrolet Bolt,106.8,150.3,6.979569,-89.226966,80.2,2024-11-14 10:58:41
VH_07649,Ford F-150,85.3,102.0,69.079097,-112.219705,92.7,2024-11-21 05:21:58
VH_07650,Ford F-150,75.6,122.8,-79.522941,61.036362,72.2,2024-11-24 00:11:28
VH_07651,Honda Civic,109.9,106.8,-16.563156,-148.724247,91.1,2024-11-15 20:24:28
VH_07652,Tesla Model 3,83.3,93.5,-41.737777,30.711189,85.7,2024-11-30 10:44:24
VH_07653,Honda Civic,102.7,84.7,-81.155449,-164.428536,73.5,2024-11-13 11:14:07
VH_07654,Tesla Model 3,116.3,30.0,-51.467556,50.566464,96.8,2024-11-29 14:35:17
VH_07655,Toyota Camry,82.6,63.1,-29.746858,-53.311192,75.3,2024-11-29 12:12:42
VH_07656,Mercedes EQS,118.7,4.1,30.906078,-76.066878,83.0,2024-11-14 04:07:26
VH_07657,BMW X5,108.7,51.8,28.3968,76.74008,81.8,2024-11-04 05:16:06
VH_07658,Toyota Camry,89.7,58.2,44.634068,-21.171898,85.7,2024-11-07 07:26:25
VH_07659,Tesla Model 3,72.8,78.1,35.655533,-175.721253,71.1,2024-11-25 14:56:23
VH_07660,Tesla Model 3,88.6,169.4,-47.873702,103.086822,76.6,2024-11-18 05:48:52
VH_07661,Chevrolet Bolt,102.0,137.4,-6.272101,-81.011114,83.1,2024-11-13 04:11:37
VH_07662,Ford F-150,77.8,1.2,37.235899,-15.663454,79.6,2024-11-17 08:54:42
VH_07663,Tesla Model 3,66.6,175.4,57.916724,-105.624165,94.5,2024-11-15 03:01:11
VH_07664,Chevrolet Bolt,120.0,134.3,86.709024,-10.826413,74.0,2024-11-24 15:11:29
VH_07665,BMW X5,97.3,76.0,-49.667475,0.355253,85.2,2024-11-12 09:05:03
VH_07666,Ford F-150,61.2,26.1,70.983225,117.438362,71.5,2024-11-17 02:26:37
VH_07667,BMW X5,110.7,174.1,-62.609315,-105.273008,75.1,2024-11-05 01:34:08
VH_07668,Tesla Model 3,102.2,142.3,62.670477,45.70522,80.1,2024-11-23 23:57:14
VH_07669,Hyundai Ioniq,92.9,75.4,83.937183,-46.159267,78.7,2024-11-01 21:33:54
VH_07670,Ford F-150,65.3,93.3,-19.339726,3.860222,84.1,2024-11-20 09:12:16
VH_07671,Chevrolet Bolt,78.2,14.3,1.680071,-146.927099,87.0,2024-11-22 08:25:46
VH_07672,Tesla Model 3,66.5,164.0,57.892298,67.919894,73.8,2024-11-04 20:42:43
VH_07673,Toyota Camry,117.3,142.4,69.231947,98.855147,92.5,2024-11-29 15:19:36
VH_07674,Honda Civic,70.2,96.9,47.555345,-11.921018,91.0,2024-11-14 02:41:02
VH_07675,Ford F-150,95.8,77.8,-23.197268,84.157406,86.0,2024-11-26 15:56:59
VH_07676,Chevrolet Bolt,92.2,35.4,88.343165,-9.894699,76.9,2024-11-23 15:40:22
VH_07677,Chevrolet Bolt,87.7,56.0,34.625481,105.204296,75.6,2024-11-13 19:43:42
VH_07678,Tesla Model 3,104.6,107.2,-53.623122,135.317219,89.5,2024-11-30 03:08:17
VH_07679,BMW X5,86.5,23.0,-55.771653,-20.439885,73.1,2024-11-08 00:57:33
VH_07680,BMW X5,79.9,48.7,53.5814,-122.515535,76.6,2024-11-12 21:39:18
VH_07681,Ford F-150,95.5,81.4,36.258944,-172.709742,90.3,2024-11-13 03:50:10
VH_07682,Honda Civic,80.2,172.9,6.005415,-31.079933,76.5,2024-11-14 02:35:43
VH_07683,Mercedes EQS,74.6,101.4,68.752858,168.614031,82.0,2024-11-07 04:39:37
VH_07684,Tesla Model 3,87.5,57.7,-28.927789,-86.387674,99.8,2024-11-14 21:12:53
VH_07685,Honda Civic,60.9,27.0,54.961291,171.550087,93.5,2024-11-29 23:26:50
VH_07686,Tesla Model 3,95.4,93.6,-29.916283,-33.334706,70.1,2024-11-28 17:38:09
VH_07687,BMW X5,85.1,118.7,-19.72778,-20.79653,76.1,2024-11-29 05:26:38
VH_07688,Honda Civic,71.2,166.2,31.168678,-109.913684,89.1,2024-11-02 13:20:10
VH_07689,BMW X5,102.2,161.9,14.683075,35.027767,91.4,2024-11-28 12:36:50
VH_07690,Ford F-150,100.8,96.0,17.857967,-114.141601,70.5,2024-11-28 23:36:32
VH_07691,Honda Civic,74.1,175.6,-46.203476,-154.680594,70.4,2024-11-10 04:28:42
VH_07692,Toyota Camry,67.8,1.0,43.783872,-150.573392,80.0,2024-11-08 06:38:26
VH_07693,Chevrolet Bolt,102.4,46.9,-18.853684,-77.072979,77.6,2024-11-16 14:28:56
VH_07694,Mercedes EQS,113.1,130.9,61.138952,-127.962922,89.3,2024-11-16 23:14:32
VH_07695,Honda Civic,78.3,68.8,42.5859,131.21938,94.9,2024-11-14 23:28:46
VH_07696,Toyota Camry,93.3,150.7,-87.927963,118.774684,81.2,2024-11-17 01:55:11
VH_07697,Chevrolet Bolt,77.2,1.3,-67.030523,178.098482,92.1,2024-11-11 21:30:59
VH_07698,Ford F-150,119.7,119.1,65.806306,-146.132691,78.9,2024-11-09 12:33:21
VH_07699,Honda Civic,77.1,121.7,28.697589,-158.349944,73.7,2024-11-23 09:25:06
VH_07700,Hyundai Ioniq,70.7,49.1,-61.755778,18.780696,78.9,2024-11-02 13:05:56
VH_07701,Tesla Model 3,107.6,72.5,48.594071,-66.053937,76.7,2024-11-17 08:11:46
VH_07702,Toyota Camry,87.9,151.5,-70.361045,156.721267,70.4,2024-11-07 15:46:53
VH_07703,Tesla Model 3,111.3,143.4,32.326756,48.034648,71.4,2024-11-19 15:38:49
VH_07704,Tesla Model 3,,164.6,-62.975658,-1.435527,71.1,2024-11-09 04:36:58
VH_07705,Tesla Model 3,119.8,15.1,50.708962,82.465575,75.7,2024-11-26 22:42:25
VH_07706,Ford F-150,61.0,69.9,-34.417647,41.789038,82.3,2024-11-08 04:55:17
VH_07707,Toyota Camry,73.8,171.9,-24.827665,-48.161227,83.2,2024-11-29 11:35:32
VH_07708,Hyundai Ioniq,106.8,155.9,-88.674479,67.976966,91.9,2024-11-07 11:24:24
VH_07709,Mercedes EQS,108.1,54.0,32.653729,78.668591,73.6,2024-11-02 22:02:17
VH_07710,Hyundai Ioniq,110.6,0.0,-23.220971,56.327808,84.6,2024-11-14 13:31:29
VH_07711,Chevrolet Bolt,71.3,45.8,55.75872,137.276947,78.2,2024-11-05 18:52:14
VH_07712,Tesla Model 3,66.5,160.0,1.667432,-114.601993,78.6,2024-11-11 21:23:08
VH_07713,Chevrolet Bolt,112.1,134.1,13.88067,-157.775916,70.8,2024-11-12 21:06:36
VH_07714,Mercedes EQS,112.7,28.5,84.893153,112.127726,76.5,2024-11-29 01:01:26
VH_07715,Honda Civic,68.1,129.0,-33.354936,139.364005,85.2,2024-11-06 20:15:04
VH_07716,Mercedes EQS,71.2,42.0,-83.479927,-130.49951,91.4,2024-11-30 23:33:52
VH_07717,Hyundai Ioniq,110.9,9.4,46.837446,35.89696,95.4,2024-11-17 11:30:04
VH_07718,BMW X5,68.5,16.5,-30.84752,-7.40834,89.2,2024-11-09 16:39:53
VH_07719,Chevrolet Bolt,111.4,119.2,-74.015651,-74.412667,89.6,2024-11-12 23:33:26
VH_07720,Ford F-150,110.4,128.1,21.42536,-70.320016,91.2,2024-11-28 17:16:53
VH_07721,Honda Civic,96.4,96.7,-74.39557,-33.635718,70.6,2024-11-06 03:37:18
VH_07722,Chevrolet Bolt,99.3,153.3,45.231123,-141.11098,78.3,2024-11-11 03:30:27
VH_07723,Chevrolet Bolt,108.8,124.4,89.908322,-151.792335,78.8,2024-11-01 01:26:04
VH_07724,Chevrolet Bolt,117.7,121.4,72.364088,21.539285,74.1,2024-11-02 07:53:52
VH_07725,Toyota Camry,99.9,68.5,-63.784232,45.213367,88.9,2024-11-30 21:52:21
VH_07726,Tesla Model 3,97.9,127.0,-55.71609,96.009107,74.4,2024-11-28 08:04:28
VH_07727,Honda Civic,96.6,23.5,87.511577,82.654813,73.8,2024-11-16 07:28:24
VH_07728,Mercedes EQS,84.7,131.5,21.394152,-145.949915,92.9,2024-11-22 14:05:11
VH_07729,Tesla Model 3,64.3,176.5,-6.494956,110.755008,96.7,2024-11-16 02:00:09
VH_07730,Honda Civic,102.3,17.4,-86.087519,171.806006,83.5,2024-11-16 14:11:47
VH_07731,Toyota Camry,74.9,134.5,-34.290704,46.845554,83.6,2024-11-03 02:41:29
VH_07732,Honda Civic,71.9,71.3,-13.440493,17.313505,84.2,2024-11-27 18:04:28
VH_07733,Chevrolet Bolt,109.6,103.4,79.546915,117.142641,91.3,2024-11-07 15:00:14
VH_07734,Tesla Model 3,68.5,126.3,-37.99551,-83.482541,74.2,2024-11-05 11:34:00
VH_07735,Ford F-150,83.4,176.6,28.184851,-64.910274,71.8,2024-11-16 11:58:17
VH_07736,Honda Civic,104.9,23.4,-28.358457,14.6505,85.6,2024-11-01 20:49:19
VH_07737,Hyundai Ioniq,77.4,149.2,44.71848,15.632022,91.2,2024-11-27 15:58:04
VH_07738,Hyundai Ioniq,114.0,175.7,-28.529639,87.245898,79.0,2024-11-23 09:08:54
VH_07739,Toyota Camry,110.6,26.2,-67.706331,-35.92391,85.4,2024-11-16 05:23:24
VH_07740,Tesla Model 3,73.4,171.8,-25.319172,-110.905833,78.9,2024-11-11 02:47:00
VH_07741,Honda Civic,98.2,75.1,-8.333096,3.557711,75.9,2024-11-06 17:20:29
VH_07742,Toyota Camry,102.7,163.7,79.650273,1.217375,90.6,2024-11-03 02:25:59
VH_07743,Chevrolet Bolt,84.0,60.8,4.247081,173.583261,77.7,2024-11-03 12:21:00
VH_07744,Toyota Camry,108.5,78.7,42.161096,113.138525,72.4,2024-11-23 20:32:11
VH_07745,Tesla Model 3,101.9,139.7,48.696982,159.518494,77.5,2024-11-15 09:37:51
VH_07746,Tesla Model 3,119.8,114.6,-35.857673,133.35599,99.5,2024-11-28 08:17:20
VH_07747,Tesla Model 3,107.7,135.9,-86.851091,-46.069117,79.6,2024-11-14 03:00:39
VH_07748,Chevrolet Bolt,65.2,135.8,-52.063778,120.496371,94.2,2024-11-28 16:28:40
VH_07749,Toyota Camry,115.7,105.1,72.663839,147.338427,75.5,2024-11-25 22:27:25
VH_07750,Chevrolet Bolt,97.4,103.2,30.095884,140.462028,99.7,2024-11-15 08:45:27
VH_07751,Tesla Model 3,117.0,163.3,70.225026,117.280104,82.3,2024-11-11 15:47:43
VH_07752,Tesla Model 3,,50.1,64.441055,116.488076,80.2,2024-11-28 13:16:27
VH_07753,Tesla Model 3,112.2,175.0,5.662813,62.631561,91.3,2024-11-04 06:14:04
VH_07754,Hyundai Ioniq,71.8,99.5,-59.673897,61.317481,71.9,2024-11-17 07:57:50
VH_07755,Toyota Camry,93.8,28.9,-71.587694,-142.306624,96.1,2024-11-25 11:08:25
VH_07756,Hyundai Ioniq,112.5,68.6,-45.966392,-142.094888,72.5,2024-11-19 06:04:31
VH_07757,Chevrolet Bolt,113.9,66.4,-49.90365,46.410213,96.0,2024-11-01 00:32:00
VH_07758,Ford F-150,100.8,147.7,56.255565,-107.096579,87.4,2024-11-02 23:13:42
VH_07759,Toyota Camry,83.8,53.2,-7.478876,142.411369,81.0,2024-11-16 23:54:52
VH_07760,BMW X5,94.0,152.9,-42.365344,-39.636231,91.8,2024-11-22 12:10:29
VH_07761,Toyota Camry,80.4,171.9,-63.802353,1.597994,91.7,2024-11-30 21:11:41
VH_07762,BMW X5,68.9,135.8,66.621094,-85.662209,73.0,2024-11-20 01:54:40
VH_07763,Honda Civic,109.2,76.2,57.366371,-30.178535,81.8,2024-11-16 07:31:23
VH_07764,BMW X5,84.1,2.5,-51.727182,-42.176843,80.2,2024-11-20 00:44:54
VH_07765,Ford F-150,66.9,10.0,12.664456,-32.83642,87.1,2024-11-30 02:05:18
VH_07766,Tesla Model 3,113.1,33.1,70.478311,51.331447,97.9,2024-11-12 00:00:22
VH_07767,Hyundai Ioniq,72.1,108.1,-59.014185,147.074831,72.5,2024-11-21 04:09:54
VH_07768,Honda Civic,91.6,179.9,17.72842,-77.604379,83.4,2024-11-15 01:31:23
VH_07769,Honda Civic,104.2,40.2,-45.487441,86.196861,71.7,2024-11-03 14:00:28
VH_07770,Ford F-150,116.9,169.8,-3.984166,98.101561,71.4,2024-11-11 10:09:57
VH_07771,Tesla Model 3,119.9,6.6,-30.91879,17.148808,90.7,2024-11-05 20:17:49
VH_07772,BMW X5,104.4,119.4,-24.742092,-68.636043,91.6,2024-11-27 05:18:41
VH_07773,Toyota Camry,98.3,113.0,-19.30275,4.05042,79.4,2024-11-15 15:17:29
VH_07774,Honda Civic,111.2,67.8,83.797175,60.658578,81.1,2024-11-22 22:23:44
VH_07775,Tesla Model 3,78.4,143.8,-85.383549,126.703271,96.3,2024-11-10 20:09:51
VH_07776,Tesla Model 3,112.9,23.4,50.414093,-34.293673,74.3,2024-11-05 18:44:56
VH_07777,Honda Civic,118.1,25.5,-7.779982,-32.363294,92.4,2024-11-17 08:12:04
VH_07778,Tesla Model 3,85.1,41.7,19.331025,-43.969643,90.4,2024-11-03 03:35:22
VH_07779,Mercedes EQS,114.2,89.6,-0.932865,-121.287494,93.6,2024-11-10 11:30:18
VH_07780,Toyota Camry,102.7,74.2,79.661599,-14.566673,83.0,2024-11-18 02:50:54
VH_07781,Honda Civic,104.6,172.2,23.170552,-29.997294,70.8,2024-11-08 14:14:39
VH_07782,Chevrolet Bolt,66.6,128.4,43.385311,-134.215151,75.9,2024-11-29 06:14:17
VH_07783,Toyota Camry,108.9,61.1,-9.254912,-84.000243,77.9,2024-11-05 05:45:42
VH_07784,Tesla Model 3,76.3,129.2,-56.903778,-145.308622,94.0,2024-11-04 13:09:46
VH_07785,Mercedes EQS,95.7,165.7,75.2924,-7.804251,94.2,2024-11-28 06:41:51
VH_07786,Tesla Model 3,91.2,137.0,-1.600716,-175.481829,89.0,2024-11-06 14:59:53
VH_07787,Tesla Model 3,105.9,174.5,-88.297097,-110.422356,77.5,2024-11-02 22:55:40
VH_07788,Toyota Camry,79.7,107.9,-54.134702,63.662785,71.7,2024-11-28 14:31:41
VH_07789,Chevrolet Bolt,71.0,179.0,8.552616,37.754896,82.5,2024-11-28 18:25:47
VH_07790,Mercedes EQS,62.6,35.0,79.88442,119.295358,87.6,2024-11-18 09:39:21
VH_07791,Hyundai Ioniq,72.8,124.7,47.514127,155.96483,71.6,2024-11-15 09:29:53
VH_07792,Chevrolet Bolt,65.9,70.0,-18.717386,48.934161,99.6,2024-11-05 17:49:29
VH_07793,BMW X5,60.2,36.2,-38.862719,-54.199005,87.2,2024-11-21 08:35:22
VH_07794,Ford F-150,108.5,140.8,78.010262,-75.331742,85.4,2024-11-01 23:08:19
VH_07795,Hyundai Ioniq,115.1,56.6,27.448314,142.12152,99.9,2024-11-29 06:51:53
VH_07796,Ford F-150,102.7,64.8,37.514695,-88.888869,91.6,2024-11-03 14:18:58
VH_07797,Honda Civic,105.8,43.9,-7.235861,117.654428,86.2,2024-11-30 01:09:14
VH_07798,Toyota Camry,87.5,123.9,-29.101382,-78.740068,95.9,2024-11-13 18:34:47
VH_07799,Tesla Model 3,80.2,165.0,72.985122,136.373851,88.5,2024-11-17 14:22:11
VH_07800,Toyota Camry,86.3,146.2,27.360634,166.152088,87.7,2024-11-30 03:34:18
VH_07801,Chevrolet Bolt,83.7,137.9,36.025042,105.568707,83.4,2024-11-26 03:03:39
VH_07802,Tesla Model 3,77.7,132.0,-17.666551,-97.806496,76.4,2024-11-18 09:55:58
VH_07803,Ford F-150,91.0,15.1,-54.82768,-22.369997,87.6,2024-11-12 02:18:52
VH_07804,Ford F-150,118.4,43.6,45.753635,-108.482161,96.2,2024-11-18 02:11:17
VH_07805,Mercedes EQS,97.8,71.0,47.534094,-59.966792,71.2,2024-11-03 21:51:15
VH_07806,Tesla Model 3,79.8,6.1,36.991705,-82.631027,73.6,2024-11-21 19:07:48
VH_07807,Tesla Model 3,70.6,130.8,-17.078845,-135.443952,77.2,2024-11-10 10:26:15
VH_07808,BMW X5,117.5,15.9,53.377605,-174.02972,99.5,2024-11-24 15:52:05
VH_07809,Tesla Model 3,67.7,12.4,25.188041,-27.066573,81.4,2024-11-10 01:48:54
VH_07810,Chevrolet Bolt,87.1,24.0,30.047704,4.013919,71.0,2024-11-13 05:56:25
VH_07811,BMW X5,78.6,123.8,68.528988,-96.023319,73.6,2024-11-03 10:22:48
VH_07812,Honda Civic,98.4,126.3,-4.027319,-174.595148,98.8,2024-11-29 00:25:48
VH_07813,Chevrolet Bolt,92.9,78.5,-34.916263,-97.983009,97.3,2024-11-29 10:51:47
VH_07814,Tesla Model 3,76.7,171.6,77.801188,151.223465,82.2,2024-11-06 11:39:08
VH_07815,Ford F-150,81.8,117.1,61.015941,-105.59278,81.7,2024-11-20 19:07:18
VH_07816,BMW X5,64.9,135.1,31.07102,123.841574,90.6,2024-11-11 08:13:25
VH_07817,Toyota Camry,71.4,41.0,-18.166075,-122.566514,85.1,2024-11-22 10:00:18
VH_07818,BMW X5,119.1,97.6,-16.006776,172.301352,75.9,2024-11-02 09:22:41
VH_07819,Tesla Model 3,104.8,174.5,-82.102007,-127.510973,91.6,2024-11-17 16:06:55
VH_07820,Chevrolet Bolt,104.7,49.4,-37.466325,159.885896,79.9,2024-11-05 20:09:26
VH_07821,Chevrolet Bolt,99.6,94.6,10.494034,-99.792642,74.8,2024-11-04 03:57:27
VH_07822,Tesla Model 3,107.4,114.0,-0.798796,-55.379533,83.5,2024-11-10 10:06:17
VH_07823,BMW X5,104.6,175.6,-20.390926,157.190231,99.1,2024-11-21 19:13:33
VH_07824,BMW X5,84.0,23.2,-52.607356,177.352099,92.2,2024-11-11 03:13:58
VH_07825,Toyota Camry,74.4,90.9,-8.464104,-2.118381,95.4,2024-11-14 01:07:12
VH_07826,Tesla Model 3,99.8,3.0,3.278485,-119.852926,90.2,2024-11-02 11:40:26
VH_07827,Chevrolet Bolt,114.0,136.2,50.537037,-88.661317,86.7,2024-11-18 19:50:43
VH_07828,Chevrolet Bolt,92.4,86.3,-44.279524,-144.9083,87.4,2024-11-12 07:56:16
VH_07829,Tesla Model 3,62.7,139.7,33.487153,-16.112148,94.0,2024-11-13 19:34:14
VH_07830,Hyundai Ioniq,95.4,41.8,67.890527,7.573214,94.9,2024-11-03 09:42:34
VH_07831,Hyundai Ioniq,61.7,128.8,-23.829625,77.330505,76.6,2024-11-28 20:09:53
VH_07832,Honda Civic,102.2,106.2,66.734595,95.926572,83.5,2024-11-21 13:37:05
VH_07833,Honda Civic,117.4,155.1,36.757992,-114.70415,71.2,2024-11-25 23:45:12
VH_07834,Ford F-150,118.8,135.0,-29.604518,85.176865,95.7,2024-11-29 09:19:16
VH_07835,Hyundai Ioniq,78.0,35.5,45.193508,101.603037,85.4,2024-11-01 09:39:16
VH_07836,Hyundai Ioniq,82.0,167.4,-16.021175,-89.361038,93.7,2024-11-04 20:39:54
VH_07837,Honda Civic,101.3,89.2,-82.669376,101.050105,93.3,2024-11-22 13:21:55
VH_07838,Tesla Model 3,108.2,99.7,-27.951416,66.66914,91.1,2024-11-13 03:42:18
VH_07839,Honda Civic,67.9,30.9,2.640427,159.966611,87.4,2024-11-14 22:23:01
VH_07840,Chevrolet Bolt,93.5,46.6,12.926316,-145.18253,85.2,2024-11-10 19:51:44
VH_07841,Tesla Model 3,102.7,62.4,69.987182,-40.015421,85.6,2024-11-30 04:40:03
VH_07842,Honda Civic,108.2,11.8,78.012457,124.418557,81.5,2024-11-25 04:21:40
VH_07843,Tesla Model 3,66.2,89.8,9.298593,-17.073846,79.4,2024-11-06 17:55:03
VH_07844,Toyota Camry,84.1,34.9,-66.653736,145.567145,95.3,2024-11-21 12:40:15
VH_07845,Chevrolet Bolt,115.4,32.4,48.214015,146.675784,92.0,2024-11-24 22:17:00
VH_07846,Honda Civic,84.9,152.5,-29.661036,18.591545,82.6,2024-11-23 08:12:29
VH_07847,Hyundai Ioniq,85.6,140.2,-50.594552,-127.725528,72.9,2024-11-09 01:51:44
VH_07848,Honda Civic,93.7,14.8,68.376314,-6.302345,87.3,2024-11-25 14:54:37
VH_07849,Toyota Camry,77.9,47.8,37.887519,16.13325,80.4,2024-11-30 00:46:10
VH_07850,Toyota Camry,90.8,124.3,-3.445798,-29.169951,74.2,2024-11-26 21:11:06
VH_07851,Hyundai Ioniq,63.5,25.9,-50.496296,-140.543404,81.2,2024-11-21 07:55:08
VH_07852,BMW X5,,29.6,-49.34379,38.557051,70.6,2024-11-22 15:16:56
VH_07853,Chevrolet Bolt,74.7,166.3,51.59516,-113.951252,78.2,2024-11-24 18:13:56
VH_07854,Honda Civic,117.6,133.8,39.277077,-143.056955,74.0,2024-11-28 19:59:32
VH_07855,Toyota Camry,104.7,151.1,62.347676,-19.358227,71.9,2024-11-18 21:07:05
VH_07856,Chevrolet Bolt,76.1,163.3,-10.485637,-12.344728,73.6,2024-11-10 19:59:57
VH_07857,Mercedes EQS,79.0,174.8,4.24998,33.811012,82.0,2024-11-23 13:19:48
VH_07858,Ford F-150,83.7,140.6,-73.1834,88.967373,72.0,2024-11-08 23:56:03
VH_07859,Hyundai Ioniq,101.2,50.5,48.614926,76.321838,78.1,2024-11-07 08:09:49
VH_07860,Tesla Model 3,102.8,8.2,2.311951,145.105532,80.0,2024-11-27 22:53:50
VH_07861,Honda Civic,92.5,102.0,-39.223417,50.398641,81.2,2024-11-15 19:48:08
VH_07862,Honda Civic,115.6,139.2,52.952979,98.986666,86.5,2024-11-08 17:25:27
VH_07863,Mercedes EQS,78.0,137.0,23.135614,152.493074,75.4,2024-11-25 01:08:19
VH_07864,Toyota Camry,88.1,61.0,-8.777082,-98.0977,85.6,2024-11-20 20:30:58
VH_07865,Hyundai Ioniq,64.6,174.5,89.855611,-103.487027,87.8,2024-11-07 07:35:16
VH_07866,Mercedes EQS,109.0,177.3,89.305616,-108.035499,96.6,2024-11-24 17:03:24
VH_07867,Toyota Camry,108.2,173.5,28.580862,122.187418,85.6,2024-11-30 03:52:31
VH_07868,Tesla Model 3,78.6,101.2,83.139542,96.455621,74.4,2024-11-26 06:54:37
VH_07869,Chevrolet Bolt,107.8,42.1,19.833287,-140.706331,98.6,2024-11-05 12:26:09
VH_07870,Tesla Model 3,119.4,91.2,57.08237,-87.408094,78.3,2024-11-26 18:24:04
VH_07871,Honda Civic,69.8,170.1,-75.727693,-119.617958,93.7,2024-11-16 04:49:24
VH_07872,Tesla Model 3,113.1,80.5,-83.593753,26.954935,81.3,2024-11-14 21:10:45
VH_07873,Ford F-150,105.2,27.4,88.51351,46.193542,93.6,2024-11-08 08:21:56
VH_07874,Chevrolet Bolt,69.2,52.3,-7.000148,107.997113,95.2,2024-11-08 14:02:04
VH_07875,Honda Civic,115.1,76.3,76.229046,-86.257499,97.5,2024-11-21 09:58:13
VH_07876,Tesla Model 3,63.2,34.1,84.823709,-21.655415,72.0,2024-11-03 11:30:34
VH_07877,Tesla Model 3,114.9,171.1,-22.550959,77.708678,81.0,2024-11-18 03:37:12
VH_07878,Tesla Model 3,90.5,95.1,40.761556,174.002013,93.3,2024-11-22 23:54:37
VH_07879,Chevrolet Bolt,101.3,82.6,85.567777,-8.793599,93.1,2024-11-28 00:09:19
VH_07880,Honda Civic,116.0,115.6,21.196054,67.72415,91.5,2024-11-23 22:25:33
VH_07881,Ford F-150,92.8,90.2,-2.214254,-61.551754,93.9,2024-11-05 07:00:51
VH_07882,Tesla Model 3,95.4,21.5,23.501708,-25.438791,77.1,2024-11-10 23:17:27
VH_07883,Hyundai Ioniq,76.0,90.6,-6.673487,27.024821,84.3,2024-11-17 17:35:32
VH_07884,Tesla Model 3,119.2,158.0,47.082807,-176.555266,71.5,2024-11-01 21:41:15
VH_07885,Honda Civic,89.2,141.2,51.991125,91.795471,71.3,2024-11-16 22:44:58
VH_07886,Ford F-150,91.0,144.6,-83.078947,-160.173167,97.0,2024-11-01 04:48:59
VH_07887,Chevrolet Bolt,116.0,178.9,67.657793,153.448234,79.1,2024-11-10 23:08:23
VH_07888,Tesla Model 3,63.2,142.3,-7.220519,-74.369791,76.5,2024-11-25 13:52:41
VH_07889,Ford F-150,119.1,76.2,72.241166,-140.161389,96.0,2024-11-14 08:28:09
VH_07890,BMW X5,120.0,174.9,-19.121204,-173.518679,81.1,2024-11-20 18:04:06
VH_07891,Tesla Model 3,102.1,176.7,89.67249,-133.627317,81.6,2024-11-08 21:10:30
VH_07892,Tesla Model 3,83.3,9.4,-73.095,179.314844,78.7,2024-11-05 22:31:15
VH_07893,Toyota Camry,90.6,89.9,-48.743627,-126.996353,87.8,2024-11-20 03:01:44
VH_07894,Honda Civic,119.7,19.7,9.176471,-107.232388,87.6,2024-11-26 06:40:45
VH_07895,Tesla Model 3,71.5,106.2,-55.465456,-54.306823,85.1,2024-11-21 18:58:13
VH_07896,Honda Civic,114.5,132.1,-9.608479,150.663429,95.8,2024-11-26 16:52:16
VH_07897,Toyota Camry,77.8,123.4,70.867731,38.821608,85.0,2024-11-06 11:25:52
VH_07898,Hyundai Ioniq,72.8,21.7,-1.515903,-108.832512,73.9,2024-11-26 04:26:26
VH_07899,Toyota Camry,105.7,111.4,36.649655,123.313909,79.6,2024-11-05 11:58:28
VH_07900,Tesla Model 3,112.9,85.0,-22.958591,-65.197033,94.2,2024-11-02 07:19:16
VH_07901,Chevrolet Bolt,80.1,53.5,-31.867011,-110.82249,78.8,2024-11-06 11:24:18
VH_07902,Chevrolet Bolt,85.3,150.1,-82.698495,-8.347657,93.9,2024-11-08 16:15:11
VH_07903,Tesla Model 3,78.0,110.5,-68.887705,62.808613,70.4,2024-11-23 19:16:24
VH_07904,Mercedes EQS,88.3,99.2,2.55804,-28.545615,92.5,2024-11-10 21:21:09
VH_07905,Tesla Model 3,114.9,0.1,60.043646,162.659702,92.5,2024-11-15 17:58:21
VH_07906,Tesla Model 3,96.4,25.1,65.077221,-97.11366,76.4,2024-11-11 01:54:59
VH_07907,BMW X5,83.8,163.7,13.588724,-55.697427,83.5,2024-11-13 09:55:02
VH_07908,Honda Civic,94.2,85.7,81.089886,-121.166687,74.8,2024-11-29 17:14:20
VH_07909,Chevrolet Bolt,64.4,116.9,24.68432,-92.831832,87.9,2024-11-03 06:11:20
VH_07910,Hyundai Ioniq,65.8,25.9,-27.734013,110.366178,81.2,2024-11-16 03:28:50
VH_07911,BMW X5,63.1,108.3,74.018135,2.881226,87.3,2024-11-12 11:03:11
VH_07912,Hyundai Ioniq,107.1,109.7,-86.027239,-23.298505,77.8,2024-11-04 17:15:12
VH_07913,BMW X5,111.7,48.5,13.451889,119.991001,86.7,2024-11-07 07:45:18
VH_07914,Toyota Camry,73.4,88.2,19.54764,-85.355446,72.1,2024-11-17 01:33:43
VH_07915,Ford F-150,94.3,108.0,-46.14219,16.476871,70.7,2024-11-15 13:39:39
VH_07916,Honda Civic,96.5,177.6,-31.032907,107.03513,99.7,2024-11-16 22:16:07
VH_07917,Ford F-150,80.0,49.2,-87.702805,94.086418,77.3,2024-11-17 00:35:23
VH_07918,Mercedes EQS,107.0,29.0,86.002361,140.763355,72.3,2024-11-18 13:45:12
VH_07919,Tesla Model 3,119.3,107.9,-2.617447,-142.237048,98.1,2024-11-18 15:18:48
VH_07920,Hyundai Ioniq,69.0,159.5,-6.979363,178.396382,77.9,2024-11-28 02:06:37
VH_07921,Honda Civic,91.5,85.2,-10.545068,56.443527,72.2,2024-11-06 16:52:46
VH_07922,BMW X5,111.5,58.0,87.663617,-156.929818,79.0,2024-11-12 20:14:25
VH_07923,Chevrolet Bolt,95.4,23.5,6.219638,-41.13203,93.7,2024-11-23 10:05:07
VH_07924,Chevrolet Bolt,62.4,81.9,62.721666,126.050088,86.6,2024-11-21 03:38:36
VH_07925,Ford F-150,68.2,99.4,69.800089,176.968398,84.7,2024-11-18 02:46:46
VH_07926,Toyota Camry,65.8,121.3,7.540991,-14.459572,75.6,2024-11-10 09:18:09
VH_07927,Toyota Camry,86.3,124.9,-27.534472,-9.589053,86.5,2024-11-05 13:39:50
VH_07928,Toyota Camry,111.6,45.4,43.790409,-109.246459,70.2,2024-11-10 22:04:01
VH_07929,Ford F-150,69.8,73.4,-17.669859,-172.253621,89.5,2024-11-24 16:41:32
VH_07930,Honda Civic,118.4,43.3,50.444213,33.194084,79.2,2024-11-04 23:58:34
VH_07931,Hyundai Ioniq,61.7,154.3,36.261706,71.303927,75.3,2024-11-20 13:53:41
VH_07932,Chevrolet Bolt,105.1,123.7,-58.20458,-67.673582,87.9,2024-11-08 11:02:18
VH_07933,Honda Civic,106.0,9.8,-76.584878,-141.371712,96.7,2024-11-09 05:47:01
VH_07934,Tesla Model 3,78.9,141.0,-74.674479,102.116754,83.9,2024-11-29 05:34:23
VH_07935,Honda Civic,98.8,62.1,5.624194,-27.280546,99.4,2024-11-26 18:54:39
VH_07936,Tesla Model 3,73.4,58.6,-50.36644,123.102588,74.2,2024-11-03 08:39:13
VH_07937,Chevrolet Bolt,98.1,97.1,-70.742981,-113.350655,97.1,2024-11-01 19:18:33
VH_07938,Tesla Model 3,91.5,168.9,77.930405,56.67167,98.0,2024-11-04 17:04:56
VH_07939,Tesla Model 3,70.0,24.5,22.598165,88.69735,92.7,2024-11-21 03:52:26
VH_07940,Ford F-150,67.7,148.4,-79.16738,-168.574749,94.1,2024-11-14 05:46:52
VH_07941,Tesla Model 3,114.5,8.5,-27.356928,-161.557579,87.7,2024-11-28 23:49:00
VH_07942,Tesla Model 3,96.5,130.3,-68.985324,1.601585,85.3,2024-11-19 00:48:10
VH_07943,Chevrolet Bolt,65.0,124.9,60.677565,126.801077,96.3,2024-11-02 03:05:16
VH_07944,Tesla Model 3,78.2,29.8,-60.911886,127.358138,71.8,2024-11-04 16:19:35
VH_07945,Toyota Camry,70.0,90.7,49.925474,155.828164,71.8,2024-11-26 07:21:12
VH_07946,Ford F-150,88.1,7.5,11.900666,32.049478,77.4,2024-11-01 09:38:40
VH_07947,Hyundai Ioniq,95.4,51.2,81.795401,-2.573314,96.8,2024-11-06 05:12:42
VH_07948,Honda Civic,61.9,66.6,-35.461536,-87.904555,91.1,2024-11-25 08:30:28
VH_07949,BMW X5,67.3,89.1,45.33336,-156.883097,87.0,2024-11-27 23:15:09
VH_07950,Honda Civic,118.2,97.1,-46.904109,155.081507,72.0,2024-11-08 17:28:23
VH_07951,Chevrolet Bolt,112.6,172.9,44.107977,-71.5767,96.0,2024-11-30 19:29:21
VH_07952,Honda Civic,104.6,63.7,47.705605,65.805515,98.2,2024-11-15 22:41:27
VH_07953,BMW X5,60.8,139.2,56.47555,126.21745,96.8,2024-11-27 17:33:32
VH_07954,Honda Civic,103.9,34.5,26.403048,154.818507,78.1,2024-11-02 16:53:10
VH_07955,Honda Civic,116.1,120.5,4.941313,-60.989062,86.6,2024-11-05 20:55:27
VH_07956,Hyundai Ioniq,81.0,85.5,-5.238443,-171.57782,95.3,2024-11-18 12:24:55
VH_07957,Hyundai Ioniq,119.8,78.0,-66.278448,147.9014,72.1,2024-11-19 22:18:55
VH_07958,Chevrolet Bolt,62.0,31.1,47.036105,-90.040579,84.2,2024-11-17 22:30:47
VH_07959,Ford F-150,83.4,25.9,0.109627,-64.123148,94.9,2024-11-23 15:59:10
VH_07960,Chevrolet Bolt,60.6,84.0,65.315229,126.838171,81.5,2024-11-06 15:39:17
VH_07961,Toyota Camry,85.7,0.1,57.869004,-65.657619,77.8,2024-11-23 15:20:15
VH_07962,Tesla Model 3,63.6,79.0,83.675774,-144.195768,79.0,2024-11-15 20:07:45
VH_07963,Chevrolet Bolt,95.4,50.5,44.152932,-119.468338,82.0,2024-11-21 02:25:05
VH_07964,Toyota Camry,95.8,61.9,15.321446,70.771881,73.2,2024-11-12 01:55:22
VH_07965,Toyota Camry,115.4,34.0,74.542393,134.426843,89.3,2024-11-04 20:33:22
VH_07966,Mercedes EQS,80.2,32.5,43.36073,126.370614,74.8,2024-11-23 09:16:50
VH_07967,Hyundai Ioniq,100.7,16.0,-23.488165,42.282141,98.9,2024-11-20 23:32:21
VH_07968,Honda Civic,108.6,4.2,-75.439219,-142.413778,77.3,2024-11-24 21:52:49
VH_07969,Mercedes EQS,64.0,169.8,-5.121798,38.036242,83.8,2024-11-26 11:03:33
VH_07970,Ford F-150,94.7,102.9,-46.535853,26.733068,97.7,2024-11-22 21:05:05
VH_07971,Chevrolet Bolt,68.4,57.5,-36.216141,113.636634,71.6,2024-11-01 06:13:42
VH_07972,Ford F-150,116.7,114.0,-85.328817,178.962054,78.2,2024-11-19 15:36:18
VH_07973,Tesla Model 3,60.2,159.1,65.783554,-30.140276,87.0,2024-11-09 20:43:57
VH_07974,Honda Civic,104.5,132.1,65.097251,7.518789,92.5,2024-11-23 02:16:59
VH_07975,Chevrolet Bolt,98.3,47.4,-10.453202,-176.020089,96.5,2024-11-29 05:30:04
VH_07976,Honda Civic,120.0,148.0,-16.144047,64.484046,98.4,2024-11-25 01:40:09
VH_07977,Honda Civic,68.2,170.1,12.615184,-21.448374,76.9,2024-11-28 14:01:09
VH_07978,BMW X5,79.7,40.4,61.302064,93.649078,73.5,2024-11-29 16:29:00
VH_07979,BMW X5,67.5,152.1,86.880924,-78.400998,70.6,2024-11-26 15:26:13
VH_07980,Toyota Camry,106.6,8.2,-53.251739,-90.559035,83.5,2024-11-15 06:14:46
VH_07981,Chevrolet Bolt,110.3,21.6,-27.988076,-43.798326,71.6,2024-11-23 23:34:36
VH_07982,Ford F-150,118.0,127.4,-84.41699,-5.68437,86.6,2024-11-11 18:11:05
VH_07983,Honda Civic,68.9,96.8,58.774421,-150.521903,71.0,2024-11-06 05:17:04
VH_07984,Ford F-150,108.4,72.8,64.109032,-162.716976,89.8,2024-11-21 15:47:25
VH_07985,Toyota Camry,94.4,128.2,-1.369759,64.545878,73.1,2024-11-25 13:01:10
VH_07986,Tesla Model 3,96.0,178.0,-64.676283,-174.34297,70.8,2024-11-29 21:34:06
VH_07987,Honda Civic,85.4,168.9,2.646471,108.975539,89.3,2024-11-29 07:00:42
VH_07988,Toyota Camry,101.8,153.3,28.595916,-137.000215,80.4,2024-11-06 08:16:10
VH_07989,Tesla Model 3,,166.4,23.9072,-151.76731,84.8,2024-11-10 14:38:26
VH_07990,Toyota Camry,73.7,152.2,-77.231871,42.761769,87.7,2024-11-10 13:38:44
VH_07991,Toyota Camry,84.6,129.5,-2.889329,-32.578582,85.2,2024-11-25 14:59:37
VH_07992,Hyundai Ioniq,107.0,159.5,57.593977,109.246616,95.0,2024-11-02 01:02:10
VH_07993,Tesla Model 3,99.0,81.1,-66.194193,-52.06928,90.7,2024-11-22 21:09:23
VH_07994,Tesla Model 3,75.9,35.2,-68.994227,61.227806,98.7,2024-11-08 17:54:31
VH_07995,Tesla Model 3,113.5,47.9,-79.505891,16.87971,75.9,2024-11-14 06:18:05
VH_07996,Honda Civic,76.5,33.0,3.144608,-59.440781,99.3,2024-11-16 04:25:28
VH_07997,Chevrolet Bolt,117.6,10.2,-7.792578,-141.027706,79.4,2024-11-22 04:48:18
VH_07998,Ford F-150,100.9,56.4,14.729791,123.382508,94.8,2024-11-25 15:20:29
VH_07999,Mercedes EQS,85.4,93.6,-60.926295,-176.565446,98.8,2024-11-10 21:31:46
VH_08000,Tesla Model 3,101.1,59.2,-37.824101,-19.829013,73.2,2024-11-07 10:00:47
VH_08001,Mercedes EQS,108.7,105.3,4.506745,-14.750589,74.1,2024-11-13 17:27:28
VH_08002,Hyundai Ioniq,86.7,16.2,19.946153,64.490873,79.3,2024-11-26 23:15:48
VH_08003,Hyundai Ioniq,98.6,68.7,-72.601674,-143.330386,91.4,2024-11-26 21:15:55
VH_08004,Mercedes EQS,67.9,65.4,-75.719383,-135.614894,79.4,2024-11-24 21:44:17
VH_08005,BMW X5,116.7,139.0,-29.591196,-115.074076,83.7,2024-11-01 10:52:19
VH_08006,Honda Civic,75.6,76.2,65.908204,-22.944468,95.8,2024-11-18 18:37:32
VH_08007,Ford F-150,62.0,33.1,38.499031,157.019846,72.5,2024-11-04 00:25:46
VH_08008,Mercedes EQS,86.6,105.0,-8.777578,-27.249837,80.9,2024-11-25 01:33:25
VH_08009,Ford F-150,69.6,14.2,-60.875841,38.941302,91.9,2024-11-22 15:19:59
VH_08010,Ford F-150,113.5,13.5,-26.683064,118.472421,96.7,2024-11-07 14:39:25
VH_08011,Tesla Model 3,74.9,166.2,-78.235298,172.146432,72.5,2024-11-29 06:50:28
VH_08012,Toyota Camry,91.5,43.5,16.359467,72.455338,71.4,2024-11-25 08:31:12
VH_08013,Ford F-150,87.1,87.4,-58.239418,98.745731,84.9,2024-11-05 02:09:14
VH_08014,Mercedes EQS,98.6,38.8,-24.129489,112.861169,91.4,2024-11-10 04:05:48
VH_08015,Honda Civic,91.2,154.4,-38.272579,38.9956,88.1,2024-11-25 00:13:35
VH_08016,Hyundai Ioniq,85.6,86.6,-36.652505,-112.489188,98.7,2024-11-17 02:30:58
VH_08017,Ford F-150,117.0,103.0,-30.562745,129.263877,78.1,2024-11-22 03:00:22
VH_08018,Ford F-150,88.5,178.4,33.64677,-164.707637,72.1,2024-11-09 10:47:16
VH_08019,Honda Civic,65.6,90.0,-2.51228,-41.322437,87.6,2024-11-14 21:57:22
VH_08020,Chevrolet Bolt,71.1,170.2,-56.131554,-43.733254,98.2,2024-11-09 10:15:16
VH_08021,BMW X5,62.4,2.0,-59.842223,65.38873,98.6,2024-11-16 15:24:04
VH_08022,Honda Civic,103.4,48.8,85.970782,161.982165,75.0,2024-11-02 18:25:54
VH_08023,Chevrolet Bolt,118.8,15.9,10.003749,13.238681,81.4,2024-11-28 05:13:00
VH_08024,Tesla Model 3,68.5,111.4,18.060503,49.881514,81.8,2024-11-24 09:25:28
VH_08025,Toyota Camry,71.9,169.2,12.216472,13.105435,87.3,2024-11-27 17:56:28
VH_08026,Mercedes EQS,118.8,109.3,-80.776034,0.754783,79.0,2024-11-06 16:27:00
VH_08027,Tesla Model 3,98.9,128.8,2.292162,-80.762543,94.8,2024-11-06 14:19:10
VH_08028,Ford F-150,91.7,0.7,-48.1815,-82.94131,83.6,2024-11-01 20:57:24
VH_08029,Honda Civic,105.1,108.4,7.179591,-84.491313,77.2,2024-11-04 12:58:46
VH_08030,Mercedes EQS,101.5,44.2,62.927725,154.904254,83.2,2024-11-04 10:07:58
VH_08031,Honda Civic,62.2,23.0,-19.205519,-36.12413,79.2,2024-11-17 16:24:45
VH_08032,BMW X5,77.1,91.3,-31.187928,175.624021,70.6,2024-11-06 10:21:33
VH_08033,BMW X5,118.5,147.7,-78.978728,174.082679,72.2,2024-11-18 18:32:16
VH_08034,Toyota Camry,77.6,119.7,-31.39831,17.350875,78.7,2024-11-08 08:17:02
VH_08035,Hyundai Ioniq,116.5,4.3,61.082945,83.672834,77.2,2024-11-26 06:50:59
VH_08036,Toyota Camry,115.6,119.1,-47.030112,31.044024,87.8,2024-11-08 11:31:28
VH_08037,Chevrolet Bolt,90.1,22.3,72.173688,56.127164,98.7,2024-11-14 11:51:46
VH_08038,Hyundai Ioniq,107.7,10.0,-0.766391,-99.556285,74.3,2024-11-08 23:41:39
VH_08039,Honda Civic,103.6,45.4,-59.908084,-99.473298,84.6,2024-11-03 00:19:16
VH_08040,Toyota Camry,97.9,38.3,-22.136921,167.817678,87.8,2024-11-14 06:34:44
VH_08041,Toyota Camry,77.1,86.6,64.405027,-123.394396,82.7,2024-11-24 05:54:46
VH_08042,Tesla Model 3,111.9,115.5,-50.528114,88.78547,74.8,2024-11-19 09:18:04
VH_08043,BMW X5,113.2,123.5,-50.967539,-130.989968,89.8,2024-11-17 00:50:51
VH_08044,Toyota Camry,89.9,160.1,89.941611,-52.598997,76.4,2024-11-14 05:01:12
VH_08045,Tesla Model 3,64.3,82.1,-85.4408,112.587877,85.2,2024-11-05 01:33:02
VH_08046,Ford F-150,90.9,15.0,43.878467,75.480787,98.1,2024-11-15 00:41:10
VH_08047,Honda Civic,111.8,25.6,-70.301505,125.864853,88.0,2024-11-11 23:47:55
VH_08048,Chevrolet Bolt,96.1,66.7,-65.274278,70.569492,76.8,2024-11-02 12:17:29
VH_08049,Ford F-150,73.2,88.2,-42.886837,17.000935,94.5,2024-11-30 10:12:08
VH_08050,Ford F-150,73.8,79.7,6.048602,118.944123,78.3,2024-11-17 23:14:06
VH_08051,Hyundai Ioniq,106.2,106.9,-38.859643,83.94213,74.2,2024-11-30 03:35:01
VH_08052,Hyundai Ioniq,87.8,40.0,-63.571057,22.375487,74.9,2024-11-12 05:17:29
VH_08053,Toyota Camry,108.1,95.9,-53.49476,62.430151,81.2,2024-11-22 17:14:56
VH_08054,Ford F-150,111.0,155.9,-1.335041,-57.500939,77.0,2024-11-29 20:20:10
VH_08055,Tesla Model 3,114.1,19.3,73.537874,-39.819755,76.5,2024-11-08 01:02:18
VH_08056,BMW X5,85.2,62.3,-21.378715,87.274405,81.3,2024-11-18 02:06:09
VH_08057,Honda Civic,62.1,86.0,57.795994,-7.623881,80.9,2024-11-05 05:11:26
VH_08058,Mercedes EQS,73.4,41.4,72.534153,-96.370581,81.9,2024-11-19 01:19:25
VH_08059,Toyota Camry,67.3,60.3,9.187769,-139.232328,93.2,2024-11-12 18:50:54
VH_08060,Tesla Model 3,65.0,161.2,-10.59951,115.841964,74.2,2024-11-07 05:13:07
VH_08061,Toyota Camry,65.0,169.7,-48.867697,114.854501,100.0,2024-11-07 02:54:25
VH_08062,Ford F-150,106.5,7.1,53.87111,14.020527,88.9,2024-11-28 00:07:08
VH_08063,Chevrolet Bolt,98.6,75.8,-89.867978,-6.979293,88.7,2024-11-21 01:21:33
VH_08064,Toyota Camry,92.6,97.2,54.432132,152.053108,92.5,2024-11-25 17:44:55
VH_08065,Tesla Model 3,78.8,77.3,80.426632,27.420127,88.7,2024-11-17 02:50:07
VH_08066,Ford F-150,117.7,15.6,-86.759301,42.593753,85.8,2024-11-29 05:54:29
VH_08067,Hyundai Ioniq,91.6,34.2,-87.44027,24.690453,74.4,2024-11-22 12:26:44
VH_08068,Ford F-150,67.7,129.4,19.188711,125.335613,92.3,2024-11-10 06:40:05
VH_08069,Tesla Model 3,99.6,9.9,76.666048,123.760341,91.8,2024-11-01 15:14:07
VH_08070,Hyundai Ioniq,110.2,140.5,-53.718925,-94.62565,90.7,2024-11-20 00:44:04
VH_08071,Ford F-150,118.0,12.7,-72.406974,20.911999,81.4,2024-11-06 09:09:28
VH_08072,Toyota Camry,80.3,179.0,-20.637608,118.4036,93.3,2024-11-13 05:44:11
VH_08073,BMW X5,107.8,108.9,-63.496683,43.858509,93.3,2024-11-29 21:08:13
VH_08074,Toyota Camry,69.1,105.2,-80.67937,-174.680748,78.5,2024-11-01 03:37:11
VH_08075,Honda Civic,69.6,7.2,-87.692338,10.167006,93.2,2024-11-26 19:04:52
VH_08076,Mercedes EQS,116.1,34.2,11.376977,-107.564331,99.6,2024-11-23 07:22:30
VH_08077,Tesla Model 3,112.9,148.8,84.05234,-103.439963,85.5,2024-11-30 03:34:59
VH_08078,Tesla Model 3,105.8,112.2,-88.532196,134.419527,92.1,2024-11-08 19:55:15
VH_08079,Tesla Model 3,110.0,26.1,42.77433,-135.162439,71.0,2024-11-05 03:33:17
VH_08080,Hyundai Ioniq,118.2,163.2,-63.309451,175.73695,86.8,2024-11-11 00:57:48
VH_08081,Toyota Camry,70.3,22.8,44.446207,50.414619,71.2,2024-11-18 13:38:08
VH_08082,Ford F-150,60.3,74.7,-81.520414,88.436813,84.7,2024-11-25 23:43:06
VH_08083,Ford F-150,88.9,4.7,78.880922,50.427174,91.0,2024-11-29 05:37:59
VH_08084,Tesla Model 3,111.3,82.4,31.13617,123.787937,82.8,2024-11-12 16:52:09
VH_08085,Tesla Model 3,62.0,108.6,-34.207598,-107.589806,87.9,2024-11-14 12:25:17
VH_08086,Honda Civic,114.9,69.1,43.833211,-94.180678,84.2,2024-11-13 13:13:27
VH_08087,Toyota Camry,88.9,125.0,25.862051,-55.409903,84.5,2024-11-19 08:25:28
VH_08088,Chevrolet Bolt,71.8,147.5,85.668203,-14.997057,99.0,2024-11-02 22:03:19
VH_08089,Mercedes EQS,76.4,55.6,68.872062,-86.585493,76.7,2024-11-25 01:22:52
VH_08090,Toyota Camry,106.8,170.2,86.499569,88.924261,96.3,2024-11-11 09:29:27
VH_08091,Chevrolet Bolt,60.5,178.1,-18.317685,-22.946755,85.4,2024-11-19 14:46:31
VH_08092,Hyundai Ioniq,61.9,87.3,-6.273334,-125.281212,96.6,2024-11-16 08:18:24
VH_08093,Toyota Camry,92.7,95.5,-17.486319,35.89878,83.3,2024-11-02 14:02:28
VH_08094,Toyota Camry,72.7,92.4,10.32484,-143.325427,74.3,2024-11-16 14:20:13
VH_08095,Tesla Model 3,93.3,22.8,88.067268,-104.877138,99.4,2024-11-17 08:18:39
VH_08096,Chevrolet Bolt,68.2,49.2,65.4366,56.365727,76.8,2024-11-15 03:52:22
VH_08097,Tesla Model 3,67.9,75.2,-76.295237,-136.219554,89.1,2024-11-07 20:24:58
VH_08098,Tesla Model 3,60.3,68.6,-19.712897,-58.510537,83.1,2024-11-21 10:42:53
VH_08099,Ford F-150,,137.7,-70.554511,49.629558,80.7,2024-11-07 00:46:48
VH_08100,Hyundai Ioniq,74.3,31.0,-84.953412,-67.977671,99.8,2024-11-27 01:06:38
VH_08101,Hyundai Ioniq,115.9,159.0,35.654016,24.158659,77.5,2024-11-05 20:49:51
VH_08102,BMW X5,84.7,70.2,80.433216,-176.255916,98.6,2024-11-20 01:11:30
VH_08103,Tesla Model 3,103.9,85.6,43.716066,-55.60076,88.9,2024-11-05 23:41:28
VH_08104,Ford F-150,113.0,119.4,88.811029,72.355347,73.4,2024-11-14 14:36:30
VH_08105,Honda Civic,108.1,123.1,75.795059,174.596101,79.8,2024-11-29 10:25:13
VH_08106,Toyota Camry,85.5,141.3,11.447731,151.049795,81.0,2024-11-02 22:45:58
VH_08107,Ford F-150,117.2,85.2,79.396754,71.383496,82.3,2024-11-14 11:36:52
VH_08108,Mercedes EQS,92.7,59.8,-37.628888,-67.164752,81.4,2024-11-15 07:02:52
VH_08109,Tesla Model 3,87.1,100.5,-59.151197,-162.78559,75.7,2024-11-19 18:09:36
VH_08110,Tesla Model 3,81.7,162.0,-61.338082,82.6243,90.2,2024-11-04 18:05:54
VH_08111,Ford F-150,67.7,47.5,67.894711,-163.354308,78.6,2024-11-18 19:13:09
VH_08112,Toyota Camry,112.5,28.5,27.968588,49.04512,99.4,2024-11-24 01:43:31
VH_08113,Tesla Model 3,107.7,81.8,9.111722,139.433963,94.2,2024-11-03 07:19:10
VH_08114,Ford F-150,104.8,34.6,-41.675774,-107.72206,97.6,2024-11-24 14:00:49
VH_08115,Ford F-150,110.4,130.0,24.613483,-133.138075,72.7,2024-11-18 11:52:23
VH_08116,Tesla Model 3,70.8,90.5,-34.406684,128.096165,88.4,2024-11-18 23:39:38
VH_08117,Toyota Camry,115.7,77.3,-60.959286,-135.812389,73.7,2024-11-19 15:38:42
VH_08118,Tesla Model 3,95.7,65.9,-40.373722,15.574995,83.0,2024-11-22 20:14:33
VH_08119,Toyota Camry,82.9,127.1,-12.074484,49.09585,93.9,2024-11-02 14:23:35
VH_08120,Toyota Camry,118.6,128.3,-31.936187,-36.350508,72.6,2024-11-20 11:30:27
VH_08121,Honda Civic,112.1,164.5,61.424415,-6.308191,78.2,2024-11-04 03:18:27
VH_08122,Toyota Camry,67.2,26.0,9.8857,-22.137736,94.0,2024-11-26 15:51:43
VH_08123,Honda Civic,63.6,4.8,12.148456,-57.2043,97.4,2024-11-03 17:15:11
VH_08124,Tesla Model 3,95.8,145.0,22.589124,-36.549925,90.0,2024-11-25 23:58:09
VH_08125,BMW X5,67.0,34.9,-31.686144,-73.044925,89.4,2024-11-10 09:33:23
VH_08126,Tesla Model 3,99.2,77.4,83.478891,-124.353891,76.2,2024-11-21 01:02:46
VH_08127,Toyota Camry,98.3,7.0,-0.342257,-19.555669,84.1,2024-11-20 04:54:50
VH_08128,Tesla Model 3,92.2,43.5,-11.813692,39.216124,83.3,2024-11-01 18:55:26
VH_08129,BMW X5,96.4,48.3,-20.793799,-24.636602,71.3,2024-11-17 06:34:48
VH_08130,Tesla Model 3,74.2,11.7,14.274521,26.525371,75.6,2024-11-14 06:54:42
VH_08131,Ford F-150,102.6,12.2,27.15591,-149.24832,88.5,2024-11-10 01:33:44
VH_08132,Mercedes EQS,86.3,125.8,68.690013,-30.056983,75.2,2024-11-16 17:58:33
VH_08133,Toyota Camry,80.0,159.9,68.602579,-141.371369,97.3,2024-11-17 17:43:20
VH_08134,Honda Civic,117.4,7.8,24.053686,40.471037,83.0,2024-11-02 05:10:07
VH_08135,Honda Civic,74.0,2.4,26.129768,75.432603,81.4,2024-11-04 19:03:41
VH_08136,BMW X5,93.9,22.2,77.209135,131.736417,77.5,2024-11-10 17:52:01
VH_08137,BMW X5,107.6,31.1,-84.41004,59.738208,75.7,2024-11-19 18:00:24
VH_08138,Ford F-150,76.0,67.4,1.925413,-34.117116,87.6,2024-11-14 06:30:16
VH_08139,Ford F-150,65.8,59.1,-61.542916,1.562844,86.5,2024-11-16 21:58:40
VH_08140,Tesla Model 3,96.7,65.1,-6.061162,54.561747,70.5,2024-11-24 15:04:11
VH_08141,Chevrolet Bolt,95.3,102.8,-11.003394,69.915391,88.3,2024-11-02 10:00:18
VH_08142,Tesla Model 3,100.2,178.7,85.931248,-144.300307,80.3,2024-11-04 00:19:08
VH_08143,Toyota Camry,69.3,111.0,39.92631,162.286823,78.0,2024-11-27 16:47:39
VH_08144,Ford F-150,102.0,12.0,-4.327442,176.889256,84.6,2024-11-30 13:12:08
VH_08145,Tesla Model 3,79.8,176.3,55.039974,99.095796,89.8,2024-11-09 20:42:09
VH_08146,Tesla Model 3,100.8,134.1,21.69221,150.56982,92.6,2024-11-21 10:59:59
VH_08147,Chevrolet Bolt,98.7,1.3,-34.149416,20.439694,89.9,2024-11-04 23:36:38
VH_08148,Toyota Camry,83.9,25.5,-11.444352,-131.577551,82.4,2024-11-29 06:06:01
VH_08149,Ford F-150,68.4,66.9,-14.043316,108.466378,74.1,2024-11-02 10:16:04
VH_08150,Toyota Camry,114.4,141.6,56.769978,-81.077867,97.5,2024-11-26 12:40:54
VH_08151,Chevrolet Bolt,99.8,89.8,-20.784741,-4.794399,80.3,2024-11-06 22:31:03
VH_08152,Tesla Model 3,117.6,13.3,-40.660938,99.18473,70.7,2024-11-14 08:22:02
VH_08153,Tesla Model 3,82.6,163.5,33.43736,166.019608,94.6,2024-11-07 12:10:18
VH_08154,Ford F-150,87.0,146.3,19.877203,-19.222603,78.0,2024-11-06 03:02:46
VH_08155,Hyundai Ioniq,118.2,109.8,86.041218,-55.208564,85.1,2024-11-25 10:27:04
VH_08156,BMW X5,95.0,35.3,-19.654634,47.738851,97.8,2024-11-19 04:59:17
VH_08157,Ford F-150,106.1,37.9,49.298271,176.650655,79.0,2024-11-13 09:22:17
VH_08158,Hyundai Ioniq,88.0,12.4,1.951575,44.596959,98.3,2024-11-07 05:09:11
VH_08159,Ford F-150,95.4,42.5,81.90094,-121.061294,75.0,2024-11-30 20:55:48
VH_08160,Chevrolet Bolt,117.1,56.0,-56.66241,-99.080012,72.4,2024-11-16 02:06:27
VH_08161,Ford F-150,113.5,124.5,23.383932,133.616149,70.3,2024-11-28 17:50:26
VH_08162,Tesla Model 3,99.7,169.4,88.596945,-151.862314,95.9,2024-11-09 10:39:26
VH_08163,Honda Civic,,119.0,-33.454485,-97.202094,80.3,2024-11-16 01:07:38
VH_08164,Tesla Model 3,102.5,162.8,-40.162294,123.014427,72.3,2024-11-07 07:33:45
VH_08165,Toyota Camry,99.9,101.5,6.434218,70.642655,97.6,2024-11-14 02:58:44
VH_08166,Honda Civic,60.2,52.7,71.636101,-85.406087,99.7,2024-11-22 21:38:24
VH_08167,Ford F-150,76.9,79.5,-89.185817,-177.802357,75.0,2024-11-05 22:06:19
VH_08168,Chevrolet Bolt,112.7,10.9,50.053651,49.327564,88.0,2024-11-27 09:56:42
VH_08169,Toyota Camry,105.0,26.6,-41.100059,-151.334714,81.3,2024-11-25 17:55:50
VH_08170,BMW X5,65.3,74.8,53.104142,157.370739,83.9,2024-11-09 08:08:02
VH_08171,Tesla Model 3,66.3,103.4,68.946376,45.32475,89.2,2024-11-02 13:16:50
VH_08172,Hyundai Ioniq,69.0,90.6,59.474311,43.531544,70.6,2024-11-21 08:24:27
VH_08173,Chevrolet Bolt,81.0,10.1,-29.838601,-49.799398,81.1,2024-11-14 13:42:42
VH_08174,Mercedes EQS,115.7,9.0,-62.989784,65.789713,84.8,2024-11-21 00:03:58
VH_08175,Tesla Model 3,68.1,82.3,-32.848057,63.075397,95.7,2024-11-17 01:42:01
VH_08176,Toyota Camry,72.6,16.8,22.935043,54.741905,72.8,2024-11-04 13:42:45
VH_08177,Ford F-150,95.4,20.0,-39.778375,77.229244,75.2,2024-11-06 14:35:46
VH_08178,BMW X5,94.6,102.0,-46.53673,156.546502,96.4,2024-11-14 07:49:49
VH_08179,Toyota Camry,69.4,104.7,-15.714317,132.664127,88.7,2024-11-20 11:13:09
VH_08180,Mercedes EQS,84.5,74.0,-67.561622,12.77584,83.9,2024-11-03 09:36:57
VH_08181,Tesla Model 3,61.2,103.2,-79.222326,123.596389,84.3,2024-11-22 12:15:30
VH_08182,Tesla Model 3,101.9,72.3,-25.375886,143.8078,84.2,2024-11-06 14:19:41
VH_08183,Tesla Model 3,119.1,59.6,-60.276503,-164.581573,78.0,2024-11-12 03:35:02
VH_08184,Tesla Model 3,108.7,12.9,-20.744593,-1.254134,90.4,2024-11-12 04:02:08
VH_08185,Tesla Model 3,68.9,87.3,-27.983891,32.178574,91.4,2024-11-20 08:04:13
VH_08186,Hyundai Ioniq,80.7,124.9,-68.224985,97.855244,90.9,2024-11-04 14:33:14
VH_08187,Tesla Model 3,62.8,109.0,84.843365,-141.030051,88.7,2024-11-29 15:07:41
VH_08188,Tesla Model 3,119.0,146.6,4.100887,163.419009,72.8,2024-11-05 01:05:43
VH_08189,Toyota Camry,71.4,58.7,3.574937,-16.347478,96.0,2024-11-05 03:37:54
VH_08190,Tesla Model 3,95.4,29.9,78.708424,-88.646201,80.2,2024-11-29 04:10:17
VH_08191,Toyota Camry,88.5,64.8,74.18243,-44.418816,85.7,2024-11-15 16:29:56
VH_08192,Tesla Model 3,79.5,49.6,-19.627876,154.249241,88.6,2024-11-19 15:42:00
VH_08193,Hyundai Ioniq,71.5,146.8,32.257105,-176.741545,96.0,2024-11-12 07:33:08
VH_08194,Tesla Model 3,87.9,156.6,85.210228,-56.137083,98.0,2024-11-02 17:43:50
VH_08195,Hyundai Ioniq,79.9,125.1,59.190783,75.548438,98.2,2024-11-23 02:34:16
VH_08196,Honda Civic,112.5,40.7,48.765072,9.51548,82.3,2024-11-15 02:38:48
VH_08197,Honda Civic,102.9,71.4,72.277415,120.509632,98.9,2024-11-22 18:12:51
VH_08198,Ford F-150,73.3,11.1,-82.095263,-131.068088,82.3,2024-11-21 18:32:43
VH_08199,Tesla Model 3,96.5,79.8,62.688149,-114.239355,79.6,2024-11-04 10:29:31
VH_08200,Mercedes EQS,95.7,11.3,89.869582,-54.108084,88.6,2024-11-20 16:22:42
VH_08201,Toyota Camry,106.9,147.5,12.14846,-80.786536,77.5,2024-11-04 04:33:26
VH_08202,Chevrolet Bolt,103.2,60.1,26.392878,114.819113,82.5,2024-11-14 17:11:32
VH_08203,Mercedes EQS,109.0,80.0,-61.252173,-87.796741,95.4,2024-11-09 05:09:27
VH_08204,BMW X5,71.4,146.2,65.347484,-126.361621,70.9,2024-11-07 17:05:40
VH_08205,BMW X5,118.6,132.2,72.779243,79.56607,74.1,2024-11-29 04:20:55
VH_08206,Toyota Camry,96.9,18.9,44.462905,-67.334194,71.1,2024-11-03 07:36:27
VH_08207,Tesla Model 3,113.1,44.4,-36.273469,-68.903263,73.9,2024-11-29 14:39:47
VH_08208,Tesla Model 3,112.6,54.5,-68.120641,117.664174,94.8,2024-11-13 15:10:53
VH_08209,Hyundai Ioniq,114.4,102.1,76.840245,-107.055456,78.9,2024-11-18 23:11:23
VH_08210,Ford F-150,66.7,106.3,-13.18843,72.053701,91.3,2024-11-02 11:56:21
VH_08211,Mercedes EQS,70.6,53.3,-78.496248,90.991957,87.3,2024-11-30 13:33:50
VH_08212,Mercedes EQS,77.9,82.3,10.313587,-16.919371,82.4,2024-11-30 12:25:59
VH_08213,Chevrolet Bolt,76.4,164.7,-10.629769,-104.769241,70.1,2024-11-23 10:02:44
VH_08214,Hyundai Ioniq,116.1,132.3,-2.584368,19.650934,72.2,2024-11-29 10:39:05
VH_08215,Ford F-150,116.6,87.1,51.389297,77.087778,71.7,2024-11-25 21:39:46
VH_08216,Chevrolet Bolt,117.0,70.8,-58.013601,-0.14529,77.4,2024-11-18 18:07:48
VH_08217,Tesla Model 3,116.0,34.3,86.493585,4.651741,91.9,2024-11-10 08:43:47
VH_08218,Hyundai Ioniq,65.1,38.7,-38.100393,40.341889,79.4,2024-11-19 13:47:27
VH_08219,Toyota Camry,79.2,142.8,75.0338,-67.57379,76.7,2024-11-10 23:25:58
VH_08220,Ford F-150,92.2,157.2,-22.763195,-40.965689,76.1,2024-11-25 06:37:47
VH_08221,Hyundai Ioniq,112.7,176.0,40.475902,44.176027,71.0,2024-11-15 03:59:21
VH_08222,Mercedes EQS,60.2,93.1,-37.279597,65.831827,90.1,2024-11-15 10:29:27
VH_08223,Tesla Model 3,68.0,146.4,5.152054,132.132563,71.4,2024-11-06 06:39:48
VH_08224,Tesla Model 3,97.4,108.9,-71.577242,155.654856,97.9,2024-11-02 01:49:34
VH_08225,Honda Civic,75.2,14.6,77.965083,176.014849,84.7,2024-11-06 03:27:22
VH_08226,Toyota Camry,104.1,29.2,-32.122574,-174.934052,89.0,2024-11-10 22:12:28
VH_08227,Toyota Camry,85.5,153.2,58.834747,-112.556804,79.1,2024-11-20 07:24:18
VH_08228,Toyota Camry,106.5,151.1,-55.086536,-118.116638,85.2,2024-11-05 15:18:55
VH_08229,Mercedes EQS,102.7,168.9,55.180952,-15.692115,88.7,2024-11-04 20:42:30
VH_08230,Hyundai Ioniq,107.4,38.2,-4.526588,176.658956,81.6,2024-11-30 02:35:06
VH_08231,Tesla Model 3,87.5,19.7,-10.866341,164.177383,82.9,2024-11-29 20:02:14
VH_08232,Ford F-150,64.0,31.2,-21.65984,-145.949161,78.1,2024-11-22 01:08:06
VH_08233,Toyota Camry,70.4,119.5,-24.555203,-2.525123,71.6,2024-11-11 10:44:01
VH_08234,Ford F-150,119.4,163.9,89.744585,-130.303124,72.2,2024-11-07 19:47:50
VH_08235,Tesla Model 3,81.3,139.1,54.076801,140.257569,98.7,2024-11-30 10:53:51
VH_08236,Ford F-150,105.3,82.6,-70.334126,-25.630716,76.1,2024-11-13 06:24:28
VH_08237,Honda Civic,97.3,99.7,-43.396025,-24.722203,85.6,2024-11-05 11:29:22
VH_08238,Toyota Camry,90.0,50.4,-31.671701,15.079782,97.7,2024-11-06 11:34:56
VH_08239,Honda Civic,84.5,22.8,-22.041441,114.059792,96.3,2024-11-23 19:28:54
VH_08240,Toyota Camry,,48.7,21.349603,126.546482,95.1,2024-11-23 03:32:53
VH_08241,Mercedes EQS,114.5,124.3,4.745201,128.99952,88.2,2024-11-07 02:15:33
VH_08242,Hyundai Ioniq,114.6,172.0,9.85834,-144.684915,91.9,2024-11-18 08:27:06
VH_08243,Toyota Camry,74.0,129.3,11.408345,22.600516,87.7,2024-11-29 01:35:32
VH_08244,Tesla Model 3,90.1,163.1,-42.128067,-137.669731,72.0,2024-11-07 11:41:09
VH_08245,Tesla Model 3,83.5,179.0,15.787942,-156.159615,74.1,2024-11-08 07:47:35
VH_08246,Mercedes EQS,78.9,118.5,-26.747793,38.484666,93.9,2024-11-11 07:58:25
VH_08247,BMW X5,85.7,112.8,-5.913621,157.615903,74.7,2024-11-15 21:49:13
VH_08248,Tesla Model 3,69.7,118.9,48.840806,-20.654602,70.8,2024-11-13 17:23:04
VH_08249,Toyota Camry,109.2,61.3,-65.377758,63.038877,90.2,2024-11-12 14:52:04
VH_08250,Tesla Model 3,119.9,82.4,36.00612,143.920136,82.2,2024-11-24 13:22:19
VH_08251,Honda Civic,75.6,95.1,65.142141,-69.269771,83.0,2024-11-16 07:25:38
VH_08252,Chevrolet Bolt,119.4,21.2,-75.667959,-171.603201,82.1,2024-11-03 03:40:59
VH_08253,BMW X5,96.8,154.9,-64.163831,-70.669233,73.5,2024-11-18 05:16:47
VH_08254,Hyundai Ioniq,60.4,106.6,-76.290782,-86.222444,85.6,2024-11-20 12:39:29
VH_08255,Ford F-150,63.5,77.2,-29.030193,33.710255,92.4,2024-11-01 01:28:42
VH_08256,Tesla Model 3,98.5,150.8,32.791632,-127.026213,75.1,2024-11-12 00:11:13
VH_08257,Tesla Model 3,61.3,179.5,61.029648,-74.192199,74.6,2024-11-09 23:21:28
VH_08258,BMW X5,60.6,28.5,10.817093,143.232827,98.3,2024-11-09 20:25:32
VH_08259,Hyundai Ioniq,63.3,162.2,3.001343,162.532067,94.4,2024-11-29 21:15:03
VH_08260,Chevrolet Bolt,75.5,64.2,-3.002305,71.037217,93.9,2024-11-11 08:55:10
VH_08261,Hyundai Ioniq,88.3,142.6,-82.246326,-61.815644,79.2,2024-11-02 02:05:12
VH_08262,Mercedes EQS,116.5,19.1,4.455311,-1.738215,79.5,2024-11-07 08:44:51
VH_08263,Tesla Model 3,61.4,96.6,36.330924,121.086261,79.5,2024-11-18 22:49:36
VH_08264,Tesla Model 3,61.0,59.8,84.928461,-86.867206,87.3,2024-11-13 00:30:37
VH_08265,Tesla Model 3,94.3,17.3,9.887447,-136.79302,81.8,2024-11-09 01:36:48
VH_08266,Mercedes EQS,103.0,11.1,-39.117048,-109.603082,81.0,2024-11-16 16:41:44
VH_08267,Honda Civic,119.9,128.2,61.96162,-161.889773,89.2,2024-11-07 16:46:36
VH_08268,Mercedes EQS,100.9,175.1,73.606656,-28.085568,96.3,2024-11-08 14:44:53
VH_08269,Mercedes EQS,68.1,41.3,-39.95489,78.311013,92.4,2024-11-23 12:05:23
VH_08270,Chevrolet Bolt,119.4,11.7,-35.636734,63.837553,71.3,2024-11-30 15:06:08
VH_08271,Mercedes EQS,83.4,173.1,26.961207,21.044095,73.1,2024-11-20 18:37:07
VH_08272,Tesla Model 3,99.4,174.1,74.815674,69.123115,95.4,2024-11-11 19:01:41
VH_08273,Toyota Camry,82.9,83.6,-24.771582,-80.905139,72.7,2024-11-09 10:21:39
VH_08274,Mercedes EQS,88.4,87.4,32.09308,-83.871358,97.8,2024-11-04 10:45:40
VH_08275,Mercedes EQS,93.9,118.7,-49.05563,37.000548,77.6,2024-11-27 04:57:51
VH_08276,Honda Civic,115.0,25.3,41.791737,93.540859,91.4,2024-11-16 09:48:53
VH_08277,Toyota Camry,79.7,86.7,-39.295452,-11.920053,87.6,2024-11-05 01:41:41
VH_08278,Toyota Camry,103.6,167.3,-78.504975,-59.232936,89.7,2024-11-17 06:17:25
VH_08279,Ford F-150,80.1,113.2,39.51577,-76.253271,74.9,2024-11-21 14:03:27
VH_08280,Ford F-150,101.8,172.1,-81.846273,22.190119,79.8,2024-11-21 00:29:55
VH_08281,Tesla Model 3,115.0,7.8,65.941892,40.828089,91.2,2024-11-26 00:02:50
VH_08282,Honda Civic,107.7,12.4,60.106056,77.448748,89.1,2024-11-02 09:34:06
VH_08283,Honda Civic,62.0,140.7,67.965133,130.121743,80.1,2024-11-13 08:16:06
VH_08284,Tesla Model 3,87.8,166.9,-9.714402,139.603371,89.4,2024-11-04 03:17:11
VH_08285,BMW X5,78.7,64.4,67.201578,13.00489,82.2,2024-11-21 23:04:12
VH_08286,Toyota Camry,90.7,145.1,65.17124,-170.886227,90.5,2024-11-16 13:11:41
VH_08287,Chevrolet Bolt,61.7,126.6,-70.329772,86.256497,85.1,2024-11-18 21:56:15
VH_08288,Mercedes EQS,104.0,69.2,88.751628,132.026807,84.6,2024-11-28 03:38:14
VH_08289,Mercedes EQS,67.7,37.6,-35.47033,21.091067,82.2,2024-11-12 02:46:25
VH_08290,Tesla Model 3,90.3,31.5,-32.827455,-83.545766,86.3,2024-11-28 08:39:41
VH_08291,Toyota Camry,104.6,138.5,76.334651,-18.997182,94.7,2024-11-09 22:37:25
VH_08292,Chevrolet Bolt,80.8,145.0,-1.975597,116.375792,80.4,2024-11-07 18:32:37
VH_08293,Ford F-150,77.4,155.2,-55.286337,101.397336,74.4,2024-11-02 13:53:57
VH_08294,Toyota Camry,113.9,15.9,-73.229003,-164.379867,95.0,2024-11-20 22:50:53
VH_08295,BMW X5,101.1,101.8,-31.224934,102.006063,92.5,2024-11-22 01:13:11
VH_08296,Ford F-150,82.9,58.4,-71.591226,144.970712,70.2,2024-11-25 01:30:22
VH_08297,Ford F-150,98.1,102.9,-63.302091,107.378714,99.9,2024-11-21 08:38:37
VH_08298,Tesla Model 3,115.5,140.1,-83.450359,69.697766,84.9,2024-11-16 22:02:31
VH_08299,Honda Civic,65.6,65.2,70.679856,-41.135527,99.8,2024-11-10 03:31:15
VH_08300,Chevrolet Bolt,77.0,74.9,70.887164,125.088248,91.1,2024-11-04 01:20:35
VH_08301,Toyota Camry,110.1,82.2,53.152846,42.979891,91.0,2024-11-01 08:00:33
VH_08302,Tesla Model 3,67.2,130.8,76.214709,-169.57989,79.4,2024-11-03 23:12:22
VH_08303,Hyundai Ioniq,61.1,38.7,-66.931214,122.33065,95.2,2024-11-07 12:08:09
VH_08304,Ford F-150,80.4,17.5,-48.089614,-48.884931,77.4,2024-11-25 17:14:31
VH_08305,Ford F-150,62.0,40.8,62.687617,-121.59897,82.3,2024-11-24 07:43:01
VH_08306,Ford F-150,97.5,75.6,27.469563,151.564158,83.4,2024-11-01 06:10:26
VH_08307,BMW X5,77.6,10.2,-80.378232,175.928441,89.8,2024-11-04 05:20:59
VH_08308,Honda Civic,,118.0,71.440753,41.065778,83.0,2024-11-09 07:21:05
VH_08309,Tesla Model 3,106.2,94.9,-26.769605,-57.143814,88.9,2024-11-02 17:49:04
VH_08310,Tesla Model 3,75.5,177.9,52.735469,-146.604144,94.2,2024-11-04 17:22:10
VH_08311,BMW X5,63.2,117.5,81.131565,114.007129,98.9,2024-11-02 23:31:05
VH_08312,Honda Civic,92.0,117.4,83.499145,53.176888,79.2,2024-11-29 18:25:09
VH_08313,Honda Civic,74.7,87.8,-1.677056,-158.800457,76.2,2024-11-28 02:42:27
VH_08314,BMW X5,72.5,112.2,72.389581,158.122952,85.2,2024-11-10 22:51:28
VH_08315,Toyota Camry,94.9,123.3,76.594114,-89.358424,90.2,2024-11-04 02:21:27
VH_08316,Tesla Model 3,68.2,75.3,52.354173,53.948135,80.6,2024-11-03 09:21:36
VH_08317,Honda Civic,110.5,38.1,-49.061722,165.714316,80.4,2024-11-03 23:03:00
VH_08318,Honda Civic,84.2,76.6,-72.016306,4.056981,81.6,2024-11-28 02:08:40
VH_08319,Honda Civic,68.5,73.1,86.705229,123.463294,97.5,2024-11-13 00:36:36
VH_08320,Toyota Camry,94.9,114.1,70.487869,-124.154192,95.8,2024-11-04 12:34:17
VH_08321,Tesla Model 3,88.4,66.2,36.646109,-25.547872,84.7,2024-11-06 11:14:38
VH_08322,Hyundai Ioniq,107.6,170.3,51.405428,-142.490315,74.0,2024-11-29 04:03:14
VH_08323,Tesla Model 3,69.5,78.0,18.278075,-94.522434,70.2,2024-11-29 12:37:12
VH_08324,Mercedes EQS,88.2,155.8,21.615486,-48.97601,77.0,2024-11-02 03:24:13
VH_08325,Tesla Model 3,97.8,102.3,-12.888472,14.834055,98.2,2024-11-21 20:34:11
VH_08326,Hyundai Ioniq,95.7,18.1,-49.458039,61.722889,84.2,2024-11-18 06:26:51
VH_08327,Mercedes EQS,87.0,56.3,-6.209691,79.809023,71.1,2024-11-20 04:40:05
VH_08328,Honda Civic,69.3,66.1,-52.488901,99.234887,72.0,2024-11-02 09:15:51
VH_08329,BMW X5,66.6,11.5,21.444843,-150.76869,77.9,2024-11-10 07:30:16
VH_08330,Hyundai Ioniq,64.7,59.7,-40.344539,-91.85656,84.3,2024-11-14 04:42:17
VH_08331,Tesla Model 3,75.3,45.2,-62.06035,-46.874919,74.2,2024-11-07 14:56:48
VH_08332,Ford F-150,114.0,33.0,23.404354,-10.689141,78.2,2024-11-06 02:57:52
VH_08333,BMW X5,91.1,29.4,58.448286,77.748387,85.2,2024-11-10 04:22:23
VH_08334,Honda Civic,98.3,159.6,-31.836013,7.478603,92.7,2024-11-28 18:37:45
VH_08335,Hyundai Ioniq,114.4,78.1,55.326621,128.905147,90.9,2024-11-02 07:54:23
VH_08336,BMW X5,93.4,163.5,42.252547,15.120743,83.5,2024-11-04 05:12:19
VH_08337,Honda Civic,64.6,66.2,-74.373936,130.117361,89.4,2024-11-23 15:04:17
VH_08338,BMW X5,77.0,143.2,-78.824087,-65.614071,90.6,2024-11-13 03:07:07
VH_08339,Toyota Camry,118.5,120.8,-67.131907,76.56328,82.5,2024-11-29 07:22:16
VH_08340,BMW X5,73.3,79.6,-36.52762,-69.057417,90.6,2024-11-18 10:15:41
VH_08341,Mercedes EQS,112.7,39.9,14.040934,-104.831966,84.4,2024-11-14 14:14:15
VH_08342,Ford F-150,95.1,33.0,71.763516,-125.549017,79.6,2024-11-23 23:00:25
VH_08343,Ford F-150,77.8,32.5,25.291607,93.151688,71.9,2024-11-14 23:24:13
VH_08344,Honda Civic,74.5,61.9,-38.399215,147.890805,91.8,2024-11-20 15:22:46
VH_08345,Tesla Model 3,62.4,61.7,0.582773,-49.227357,80.7,2024-11-27 06:50:37
VH_08346,Mercedes EQS,119.1,106.1,42.144029,124.249214,85.9,2024-11-04 00:43:10
VH_08347,Honda Civic,76.1,82.7,77.927201,-81.537991,88.5,2024-11-17 23:06:25
VH_08348,Ford F-150,118.1,60.2,36.762859,93.198158,94.5,2024-11-07 00:05:25
VH_08349,Toyota Camry,107.8,12.6,67.782764,109.810508,94.6,2024-11-08 00:48:30
VH_08350,Hyundai Ioniq,115.2,161.9,-71.155709,120.60118,82.8,2024-11-22 23:07:48
VH_08351,Hyundai Ioniq,81.4,16.5,52.317441,-15.98776,95.2,2024-11-05 20:23:47
VH_08352,BMW X5,68.9,114.8,18.19943,48.956655,77.5,2024-11-05 13:46:28
VH_08353,Tesla Model 3,79.6,145.2,27.542647,-145.619193,99.8,2024-11-22 13:57:53
VH_08354,Ford F-150,111.2,157.5,8.369921,57.956321,86.2,2024-11-04 15:59:35
VH_08355,Mercedes EQS,81.4,94.1,-83.321697,101.985269,96.2,2024-11-27 23:56:04
VH_08356,Chevrolet Bolt,63.4,167.8,-16.362694,-60.929871,98.6,2024-11-04 18:01:26
VH_08357,Chevrolet Bolt,72.5,44.7,86.958382,-123.963785,96.3,2024-11-12 17:31:00
VH_08358,Toyota Camry,116.1,175.6,-20.704713,98.54505,87.2,2024-11-13 23:40:10
VH_08359,Honda Civic,78.7,166.8,35.168996,144.716432,97.1,2024-11-07 23:14:43
VH_08360,Honda Civic,,54.1,10.355929,-49.608901,84.0,2024-11-11 07:25:31
VH_08361,BMW X5,87.8,15.8,-56.748611,51.64942,90.5,2024-11-24 08:17:34
VH_08362,BMW X5,69.9,109.1,-24.398898,-104.395765,73.9,2024-11-30 05:24:29
VH_08363,BMW X5,84.3,26.3,87.161118,139.247949,80.2,2024-11-02 15:02:53
VH_08364,Honda Civic,64.2,139.1,-87.749809,17.932727,71.4,2024-11-18 17:39:26
VH_08365,Tesla Model 3,91.1,29.0,-63.767424,-134.272151,79.4,2024-11-16 13:47:43
VH_08366,Ford F-150,73.4,11.4,2.526096,-59.630379,84.1,2024-11-24 11:16:01
VH_08367,Honda Civic,63.2,63.2,7.215412,147.746851,99.7,2024-11-20 15:00:02
VH_08368,Tesla Model 3,114.5,121.6,67.498366,140.170882,94.5,2024-11-22 11:16:26
VH_08369,Honda Civic,84.3,85.6,-64.515504,118.917668,76.1,2024-11-22 12:32:55
VH_08370,Ford F-150,102.6,103.5,13.810381,-89.691684,82.1,2024-11-18 22:07:43
VH_08371,Toyota Camry,65.3,34.8,-29.423057,9.464985,98.7,2024-11-10 13:29:32
VH_08372,Tesla Model 3,76.3,161.3,43.120315,156.690625,97.7,2024-11-11 16:30:31
VH_08373,Ford F-150,86.1,67.7,22.399828,63.359198,81.9,2024-11-15 23:56:19
VH_08374,Chevrolet Bolt,92.3,85.3,-1.796359,155.675464,78.8,2024-11-28 16:11:21
VH_08375,BMW X5,76.5,90.2,-49.063197,5.542819,91.7,2024-11-27 07:10:37
VH_08376,Ford F-150,91.6,176.2,74.600097,89.405371,87.6,2024-11-10 08:54:08
VH_08377,Ford F-150,86.3,70.2,-37.37185,9.64069,96.0,2024-11-24 02:21:43
VH_08378,Tesla Model 3,117.1,63.9,-66.67557,-59.167581,91.3,2024-11-30 03:54:08
VH_08379,Toyota Camry,97.6,137.5,79.660636,-64.246928,97.5,2024-11-02 08:50:07
VH_08380,Tesla Model 3,105.5,34.6,7.936936,68.01508,84.0,2024-11-10 17:29:31
VH_08381,Toyota Camry,88.5,73.7,29.185784,-10.660397,85.6,2024-11-03 17:22:00
VH_08382,Ford F-150,117.7,45.0,69.003615,-139.088966,89.3,2024-11-25 07:35:57
VH_08383,Tesla Model 3,97.8,37.5,-54.521582,132.152472,73.8,2024-11-17 17:48:30
VH_08384,Chevrolet Bolt,111.9,83.8,-41.153473,165.499105,81.5,2024-11-15 04:11:17
VH_08385,Tesla Model 3,97.2,93.7,-46.561683,-130.522785,86.5,2024-11-06 13:00:24
VH_08386,Tesla Model 3,86.3,164.0,-88.844958,157.173505,71.2,2024-11-29 15:52:41
VH_08387,Toyota Camry,118.2,175.8,-78.28052,109.173368,85.5,2024-11-19 22:09:32
VH_08388,Chevrolet Bolt,98.5,62.2,62.313937,-96.325746,87.6,2024-11-14 08:59:21
VH_08389,Mercedes EQS,84.4,179.6,50.153194,-19.175222,81.7,2024-11-27 14:48:04
VH_08390,Hyundai Ioniq,104.4,96.9,-22.051208,-40.021201,72.3,2024-11-23 02:59:06
VH_08391,Hyundai Ioniq,105.4,30.9,-7.758987,36.475959,88.6,2024-11-23 20:58:05
VH_08392,Hyundai Ioniq,111.1,57.6,2.226759,39.808414,85.3,2024-11-11 16:34:13
VH_08393,Tesla Model 3,63.9,129.1,-3.136214,-74.237058,73.0,2024-11-06 18:35:55
VH_08394,Tesla Model 3,105.7,65.4,62.419089,-94.482164,97.1,2024-11-26 19:41:30
VH_08395,Honda Civic,100.4,19.8,-0.222626,29.110052,71.0,2024-11-22 22:57:43
VH_08396,Tesla Model 3,109.2,55.2,-1.560477,-158.737041,89.9,2024-11-13 08:06:29
VH_08397,Toyota Camry,96.7,64.4,-74.461058,-161.134926,78.9,2024-11-18 19:44:25
VH_08398,Honda Civic,96.0,114.3,-54.355587,41.055135,75.1,2024-11-01 23:28:20
VH_08399,Tesla Model 3,114.5,116.4,67.096742,127.260356,75.9,2024-11-07 09:08:59
VH_08400,Honda Civic,69.3,43.6,40.71504,158.416661,76.2,2024-11-25 02:40:40
VH_08401,Tesla Model 3,105.2,112.8,-78.070039,51.130327,93.6,2024-11-08 03:55:35
VH_08402,Ford F-150,76.5,131.4,-71.821271,47.066071,80.6,2024-11-24 17:06:02
VH_08403,Honda Civic,92.1,118.9,62.022374,-120.26931,75.7,2024-11-06 16:44:53
VH_08404,Honda Civic,118.8,148.7,-80.729205,76.67795,88.0,2024-11-19 01:12:26
VH_08405,Tesla Model 3,113.6,14.4,-74.271637,145.827032,95.8,2024-11-05 13:48:17
VH_08406,Chevrolet Bolt,119.6,178.8,55.097087,110.958685,71.7,2024-11-23 06:45:38
VH_08407,Honda Civic,64.3,160.6,8.250854,-143.513116,94.8,2024-11-25 21:26:43
VH_08408,Mercedes EQS,74.7,39.5,78.728462,-87.63321,89.8,2024-11-10 23:28:55
VH_08409,Chevrolet Bolt,65.1,85.9,-0.115193,-140.471578,81.6,2024-11-06 10:14:04
VH_08410,Hyundai Ioniq,117.2,85.5,-24.645491,-24.555467,83.1,2024-11-02 01:05:22
VH_08411,Tesla Model 3,69.1,124.0,68.782425,-32.882152,96.0,2024-11-03 16:06:08
VH_08412,Honda Civic,63.9,33.7,73.237838,-44.189512,73.6,2024-11-13 19:01:29
VH_08413,Mercedes EQS,118.9,134.6,-19.848937,-78.077197,80.1,2024-11-25 10:28:19
VH_08414,Toyota Camry,61.5,103.1,46.173444,69.29593,93.6,2024-11-13 07:24:43
VH_08415,BMW X5,82.5,177.7,-34.693022,-33.281463,77.4,2024-11-23 13:26:50
VH_08416,Toyota Camry,,27.4,44.192511,60.654819,88.2,2024-11-26 03:46:22
VH_08417,Honda Civic,108.2,32.9,-49.85693,91.040581,95.2,2024-11-19 11:22:29
VH_08418,Tesla Model 3,86.4,4.4,9.226912,115.125082,76.1,2024-11-15 11:22:20
VH_08419,BMW X5,81.2,139.4,-0.674944,-136.163327,94.3,2024-11-16 09:05:42
VH_08420,Ford F-150,111.2,122.1,-68.264343,-45.30792,92.8,2024-11-17 23:54:30
VH_08421,Tesla Model 3,75.8,103.7,-45.052234,-179.476449,92.5,2024-11-23 22:32:18
VH_08422,Toyota Camry,60.8,18.4,-73.491924,20.070537,98.7,2024-11-15 23:40:44
VH_08423,Tesla Model 3,105.3,12.4,36.520407,-114.712909,96.0,2024-11-07 08:03:09
VH_08424,Chevrolet Bolt,63.0,120.7,24.978628,-26.958664,73.6,2024-11-07 15:25:47
VH_08425,Hyundai Ioniq,106.7,70.2,-41.854899,-29.375366,91.1,2024-11-23 19:10:59
VH_08426,Tesla Model 3,61.5,51.2,50.847797,-142.277433,94.0,2024-11-29 20:01:33
VH_08427,Chevrolet Bolt,101.7,54.7,-47.628426,-49.221157,79.4,2024-11-02 10:23:53
VH_08428,Hyundai Ioniq,86.4,177.6,-2.230711,-3.22745,73.2,2024-11-17 05:33:20
VH_08429,Toyota Camry,91.3,124.3,-44.510993,-125.069223,91.4,2024-11-20 00:52:06
VH_08430,Tesla Model 3,74.0,145.8,79.193607,-143.753611,97.6,2024-11-29 21:34:48
VH_08431,Tesla Model 3,60.1,111.0,36.598254,52.302777,74.8,2024-11-10 19:35:09
VH_08432,Ford F-150,63.1,26.9,-61.654636,112.644035,85.4,2024-11-13 05:11:14
VH_08433,Toyota Camry,,145.0,-27.481861,-154.698037,93.0,2024-11-27 04:45:57
VH_08434,Hyundai Ioniq,64.0,93.9,20.611355,-19.91155,92.3,2024-11-09 20:56:07
VH_08435,Tesla Model 3,88.6,61.6,-60.765384,20.543151,98.4,2024-11-29 10:05:33
VH_08436,BMW X5,115.0,126.1,-18.263076,-8.790793,94.8,2024-11-30 20:01:37
VH_08437,Tesla Model 3,66.2,69.8,-9.796916,-116.533434,85.6,2024-11-27 04:31:02
VH_08438,Toyota Camry,90.6,116.0,6.146654,-166.58949,77.3,2024-11-15 00:50:55
VH_08439,Hyundai Ioniq,94.3,164.0,51.604558,17.629842,88.8,2024-11-11 07:12:36
VH_08440,Tesla Model 3,97.1,171.9,78.551613,5.643351,91.3,2024-11-23 09:25:44
VH_08441,Tesla Model 3,93.0,107.0,-79.061534,174.224494,91.5,2024-11-14 22:09:06
VH_08442,Tesla Model 3,113.4,24.0,29.060443,-2.480099,88.6,2024-11-18 20:28:03
VH_08443,BMW X5,87.3,117.3,56.093366,-167.476372,95.7,2024-11-03 06:39:47
VH_08444,Chevrolet Bolt,101.7,74.7,8.79469,8.92134,93.3,2024-11-03 12:48:32
VH_08445,Tesla Model 3,85.9,39.7,74.362411,90.768185,77.4,2024-11-27 10:41:49
VH_08446,Chevrolet Bolt,66.1,84.4,-15.646104,70.577545,74.9,2024-11-28 17:57:33
VH_08447,Mercedes EQS,99.1,45.4,-76.132797,-155.033225,76.6,2024-11-01 02:25:50
VH_08448,Tesla Model 3,66.5,126.5,40.510501,109.775086,75.8,2024-11-19 17:22:57
VH_08449,Tesla Model 3,63.1,173.9,26.203897,96.527027,74.5,2024-11-07 01:38:21
VH_08450,Tesla Model 3,113.4,81.8,-87.885218,24.018132,98.6,2024-11-21 19:44:24
VH_08451,Honda Civic,81.9,81.6,-12.284162,-96.163275,74.7,2024-11-18 07:29:42
VH_08452,Tesla Model 3,100.6,121.4,-24.387597,68.99934,83.3,2024-11-17 10:47:03
VH_08453,Honda Civic,84.5,119.6,-67.922414,-121.430665,95.6,2024-11-01 09:01:58
VH_08454,Tesla Model 3,81.5,151.2,33.550586,-55.462112,77.3,2024-11-13 05:38:42
VH_08455,Toyota Camry,107.9,50.1,22.887312,34.407303,85.9,2024-11-08 15:55:45
VH_08456,Honda Civic,87.0,1.7,27.620989,-49.87627,91.5,2024-11-12 00:44:31
VH_08457,Tesla Model 3,99.2,31.7,-59.899825,21.083709,77.5,2024-11-07 06:52:35
VH_08458,Honda Civic,69.0,106.1,-72.543788,-10.265229,71.1,2024-11-10 18:33:07
VH_08459,Toyota Camry,116.4,124.1,81.614028,16.381357,85.7,2024-11-29 12:56:09
VH_08460,Mercedes EQS,92.6,105.1,36.737232,154.667809,80.3,2024-11-13 15:27:35
VH_08461,Chevrolet Bolt,97.6,169.4,-0.148906,68.43206,74.0,2024-11-28 02:54:46
VH_08462,BMW X5,108.5,136.4,-42.684266,-157.643955,81.0,2024-11-26 17:17:31
VH_08463,Tesla Model 3,60.4,156.4,42.361166,135.502831,87.0,2024-11-06 12:44:55
VH_08464,Hyundai Ioniq,87.7,23.4,43.169871,-62.401818,87.0,2024-11-16 22:52:04
VH_08465,Tesla Model 3,84.9,25.3,61.432613,-70.308733,70.8,2024-11-18 15:56:55
VH_08466,Honda Civic,104.9,102.0,44.526091,79.216095,77.3,2024-11-27 20:14:41
VH_08467,BMW X5,92.6,43.8,-54.616749,-19.528175,85.6,2024-11-10 22:14:11
VH_08468,Toyota Camry,73.8,134.2,-79.380592,119.754396,86.5,2024-11-30 17:39:04
VH_08469,Tesla Model 3,108.5,168.1,18.412941,-57.764642,92.4,2024-11-04 07:00:50
VH_08470,BMW X5,91.0,2.2,80.057606,-59.657553,80.5,2024-11-20 22:18:29
VH_08471,Mercedes EQS,84.2,24.0,88.82844,-114.142795,76.0,2024-11-02 19:20:18
VH_08472,Hyundai Ioniq,83.5,83.4,-39.981096,8.619521,71.8,2024-11-07 19:43:49
VH_08473,BMW X5,97.6,174.3,76.842213,14.714641,99.1,2024-11-06 06:42:32
VH_08474,Ford F-150,97.2,162.6,-41.380456,-28.079458,75.9,2024-11-23 02:29:25
VH_08475,Toyota Camry,96.1,158.9,1.855922,154.722831,93.4,2024-11-02 23:27:52
VH_08476,Tesla Model 3,110.4,35.9,-8.335928,129.94277,97.5,2024-11-29 17:52:20
VH_08477,Ford F-150,113.8,132.7,17.064101,-11.540236,93.6,2024-11-23 02:21:16
VH_08478,Tesla Model 3,110.7,80.6,-72.05515,1.502032,92.0,2024-11-24 16:32:43
VH_08479,Hyundai Ioniq,118.7,171.2,-60.096574,131.532848,97.2,2024-11-18 20:09:06
VH_08480,Mercedes EQS,76.9,179.9,-88.334152,-126.490812,74.0,2024-11-06 16:10:25
VH_08481,Honda Civic,101.9,91.5,20.921688,148.083321,72.0,2024-11-20 15:38:50
VH_08482,Chevrolet Bolt,61.8,85.0,20.834174,-68.937119,90.7,2024-11-29 05:42:04
VH_08483,Tesla Model 3,119.2,28.7,-44.505034,152.645431,86.7,2024-11-25 15:23:37
VH_08484,Ford F-150,98.2,63.1,53.159143,81.36306,87.0,2024-11-25 16:31:31
VH_08485,Mercedes EQS,64.4,7.0,79.130251,-108.132415,96.2,2024-11-01 10:53:06
VH_08486,Toyota Camry,77.6,151.5,12.610673,143.046155,89.2,2024-11-11 07:10:40
VH_08487,Toyota Camry,92.4,138.4,-5.198893,43.991105,97.1,2024-11-12 06:40:40
VH_08488,BMW X5,84.4,12.9,-49.611295,59.86815,95.1,2024-11-09 04:18:36
VH_08489,Chevrolet Bolt,109.8,153.6,61.03844,124.412581,92.0,2024-11-30 20:20:48
VH_08490,Honda Civic,79.0,103.3,11.707574,-21.341375,86.5,2024-11-02 10:09:24
VH_08491,Mercedes EQS,114.1,86.6,-32.879839,134.000987,83.6,2024-11-24 09:16:39
VH_08492,Mercedes EQS,102.1,131.5,73.936821,-108.149637,92.9,2024-11-26 15:10:06
VH_08493,BMW X5,66.7,179.9,-70.160055,22.342192,75.8,2024-11-27 15:00:27
VH_08494,Honda Civic,80.4,18.7,-1.404442,-145.89339,93.3,2024-11-08 10:41:59
VH_08495,Toyota Camry,118.9,2.2,-33.474279,158.291712,86.1,2024-11-18 18:55:35
VH_08496,Chevrolet Bolt,64.3,21.0,36.82029,-107.962958,98.8,2024-11-17 09:54:25
VH_08497,Ford F-150,107.5,16.5,83.12484,-73.167285,71.8,2024-11-23 05:17:41
VH_08498,Toyota Camry,89.3,98.8,-50.294391,137.408737,75.1,2024-11-24 13:22:47
VH_08499,Toyota Camry,97.3,19.8,32.151668,-70.199975,80.5,2024-11-02 23:05:42
VH_08500,BMW X5,105.8,42.6,-57.690319,160.56633,70.2,2024-11-21 13:27:04
VH_08501,Ford F-150,84.3,62.5,-60.713422,-123.669118,79.1,2024-11-02 01:49:10
VH_08502,BMW X5,69.6,159.4,-6.3141,116.973833,77.8,2024-11-26 08:06:21
VH_08503,Toyota Camry,119.6,90.2,-33.08281,177.175245,76.0,2024-11-24 10:13:59
VH_08504,Honda Civic,80.2,100.9,-47.331774,79.995723,95.4,2024-11-26 15:01:55
VH_08505,BMW X5,104.5,99.0,58.227382,-20.624135,74.3,2024-11-28 15:30:10
VH_08506,Mercedes EQS,83.0,53.6,29.039116,-69.69421,73.0,2024-11-07 02:42:37
VH_08507,BMW X5,104.3,166.8,-85.14655,-3.824687,89.6,2024-11-26 05:25:03
VH_08508,Toyota Camry,81.5,20.5,36.352656,167.058816,84.1,2024-11-26 07:00:59
VH_08509,Toyota Camry,68.2,93.8,17.052119,-15.456748,87.3,2024-11-30 21:44:09
VH_08510,Toyota Camry,93.4,31.4,-44.595017,-174.062519,78.0,2024-11-20 12:28:09
VH_08511,Toyota Camry,60.5,80.5,-79.021595,-12.20703,80.4,2024-11-22 21:57:46
VH_08512,Honda Civic,61.9,116.0,89.28202,138.455805,94.2,2024-11-26 00:10:00
VH_08513,Tesla Model 3,87.5,76.9,-34.01246,-174.954251,99.7,2024-11-21 06:11:26
VH_08514,Honda Civic,66.9,4.7,-52.146017,-172.544687,95.9,2024-11-06 22:09:20
VH_08515,Tesla Model 3,87.6,10.4,-34.71461,-33.869886,98.9,2024-11-17 03:06:16
VH_08516,Mercedes EQS,117.1,161.2,10.555503,20.281222,80.1,2024-11-01 12:31:21
VH_08517,Tesla Model 3,89.4,12.1,53.763069,-106.214165,79.2,2024-11-05 11:02:17
VH_08518,Ford F-150,61.0,117.6,10.355597,31.017148,82.2,2024-11-14 20:03:01
VH_08519,Tesla Model 3,63.3,140.7,-0.120195,126.804708,79.1,2024-11-07 17:45:08
VH_08520,Toyota Camry,82.0,70.4,52.05922,-73.237538,76.0,2024-11-30 08:50:18
VH_08521,Tesla Model 3,89.2,153.0,-64.326278,-53.812692,94.7,2024-11-25 14:42:24
VH_08522,Toyota Camry,106.0,85.2,74.706452,73.422302,93.7,2024-11-30 10:52:34
VH_08523,Toyota Camry,117.5,145.4,-26.313039,-94.370462,95.3,2024-11-12 02:57:42
VH_08524,Chevrolet Bolt,86.1,62.0,77.389973,-154.110425,93.8,2024-11-02 11:11:05
VH_08525,Honda Civic,88.3,150.7,66.906749,-90.589447,87.1,2024-11-28 14:34:01
VH_08526,Toyota Camry,106.3,33.4,45.659224,-130.779697,75.6,2024-11-08 00:21:08
VH_08527,Toyota Camry,104.7,160.7,-88.515814,-97.296957,89.0,2024-11-07 16:46:42
VH_08528,Ford F-150,118.4,109.4,-4.696257,-158.687726,75.4,2024-11-22 01:26:43
VH_08529,Honda Civic,98.1,25.0,-13.775541,93.885537,70.9,2024-11-26 10:47:30
VH_08530,Tesla Model 3,112.7,145.7,-20.549824,30.006154,89.8,2024-11-25 01:30:12
VH_08531,Hyundai Ioniq,98.6,60.7,70.877029,-92.798387,81.8,2024-11-24 12:18:39
VH_08532,Chevrolet Bolt,115.5,131.6,-63.829772,-20.793499,80.0,2024-11-23 21:06:50
VH_08533,BMW X5,70.2,129.5,79.384603,112.819126,78.0,2024-11-11 20:20:20
VH_08534,Tesla Model 3,65.4,173.9,-36.94428,119.835131,92.1,2024-11-27 21:52:14
VH_08535,Tesla Model 3,105.5,116.8,-11.55383,137.847551,87.4,2024-11-05 00:16:10
VH_08536,Honda Civic,94.4,97.0,73.68983,-72.212533,79.9,2024-11-07 08:32:56
VH_08537,Honda Civic,106.3,114.9,-0.754133,-176.484609,70.7,2024-11-06 09:10:01
VH_08538,Ford F-150,70.4,36.1,62.308168,98.316324,86.8,2024-11-14 21:41:57
VH_08539,Tesla Model 3,64.1,158.6,-67.337706,-10.263887,71.5,2024-11-27 18:55:28
VH_08540,Tesla Model 3,100.7,12.8,-49.68558,70.789144,97.2,2024-11-21 17:55:14
VH_08541,BMW X5,94.9,145.0,-12.27215,-62.146688,72.3,2024-11-26 14:48:19
VH_08542,Ford F-150,89.4,106.2,-50.124391,36.290653,72.3,2024-11-05 01:03:51
VH_08543,Honda Civic,117.6,48.9,-22.522673,-5.440266,77.8,2024-11-26 01:12:08
VH_08544,Tesla Model 3,61.4,39.7,9.949342,70.294119,84.9,2024-11-24 11:30:29
VH_08545,Tesla Model 3,89.0,108.2,73.625988,106.605558,93.1,2024-11-30 17:36:12
VH_08546,Honda Civic,68.6,66.6,-47.752157,-5.938096,81.9,2024-11-10 15:36:59
VH_08547,Tesla Model 3,79.8,80.0,-62.831775,153.169906,90.6,2024-11-23 10:21:19
VH_08548,Ford F-150,114.9,147.3,18.603321,-136.019639,86.0,2024-11-18 17:50:12
VH_08549,Ford F-150,106.4,31.2,36.590306,-143.531962,85.6,2024-11-07 21:28:15
VH_08550,Honda Civic,96.1,167.1,-51.52904,-85.013664,90.4,2024-11-24 21:13:13
VH_08551,Tesla Model 3,68.0,36.7,-37.426234,-159.348443,95.0,2024-11-10 18:04:24
VH_08552,Honda Civic,68.6,135.9,15.27599,-123.7325,76.6,2024-11-15 21:47:21
VH_08553,Tesla Model 3,93.7,1.2,-69.929903,-173.449566,81.1,2024-11-15 23:10:15
VH_08554,Honda Civic,112.0,163.9,19.993923,-176.083916,87.9,2024-11-23 00:19:59
VH_08555,Tesla Model 3,112.6,99.2,87.938789,-65.89313,92.7,2024-11-20 14:53:14
VH_08556,Honda Civic,120.0,142.1,-54.96301,-58.155,90.7,2024-11-23 07:04:29
VH_08557,BMW X5,61.4,18.8,2.306665,-33.028902,80.5,2024-11-02 19:39:43
VH_08558,Honda Civic,78.2,24.1,-53.697595,-85.883201,82.4,2024-11-15 05:38:30
VH_08559,Hyundai Ioniq,62.8,2.3,-9.721236,-51.00542,84.6,2024-11-21 21:40:50
VH_08560,Honda Civic,105.4,62.8,-75.486286,-105.609453,76.8,2024-11-15 09:11:15
VH_08561,Honda Civic,87.8,154.3,60.237012,-43.145291,75.1,2024-11-20 06:13:45
VH_08562,Toyota Camry,94.1,73.4,-45.399193,17.859749,99.0,2024-11-06 19:26:57
VH_08563,BMW X5,117.3,151.1,82.57832,174.555978,84.8,2024-11-20 21:44:10
VH_08564,Hyundai Ioniq,103.3,174.5,-44.534529,-89.077782,80.5,2024-11-02 11:31:00
VH_08565,Ford F-150,116.6,115.7,-60.005781,118.750427,92.5,2024-11-30 07:26:50
VH_08566,Tesla Model 3,115.9,15.6,28.8514,-25.625196,99.1,2024-11-09 14:46:31
VH_08567,Toyota Camry,68.4,120.3,-67.598776,-111.755498,74.3,2024-11-27 15:30:45
VH_08568,Chevrolet Bolt,,127.3,-11.976804,-10.949496,88.3,2024-11-10 15:54:52
VH_08569,Tesla Model 3,95.0,141.8,-80.319228,45.104472,83.9,2024-11-19 18:12:04
VH_08570,Honda Civic,117.2,121.6,-20.64734,124.587302,96.1,2024-11-13 19:50:41
VH_08571,Tesla Model 3,73.7,133.8,-83.87163,68.126566,88.2,2024-11-26 10:22:15
VH_08572,Hyundai Ioniq,78.8,54.0,-77.235529,-174.31067,97.0,2024-11-04 14:13:28
VH_08573,Tesla Model 3,61.5,88.9,-2.438279,134.994841,86.3,2024-11-09 11:46:33
VH_08574,Mercedes EQS,87.3,138.5,81.173619,153.882014,83.9,2024-11-06 22:10:38
VH_08575,Chevrolet Bolt,80.5,132.2,15.142294,60.224009,84.3,2024-11-10 06:22:25
VH_08576,Chevrolet Bolt,78.2,0.6,-69.99271,118.152906,80.7,2024-11-07 20:30:17
VH_08577,Honda Civic,75.9,120.0,-3.863569,80.464719,84.5,2024-11-19 08:36:33
VH_08578,Toyota Camry,66.1,95.7,46.884666,-42.736558,80.6,2024-11-12 19:39:52
VH_08579,BMW X5,87.3,36.7,-81.773131,-21.973317,88.9,2024-11-15 15:25:36
VH_08580,Mercedes EQS,61.5,34.8,-82.800057,-20.315476,75.7,2024-11-18 20:08:19
VH_08581,Chevrolet Bolt,94.7,47.5,-41.383607,-68.833312,74.9,2024-11-18 22:20:11
VH_08582,Honda Civic,109.9,96.5,-87.506209,-15.273057,74.2,2024-11-30 19:38:59
VH_08583,Chevrolet Bolt,101.1,59.6,72.392126,-154.138639,70.0,2024-11-26 18:05:20
VH_08584,Hyundai Ioniq,109.9,61.3,77.982299,-35.924101,96.1,2024-11-03 17:36:03
VH_08585,Tesla Model 3,,85.4,33.032728,-14.556968,94.6,2024-11-05 19:30:54
VH_08586,Ford F-150,107.2,93.4,87.169861,-14.818513,75.7,2024-11-05 20:12:45
VH_08587,Honda Civic,112.8,70.5,6.98745,-153.395102,72.7,2024-11-26 17:22:29
VH_08588,Tesla Model 3,66.2,34.9,45.443978,62.784869,74.1,2024-11-22 19:03:16
VH_08589,Tesla Model 3,61.3,145.2,-31.170429,141.516703,85.3,2024-11-20 19:10:22
VH_08590,Chevrolet Bolt,93.5,118.8,-38.070639,36.405937,81.5,2024-11-27 10:21:04
VH_08591,Chevrolet Bolt,66.4,107.8,-42.686436,-78.631019,88.6,2024-11-18 11:05:30
VH_08592,Mercedes EQS,70.0,30.2,41.724545,97.464168,75.9,2024-11-16 15:49:04
VH_08593,Tesla Model 3,102.3,159.9,-28.032472,10.392151,77.0,2024-11-16 21:13:50
VH_08594,Chevrolet Bolt,102.0,20.3,-27.567142,-12.285215,92.9,2024-11-20 12:00:04
VH_08595,Honda Civic,92.6,104.8,-57.680301,6.600665,88.6,2024-11-28 03:38:36
VH_08596,Tesla Model 3,84.7,84.4,64.516631,-41.634775,90.8,2024-11-10 19:43:39
VH_08597,Ford F-150,95.8,150.7,-24.754225,12.398561,94.2,2024-11-26 03:17:07
VH_08598,Ford F-150,101.3,118.6,-16.5489,-54.405573,73.6,2024-11-19 11:45:50
VH_08599,Hyundai Ioniq,73.1,123.9,23.515868,9.254365,86.6,2024-11-19 09:06:50
VH_08600,Chevrolet Bolt,120.0,165.9,3.842965,-135.010023,79.9,2024-11-06 15:31:29
VH_08601,Tesla Model 3,90.3,144.0,-65.030234,88.170347,81.3,2024-11-15 18:39:55
VH_08602,BMW X5,60.3,26.4,69.175445,-48.342567,77.2,2024-11-29 01:34:24
VH_08603,Tesla Model 3,79.4,85.8,9.509191,-172.280705,86.0,2024-11-17 19:36:19
VH_08604,Ford F-150,111.4,130.7,-9.439314,163.217989,89.9,2024-11-27 03:51:00
VH_08605,Honda Civic,83.8,148.8,-11.462871,70.013765,71.1,2024-11-08 01:12:34
VH_08606,BMW X5,60.3,111.4,67.489276,-10.303157,89.6,2024-11-09 03:26:51
VH_08607,Chevrolet Bolt,118.3,16.9,81.415725,13.935572,98.4,2024-11-30 13:35:06
VH_08608,Chevrolet Bolt,114.7,126.5,51.683387,53.299346,88.3,2024-11-09 18:31:36
VH_08609,Toyota Camry,104.1,77.6,34.774255,-93.524789,90.9,2024-11-13 09:46:22
VH_08610,Tesla Model 3,117.8,14.8,11.303694,83.635937,76.4,2024-11-04 09:14:31
VH_08611,Mercedes EQS,70.2,152.0,-64.49054,-12.893834,75.3,2024-11-20 03:27:25
VH_08612,Toyota Camry,64.0,53.2,31.841011,-145.60331,87.8,2024-11-11 19:26:43
VH_08613,Toyota Camry,94.1,118.8,-46.338737,175.098755,97.2,2024-11-01 18:20:03
VH_08614,Ford F-150,80.1,71.1,-32.361156,-22.843654,75.6,2024-11-07 18:21:33
VH_08615,Tesla Model 3,107.8,77.3,-43.600019,29.333088,87.8,2024-11-21 14:47:23
VH_08616,Mercedes EQS,118.3,147.5,16.367906,132.65176,83.5,2024-11-07 09:19:15
VH_08617,Toyota Camry,85.4,38.0,76.802283,44.686268,75.2,2024-11-26 14:51:44
VH_08618,Tesla Model 3,61.6,33.3,-49.948502,-9.929047,89.0,2024-11-20 21:46:41
VH_08619,Honda Civic,108.3,177.2,50.389752,-109.6231,78.6,2024-11-23 05:54:50
VH_08620,Honda Civic,101.4,44.8,-69.740523,-95.677854,76.5,2024-11-27 13:46:59
VH_08621,Toyota Camry,95.5,61.8,23.693947,60.381604,97.0,2024-11-22 10:38:25
VH_08622,Chevrolet Bolt,64.9,140.8,68.152245,-123.203835,93.2,2024-11-17 13:40:45
VH_08623,Tesla Model 3,86.4,62.7,82.970233,98.341694,81.5,2024-11-04 16:16:50
VH_08624,Chevrolet Bolt,68.0,122.7,-50.372964,114.302018,91.1,2024-11-01 18:45:43
VH_08625,Tesla Model 3,113.0,18.8,-34.371742,-39.056476,78.7,2024-11-12 00:58:59
VH_08626,Toyota Camry,102.1,59.2,63.067624,-100.236598,96.8,2024-11-28 05:02:06
VH_08627,Honda Civic,118.4,34.0,-65.951672,59.105223,80.8,2024-11-30 18:35:37
VH_08628,Mercedes EQS,,31.4,5.006685,1.905565,89.6,2024-11-26 21:18:41
VH_08629,Honda Civic,98.2,53.9,18.134474,110.840627,77.4,2024-11-03 12:48:34
VH_08630,Ford F-150,83.2,167.2,79.252915,27.120981,72.0,2024-11-10 20:24:27
VH_08631,Hyundai Ioniq,93.5,7.1,23.022176,-170.087314,80.4,2024-11-04 03:14:23
VH_08632,Tesla Model 3,100.4,88.7,-34.010816,-130.065988,82.4,2024-11-09 17:33:22
VH_08633,Hyundai Ioniq,110.9,176.7,7.098651,150.686958,83.2,2024-11-08 05:45:15
VH_08634,BMW X5,112.6,165.8,25.280172,17.301239,81.7,2024-11-29 21:27:14
VH_08635,BMW X5,102.5,177.6,-52.532929,82.318557,89.4,2024-11-07 01:47:47
VH_08636,Mercedes EQS,114.1,2.9,46.27727,40.860018,96.5,2024-11-06 06:35:32
VH_08637,Tesla Model 3,115.2,90.9,69.091409,127.801109,76.0,2024-11-25 04:40:43
VH_08638,BMW X5,106.3,133.7,-46.009624,77.2948,74.0,2024-11-02 10:01:20
VH_08639,Tesla Model 3,84.4,4.1,-7.843431,148.556261,94.4,2024-11-09 08:13:30
VH_08640,Honda Civic,79.0,69.9,68.613408,43.661832,98.2,2024-11-27 04:06:09
VH_08641,Chevrolet Bolt,82.5,117.0,77.103432,107.60896,81.9,2024-11-01 10:28:57
VH_08642,Toyota Camry,113.5,112.8,79.058392,155.436582,94.8,2024-11-17 03:09:01
VH_08643,Honda Civic,116.4,17.5,11.504945,43.979241,70.1,2024-11-28 01:43:19
VH_08644,Tesla Model 3,70.2,48.9,-14.676419,-18.114955,82.5,2024-11-23 02:46:46
VH_08645,BMW X5,67.8,1.7,13.248675,152.035127,100.0,2024-11-17 04:22:21
VH_08646,Tesla Model 3,64.7,151.7,41.607883,-95.410714,84.9,2024-11-09 23:36:44
VH_08647,Ford F-150,87.8,51.0,27.012266,14.698086,72.9,2024-11-29 05:04:21
VH_08648,BMW X5,96.9,158.7,45.746435,-25.709057,79.8,2024-11-28 21:09:01
VH_08649,BMW X5,85.4,148.3,-21.840272,148.433393,73.3,2024-11-20 05:17:03
VH_08650,BMW X5,72.2,115.7,29.09537,4.119094,97.0,2024-11-26 23:08:34
VH_08651,Ford F-150,89.0,149.1,20.101359,-142.161,96.2,2024-11-24 23:22:10
VH_08652,Tesla Model 3,105.9,124.5,-25.869933,6.872545,74.1,2024-11-25 09:02:41
VH_08653,Mercedes EQS,,123.4,-61.081457,-102.701249,79.4,2024-11-02 20:22:32
VH_08654,Tesla Model 3,69.1,26.8,-87.91498,-134.371371,98.6,2024-11-26 01:57:42
VH_08655,BMW X5,77.4,120.6,13.301282,17.049464,86.3,2024-11-27 09:03:37
VH_08656,Tesla Model 3,79.0,47.1,-0.8755,-179.829225,87.6,2024-11-22 12:47:05
VH_08657,BMW X5,90.3,59.2,-83.343765,-23.226444,81.5,2024-11-13 02:21:08
VH_08658,Tesla Model 3,69.1,21.8,76.644193,12.197811,91.7,2024-11-26 23:04:36
VH_08659,Honda Civic,100.4,112.8,-11.782015,-113.83918,82.7,2024-11-20 13:02:40
VH_08660,Chevrolet Bolt,88.6,136.1,-64.807628,136.623126,96.3,2024-11-12 01:12:22
VH_08661,Hyundai Ioniq,91.8,145.8,-38.284789,170.19893,82.0,2024-11-05 10:13:00
VH_08662,Honda Civic,103.8,172.5,-35.659653,81.710527,97.7,2024-11-23 06:00:58
VH_08663,Tesla Model 3,100.8,148.2,-10.603765,-176.235835,88.5,2024-11-13 10:19:48
VH_08664,Toyota Camry,78.6,114.2,-24.587361,-110.735245,99.9,2024-11-13 12:12:41
VH_08665,BMW X5,64.3,119.7,71.58675,133.000914,96.4,2024-11-11 14:29:40
VH_08666,Chevrolet Bolt,109.7,27.2,60.837234,9.598261,91.0,2024-11-23 23:21:45
VH_08667,Tesla Model 3,78.1,105.0,74.626044,-38.456985,73.3,2024-11-03 19:59:04
VH_08668,Tesla Model 3,67.7,11.1,79.188538,4.499324,96.3,2024-11-04 10:29:04
VH_08669,Honda Civic,116.6,179.2,69.490058,-159.594519,95.2,2024-11-14 23:28:40
VH_08670,Ford F-150,112.7,60.6,47.627069,87.823068,91.4,2024-11-15 06:55:41
VH_08671,Ford F-150,103.4,24.2,67.832992,177.442866,93.4,2024-11-07 19:15:29
VH_08672,Tesla Model 3,107.6,160.8,21.791612,-152.861645,95.3,2024-11-21 23:55:29
VH_08673,Toyota Camry,77.0,157.0,-4.374282,61.464261,85.7,2024-11-12 23:03:37
VH_08674,Ford F-150,78.9,108.2,-0.846234,71.713433,81.0,2024-11-06 06:27:48
VH_08675,Toyota Camry,118.5,37.1,-0.130336,29.161885,93.2,2024-11-11 20:30:04
VH_08676,Tesla Model 3,107.2,33.7,85.170281,17.390305,72.7,2024-11-24 17:22:53
VH_08677,Tesla Model 3,95.5,69.0,-10.957976,-55.971218,86.9,2024-11-30 18:27:22
VH_08678,BMW X5,68.2,108.7,57.058067,-68.419881,94.0,2024-11-20 17:37:41
VH_08679,Toyota Camry,88.3,59.4,29.256619,-20.696345,95.3,2024-11-04 12:48:22
VH_08680,Tesla Model 3,79.4,50.1,-56.226729,-0.474041,82.7,2024-11-08 08:07:03
VH_08681,Ford F-150,101.1,147.0,-12.003033,41.772247,94.6,2024-11-29 15:31:08
VH_08682,Hyundai Ioniq,76.0,113.0,-57.022489,-0.487368,79.3,2024-11-16 15:42:53
VH_08683,Chevrolet Bolt,83.4,105.7,6.166843,148.114129,79.4,2024-11-06 01:58:04
VH_08684,Ford F-150,91.7,154.6,31.407026,78.326389,81.9,2024-11-11 04:06:30
VH_08685,Tesla Model 3,109.0,77.7,-84.574121,-155.864576,98.3,2024-11-24 21:57:15
VH_08686,Mercedes EQS,117.2,133.2,13.235035,-14.975423,89.7,2024-11-04 15:38:09
VH_08687,Honda Civic,115.6,49.2,22.091256,178.783652,88.5,2024-11-04 19:30:39
VH_08688,Tesla Model 3,112.6,160.7,-8.222194,114.424773,72.5,2024-11-25 16:09:55
VH_08689,Chevrolet Bolt,109.8,25.6,-21.522121,116.091923,79.8,2024-11-12 23:46:49
VH_08690,Toyota Camry,68.1,107.6,61.681059,-131.441173,83.9,2024-11-29 11:53:47
VH_08691,Ford F-150,71.4,118.3,-31.396452,-16.237699,73.6,2024-11-21 21:52:36
VH_08692,BMW X5,108.9,158.8,-50.185433,56.663043,72.8,2024-11-20 12:26:18
VH_08693,Hyundai Ioniq,88.1,146.0,13.090063,-100.073351,91.3,2024-11-14 11:49:46
VH_08694,Chevrolet Bolt,69.8,80.5,81.077201,106.278252,85.5,2024-11-01 12:33:14
VH_08695,BMW X5,107.2,154.5,-80.852077,74.749858,82.5,2024-11-28 02:58:46
VH_08696,BMW X5,117.7,144.5,-89.185066,-129.410441,86.9,2024-11-07 06:33:27
VH_08697,Ford F-150,80.7,73.5,-45.668621,151.134258,95.7,2024-11-03 07:49:57
VH_08698,Tesla Model 3,87.1,26.4,7.860971,-122.042223,72.6,2024-11-08 17:32:23
VH_08699,Tesla Model 3,93.5,31.7,46.196034,100.008404,77.3,2024-11-01 22:52:12
VH_08700,Mercedes EQS,84.4,98.3,73.404708,-45.41479,99.8,2024-11-03 06:12:21
VH_08701,Toyota Camry,106.2,45.4,77.846177,173.695389,91.7,2024-11-04 13:32:47
VH_08702,Tesla Model 3,113.5,74.8,1.386869,155.353514,78.4,2024-11-08 22:17:10
VH_08703,Tesla Model 3,65.5,179.9,-2.638592,-139.279114,83.7,2024-11-23 12:24:10
VH_08704,Hyundai Ioniq,112.6,145.5,-59.703594,-6.692129,88.1,2024-11-13 20:35:15
VH_08705,Ford F-150,92.7,100.5,-61.192182,-130.115801,80.5,2024-11-04 22:13:19
VH_08706,Honda Civic,101.6,59.0,-79.675483,-60.651308,70.2,2024-11-28 18:02:07
VH_08707,Toyota Camry,72.9,77.0,-36.401987,-162.914773,88.3,2024-11-13 19:02:00
VH_08708,Honda Civic,93.3,163.4,-29.091807,72.633261,71.1,2024-11-11 11:59:46
VH_08709,Hyundai Ioniq,98.1,62.1,58.397996,4.147142,87.2,2024-11-07 23:16:06
VH_08710,BMW X5,119.6,11.7,73.566628,-148.636225,99.7,2024-11-02 17:14:20
VH_08711,Honda Civic,68.6,149.3,8.179916,23.55733,71.7,2024-11-10 20:23:17
VH_08712,Toyota Camry,101.9,82.3,87.577231,47.515914,93.8,2024-11-13 00:46:26
VH_08713,Hyundai Ioniq,86.6,97.7,-25.714094,18.332493,78.5,2024-11-14 07:07:18
VH_08714,Tesla Model 3,100.4,73.8,24.041178,8.980412,76.3,2024-11-07 19:59:58
VH_08715,Tesla Model 3,101.4,18.8,36.817625,-144.323751,82.2,2024-11-25 06:10:29
VH_08716,Tesla Model 3,83.8,50.6,-33.225207,7.564059,95.8,2024-11-13 02:31:41
VH_08717,Tesla Model 3,81.4,68.3,3.323211,61.596136,96.4,2024-11-09 01:50:35
VH_08718,BMW X5,69.9,80.4,88.919564,155.555293,96.5,2024-11-29 04:17:14
VH_08719,Tesla Model 3,89.9,87.4,-84.028143,113.025041,99.3,2024-11-29 02:36:52
VH_08720,Toyota Camry,78.8,10.9,59.539891,-165.963883,74.2,2024-11-21 23:51:01
VH_08721,Tesla Model 3,100.3,129.6,-43.33719,-27.808728,76.9,2024-11-12 20:47:29
VH_08722,Honda Civic,61.1,159.5,-27.994841,-72.289368,72.1,2024-11-04 12:44:25
VH_08723,Honda Civic,95.2,154.5,-73.627614,-116.739568,75.5,2024-11-21 03:11:49
VH_08724,Ford F-150,71.4,119.4,-43.171749,-136.557583,89.2,2024-11-29 00:09:46
VH_08725,Ford F-150,108.9,172.5,26.022256,151.542639,90.2,2024-11-06 00:43:35
VH_08726,Toyota Camry,79.9,169.3,0.707885,122.579616,70.2,2024-11-11 07:38:12
VH_08727,Hyundai Ioniq,97.9,116.3,-71.728459,72.700349,89.3,2024-11-01 15:14:36
VH_08728,Ford F-150,84.6,28.1,76.397517,-124.434449,98.6,2024-11-27 16:02:52
VH_08729,Tesla Model 3,113.7,133.8,-31.581345,79.150117,84.2,2024-11-11 21:41:03
VH_08730,BMW X5,,111.7,-80.286585,-65.025264,74.4,2024-11-10 03:39:11
VH_08731,Toyota Camry,66.2,125.6,9.477504,126.363553,82.6,2024-11-09 20:26:21
VH_08732,Mercedes EQS,110.0,51.9,-88.758176,-50.598738,83.0,2024-11-20 09:45:23
VH_08733,Tesla Model 3,90.4,135.5,-43.050981,-177.000497,88.0,2024-11-18 16:43:36
VH_08734,Honda Civic,65.8,126.6,-57.254663,124.874955,83.1,2024-11-08 05:36:42
VH_08735,Honda Civic,73.6,121.8,44.465409,-31.638996,73.2,2024-11-15 14:30:40
VH_08736,Tesla Model 3,64.5,79.2,-64.741765,-72.85279,70.8,2024-11-22 13:17:55
VH_08737,Toyota Camry,100.3,119.0,-20.882064,125.367859,77.6,2024-11-01 06:10:31
VH_08738,Chevrolet Bolt,66.0,93.4,78.49796,-72.030826,94.0,2024-11-21 16:56:17
VH_08739,Toyota Camry,95.2,148.0,-24.179513,-56.014179,81.3,2024-11-22 13:00:18
VH_08740,Toyota Camry,68.7,162.5,74.04296,-160.758271,99.8,2024-11-24 01:04:46
VH_08741,Chevrolet Bolt,102.0,158.1,48.03565,-55.044325,75.2,2024-11-15 11:00:37
VH_08742,Mercedes EQS,67.5,10.7,84.809434,175.806655,85.5,2024-11-04 09:56:42
VH_08743,Honda Civic,110.4,113.7,-46.931168,-142.830942,97.1,2024-11-16 09:21:18
VH_08744,Ford F-150,71.2,10.8,-17.62181,-167.111914,98.4,2024-11-23 01:55:51
VH_08745,Hyundai Ioniq,87.6,139.5,-8.274008,99.874716,98.5,2024-11-08 19:29:47
VH_08746,Tesla Model 3,87.3,1.6,-16.297772,-20.199478,79.1,2024-11-25 07:34:31
VH_08747,BMW X5,94.7,36.0,37.24964,-155.840079,76.1,2024-11-21 21:55:23
VH_08748,Honda Civic,117.2,22.6,61.884727,-27.214506,97.3,2024-11-12 17:15:15
VH_08749,Mercedes EQS,86.2,98.5,15.544753,170.860381,79.5,2024-11-29 22:21:49
VH_08750,Tesla Model 3,103.4,65.5,-60.814066,-127.900771,84.8,2024-11-27 19:18:44
VH_08751,Honda Civic,103.5,142.1,-43.98921,-138.810486,79.1,2024-11-23 12:33:26
VH_08752,Tesla Model 3,108.4,121.4,1.680185,-123.187829,94.4,2024-11-24 16:54:32
VH_08753,Tesla Model 3,111.0,52.1,-77.457173,-26.699761,90.3,2024-11-05 06:09:31
VH_08754,Honda Civic,84.4,137.8,-76.923581,-135.469737,97.6,2024-11-03 12:31:30
VH_08755,Tesla Model 3,99.7,103.7,-74.331382,30.968194,97.3,2024-11-21 20:04:10
VH_08756,BMW X5,106.2,26.5,-84.686012,85.392916,75.0,2024-11-22 17:52:21
VH_08757,Hyundai Ioniq,90.6,141.2,59.791834,-103.505253,78.9,2024-11-08 07:47:12
VH_08758,Tesla Model 3,62.5,101.7,-1.794339,-91.991359,91.8,2024-11-21 11:37:39
VH_08759,Hyundai Ioniq,80.7,112.3,-22.61274,-20.299406,81.6,2024-11-23 04:50:38
VH_08760,Tesla Model 3,74.5,112.3,39.855078,-117.688821,79.1,2024-11-29 21:46:24
VH_08761,Chevrolet Bolt,73.9,98.0,21.05478,-20.729421,79.6,2024-11-01 01:00:10
VH_08762,Toyota Camry,73.2,99.1,22.518765,-103.447497,81.3,2024-11-02 19:05:13
VH_08763,Honda Civic,77.6,176.9,60.085475,150.62449,80.5,2024-11-05 00:33:02
VH_08764,Ford F-150,92.4,101.0,10.157363,75.165939,96.3,2024-11-03 13:05:56
VH_08765,Hyundai Ioniq,104.5,30.6,39.965269,40.352802,77.1,2024-11-02 21:25:52
VH_08766,BMW X5,71.7,48.2,-23.54971,52.1501,83.1,2024-11-13 00:06:28
VH_08767,Ford F-150,78.2,96.5,12.786796,-133.101595,79.9,2024-11-25 14:36:42
VH_08768,Tesla Model 3,76.4,93.8,-61.722689,-21.344592,87.8,2024-11-22 22:20:14
VH_08769,BMW X5,111.0,83.6,69.14883,-161.215412,98.9,2024-11-08 07:44:05
VH_08770,BMW X5,82.5,63.9,-33.360504,120.571069,88.9,2024-11-10 23:29:04
VH_08771,Chevrolet Bolt,67.2,167.2,34.025333,36.234161,79.6,2024-11-23 12:21:21
VH_08772,Honda Civic,93.1,163.7,-15.064006,-160.969154,94.2,2024-11-06 07:56:30
VH_08773,BMW X5,72.2,122.5,-10.904505,-155.416795,79.8,2024-11-14 23:22:45
VH_08774,Toyota Camry,118.1,77.0,69.251656,-61.378576,94.1,2024-11-27 09:38:20
VH_08775,BMW X5,80.6,29.2,23.945686,52.311277,74.0,2024-11-14 05:03:57
VH_08776,BMW X5,86.3,136.8,52.534279,121.063311,86.6,2024-11-29 06:49:21
VH_08777,Toyota Camry,68.0,6.1,-39.176861,170.213838,74.4,2024-11-30 16:55:10
VH_08778,Mercedes EQS,117.9,109.9,59.439263,-115.199785,90.3,2024-11-30 03:38:38
VH_08779,Tesla Model 3,84.6,120.0,-88.501974,-29.70852,73.6,2024-11-05 03:47:22
VH_08780,BMW X5,80.2,168.2,-18.218294,-145.928899,80.4,2024-11-02 09:55:45
VH_08781,Chevrolet Bolt,81.9,99.4,54.273707,15.779684,71.7,2024-11-03 11:42:27
VH_08782,Mercedes EQS,99.3,64.0,62.779929,179.417713,84.5,2024-11-10 00:27:36
VH_08783,Ford F-150,71.3,78.5,-82.772851,106.063249,92.0,2024-11-11 09:07:20
VH_08784,Hyundai Ioniq,115.0,162.8,-13.489934,-91.565912,88.3,2024-11-12 08:35:46
VH_08785,Honda Civic,68.3,170.4,-46.113599,30.619665,98.5,2024-11-01 15:38:10
VH_08786,Honda Civic,97.2,160.4,29.25138,-16.953309,94.9,2024-11-04 03:32:05
VH_08787,Ford F-150,108.7,35.6,-88.805731,57.67841,88.4,2024-11-06 08:18:07
VH_08788,Tesla Model 3,65.5,97.8,-84.383336,117.09951,75.5,2024-11-16 20:33:20
VH_08789,Tesla Model 3,88.3,119.9,-86.328929,-105.216305,85.3,2024-11-04 21:41:29
VH_08790,Tesla Model 3,63.5,33.5,-80.5299,81.739551,98.2,2024-11-18 17:02:28
VH_08791,Honda Civic,,159.5,44.933289,-17.599768,85.9,2024-11-01 13:46:17
VH_08792,Tesla Model 3,63.4,58.5,-56.296503,38.060269,77.9,2024-11-11 22:00:23
VH_08793,Tesla Model 3,80.8,47.7,54.488573,52.652659,77.7,2024-11-09 07:22:16
VH_08794,BMW X5,72.6,116.1,-74.922452,-117.697642,79.1,2024-11-01 08:27:51
VH_08795,Chevrolet Bolt,90.9,114.5,-53.491408,69.257381,76.5,2024-11-04 13:03:16
VH_08796,Tesla Model 3,68.4,88.4,-13.941022,28.669494,96.7,2024-11-24 11:21:23
VH_08797,BMW X5,75.8,89.4,27.804103,-97.213184,88.2,2024-11-25 22:16:48
VH_08798,BMW X5,110.3,151.2,-9.920137,50.475123,86.7,2024-11-28 02:35:59
VH_08799,Chevrolet Bolt,109.5,86.5,-35.110694,-105.808959,97.8,2024-11-15 02:09:46
VH_08800,Tesla Model 3,71.5,43.6,32.072568,-14.407152,78.9,2024-11-23 02:47:41
VH_08801,Tesla Model 3,64.2,13.2,46.772382,66.020684,76.0,2024-11-20 08:33:12
VH_08802,Chevrolet Bolt,72.3,38.3,36.992064,-62.576821,82.6,2024-11-16 04:30:27
VH_08803,Mercedes EQS,74.6,129.9,-22.673776,143.404222,93.6,2024-11-06 11:15:10
VH_08804,Hyundai Ioniq,108.0,130.9,49.000839,20.295291,97.0,2024-11-14 23:07:43
VH_08805,Tesla Model 3,81.2,165.5,22.532538,-95.41058,94.4,2024-11-09 03:42:20
VH_08806,Toyota Camry,110.6,2.3,-41.869912,54.071524,94.2,2024-11-01 04:20:28
VH_08807,Chevrolet Bolt,110.1,33.6,-66.892153,140.057162,88.3,2024-11-22 20:37:33
VH_08808,Chevrolet Bolt,91.1,4.7,-56.801646,-71.126414,70.4,2024-11-29 12:25:48
VH_08809,Tesla Model 3,79.8,152.4,-77.446194,100.414664,87.1,2024-11-30 09:19:01
VH_08810,Hyundai Ioniq,102.2,177.1,13.457605,104.591621,82.4,2024-11-21 06:59:44
VH_08811,Honda Civic,110.4,102.3,-25.507336,-43.260635,96.9,2024-11-18 05:32:47
VH_08812,BMW X5,100.5,94.3,-73.541378,119.39522,71.9,2024-11-02 19:55:57
VH_08813,Chevrolet Bolt,113.6,26.1,10.94526,-72.654454,91.6,2024-11-06 05:02:50
VH_08814,Tesla Model 3,77.5,36.7,-66.996962,97.419447,96.4,2024-11-12 04:20:48
VH_08815,Tesla Model 3,113.0,116.4,-37.922462,150.835532,88.6,2024-11-19 05:21:03
VH_08816,Hyundai Ioniq,,5.2,-66.773459,-108.447137,70.1,2024-11-17 09:57:36
VH_08817,BMW X5,89.4,32.9,-59.436669,97.123592,80.7,2024-11-03 10:30:21
VH_08818,Tesla Model 3,,125.1,-31.394749,-38.577841,76.4,2024-11-25 19:52:23
VH_08819,Tesla Model 3,60.4,127.1,-49.894101,49.606216,73.5,2024-11-12 17:42:12
VH_08820,Ford F-150,76.9,41.6,63.248424,-177.481998,76.8,2024-11-18 02:17:30
VH_08821,Toyota Camry,67.9,87.8,-47.476832,-167.406893,87.6,2024-11-24 19:04:07
VH_08822,Tesla Model 3,73.8,139.1,-56.434404,-130.616803,89.7,2024-11-30 11:27:41
VH_08823,Honda Civic,83.1,175.5,-43.42247,17.397009,76.9,2024-11-29 01:34:51
VH_08824,Toyota Camry,68.8,1.4,84.968482,-49.525429,81.8,2024-11-16 01:16:31
VH_08825,Honda Civic,78.6,12.6,-36.487484,-143.40604,87.7,2024-11-28 05:31:06
VH_08826,Tesla Model 3,93.7,29.1,20.212139,-93.254671,93.4,2024-11-23 10:12:54
VH_08827,Tesla Model 3,115.6,46.0,82.997052,-112.534969,96.6,2024-11-01 13:51:26
VH_08828,Tesla Model 3,101.9,96.0,49.800749,137.812815,81.0,2024-11-11 18:20:57
VH_08829,Tesla Model 3,71.0,98.1,-29.585815,-155.155218,92.8,2024-11-03 08:54:55
VH_08830,Toyota Camry,98.5,72.7,77.997701,140.206393,91.0,2024-11-05 12:18:07
VH_08831,Hyundai Ioniq,82.1,102.1,-17.046609,14.538149,84.3,2024-11-02 12:46:36
VH_08832,Tesla Model 3,110.1,167.6,3.190473,-174.627438,88.4,2024-11-02 23:37:18
VH_08833,Tesla Model 3,92.9,156.1,8.55285,-79.393711,93.7,2024-11-18 14:37:08
VH_08834,Ford F-150,60.5,132.1,-77.561631,27.090334,90.8,2024-11-21 15:49:29
VH_08835,Tesla Model 3,73.6,113.0,-53.273223,76.274198,81.5,2024-11-08 02:28:41
VH_08836,Mercedes EQS,101.1,77.9,-56.945992,-25.625443,80.9,2024-11-06 21:43:51
VH_08837,Mercedes EQS,89.5,81.1,57.655118,141.419943,80.1,2024-11-17 17:09:14
VH_08838,Toyota Camry,118.6,23.8,-39.500733,67.915765,78.9,2024-11-29 21:20:46
VH_08839,Toyota Camry,88.0,160.0,14.231904,-84.450671,96.3,2024-11-14 12:08:44
VH_08840,Toyota Camry,87.0,56.8,-17.739444,-29.167216,85.0,2024-11-15 02:39:18
VH_08841,Mercedes EQS,100.9,76.0,35.299473,-69.362767,88.3,2024-11-04 01:54:01
VH_08842,Toyota Camry,83.1,27.6,1.305501,150.055606,71.6,2024-11-22 17:21:47
VH_08843,Tesla Model 3,66.5,77.2,-36.670189,-160.919637,92.9,2024-11-10 10:25:53
VH_08844,Toyota Camry,81.4,135.8,-18.557086,43.682287,88.8,2024-11-25 18:04:18
VH_08845,Mercedes EQS,63.7,97.6,78.302094,168.775594,78.5,2024-11-15 14:22:33
VH_08846,Mercedes EQS,96.2,69.7,78.975769,-61.571545,72.2,2024-11-04 07:20:35
VH_08847,Tesla Model 3,119.7,31.4,-63.997726,-31.978637,98.6,2024-11-21 14:34:14
VH_08848,Mercedes EQS,64.9,141.6,-57.38432,83.122741,84.2,2024-11-08 16:39:41
VH_08849,Tesla Model 3,97.5,148.2,33.760091,21.022858,82.9,2024-11-26 02:30:23
VH_08850,Chevrolet Bolt,72.7,160.7,14.499541,-6.120065,82.9,2024-11-23 01:05:20
VH_08851,Tesla Model 3,82.3,52.3,70.042775,-36.981168,83.5,2024-11-23 22:18:28
VH_08852,Toyota Camry,99.6,62.9,16.154489,-19.924618,73.3,2024-11-04 21:51:43
VH_08853,Ford F-150,97.2,86.7,-66.431177,77.699149,96.9,2024-11-26 17:40:57
VH_08854,BMW X5,61.1,78.0,-50.822477,46.633199,95.2,2024-11-13 16:55:14
VH_08855,Tesla Model 3,69.2,74.1,49.469414,79.686824,74.9,2024-11-19 17:01:37
VH_08856,Honda Civic,66.6,75.0,-29.3869,56.708528,88.5,2024-11-20 08:47:48
VH_08857,Honda Civic,89.0,70.5,-81.732759,171.088695,94.7,2024-11-27 03:29:49
VH_08858,Tesla Model 3,109.6,5.2,-34.658198,178.192397,99.6,2024-11-16 15:03:06
VH_08859,Honda Civic,84.5,133.4,-39.841668,50.684106,97.6,2024-11-07 22:39:44
VH_08860,Toyota Camry,96.0,131.9,40.594713,-93.550454,94.6,2024-11-14 20:42:16
VH_08861,BMW X5,65.0,30.5,56.082887,7.419562,80.3,2024-11-13 09:21:54
VH_08862,BMW X5,80.5,140.2,54.607836,-89.62802,79.2,2024-11-27 07:19:26
VH_08863,Toyota Camry,80.7,10.2,76.607049,-42.384908,90.2,2024-11-29 13:07:03
VH_08864,Honda Civic,62.1,12.5,-55.208971,69.554555,72.2,2024-11-29 17:57:43
VH_08865,Tesla Model 3,120.0,140.6,28.350403,-130.69608,99.7,2024-11-10 02:43:20
VH_08866,Ford F-150,77.0,93.1,-26.537525,130.221044,96.5,2024-11-07 13:49:02
VH_08867,BMW X5,85.2,80.3,26.463161,53.640128,78.3,2024-11-24 05:38:04
VH_08868,Chevrolet Bolt,68.6,71.2,20.377032,-2.632379,95.1,2024-11-03 06:13:13
VH_08869,Tesla Model 3,112.2,56.2,-57.206096,-78.273387,99.7,2024-11-23 04:33:03
VH_08870,Mercedes EQS,102.9,138.7,47.325522,89.100232,98.8,2024-11-06 02:36:58
VH_08871,Toyota Camry,62.2,29.3,-33.439451,43.799621,70.4,2024-11-02 04:00:11
VH_08872,BMW X5,105.2,153.0,-3.34874,122.572057,86.9,2024-11-27 02:50:52
VH_08873,Hyundai Ioniq,61.0,80.1,-83.774077,143.79633,78.1,2024-11-05 09:54:11
VH_08874,Honda Civic,67.0,136.3,19.421905,91.750975,94.9,2024-11-06 22:56:24
VH_08875,Chevrolet Bolt,91.4,75.0,-57.049366,141.71959,99.2,2024-11-05 09:24:40
VH_08876,Honda Civic,74.4,100.0,81.52943,-81.835291,90.1,2024-11-17 09:53:25
VH_08877,Tesla Model 3,77.1,58.3,13.476009,-178.105522,92.4,2024-11-08 18:25:45
VH_08878,Hyundai Ioniq,73.7,178.9,46.214686,57.501671,84.6,2024-11-16 00:30:14
VH_08879,Hyundai Ioniq,93.5,144.6,5.146215,165.16652,84.1,2024-11-04 16:56:51
VH_08880,Tesla Model 3,64.4,125.1,74.727088,-32.094674,80.5,2024-11-15 00:36:51
VH_08881,Tesla Model 3,67.0,43.9,-68.83315,70.116391,90.6,2024-11-24 17:47:19
VH_08882,Chevrolet Bolt,86.2,142.3,-32.396016,-7.158677,96.4,2024-11-10 22:37:17
VH_08883,Ford F-150,94.3,118.0,60.927276,-79.519405,87.4,2024-11-30 11:18:10
VH_08884,Tesla Model 3,61.1,7.2,-52.25031,118.354746,87.6,2024-11-06 14:43:03
VH_08885,Tesla Model 3,118.4,60.3,-89.733608,41.792184,82.0,2024-11-03 12:59:43
VH_08886,Tesla Model 3,75.4,152.4,17.553566,93.473839,91.1,2024-11-16 13:09:35
VH_08887,Tesla Model 3,85.5,128.8,-74.377167,166.41216,81.5,2024-11-08 10:51:10
VH_08888,BMW X5,62.6,51.2,10.431016,-102.642795,99.7,2024-11-14 15:08:46
VH_08889,Ford F-150,93.4,155.0,-29.283678,-20.443051,78.0,2024-11-15 01:58:30
VH_08890,Chevrolet Bolt,74.6,137.2,77.510594,121.977994,79.5,2024-11-09 18:52:22
VH_08891,Tesla Model 3,106.5,63.3,-63.966857,-97.895507,76.2,2024-11-26 23:43:47
VH_08892,Toyota Camry,119.4,69.0,-71.981291,-7.642886,88.0,2024-11-28 08:58:19
VH_08893,Honda Civic,111.1,37.6,34.847107,148.816917,70.3,2024-11-11 11:20:17
VH_08894,Tesla Model 3,78.9,107.3,42.742918,96.005942,70.8,2024-11-20 13:23:46
VH_08895,Chevrolet Bolt,60.3,47.3,-12.781161,-11.69283,95.9,2024-11-22 01:16:27
VH_08896,Toyota Camry,88.9,141.2,88.974446,-98.867092,74.4,2024-11-06 04:22:22
VH_08897,Tesla Model 3,70.9,8.3,-70.632686,-79.615518,91.6,2024-11-30 05:03:11
VH_08898,Honda Civic,101.2,99.9,68.464628,26.627279,97.1,2024-11-25 20:05:45
VH_08899,Honda Civic,76.8,112.0,20.505057,121.353019,76.6,2024-11-19 16:31:14
VH_08900,Ford F-150,75.4,70.4,-87.989623,179.248266,89.0,2024-11-01 16:16:59
VH_08901,Honda Civic,62.1,161.3,3.568503,-124.115368,93.2,2024-11-08 04:00:26
VH_08902,Hyundai Ioniq,72.6,113.6,-60.153751,-93.71036,76.4,2024-11-16 09:06:56
VH_08903,Tesla Model 3,89.8,24.5,34.559271,-60.049109,74.0,2024-11-16 09:18:30
VH_08904,Hyundai Ioniq,63.9,97.9,74.535699,121.788628,83.3,2024-11-03 05:56:47
VH_08905,Ford F-150,84.1,155.8,58.942095,-21.136541,82.2,2024-11-23 13:59:38
VH_08906,Tesla Model 3,106.9,84.9,-55.854154,-176.42305,88.8,2024-11-25 09:37:15
VH_08907,BMW X5,89.8,0.3,-82.906321,73.155039,76.4,2024-11-30 23:08:35
VH_08908,Tesla Model 3,90.5,97.4,-22.329532,-21.840484,85.0,2024-11-29 10:49:15
VH_08909,Honda Civic,118.4,72.1,63.885661,50.029593,82.9,2024-11-04 04:26:52
VH_08910,BMW X5,110.9,89.0,-25.554689,-179.133118,85.7,2024-11-15 12:06:50
VH_08911,Toyota Camry,75.4,157.5,7.358264,-148.207802,95.5,2024-11-04 09:41:35
VH_08912,Tesla Model 3,115.0,1.9,-25.12818,11.834306,81.1,2024-11-10 05:38:15
VH_08913,Tesla Model 3,92.5,117.5,9.853542,103.002339,79.9,2024-11-20 07:17:20
VH_08914,Chevrolet Bolt,114.9,164.3,89.62297,-21.063683,85.6,2024-11-11 14:37:14
VH_08915,Tesla Model 3,111.8,81.2,-84.925683,98.662839,92.3,2024-11-10 14:57:39
VH_08916,Honda Civic,81.5,122.3,2.069107,-137.673551,91.0,2024-11-29 22:50:23
VH_08917,Hyundai Ioniq,100.0,41.6,56.903645,-126.20028,90.2,2024-11-20 18:13:10
VH_08918,Chevrolet Bolt,95.6,136.2,-13.039611,-86.304984,91.5,2024-11-16 22:13:16
VH_08919,Ford F-150,94.9,46.5,54.479791,63.06708,70.2,2024-11-30 19:48:21
VH_08920,Toyota Camry,115.3,143.1,40.8252,21.627519,85.3,2024-11-25 16:57:56
VH_08921,Ford F-150,74.2,33.6,56.797136,-69.295922,93.7,2024-11-25 02:14:30
VH_08922,Chevrolet Bolt,109.6,56.2,-57.058318,32.719587,88.9,2024-11-08 15:42:46
VH_08923,Hyundai Ioniq,93.4,136.6,-29.914753,30.338264,91.3,2024-11-25 07:59:13
VH_08924,Honda Civic,118.4,78.3,6.946174,18.918537,80.4,2024-11-05 18:54:41
VH_08925,Mercedes EQS,62.4,82.3,-29.486383,-168.310683,76.1,2024-11-18 02:19:07
VH_08926,Tesla Model 3,87.7,116.3,-35.244069,107.408923,72.5,2024-11-13 14:21:37
VH_08927,Toyota Camry,68.9,136.0,53.131241,-173.410933,96.4,2024-11-30 19:54:35
VH_08928,Toyota Camry,91.3,65.6,74.715846,-62.684856,83.3,2024-11-29 20:03:40
VH_08929,Hyundai Ioniq,96.3,48.2,25.157649,-36.484442,86.3,2024-11-18 05:31:58
VH_08930,Honda Civic,119.0,70.8,46.963283,-45.104229,95.5,2024-11-30 16:43:51
VH_08931,Ford F-150,105.5,173.0,59.470946,123.322474,79.5,2024-11-28 17:54:33
VH_08932,Tesla Model 3,116.8,144.5,-16.695341,122.562243,83.9,2024-11-08 20:18:46
VH_08933,Tesla Model 3,88.3,44.5,36.408986,42.585584,94.6,2024-11-25 10:44:35
VH_08934,Mercedes EQS,72.2,34.9,-50.381783,114.323414,72.9,2024-11-09 21:27:04
VH_08935,Tesla Model 3,89.0,36.2,-39.071464,15.235472,97.0,2024-11-06 23:12:39
VH_08936,BMW X5,76.5,89.0,14.368575,-173.928004,74.5,2024-11-05 21:26:14
VH_08937,Ford F-150,77.0,9.0,-85.926699,126.031903,75.0,2024-11-16 14:34:40
VH_08938,Tesla Model 3,87.4,27.5,66.073669,-108.338255,73.3,2024-11-11 06:45:19
VH_08939,Tesla Model 3,69.4,145.8,82.175533,-17.016903,94.9,2024-11-17 19:19:08
VH_08940,Tesla Model 3,111.4,65.8,-48.098508,67.070368,77.6,2024-11-01 00:11:58
VH_08941,Ford F-150,65.8,50.0,53.177421,174.828875,83.8,2024-11-18 12:45:40
VH_08942,Toyota Camry,109.2,74.9,-84.361087,141.780503,76.9,2024-11-25 05:56:53
VH_08943,Toyota Camry,92.2,63.6,75.757063,-154.458504,73.9,2024-11-04 09:05:18
VH_08944,Honda Civic,77.3,58.1,6.777887,-142.042978,94.3,2024-11-10 23:33:29
VH_08945,Mercedes EQS,108.6,157.3,-86.019786,108.704493,98.0,2024-11-04 06:08:23
VH_08946,Ford F-150,101.1,154.8,-75.673664,111.839581,83.1,2024-11-30 05:18:54
VH_08947,Chevrolet Bolt,102.7,101.5,-86.242609,167.066625,84.0,2024-11-02 12:57:09
VH_08948,Tesla Model 3,,178.7,-56.979496,-63.917741,95.2,2024-11-03 03:28:48
VH_08949,Tesla Model 3,87.1,88.8,20.032287,-12.649537,78.5,2024-11-27 12:36:59
VH_08950,Ford F-150,62.2,108.0,-57.984556,124.961408,93.6,2024-11-11 17:32:39
VH_08951,Mercedes EQS,61.0,55.5,-39.505434,-173.546483,99.2,2024-11-01 22:10:20
VH_08952,Tesla Model 3,63.1,64.6,21.005951,142.513187,73.8,2024-11-10 23:38:46
VH_08953,Ford F-150,107.3,154.7,10.338339,168.577877,91.9,2024-11-08 17:58:20
VH_08954,Ford F-150,79.5,90.6,-61.413577,149.587228,72.6,2024-11-30 00:28:15
VH_08955,Mercedes EQS,107.4,19.8,81.547,66.046281,90.5,2024-11-14 00:58:10
VH_08956,Honda Civic,83.7,169.6,-75.173126,-4.154162,77.3,2024-11-02 10:28:35
VH_08957,Toyota Camry,100.1,109.0,3.75828,-99.092981,79.5,2024-11-03 03:42:14
VH_08958,Tesla Model 3,68.3,174.1,-8.02296,-75.123473,86.9,2024-11-30 09:39:58
VH_08959,Chevrolet Bolt,67.0,101.3,33.061534,-43.154867,78.3,2024-11-29 17:20:10
VH_08960,Honda Civic,92.4,73.8,-80.138611,61.740756,94.0,2024-11-25 00:19:39
VH_08961,Toyota Camry,90.0,114.1,-18.909615,-18.281408,80.6,2024-11-29 21:18:57
VH_08962,Ford F-150,98.2,119.8,-50.476268,161.944817,74.5,2024-11-21 06:26:17
VH_08963,Chevrolet Bolt,71.1,25.6,-32.18035,102.855978,99.3,2024-11-14 17:12:37
VH_08964,Ford F-150,69.7,20.1,-44.952155,-11.376245,79.5,2024-11-22 16:43:49
VH_08965,BMW X5,111.9,151.2,73.275445,-127.86786,81.3,2024-11-02 13:42:03
VH_08966,Ford F-150,69.3,21.4,-15.68362,-177.317542,79.6,2024-11-03 02:09:42
VH_08967,Honda Civic,82.3,154.1,-78.151958,-163.113971,86.9,2024-11-29 11:36:57
VH_08968,BMW X5,109.3,109.6,-57.588506,103.906459,99.8,2024-11-15 02:44:57
VH_08969,Tesla Model 3,89.9,88.5,-4.511396,-101.250847,80.1,2024-11-09 11:22:32
VH_08970,Toyota Camry,81.6,24.6,71.415594,-124.843159,95.6,2024-11-20 09:21:00
VH_08971,Hyundai Ioniq,66.2,158.7,46.576949,-52.104947,87.0,2024-11-15 18:45:12
VH_08972,Ford F-150,94.1,2.7,-31.904752,124.028039,71.5,2024-11-16 15:22:34
VH_08973,Chevrolet Bolt,111.8,94.7,59.64197,39.214221,79.0,2024-11-30 20:20:11
VH_08974,Tesla Model 3,83.2,77.0,-76.714984,134.248203,73.2,2024-11-26 15:15:39
VH_08975,Ford F-150,86.6,10.3,-87.597066,-83.009086,93.2,2024-11-27 21:49:19
VH_08976,Chevrolet Bolt,60.8,74.8,9.072658,-124.960235,71.0,2024-11-10 04:55:47
VH_08977,Ford F-150,82.2,162.1,-6.863229,107.9437,75.6,2024-11-20 22:43:06
VH_08978,Chevrolet Bolt,97.2,166.4,22.65011,84.318296,79.0,2024-11-18 06:01:22
VH_08979,Toyota Camry,61.7,78.2,-31.831006,-15.663906,99.9,2024-11-25 20:39:08
VH_08980,Tesla Model 3,107.8,142.7,22.229674,44.187898,87.5,2024-11-24 20:12:16
VH_08981,Chevrolet Bolt,116.5,122.5,30.035668,130.4812,74.0,2024-11-25 06:41:26
VH_08982,Toyota Camry,104.6,26.1,-69.449425,-179.54693,75.8,2024-11-23 18:27:10
VH_08983,Mercedes EQS,107.9,2.2,-70.890321,-64.062376,98.0,2024-11-09 14:04:28
VH_08984,Tesla Model 3,105.7,19.6,-38.131319,49.558063,71.0,2024-11-05 21:11:02
VH_08985,Toyota Camry,72.7,103.1,-50.469752,-74.99852,70.4,2024-11-24 11:15:45
VH_08986,Toyota Camry,90.6,73.9,-87.907828,-170.829189,91.5,2024-11-06 08:15:46
VH_08987,Toyota Camry,95.8,117.7,-50.686327,-96.248817,72.9,2024-11-28 15:09:09
VH_08988,BMW X5,82.9,6.4,54.519998,71.15023,74.4,2024-11-03 13:26:23
VH_08989,Mercedes EQS,72.1,12.8,60.751748,94.309271,82.4,2024-11-21 00:38:29
VH_08990,Ford F-150,116.0,90.5,-13.060684,11.506674,82.2,2024-11-02 06:28:05
VH_08991,Tesla Model 3,102.5,155.3,0.696615,-111.989162,99.3,2024-11-11 10:42:51
VH_08992,BMW X5,108.7,137.1,-40.589222,-36.769979,90.2,2024-11-14 17:16:40
VH_08993,Honda Civic,,63.8,46.088705,-51.21321,72.2,2024-11-20 12:24:34
VH_08994,Honda Civic,73.5,168.7,-56.268945,115.946887,72.2,2024-11-27 13:48:32
VH_08995,Ford F-150,69.8,157.7,-88.767808,169.045872,94.3,2024-11-28 08:37:12
VH_08996,Tesla Model 3,88.1,125.6,-75.577899,123.617064,85.8,2024-11-24 15:57:13
VH_08997,Honda Civic,117.7,20.8,16.330268,-34.423458,85.6,2024-11-28 05:35:47
VH_08998,Tesla Model 3,83.8,22.1,-75.563855,-17.826813,91.4,2024-11-14 17:33:32
VH_08999,Tesla Model 3,75.5,19.5,60.867272,-50.416181,78.6,2024-11-24 08:43:06
VH_09000,Ford F-150,80.2,174.3,18.001629,-113.870174,98.2,2024-11-04 15:00:17
VH_09001,Toyota Camry,115.5,141.9,-69.039438,166.837649,93.5,2024-11-09 18:48:00
VH_09002,BMW X5,82.0,90.4,30.152815,-65.929096,97.9,2024-11-16 18:20:42
VH_09003,Tesla Model 3,75.8,144.4,-70.541899,79.131724,79.1,2024-11-28 17:12:03
VH_09004,Mercedes EQS,66.5,47.6,76.062768,-46.21411,85.0,2024-11-03 16:31:26
VH_09005,BMW X5,75.7,77.7,-32.22569,105.942142,72.0,2024-11-09 15:09:26
VH_09006,Tesla Model 3,74.3,146.5,-13.986264,-144.292371,92.7,2024-11-13 09:24:16
VH_09007,Mercedes EQS,94.4,23.7,48.747048,-109.770173,71.0,2024-11-02 15:01:44
VH_09008,Ford F-150,67.3,39.3,32.906535,131.097973,97.6,2024-11-05 00:49:09
VH_09009,Toyota Camry,71.1,26.2,-10.785497,162.190931,83.0,2024-11-18 01:05:13
VH_09010,Tesla Model 3,106.7,62.5,-74.811183,147.576258,86.2,2024-11-24 00:11:24
VH_09011,Tesla Model 3,115.8,28.3,-68.381098,-61.792212,76.5,2024-11-05 05:59:21
VH_09012,Hyundai Ioniq,105.4,30.8,-3.136347,-3.273137,76.0,2024-11-02 09:33:16
VH_09013,Chevrolet Bolt,111.3,131.3,65.201865,-146.356891,94.8,2024-11-18 22:26:09
VH_09014,Ford F-150,117.0,26.1,49.421806,164.100805,78.0,2024-11-06 03:37:27
VH_09015,Honda Civic,71.4,86.2,9.633966,96.094492,74.0,2024-11-24 06:09:56
VH_09016,Hyundai Ioniq,69.7,166.4,-44.432884,130.090229,81.7,2024-11-16 09:33:36
VH_09017,Honda Civic,69.2,11.8,34.25931,59.548025,80.6,2024-11-27 04:59:55
VH_09018,Tesla Model 3,83.9,108.0,-8.905825,76.174066,74.8,2024-11-30 17:05:03
VH_09019,BMW X5,98.6,40.4,63.109038,-38.762,71.2,2024-11-25 20:23:10
VH_09020,Honda Civic,114.0,170.2,-1.8168,-71.989489,78.7,2024-11-25 02:22:31
VH_09021,Mercedes EQS,99.5,144.2,-48.569028,-72.2699,71.5,2024-11-07 14:04:37
VH_09022,Chevrolet Bolt,101.2,131.1,-66.887408,-0.151837,77.3,2024-11-24 10:46:26
VH_09023,Tesla Model 3,63.4,14.4,32.203814,167.735884,82.7,2024-11-29 02:25:43
VH_09024,Toyota Camry,116.7,165.4,59.509255,-17.473271,73.4,2024-11-20 04:52:38
VH_09025,BMW X5,89.7,88.2,44.534147,-87.771092,90.6,2024-11-19 16:14:54
VH_09026,Tesla Model 3,63.0,48.0,-29.109139,17.793812,90.4,2024-11-26 09:59:41
VH_09027,Tesla Model 3,77.2,113.7,-33.830591,59.670225,78.6,2024-11-03 19:51:07
VH_09028,Chevrolet Bolt,104.0,134.4,2.004914,-75.089745,80.6,2024-11-25 08:57:30
VH_09029,Hyundai Ioniq,119.3,134.6,-33.088615,-118.030228,79.9,2024-11-09 14:48:52
VH_09030,Tesla Model 3,84.9,170.6,-9.969088,169.910077,98.4,2024-11-17 15:42:12
VH_09031,BMW X5,79.0,48.6,35.13751,118.718569,99.8,2024-11-09 20:41:29
VH_09032,Tesla Model 3,69.1,171.4,81.44689,19.00629,85.5,2024-11-02 03:49:40
VH_09033,Honda Civic,83.5,53.7,83.541663,9.821763,80.2,2024-11-29 15:13:33
VH_09034,Chevrolet Bolt,89.1,0.2,-23.891242,169.510059,85.1,2024-11-27 22:07:48
VH_09035,Mercedes EQS,115.0,42.5,-58.215897,-70.594735,76.2,2024-11-30 22:01:25
VH_09036,Tesla Model 3,112.5,115.0,-87.917017,-174.078972,74.1,2024-11-04 23:38:26
VH_09037,Chevrolet Bolt,83.7,85.7,83.292821,-116.672551,86.0,2024-11-20 13:30:44
VH_09038,Tesla Model 3,71.0,11.7,-43.738554,75.290614,78.2,2024-11-25 08:15:34
VH_09039,Honda Civic,69.3,20.5,23.777584,-67.826493,73.5,2024-11-09 06:32:19
VH_09040,Honda Civic,103.8,169.0,-5.003088,-16.285119,75.7,2024-11-09 22:27:23
VH_09041,Mercedes EQS,61.5,17.1,65.755098,63.290234,93.7,2024-11-22 02:29:57
VH_09042,Honda Civic,80.7,28.0,35.026543,107.355304,93.3,2024-11-27 04:42:02
VH_09043,Tesla Model 3,,155.7,-55.047803,48.598457,80.8,2024-11-12 15:28:46
VH_09044,BMW X5,91.0,45.7,-22.740904,-24.057545,94.1,2024-11-11 09:56:04
VH_09045,Toyota Camry,99.3,55.4,-78.779486,-76.172755,99.1,2024-11-20 01:59:35
VH_09046,Honda Civic,96.6,153.0,-32.974783,-63.603363,73.1,2024-11-30 12:52:15
VH_09047,Toyota Camry,101.9,142.9,-34.04794,52.580302,97.3,2024-11-06 15:40:00
VH_09048,Toyota Camry,60.4,33.2,52.635302,-64.648018,86.7,2024-11-20 02:19:53
VH_09049,Honda Civic,116.8,104.6,-53.965455,105.153509,80.2,2024-11-05 11:41:54
VH_09050,Chevrolet Bolt,86.0,140.9,-25.174035,2.804136,96.3,2024-11-14 03:52:14
VH_09051,Honda Civic,107.7,4.0,42.362141,-82.753565,83.6,2024-11-08 04:02:08
VH_09052,Hyundai Ioniq,116.3,27.7,-85.62874,134.007755,84.9,2024-11-23 04:29:04
VH_09053,Hyundai Ioniq,64.4,0.1,-85.615797,129.223331,78.5,2024-11-19 07:06:45
VH_09054,Honda Civic,63.2,89.5,7.53272,163.626317,77.1,2024-11-06 08:03:38
VH_09055,Honda Civic,118.5,60.7,44.602895,-126.413717,96.6,2024-11-08 19:57:26
VH_09056,Chevrolet Bolt,83.4,161.9,26.758394,69.364642,99.0,2024-11-06 09:11:12
VH_09057,Hyundai Ioniq,63.0,30.4,33.60626,55.682205,79.8,2024-11-28 06:44:36
VH_09058,BMW X5,79.1,15.1,79.489294,-150.577855,74.1,2024-11-18 16:52:47
VH_09059,Tesla Model 3,78.7,76.1,-56.113231,22.335857,92.5,2024-11-23 23:06:02
VH_09060,Chevrolet Bolt,100.2,45.4,-11.194419,-28.755475,87.8,2024-11-03 04:27:40
VH_09061,Ford F-150,88.0,159.7,21.897968,-161.337199,94.0,2024-11-12 02:47:18
VH_09062,Ford F-150,88.0,123.4,17.896603,-94.963322,76.8,2024-11-30 15:05:37
VH_09063,Tesla Model 3,107.3,73.2,-28.944219,-157.387554,77.8,2024-11-11 12:18:37
VH_09064,Ford F-150,85.8,102.3,38.34876,25.893405,80.3,2024-11-17 12:50:51
VH_09065,Chevrolet Bolt,95.3,140.8,-60.057324,-9.28824,75.6,2024-11-16 11:42:00
VH_09066,Honda Civic,110.2,49.5,-36.878578,-2.05617,94.3,2024-11-25 15:04:14
VH_09067,BMW X5,74.8,132.6,-11.19958,-61.265278,78.4,2024-11-03 07:48:58
VH_09068,Mercedes EQS,,87.8,-7.169588,-88.470044,89.0,2024-11-23 20:58:46
VH_09069,Tesla Model 3,86.2,63.1,-21.240224,-87.020243,92.7,2024-11-08 09:04:07
VH_09070,Tesla Model 3,80.4,103.8,-45.565077,11.669516,85.1,2024-11-28 13:31:57
VH_09071,Chevrolet Bolt,84.4,10.9,-67.421255,162.432397,90.0,2024-11-22 12:26:19
VH_09072,Toyota Camry,83.4,36.2,37.449497,-0.834602,90.0,2024-11-30 22:00:59
VH_09073,Honda Civic,85.1,123.6,23.39693,-84.897564,94.7,2024-11-12 05:59:58
VH_09074,Tesla Model 3,99.5,160.9,-62.488361,68.837229,78.6,2024-11-12 13:35:21
VH_09075,Hyundai Ioniq,88.2,43.4,-28.686161,-38.718519,88.4,2024-11-21 05:37:21
VH_09076,Chevrolet Bolt,88.7,41.1,17.479248,-42.20383,88.3,2024-11-10 03:58:13
VH_09077,Toyota Camry,82.8,140.8,-48.48109,-134.083177,81.7,2024-11-05 06:44:09
VH_09078,Chevrolet Bolt,73.1,90.3,4.227886,103.289236,83.8,2024-11-08 05:19:32
VH_09079,Chevrolet Bolt,70.5,58.5,-35.115726,-137.430599,80.5,2024-11-11 03:17:40
VH_09080,BMW X5,86.0,9.3,-22.145148,-98.322552,85.4,2024-11-26 10:56:11
VH_09081,Ford F-150,,59.6,-41.085497,-167.357644,81.7,2024-11-30 15:13:28
VH_09082,Chevrolet Bolt,102.8,109.8,22.548736,-37.864219,71.7,2024-11-24 13:43:35
VH_09083,Ford F-150,104.7,103.8,46.871174,-58.080501,99.1,2024-11-20 11:30:51
VH_09084,Chevrolet Bolt,89.2,32.6,-53.120126,3.919086,71.0,2024-11-18 01:27:12
VH_09085,Toyota Camry,74.4,100.7,-12.519213,173.010342,87.7,2024-11-28 00:50:27
VH_09086,Tesla Model 3,74.6,10.9,-60.620831,-178.918646,84.6,2024-11-08 18:35:47
VH_09087,Chevrolet Bolt,79.2,123.8,23.098225,-64.027567,90.9,2024-11-11 03:32:47
VH_09088,Tesla Model 3,68.6,114.2,-2.0671,-176.601307,70.1,2024-11-30 23:56:41
VH_09089,Mercedes EQS,119.1,43.9,8.777014,132.491207,72.1,2024-11-29 08:13:12
VH_09090,Tesla Model 3,88.0,166.9,-49.642997,142.128443,96.3,2024-11-21 00:15:16
VH_09091,BMW X5,118.9,47.6,-23.198801,110.63701,98.0,2024-11-10 19:18:27
VH_09092,Hyundai Ioniq,81.0,33.5,11.766076,-105.821347,83.6,2024-11-28 10:32:45
VH_09093,Tesla Model 3,70.2,39.7,-67.800389,-4.953688,82.6,2024-11-07 15:37:35
VH_09094,Hyundai Ioniq,94.8,175.6,42.256108,70.882675,72.0,2024-11-23 17:01:01
VH_09095,Ford F-150,78.5,174.8,-38.306283,114.188684,89.5,2024-11-12 22:48:39
VH_09096,Toyota Camry,108.8,163.3,29.892568,-66.543416,71.5,2024-11-11 13:00:38
VH_09097,Toyota Camry,119.5,54.2,55.582689,125.534846,94.5,2024-11-25 01:37:16
VH_09098,Tesla Model 3,83.8,164.9,79.950661,-7.190222,87.0,2024-11-24 23:19:53
VH_09099,Tesla Model 3,81.0,132.6,-48.612289,-160.469709,91.1,2024-11-29 05:11:47
VH_09100,Chevrolet Bolt,110.8,82.3,60.240004,174.012625,97.3,2024-11-28 03:05:01
VH_09101,BMW X5,98.0,52.2,-7.569003,175.039186,99.9,2024-11-23 21:05:56
VH_09102,Ford F-150,107.0,110.9,70.930872,-23.266649,76.6,2024-11-15 14:37:14
VH_09103,Tesla Model 3,112.9,105.5,-30.728081,-2.976291,70.9,2024-11-03 11:50:15
VH_09104,Hyundai Ioniq,79.0,21.8,-35.581159,166.202937,72.9,2024-11-13 14:11:02
VH_09105,Ford F-150,91.7,16.0,69.079784,125.214749,93.9,2024-11-29 12:26:00
VH_09106,Mercedes EQS,73.6,13.2,4.247331,-108.394118,98.6,2024-11-15 00:41:35
VH_09107,Tesla Model 3,72.9,58.2,31.256017,96.173011,92.3,2024-11-30 11:28:21
VH_09108,BMW X5,104.9,20.1,73.703464,-144.195502,81.9,2024-11-27 23:38:23
VH_09109,Chevrolet Bolt,110.3,160.3,86.750989,134.697415,77.5,2024-11-01 07:53:10
VH_09110,Honda Civic,112.7,12.7,-40.611622,-164.926777,78.0,2024-11-12 01:24:59
VH_09111,Hyundai Ioniq,101.9,135.6,28.34184,-133.417883,73.3,2024-11-27 23:33:29
VH_09112,Toyota Camry,96.8,49.8,61.696029,1.360378,72.4,2024-11-15 18:14:04
VH_09113,Tesla Model 3,68.8,109.5,13.7643,-139.614805,70.0,2024-11-08 02:51:05
VH_09114,BMW X5,75.2,51.7,5.064749,90.256575,72.1,2024-11-21 05:28:14
VH_09115,Chevrolet Bolt,103.9,175.9,-75.768587,115.85009,70.5,2024-11-30 17:37:04
VH_09116,Hyundai Ioniq,89.7,147.0,-30.578789,9.675556,72.6,2024-11-12 02:24:26
VH_09117,Tesla Model 3,64.6,40.1,-56.895827,-100.005461,72.8,2024-11-29 09:24:33
VH_09118,Hyundai Ioniq,68.1,132.4,26.313967,100.425951,76.2,2024-11-30 14:16:19
VH_09119,BMW X5,74.5,160.4,-3.907099,166.409368,93.2,2024-11-21 20:02:00
VH_09120,Tesla Model 3,76.2,80.0,71.192458,94.614397,77.0,2024-11-05 14:08:51
VH_09121,Honda Civic,113.5,30.0,31.316732,146.892799,83.3,2024-11-10 16:04:50
VH_09122,Ford F-150,,85.6,-65.660838,-89.293295,70.3,2024-11-20 05:22:30
VH_09123,Ford F-150,105.1,7.3,69.298304,-120.547242,98.7,2024-11-14 22:42:13
VH_09124,Tesla Model 3,,127.7,72.377892,87.484766,88.9,2024-11-19 12:47:06
VH_09125,Chevrolet Bolt,87.2,65.8,-78.372853,-127.448212,92.3,2024-11-16 05:08:38
VH_09126,Tesla Model 3,69.4,20.3,-66.279686,49.013616,79.7,2024-11-17 02:52:26
VH_09127,Hyundai Ioniq,75.5,46.9,-54.690619,-168.767904,92.1,2024-11-18 20:51:58
VH_09128,BMW X5,73.1,100.8,-44.28435,-175.51081,71.4,2024-11-08 23:16:15
VH_09129,Ford F-150,100.4,40.3,-34.316618,-40.974937,98.9,2024-11-18 22:30:11
VH_09130,Chevrolet Bolt,72.0,106.8,61.692921,54.006676,81.4,2024-11-28 17:06:27
VH_09131,BMW X5,63.2,134.9,49.197392,-82.527881,97.7,2024-11-20 17:42:15
VH_09132,Honda Civic,78.1,73.4,-23.615045,-60.686689,72.8,2024-11-29 00:59:10
VH_09133,Toyota Camry,73.9,9.1,87.309569,9.266454,76.1,2024-11-14 11:40:09
VH_09134,Tesla Model 3,99.5,164.1,-41.970819,-73.182487,79.8,2024-11-03 00:06:48
VH_09135,Honda Civic,110.5,146.6,57.201485,64.135605,74.2,2024-11-27 10:47:11
VH_09136,Honda Civic,102.7,174.2,33.173485,-83.520942,99.7,2024-11-01 11:49:27
VH_09137,BMW X5,113.0,59.2,5.481331,145.17774,98.0,2024-11-24 00:20:30
VH_09138,Honda Civic,73.5,172.6,-12.196703,-87.324872,97.3,2024-11-19 06:48:02
VH_09139,Chevrolet Bolt,68.1,120.5,60.315297,-138.600182,82.1,2024-11-20 17:46:29
VH_09140,Tesla Model 3,91.4,143.3,35.114792,-24.314717,84.6,2024-11-23 00:44:06
VH_09141,Mercedes EQS,94.8,151.4,0.003206,157.315537,88.6,2024-11-10 02:42:37
VH_09142,BMW X5,88.4,23.1,70.376878,-108.147706,72.5,2024-11-07 03:34:27
VH_09143,Toyota Camry,100.3,6.0,33.879796,-15.234181,78.6,2024-11-04 08:05:27
VH_09144,Mercedes EQS,79.1,21.5,-85.736563,-152.159151,81.1,2024-11-15 23:19:18
VH_09145,BMW X5,63.8,47.0,-23.179648,-95.370672,90.4,2024-11-27 06:18:18
VH_09146,Hyundai Ioniq,109.2,126.7,-63.597142,-178.516342,90.5,2024-11-09 03:49:43
VH_09147,Chevrolet Bolt,91.1,153.3,46.955752,-20.944461,85.7,2024-11-29 01:24:16
VH_09148,Toyota Camry,102.9,86.2,40.337517,93.746942,93.9,2024-11-07 11:04:29
VH_09149,Mercedes EQS,63.5,126.8,51.622026,79.266091,80.8,2024-11-12 03:16:55
VH_09150,Ford F-150,116.5,33.2,36.480315,-35.345646,71.1,2024-11-23 00:19:13
VH_09151,Tesla Model 3,77.2,70.8,82.612633,75.351943,85.6,2024-11-11 00:04:29
VH_09152,Mercedes EQS,114.8,110.5,58.555992,-151.19418,78.2,2024-11-11 02:39:28
VH_09153,Tesla Model 3,71.3,111.8,46.381899,-166.459228,82.5,2024-11-26 02:12:10
VH_09154,Tesla Model 3,79.9,125.2,-2.916392,-22.162413,80.5,2024-11-10 13:23:49
VH_09155,Ford F-150,102.4,128.8,29.011348,33.056624,78.7,2024-11-15 03:20:42
VH_09156,Mercedes EQS,86.5,48.4,-5.257892,-105.874204,87.7,2024-11-03 08:32:16
VH_09157,BMW X5,67.3,134.6,-82.856518,7.932636,94.8,2024-11-24 14:00:56
VH_09158,Mercedes EQS,114.6,144.4,85.526853,-22.686101,78.7,2024-11-24 04:43:09
VH_09159,Tesla Model 3,74.5,15.5,5.536266,165.355138,92.6,2024-11-22 16:28:59
VH_09160,BMW X5,110.0,137.4,82.309597,-46.375858,72.5,2024-11-03 22:52:54
VH_09161,Chevrolet Bolt,90.7,170.2,76.365692,38.944239,74.2,2024-11-28 22:04:44
VH_09162,Hyundai Ioniq,81.9,85.6,46.682491,-91.407212,82.3,2024-11-27 18:55:13
VH_09163,Chevrolet Bolt,61.6,63.0,75.564925,47.063444,76.7,2024-11-03 23:45:22
VH_09164,Ford F-150,118.6,39.9,-31.922702,32.387724,91.7,2024-11-10 12:15:59
VH_09165,BMW X5,70.9,138.5,86.879401,90.206191,79.7,2024-11-21 02:14:43
VH_09166,Ford F-150,,114.5,37.545355,165.830397,95.5,2024-11-01 02:36:21
VH_09167,Chevrolet Bolt,111.1,152.6,12.213716,111.21629,88.5,2024-11-21 03:01:21
VH_09168,Tesla Model 3,62.8,144.6,64.494987,-148.842948,81.7,2024-11-02 01:42:20
VH_09169,BMW X5,104.6,15.4,-48.131231,111.766528,76.7,2024-11-08 20:59:36
VH_09170,Ford F-150,100.0,45.0,37.740305,-99.437843,90.6,2024-11-13 14:16:29
VH_09171,Ford F-150,109.1,126.3,-29.705105,-166.457653,74.1,2024-11-24 02:04:54
VH_09172,Toyota Camry,112.9,153.7,-75.457582,-37.638913,99.0,2024-11-09 00:34:49
VH_09173,Tesla Model 3,95.0,68.9,-56.410938,163.295317,76.8,2024-11-24 16:18:48
VH_09174,Mercedes EQS,101.4,96.7,-42.728755,25.972775,91.7,2024-11-03 09:35:18
VH_09175,Tesla Model 3,95.3,125.6,53.180772,29.656204,87.4,2024-11-04 20:26:07
VH_09176,Ford F-150,,171.3,-26.424444,-168.894454,83.8,2024-11-03 21:37:33
VH_09177,Tesla Model 3,91.8,13.9,46.345904,116.570162,76.0,2024-11-17 13:45:40
VH_09178,Toyota Camry,99.6,65.2,28.901037,98.538706,89.3,2024-11-10 18:21:17
VH_09179,Hyundai Ioniq,69.3,128.6,-59.283265,-97.766774,81.2,2024-11-14 05:06:36
VH_09180,Tesla Model 3,76.5,108.7,-88.382285,-151.175267,98.6,2024-11-09 06:31:09
VH_09181,Mercedes EQS,101.0,173.1,-80.491497,112.422182,77.9,2024-11-26 14:15:18
VH_09182,Toyota Camry,67.3,112.6,-9.563268,-15.597325,87.7,2024-11-11 06:37:21
VH_09183,Ford F-150,100.6,48.3,37.577627,54.785789,90.6,2024-11-30 08:58:49
VH_09184,Toyota Camry,117.0,165.5,-11.975584,96.387427,88.5,2024-11-28 07:24:56
VH_09185,Tesla Model 3,90.5,18.6,37.878711,-44.211853,91.7,2024-11-10 08:27:36
VH_09186,Chevrolet Bolt,62.0,56.0,-17.491365,168.634721,93.7,2024-11-14 23:22:06
VH_09187,Ford F-150,78.4,133.6,-57.9025,14.445147,96.9,2024-11-10 07:21:44
VH_09188,Ford F-150,81.8,148.0,-22.414174,104.747662,91.9,2024-11-29 20:06:48
VH_09189,Toyota Camry,98.9,32.8,-10.989851,38.032349,95.9,2024-11-06 11:00:44
VH_09190,Tesla Model 3,96.9,4.0,-19.072223,-173.048776,99.6,2024-11-29 10:53:23
VH_09191,Ford F-150,64.4,64.0,-81.361246,76.287915,78.3,2024-11-03 21:26:42
VH_09192,Chevrolet Bolt,99.9,134.9,-52.40326,173.170771,72.9,2024-11-24 07:14:12
VH_09193,Mercedes EQS,99.9,111.0,-69.45052,150.220741,84.3,2024-11-11 12:18:42
VH_09194,BMW X5,77.9,47.1,57.836226,-82.182364,97.8,2024-11-03 02:28:13
VH_09195,Tesla Model 3,116.7,76.3,-17.231785,-73.037154,92.3,2024-11-21 07:41:09
VH_09196,Toyota Camry,101.9,123.5,-45.132469,72.917157,72.3,2024-11-08 05:12:51
VH_09197,Tesla Model 3,96.3,21.2,-46.078644,-63.59919,94.4,2024-11-06 21:48:38
VH_09198,Hyundai Ioniq,108.6,2.3,82.291331,-55.193763,71.2,2024-11-27 16:21:07
VH_09199,Toyota Camry,114.3,11.8,-16.799735,-130.052031,81.2,2024-11-11 18:38:44
VH_09200,Toyota Camry,70.8,1.6,50.398544,114.563002,85.6,2024-11-15 07:19:42
VH_09201,Toyota Camry,113.4,89.6,13.355643,11.084074,77.9,2024-11-04 21:10:07
VH_09202,Tesla Model 3,112.8,152.5,-63.808485,52.753034,74.0,2024-11-25 06:10:38
VH_09203,Ford F-150,116.3,4.6,12.495617,161.342281,76.3,2024-11-08 08:54:56
VH_09204,Toyota Camry,111.4,155.1,15.530142,-115.098262,73.7,2024-11-06 00:31:30
VH_09205,Toyota Camry,115.6,144.0,0.091767,-166.383754,77.7,2024-11-11 08:33:10
VH_09206,Tesla Model 3,90.7,142.2,43.252564,-130.022215,87.5,2024-11-21 14:18:59
VH_09207,Tesla Model 3,74.2,20.3,32.876641,-63.735497,99.3,2024-11-01 09:47:56
VH_09208,Ford F-150,83.4,5.2,28.567746,157.828081,76.0,2024-11-16 08:10:52
VH_09209,BMW X5,88.4,172.5,-70.325622,116.240471,80.1,2024-11-12 10:52:21
VH_09210,Ford F-150,87.6,43.2,-26.757398,60.873934,77.7,2024-11-03 03:52:26
VH_09211,BMW X5,116.6,56.7,74.766475,145.424407,77.3,2024-11-10 09:08:56
VH_09212,BMW X5,98.7,122.3,43.049405,174.687743,75.9,2024-11-16 21:28:21
VH_09213,Mercedes EQS,83.6,135.1,49.16783,131.011269,77.3,2024-11-26 02:58:13
VH_09214,Hyundai Ioniq,69.6,162.3,-0.179222,-147.807029,97.4,2024-11-23 23:28:43
VH_09215,Toyota Camry,60.3,141.4,-22.020198,91.388245,86.6,2024-11-20 17:47:37
VH_09216,BMW X5,107.5,124.1,-22.169158,35.119099,81.9,2024-11-25 06:51:37
VH_09217,Hyundai Ioniq,79.0,26.5,47.992835,-160.993881,72.9,2024-11-26 14:31:28
VH_09218,Tesla Model 3,85.3,71.2,81.065009,-98.503794,98.8,2024-11-25 02:48:51
VH_09219,Ford F-150,,125.8,76.628044,-64.624223,79.2,2024-11-20 21:08:51
VH_09220,Tesla Model 3,66.2,49.1,-73.930985,-79.8154,97.6,2024-11-27 02:55:59
VH_09221,Mercedes EQS,118.4,56.7,19.411989,-135.017136,89.1,2024-11-27 22:37:52
VH_09222,Mercedes EQS,108.0,139.0,-78.427713,75.990616,72.5,2024-11-01 10:41:47
VH_09223,Tesla Model 3,100.3,103.9,-28.024755,59.061071,91.8,2024-11-09 06:50:33
VH_09224,Tesla Model 3,66.1,54.9,-32.894961,67.678323,99.3,2024-11-26 14:54:50
VH_09225,Tesla Model 3,98.0,71.4,-49.234927,-60.65464,73.0,2024-11-24 19:48:14
VH_09226,Tesla Model 3,83.9,52.5,-40.905746,-65.367707,81.2,2024-11-27 18:46:50
VH_09227,Chevrolet Bolt,89.6,100.3,34.251174,123.616397,98.0,2024-11-13 07:07:00
VH_09228,BMW X5,89.9,26.8,-23.304179,-136.414727,72.6,2024-11-02 01:14:56
VH_09229,Tesla Model 3,68.4,93.3,31.420517,-22.911149,83.7,2024-11-24 23:44:23
VH_09230,Tesla Model 3,67.3,31.8,-66.124856,113.952246,82.1,2024-11-22 08:05:10
VH_09231,Chevrolet Bolt,80.8,65.0,50.140958,44.214973,78.9,2024-11-12 06:33:46
VH_09232,Ford F-150,101.1,34.1,-21.070062,-42.452064,96.4,2024-11-05 10:42:51
VH_09233,Tesla Model 3,108.5,36.5,-57.790278,173.695067,94.6,2024-11-28 03:02:39
VH_09234,Toyota Camry,111.7,103.4,-75.344802,-8.521105,87.5,2024-11-23 16:00:58
VH_09235,Honda Civic,106.3,177.4,-8.271001,-132.799018,80.6,2024-11-05 19:05:13
VH_09236,BMW X5,106.8,140.6,3.625063,-43.450664,95.9,2024-11-23 21:40:26
VH_09237,Chevrolet Bolt,72.3,94.4,74.184438,-8.647526,84.0,2024-11-27 21:19:48
VH_09238,Chevrolet Bolt,98.2,9.3,15.364913,147.204706,77.4,2024-11-11 07:11:28
VH_09239,Ford F-150,66.2,171.0,68.334632,-72.081908,82.2,2024-11-09 18:56:51
VH_09240,Tesla Model 3,92.6,8.8,13.207839,-15.743701,74.7,2024-11-01 07:08:54
VH_09241,Tesla Model 3,105.6,47.8,-34.629302,76.218441,81.1,2024-11-01 18:48:11
VH_09242,Chevrolet Bolt,78.9,22.3,73.668639,-32.638938,79.7,2024-11-24 18:03:25
VH_09243,Mercedes EQS,76.7,86.5,64.129899,60.522418,97.5,2024-11-07 10:28:19
VH_09244,Ford F-150,103.8,31.7,-5.599818,-94.592249,84.7,2024-11-26 04:14:27
VH_09245,Hyundai Ioniq,75.2,112.3,-27.441256,92.622073,88.6,2024-11-29 03:23:10
VH_09246,Tesla Model 3,63.7,56.3,-5.138705,-1.198315,83.2,2024-11-13 07:46:16
VH_09247,Tesla Model 3,65.8,94.7,-2.165637,67.984636,85.8,2024-11-20 03:34:54
VH_09248,Ford F-150,115.8,60.5,-71.441637,55.338949,70.4,2024-11-28 00:25:10
VH_09249,Tesla Model 3,,51.2,-53.342518,85.110305,76.8,2024-11-17 16:03:00
VH_09250,Mercedes EQS,105.7,0.3,-14.973372,122.228148,71.0,2024-11-22 16:14:37
VH_09251,Tesla Model 3,61.5,162.6,33.466376,93.127005,81.0,2024-11-01 22:39:14
VH_09252,Ford F-150,108.5,82.5,-55.926099,-148.446473,74.6,2024-11-14 09:51:17
VH_09253,Toyota Camry,69.2,15.3,-64.541619,-136.283638,76.0,2024-11-03 20:55:03
VH_09254,Honda Civic,77.8,142.1,4.619613,-136.884183,86.5,2024-11-03 15:56:43
VH_09255,Toyota Camry,89.5,127.2,48.722395,-16.582411,78.9,2024-11-09 10:44:51
VH_09256,Ford F-150,61.1,167.1,84.547909,-27.508337,96.2,2024-11-22 07:55:06
VH_09257,Toyota Camry,101.0,92.3,-76.748996,7.961082,89.1,2024-11-13 12:08:25
VH_09258,Tesla Model 3,61.8,27.1,61.389785,12.966736,83.7,2024-11-07 07:18:00
VH_09259,Ford F-150,115.6,151.1,45.085617,-128.451576,99.3,2024-11-21 20:22:35
VH_09260,Hyundai Ioniq,79.1,27.9,-33.546731,111.736347,78.6,2024-11-26 10:16:24
VH_09261,Ford F-150,60.5,171.7,-71.567541,-12.219882,73.5,2024-11-04 01:06:45
VH_09262,Chevrolet Bolt,102.9,73.8,-62.748955,35.099033,92.8,2024-11-15 00:24:45
VH_09263,Toyota Camry,66.4,66.1,-83.295141,-154.796599,92.6,2024-11-11 01:39:43
VH_09264,Toyota Camry,72.0,117.7,-27.933315,-86.313077,77.4,2024-11-15 02:34:55
VH_09265,Toyota Camry,84.0,96.5,6.620986,81.037183,86.6,2024-11-16 16:04:38
VH_09266,Hyundai Ioniq,106.2,130.9,-16.367106,-179.320662,99.1,2024-11-12 05:26:47
VH_09267,Tesla Model 3,115.2,140.3,67.898778,156.40239,76.4,2024-11-01 19:47:29
VH_09268,Ford F-150,71.1,127.2,-4.061281,106.236691,84.4,2024-11-13 14:37:20
VH_09269,Toyota Camry,107.6,54.6,75.178133,-6.965527,94.0,2024-11-09 23:52:06
VH_09270,Tesla Model 3,67.2,62.9,55.677595,2.991922,70.7,2024-11-27 08:10:57
VH_09271,Toyota Camry,95.1,178.8,20.078735,-176.435564,73.3,2024-11-09 06:48:30
VH_09272,Ford F-150,112.2,104.9,-82.89248,60.220962,95.8,2024-11-30 05:16:03
VH_09273,Ford F-150,86.9,41.9,80.923319,21.946804,86.7,2024-11-15 19:38:58
VH_09274,Ford F-150,,38.2,-83.445503,63.693841,83.6,2024-11-24 01:22:23
VH_09275,Chevrolet Bolt,110.9,162.8,78.597731,-13.775393,94.3,2024-11-29 21:07:46
VH_09276,Honda Civic,71.4,56.6,31.709122,16.302606,95.3,2024-11-25 11:04:23
VH_09277,Honda Civic,99.9,30.9,-44.611848,-36.075817,93.0,2024-11-14 19:11:40
VH_09278,Hyundai Ioniq,109.3,110.4,46.791144,93.442029,78.7,2024-11-08 05:24:18
VH_09279,BMW X5,89.5,178.5,1.901023,-176.554541,95.7,2024-11-07 08:43:11
VH_09280,Honda Civic,79.3,91.5,77.10127,-109.112144,75.1,2024-11-11 11:46:21
VH_09281,Hyundai Ioniq,62.2,151.9,-50.687539,99.078887,96.7,2024-11-25 22:44:33
VH_09282,Hyundai Ioniq,68.2,83.9,-58.850841,-56.335669,73.0,2024-11-29 23:50:00
VH_09283,Chevrolet Bolt,71.5,17.7,-1.683495,-62.068821,74.1,2024-11-22 17:28:37
VH_09284,Honda Civic,69.0,64.3,80.034703,-104.629736,72.1,2024-11-26 19:39:40
VH_09285,Ford F-150,98.4,114.2,-37.346016,-69.156139,93.7,2024-11-30 02:40:23
VH_09286,Toyota Camry,90.9,36.1,-19.451801,161.442746,84.7,2024-11-21 21:43:24
VH_09287,BMW X5,91.6,19.2,59.118391,-15.238855,71.7,2024-11-27 11:02:35
VH_09288,Toyota Camry,119.4,70.6,-43.141143,-37.584037,97.8,2024-11-03 12:17:48
VH_09289,Ford F-150,82.2,130.3,50.508957,-72.442193,71.0,2024-11-23 00:21:42
VH_09290,Tesla Model 3,75.1,25.8,37.885872,-171.862649,79.2,2024-11-17 01:33:01
VH_09291,Tesla Model 3,108.9,34.4,-71.943894,-95.809743,77.8,2024-11-29 16:41:27
VH_09292,BMW X5,102.0,103.1,51.777394,40.027163,71.8,2024-11-27 13:04:50
VH_09293,Chevrolet Bolt,86.5,97.5,-23.123926,61.617949,98.5,2024-11-16 16:53:54
VH_09294,Chevrolet Bolt,117.7,107.8,32.121204,-117.262537,87.7,2024-11-08 05:33:26
VH_09295,Toyota Camry,111.6,78.1,60.303938,31.518579,82.9,2024-11-03 19:37:50
VH_09296,Hyundai Ioniq,73.6,95.6,-47.549867,-3.240844,94.9,2024-11-21 21:30:08
VH_09297,Mercedes EQS,76.5,141.5,39.836673,-137.13242,89.6,2024-11-03 12:44:42
VH_09298,Mercedes EQS,84.7,60.8,-47.319469,173.27751,96.5,2024-11-01 15:14:56
VH_09299,Toyota Camry,89.9,139.6,-77.675859,124.213446,90.9,2024-11-13 09:09:11
VH_09300,Tesla Model 3,87.8,81.3,-48.347178,165.358941,83.9,2024-11-02 15:44:06
VH_09301,Toyota Camry,83.7,34.4,79.802024,62.032927,93.7,2024-11-19 05:04:13
VH_09302,Hyundai Ioniq,99.8,62.5,25.500729,-86.245343,83.1,2024-11-05 13:06:06
VH_09303,Tesla Model 3,110.3,132.7,79.632885,15.597383,76.5,2024-11-16 11:54:12
VH_09304,Hyundai Ioniq,60.8,70.7,50.98707,23.500095,71.8,2024-11-04 04:57:11
VH_09305,Ford F-150,67.7,87.0,-68.481577,-15.178438,77.6,2024-11-02 05:10:51
VH_09306,Ford F-150,77.1,96.6,-7.875386,124.96968,82.1,2024-11-10 18:39:26
VH_09307,Honda Civic,66.8,19.2,-81.490406,-12.564515,81.6,2024-11-09 20:22:50
VH_09308,Ford F-150,65.5,23.9,-15.385662,-56.206298,71.1,2024-11-25 21:57:59
VH_09309,Honda Civic,99.5,72.1,66.627044,-178.192097,87.7,2024-11-10 19:11:46
VH_09310,Toyota Camry,67.3,10.6,-55.555092,50.158103,76.3,2024-11-28 20:53:21
VH_09311,Chevrolet Bolt,98.1,55.8,-66.648724,-146.518703,80.9,2024-11-29 06:42:09
VH_09312,Toyota Camry,65.1,132.4,50.200841,99.470381,92.7,2024-11-05 08:43:59
VH_09313,Honda Civic,83.2,121.4,29.880781,8.006503,88.0,2024-11-13 00:00:05
VH_09314,Chevrolet Bolt,112.1,109.2,87.134805,-158.581804,96.7,2024-11-19 13:14:01
VH_09315,Tesla Model 3,68.0,94.0,-1.405071,91.722621,95.4,2024-11-10 00:46:46
VH_09316,Honda Civic,66.2,12.2,32.512019,87.624632,94.4,2024-11-16 21:50:49
VH_09317,Mercedes EQS,77.5,38.3,29.753125,-146.31521,92.0,2024-11-08 18:31:08
VH_09318,Chevrolet Bolt,92.8,174.7,-57.064244,9.019305,93.5,2024-11-29 12:10:12
VH_09319,Toyota Camry,81.0,158.5,-5.727798,52.23327,79.6,2024-11-14 16:59:10
VH_09320,BMW X5,72.6,16.8,-32.276325,72.857512,89.6,2024-11-15 05:50:52
VH_09321,Ford F-150,114.7,49.7,37.476534,86.294058,75.5,2024-11-03 21:26:36
VH_09322,Tesla Model 3,90.9,117.2,-70.230272,-171.147151,91.7,2024-11-02 10:36:14
VH_09323,Ford F-150,95.0,124.7,17.464437,-82.8215,92.1,2024-11-27 05:50:31
VH_09324,Honda Civic,65.0,113.0,-6.962857,-92.135318,93.0,2024-11-11 09:13:13
VH_09325,Ford F-150,74.7,18.0,79.476381,-12.93985,85.4,2024-11-04 01:19:35
VH_09326,BMW X5,119.4,52.0,-51.769161,-27.278923,96.7,2024-11-29 18:13:19
VH_09327,Chevrolet Bolt,80.7,160.8,-88.910774,41.530671,82.6,2024-11-22 13:44:45
VH_09328,Chevrolet Bolt,79.1,35.2,-2.034341,94.602421,73.6,2024-11-24 12:24:02
VH_09329,Hyundai Ioniq,103.1,16.1,56.052816,-176.878829,81.9,2024-11-15 09:44:59
VH_09330,Ford F-150,85.1,179.6,-58.53388,52.369471,87.6,2024-11-28 19:56:19
VH_09331,Hyundai Ioniq,108.1,123.1,52.205917,95.004747,81.6,2024-11-27 08:55:24
VH_09332,Toyota Camry,81.9,106.9,-10.289388,159.246336,97.8,2024-11-10 18:47:15
VH_09333,BMW X5,102.9,56.9,-8.479931,22.809145,70.9,2024-11-15 22:22:52
VH_09334,Toyota Camry,80.9,35.5,50.838032,101.13705,95.1,2024-11-16 04:30:30
VH_09335,Chevrolet Bolt,61.2,32.1,-59.908907,-177.965451,71.5,2024-11-06 00:35:08
VH_09336,Honda Civic,102.3,145.2,20.610129,-79.146006,88.9,2024-11-18 05:11:09
VH_09337,BMW X5,114.6,170.8,-64.969317,131.679458,95.9,2024-11-18 23:58:00
VH_09338,Tesla Model 3,62.6,97.3,57.166328,72.269629,86.3,2024-11-17 16:16:12
VH_09339,Chevrolet Bolt,83.3,144.3,18.208774,73.599327,76.8,2024-11-20 05:02:43
VH_09340,BMW X5,102.7,156.1,-85.610527,80.601301,79.0,2024-11-18 00:04:24
VH_09341,Tesla Model 3,98.6,176.4,9.23811,-175.954874,86.1,2024-11-08 13:54:50
VH_09342,Honda Civic,89.0,55.2,-1.413608,-174.111315,84.4,2024-11-30 03:12:11
VH_09343,Chevrolet Bolt,79.9,25.0,19.334327,42.757819,89.8,2024-11-27 12:04:43
VH_09344,Tesla Model 3,83.9,41.3,-68.246633,-169.277561,83.5,2024-11-28 14:45:14
VH_09345,Honda Civic,101.6,58.7,10.444375,-170.464442,96.8,2024-11-17 21:46:38
VH_09346,BMW X5,97.2,9.4,55.762991,-91.869983,95.9,2024-11-15 09:53:30
VH_09347,Hyundai Ioniq,118.4,169.6,37.837632,-23.957278,85.8,2024-11-17 03:05:08
VH_09348,Honda Civic,76.6,56.5,-6.241289,137.889667,96.7,2024-11-29 02:12:38
VH_09349,Tesla Model 3,115.0,122.7,-78.627778,158.677572,94.8,2024-11-12 20:02:03
VH_09350,Mercedes EQS,98.4,136.3,-52.353044,-108.423457,70.3,2024-11-27 00:58:21
VH_09351,Tesla Model 3,118.8,16.2,-69.275783,145.009115,77.8,2024-11-25 20:47:16
VH_09352,Ford F-150,102.7,69.0,-14.320849,101.548269,85.9,2024-11-09 10:09:55
VH_09353,Tesla Model 3,61.5,77.0,-15.552552,-59.940876,87.3,2024-11-28 17:25:48
VH_09354,Toyota Camry,71.6,158.0,25.883424,27.460116,93.0,2024-11-20 11:39:49
VH_09355,Tesla Model 3,83.7,175.0,5.556434,-46.077861,88.0,2024-11-08 15:24:39
VH_09356,Toyota Camry,86.6,70.8,55.285103,43.84137,99.4,2024-11-21 01:18:22
VH_09357,BMW X5,65.6,91.2,89.996144,133.911114,73.5,2024-11-07 07:39:54
VH_09358,Honda Civic,92.7,128.8,-84.141909,162.567475,87.7,2024-11-12 06:48:35
VH_09359,Ford F-150,80.0,130.4,-82.397206,60.401869,100.0,2024-11-13 02:15:09
VH_09360,Tesla Model 3,61.3,56.9,10.155005,128.797208,74.8,2024-11-26 10:14:31
VH_09361,Mercedes EQS,68.4,3.4,76.118276,-44.243241,73.8,2024-11-03 13:48:59
VH_09362,Ford F-150,77.6,94.1,-19.921254,-115.286825,92.5,2024-11-12 06:37:37
VH_09363,Toyota Camry,90.5,16.7,59.641405,57.939801,81.6,2024-11-29 13:38:50
VH_09364,Mercedes EQS,96.5,26.8,-10.500228,-118.091058,85.0,2024-11-19 02:07:58
VH_09365,Toyota Camry,89.5,83.1,67.832814,-83.974698,97.9,2024-11-01 00:49:11
VH_09366,Honda Civic,69.9,147.9,4.32205,-148.94426,88.0,2024-11-07 02:06:25
VH_09367,Ford F-150,84.5,149.0,-88.833063,-58.000175,83.0,2024-11-08 17:29:17
VH_09368,Chevrolet Bolt,97.1,108.3,-11.466647,-127.136644,75.3,2024-11-15 22:07:42
VH_09369,Toyota Camry,119.8,132.1,76.215952,44.712176,85.0,2024-11-20 13:01:25
VH_09370,Mercedes EQS,62.6,30.3,7.019767,4.010089,87.9,2024-11-16 21:10:13
VH_09371,Tesla Model 3,91.5,159.8,34.40324,69.683839,73.7,2024-11-30 09:42:13
VH_09372,Chevrolet Bolt,115.7,112.5,-4.912792,-8.945818,75.1,2024-11-28 15:30:18
VH_09373,Tesla Model 3,110.3,145.2,88.712776,-130.663562,84.6,2024-11-17 21:29:30
VH_09374,Toyota Camry,80.2,11.9,-12.440072,-50.048661,87.6,2024-11-12 03:15:37
VH_09375,Tesla Model 3,72.0,10.2,76.44904,168.328411,76.9,2024-11-05 23:45:19
VH_09376,Tesla Model 3,112.4,42.7,66.992479,178.602879,100.0,2024-11-13 01:41:58
VH_09377,Toyota Camry,99.9,129.9,-21.494793,106.485595,77.9,2024-11-11 03:10:17
VH_09378,Ford F-150,100.1,101.1,-13.459553,-140.807936,73.1,2024-11-14 19:38:03
VH_09379,Tesla Model 3,116.7,92.4,28.640744,44.638152,92.4,2024-11-20 23:14:00
VH_09380,Tesla Model 3,114.9,85.4,59.915159,99.68228,89.7,2024-11-07 01:52:48
VH_09381,Tesla Model 3,108.9,8.2,-7.75742,-53.774465,81.3,2024-11-12 23:13:36
VH_09382,Toyota Camry,106.8,164.5,-48.586243,153.571415,77.8,2024-11-29 04:33:10
VH_09383,Honda Civic,113.4,177.9,-36.524466,130.741765,86.2,2024-11-18 09:05:33
VH_09384,Tesla Model 3,60.6,136.2,-83.464667,-177.156775,85.0,2024-11-29 21:41:11
VH_09385,Mercedes EQS,74.3,67.8,61.193291,9.436211,72.5,2024-11-21 19:08:56
VH_09386,Tesla Model 3,90.6,85.3,87.590457,-110.510734,94.6,2024-11-13 11:11:04
VH_09387,Chevrolet Bolt,96.3,132.7,7.697856,-84.740451,76.0,2024-11-24 01:07:36
VH_09388,Tesla Model 3,,93.9,-84.820842,131.21529,75.7,2024-11-03 12:08:37
VH_09389,Ford F-150,65.2,11.9,1.143044,147.900002,88.9,2024-11-21 22:38:58
VH_09390,BMW X5,106.7,94.9,77.193689,81.765774,84.2,2024-11-22 09:51:27
VH_09391,Ford F-150,76.4,168.6,-18.125383,-172.714391,98.3,2024-11-25 03:32:25
VH_09392,Mercedes EQS,114.0,0.0,-84.05732,-157.964769,71.1,2024-11-01 10:48:04
VH_09393,Honda Civic,63.8,117.7,-14.696413,-178.575702,82.0,2024-11-04 00:28:39
VH_09394,Honda Civic,67.3,108.6,52.442692,119.809654,86.7,2024-11-01 05:25:54
VH_09395,Chevrolet Bolt,96.4,104.8,53.447417,-121.235538,74.5,2024-11-20 20:17:48
VH_09396,Toyota Camry,110.7,40.2,-39.477017,-35.671078,80.2,2024-11-13 20:57:38
VH_09397,Honda Civic,102.2,106.5,-37.160391,-126.965988,80.5,2024-11-30 00:30:58
VH_09398,Mercedes EQS,60.9,11.3,-49.010752,51.463957,79.8,2024-11-07 07:43:40
VH_09399,Ford F-150,109.2,162.3,81.320332,133.995071,80.3,2024-11-11 11:52:56
VH_09400,Tesla Model 3,85.2,22.0,25.992836,101.293406,94.5,2024-11-23 19:17:53
VH_09401,Toyota Camry,107.0,81.7,56.223407,-69.828194,72.6,2024-11-21 11:30:56
VH_09402,Chevrolet Bolt,85.4,21.1,36.012755,81.610095,85.4,2024-11-26 02:34:09
VH_09403,Tesla Model 3,97.6,161.5,-3.627284,-151.465122,89.2,2024-11-28 19:03:40
VH_09404,BMW X5,85.3,131.2,-1.11588,-64.092373,86.6,2024-11-09 06:53:38
VH_09405,Tesla Model 3,98.2,96.3,47.977935,136.371963,77.7,2024-11-06 16:23:27
VH_09406,Tesla Model 3,79.7,5.3,-74.5154,-73.650007,96.2,2024-11-01 16:09:54
VH_09407,Mercedes EQS,,121.4,64.870262,-5.345828,75.7,2024-11-12 00:47:13
VH_09408,BMW X5,95.2,16.3,24.614886,9.794898,82.6,2024-11-04 18:31:29
VH_09409,Tesla Model 3,105.7,93.9,-52.172272,-57.911885,83.4,2024-11-05 09:22:35
VH_09410,Mercedes EQS,65.8,15.5,19.745096,88.094115,91.7,2024-11-28 19:55:38
VH_09411,Tesla Model 3,70.2,124.8,-31.517191,-130.604911,80.8,2024-11-22 20:02:43
VH_09412,Chevrolet Bolt,,54.1,-84.819004,74.878978,80.7,2024-11-29 10:04:39
VH_09413,Toyota Camry,79.4,118.7,82.723464,-178.687854,99.8,2024-11-29 10:08:25
VH_09414,BMW X5,93.6,28.0,29.34951,-129.557294,73.5,2024-11-17 05:07:16
VH_09415,Honda Civic,111.4,104.2,87.604407,68.041569,82.8,2024-11-01 13:29:49
VH_09416,Honda Civic,96.5,125.1,89.696568,-130.779955,94.7,2024-11-06 12:11:38
VH_09417,Tesla Model 3,114.7,41.2,10.921559,47.583071,80.1,2024-11-15 15:42:12
VH_09418,Mercedes EQS,119.1,178.2,-57.895617,-40.102213,87.9,2024-11-21 06:29:05
VH_09419,BMW X5,73.1,53.0,16.783871,52.800581,70.4,2024-11-17 11:07:31
VH_09420,Ford F-150,77.4,34.3,8.382941,-118.686308,77.2,2024-11-14 04:19:44
VH_09421,Toyota Camry,67.2,6.0,0.427476,69.857105,79.6,2024-11-24 13:22:21
VH_09422,Chevrolet Bolt,78.3,38.3,4.712007,-25.909805,85.9,2024-11-28 03:52:14
VH_09423,Toyota Camry,81.2,178.7,77.375407,-44.505324,96.4,2024-11-23 14:39:29
VH_09424,Hyundai Ioniq,105.8,8.2,-25.9203,69.44383,73.3,2024-11-22 05:02:55
VH_09425,Hyundai Ioniq,69.5,149.5,-50.572077,171.975481,85.0,2024-11-11 12:34:20
VH_09426,BMW X5,90.3,30.6,-20.768319,-90.694178,81.3,2024-11-26 11:48:45
VH_09427,Honda Civic,102.4,51.8,26.305987,31.539475,72.2,2024-11-13 12:34:58
VH_09428,Ford F-150,89.2,95.1,-7.35698,142.30499,96.5,2024-11-27 11:48:38
VH_09429,Honda Civic,82.0,124.7,-35.720975,-145.29545,80.0,2024-11-15 05:44:51
VH_09430,Tesla Model 3,64.5,94.9,-10.87795,-149.449444,97.7,2024-11-02 20:56:53
VH_09431,Chevrolet Bolt,71.9,161.9,-45.829152,57.486528,95.7,2024-11-24 01:12:18
VH_09432,Honda Civic,65.9,114.3,5.388001,-100.129906,78.4,2024-11-15 20:22:08
VH_09433,Tesla Model 3,93.0,158.0,35.511308,176.363348,96.9,2024-11-21 14:10:39
VH_09434,Honda Civic,119.2,129.2,-82.487807,-126.899317,85.2,2024-11-18 21:52:26
VH_09435,BMW X5,104.0,33.1,0.735695,-73.547384,82.1,2024-11-05 21:11:58
VH_09436,Toyota Camry,117.9,30.1,64.092399,-168.819504,86.7,2024-11-06 15:57:54
VH_09437,Tesla Model 3,93.5,140.5,-67.470308,-5.588681,73.9,2024-11-27 06:41:08
VH_09438,BMW X5,60.1,109.3,-13.976619,13.989753,85.2,2024-11-14 06:26:38
VH_09439,Chevrolet Bolt,92.7,105.5,19.763694,-148.677036,75.8,2024-11-07 11:56:12
VH_09440,Hyundai Ioniq,84.5,31.6,86.368834,19.311677,83.9,2024-11-08 18:46:35
VH_09441,Honda Civic,77.1,60.5,1.796441,-49.192155,87.1,2024-11-07 04:30:34
VH_09442,BMW X5,89.4,165.1,-42.191427,72.926107,96.8,2024-11-15 01:26:25
VH_09443,BMW X5,119.9,173.8,-30.474164,-121.375965,71.7,2024-11-29 07:40:41
VH_09444,Tesla Model 3,81.2,100.7,-52.055224,127.252426,91.0,2024-11-17 21:18:40
VH_09445,Toyota Camry,111.3,81.3,-48.040356,-175.548795,75.4,2024-11-19 15:22:59
VH_09446,Toyota Camry,94.1,61.7,74.806696,80.22695,89.4,2024-11-21 16:11:36
VH_09447,Honda Civic,82.3,66.0,-44.018529,8.330946,86.3,2024-11-07 14:23:11
VH_09448,Toyota Camry,70.7,123.7,-8.720508,-160.173864,72.0,2024-11-11 13:37:46
VH_09449,Tesla Model 3,99.1,38.9,14.143507,102.338685,76.3,2024-11-11 12:02:22
VH_09450,Tesla Model 3,90.3,80.0,38.881206,172.892677,90.3,2024-11-15 01:23:17
VH_09451,Tesla Model 3,115.8,171.3,-63.637475,-28.628857,90.6,2024-11-01 03:04:45
VH_09452,Hyundai Ioniq,110.3,146.3,-14.586819,-177.300488,83.4,2024-11-20 13:57:22
VH_09453,Honda Civic,98.9,22.9,-89.371842,-16.61092,84.8,2024-11-05 23:55:13
VH_09454,Honda Civic,98.7,121.5,20.116628,79.236741,97.3,2024-11-05 06:33:35
VH_09455,Ford F-150,97.2,90.1,-68.954157,2.906572,82.9,2024-11-01 03:12:18
VH_09456,Toyota Camry,67.6,179.4,67.981451,55.725159,81.3,2024-11-07 19:21:32
VH_09457,Ford F-150,87.0,173.9,84.576034,140.827659,78.4,2024-11-20 11:59:20
VH_09458,Tesla Model 3,78.3,128.9,-28.421888,-49.383815,79.4,2024-11-04 01:23:53
VH_09459,BMW X5,73.9,23.0,-40.172957,-129.309005,79.6,2024-11-01 10:16:25
VH_09460,Ford F-150,81.9,135.1,-78.675704,-50.270186,93.8,2024-11-13 21:05:16
VH_09461,Toyota Camry,109.8,67.3,44.333152,-176.959282,78.9,2024-11-19 00:10:21
VH_09462,Chevrolet Bolt,110.6,61.4,27.773089,173.846165,92.8,2024-11-28 06:18:11
VH_09463,Hyundai Ioniq,73.7,27.6,-89.485095,25.061911,89.4,2024-11-15 01:09:13
VH_09464,Ford F-150,61.5,58.1,16.932652,68.995253,96.1,2024-11-27 22:06:40
VH_09465,Ford F-150,109.2,167.1,46.549543,-121.30526,73.0,2024-11-27 17:32:03
VH_09466,Ford F-150,83.7,16.2,-80.674589,137.718544,83.4,2024-11-22 00:22:00
VH_09467,BMW X5,119.5,29.4,3.274604,160.244566,82.7,2024-11-17 16:32:44
VH_09468,Chevrolet Bolt,119.5,118.6,-76.206805,119.502689,87.4,2024-11-27 16:21:08
VH_09469,Toyota Camry,110.8,83.7,71.279095,56.814123,74.7,2024-11-13 21:28:25
VH_09470,BMW X5,93.4,29.6,-47.625854,74.715686,80.7,2024-11-06 20:38:34
VH_09471,Hyundai Ioniq,66.1,139.9,67.862821,-91.773799,77.6,2024-11-21 12:50:33
VH_09472,BMW X5,62.9,146.4,79.38035,-86.422254,89.9,2024-11-26 16:01:03
VH_09473,Chevrolet Bolt,103.8,138.9,-66.901147,-2.628662,78.3,2024-11-01 16:24:51
VH_09474,BMW X5,105.3,16.0,-11.674507,149.497323,82.5,2024-11-06 20:21:51
VH_09475,Ford F-150,107.8,4.7,73.218052,3.4911,86.3,2024-11-17 13:19:14
VH_09476,Hyundai Ioniq,96.4,158.6,65.031204,66.845532,96.3,2024-11-11 21:17:48
VH_09477,Hyundai Ioniq,91.1,158.5,-44.992716,-142.549649,78.6,2024-11-20 16:53:22
VH_09478,Chevrolet Bolt,118.8,49.7,-42.420485,-148.657696,80.0,2024-11-06 03:46:27
VH_09479,Tesla Model 3,78.0,30.3,13.325662,-20.503555,93.9,2024-11-23 03:02:09
VH_09480,Chevrolet Bolt,104.3,49.2,31.242784,-144.550064,93.0,2024-11-04 09:19:40
VH_09481,Tesla Model 3,111.3,158.0,-88.724983,23.067341,72.2,2024-11-01 03:12:46
VH_09482,Ford F-150,102.9,161.2,88.243139,-98.750972,91.1,2024-11-30 22:47:15
VH_09483,Hyundai Ioniq,112.9,85.9,-61.822967,-139.128093,81.5,2024-11-15 00:38:36
VH_09484,Tesla Model 3,107.6,145.3,84.949053,-64.642767,80.3,2024-11-13 09:34:07
VH_09485,Chevrolet Bolt,87.3,135.2,-64.939198,144.926887,90.3,2024-11-25 08:43:40
VH_09486,Hyundai Ioniq,105.4,35.0,-62.127497,27.171435,99.4,2024-11-21 19:52:36
VH_09487,Toyota Camry,103.3,107.7,58.901816,-107.641468,84.9,2024-11-16 07:54:23
VH_09488,Toyota Camry,,55.1,76.746658,91.371045,71.4,2024-11-09 05:01:02
VH_09489,BMW X5,105.0,43.0,67.260239,77.567799,80.6,2024-11-24 02:52:26
VH_09490,Tesla Model 3,104.5,140.9,-25.189631,-129.590873,85.0,2024-11-10 04:50:05
VH_09491,Tesla Model 3,89.9,62.1,74.574516,145.009831,79.2,2024-11-24 09:47:10
VH_09492,Tesla Model 3,101.0,21.4,-59.022485,114.352829,70.3,2024-11-15 09:45:38
VH_09493,Toyota Camry,94.0,111.8,-29.358058,148.097346,75.6,2024-11-24 12:51:26
VH_09494,BMW X5,105.3,80.6,-69.815017,158.832199,90.5,2024-11-20 09:40:46
VH_09495,Chevrolet Bolt,94.3,14.5,-35.760309,-53.048451,95.7,2024-11-11 23:48:45
VH_09496,Honda Civic,71.8,26.8,24.204939,179.67682,96.7,2024-11-28 11:48:35
VH_09497,Toyota Camry,105.8,148.2,-2.061214,-133.833392,90.4,2024-11-25 12:49:35
VH_09498,Mercedes EQS,81.6,108.3,-32.3302,-60.931557,90.4,2024-11-08 07:29:09
VH_09499,BMW X5,116.6,82.6,-56.792054,-87.072892,83.1,2024-11-29 11:37:32
VH_09500,Chevrolet Bolt,101.7,30.2,-68.554502,134.717527,98.0,2024-11-15 01:28:27
VH_09501,Tesla Model 3,112.0,2.1,-86.424371,-2.802093,95.7,2024-11-24 23:56:39
VH_09502,Chevrolet Bolt,118.8,48.2,1.495837,-134.11948,76.4,2024-11-11 11:10:31
VH_09503,Ford F-150,63.1,121.3,-57.1135,-101.30985,85.6,2024-11-08 10:28:38
VH_09504,Tesla Model 3,96.1,32.1,-32.957861,-171.103891,74.3,2024-11-20 10:17:27
VH_09505,Tesla Model 3,69.5,97.5,-26.542291,145.598086,72.3,2024-11-18 11:21:32
VH_09506,Tesla Model 3,73.9,22.1,-3.560501,-93.364724,82.2,2024-11-30 13:22:08
VH_09507,Toyota Camry,106.2,118.0,-82.278568,-38.651949,94.4,2024-11-26 13:22:22
VH_09508,Toyota Camry,74.4,130.2,6.428052,-122.454201,87.5,2024-11-10 03:17:50
VH_09509,Ford F-150,84.7,13.3,-29.527611,-141.136402,86.4,2024-11-11 01:54:46
VH_09510,Toyota Camry,,124.6,-84.92755,-47.498959,79.3,2024-11-04 22:58:50
VH_09511,Tesla Model 3,95.7,98.7,79.394522,-5.344651,79.2,2024-11-08 05:15:54
VH_09512,Honda Civic,92.8,57.1,25.904751,85.25859,97.5,2024-11-10 07:34:54
VH_09513,Hyundai Ioniq,65.8,98.3,59.418246,-92.168275,88.6,2024-11-07 07:09:32
VH_09514,Ford F-150,65.2,127.1,-46.869965,49.355722,74.6,2024-11-01 07:24:58
VH_09515,Tesla Model 3,72.5,73.9,-72.045817,79.147652,91.1,2024-11-07 21:29:15
VH_09516,Toyota Camry,95.4,85.0,85.891009,170.08478,95.8,2024-11-29 19:24:38
VH_09517,Chevrolet Bolt,67.7,156.6,3.7193,-139.752259,72.9,2024-11-10 04:17:57
VH_09518,Chevrolet Bolt,119.3,100.3,33.573257,85.08752,81.1,2024-11-04 00:25:29
VH_09519,Toyota Camry,92.6,158.8,88.233304,-33.271975,73.2,2024-11-21 04:18:49
VH_09520,BMW X5,98.6,117.6,63.402266,-176.655513,90.1,2024-11-20 17:33:43
VH_09521,BMW X5,85.3,94.6,52.463396,-130.078727,90.3,2024-11-11 03:42:39
VH_09522,Chevrolet Bolt,103.9,101.7,-16.855961,-41.647453,87.3,2024-11-29 00:38:41
VH_09523,Honda Civic,87.4,50.7,60.688214,16.247687,76.3,2024-11-29 11:26:19
VH_09524,Mercedes EQS,64.3,79.6,30.219679,-43.927118,76.4,2024-11-17 10:50:27
VH_09525,BMW X5,92.0,23.5,65.730553,123.2384,78.2,2024-11-11 16:59:00
VH_09526,Toyota Camry,95.6,47.4,31.089656,125.412096,78.4,2024-11-25 18:11:19
VH_09527,Ford F-150,70.6,17.8,8.505086,-103.209416,94.7,2024-11-18 02:44:37
VH_09528,Ford F-150,68.8,85.3,65.405354,-157.294423,89.4,2024-11-01 21:30:20
VH_09529,Tesla Model 3,102.5,40.2,-40.198547,155.588428,84.0,2024-11-09 09:43:38
VH_09530,Hyundai Ioniq,94.2,66.3,33.535073,41.378793,89.7,2024-11-18 12:19:14
VH_09531,BMW X5,64.5,151.4,29.210008,164.940125,87.8,2024-11-20 21:20:40
VH_09532,Ford F-150,61.2,73.3,80.263575,-6.982865,82.3,2024-11-14 08:01:43
VH_09533,Mercedes EQS,92.1,47.8,48.396805,-121.236818,80.7,2024-11-26 06:40:18
VH_09534,Toyota Camry,71.0,116.1,77.307198,134.505852,99.7,2024-11-28 18:04:48
VH_09535,Honda Civic,64.2,70.9,47.527359,-47.385632,73.2,2024-11-04 09:29:48
VH_09536,BMW X5,89.5,174.1,46.032141,-122.597819,90.1,2024-11-11 03:40:34
VH_09537,Toyota Camry,85.8,112.6,-39.156005,43.82278,89.7,2024-11-15 03:07:35
VH_09538,Tesla Model 3,114.5,143.8,-88.600207,-93.477263,70.6,2024-11-19 14:03:55
VH_09539,Hyundai Ioniq,101.8,126.5,60.373371,-64.53046,74.0,2024-11-20 16:55:04
VH_09540,Ford F-150,97.5,70.7,-45.646695,-16.364619,95.0,2024-11-25 07:52:18
VH_09541,BMW X5,96.5,140.9,-53.629478,150.062247,90.9,2024-11-21 02:47:50
VH_09542,Honda Civic,113.2,23.8,58.132872,31.729024,98.9,2024-11-30 12:27:07
VH_09543,BMW X5,103.3,60.5,-2.698325,-44.411887,89.5,2024-11-13 09:14:20
VH_09544,Ford F-150,74.9,104.7,-0.404292,-117.406808,82.4,2024-11-02 19:21:48
VH_09545,Chevrolet Bolt,96.4,168.1,-9.92335,124.029842,91.9,2024-11-03 23:51:31
VH_09546,Ford F-150,96.8,151.6,66.570169,81.963603,98.1,2024-11-04 21:45:23
VH_09547,Tesla Model 3,108.2,11.9,68.491134,55.654498,99.5,2024-11-10 17:43:26
VH_09548,Ford F-150,65.3,59.4,75.005773,-42.532189,92.9,2024-11-08 23:49:28
VH_09549,Honda Civic,118.3,145.9,-66.291028,157.109271,89.5,2024-11-25 21:19:38
VH_09550,Tesla Model 3,70.7,83.2,47.137332,155.329279,71.9,2024-11-22 07:38:21
VH_09551,BMW X5,112.8,72.0,-35.023055,170.054389,94.7,2024-11-06 10:59:13
VH_09552,Honda Civic,73.3,49.8,5.818183,139.864431,95.3,2024-11-05 01:11:37
VH_09553,Toyota Camry,78.9,165.9,79.582963,137.804801,85.4,2024-11-24 04:17:56
VH_09554,Hyundai Ioniq,118.0,10.7,-62.001484,-141.21543,85.8,2024-11-09 07:20:42
VH_09555,Hyundai Ioniq,111.9,71.0,-59.904419,-62.706643,77.5,2024-11-13 17:21:24
VH_09556,Tesla Model 3,111.0,175.4,-69.403222,-179.586821,75.2,2024-11-04 13:38:39
VH_09557,BMW X5,68.1,74.0,23.791894,26.468132,74.2,2024-11-26 14:38:28
VH_09558,Tesla Model 3,96.7,34.0,-89.685349,155.723934,91.9,2024-11-24 15:21:31
VH_09559,Ford F-150,115.9,44.0,-63.267103,-109.516466,99.2,2024-11-03 12:40:21
VH_09560,Toyota Camry,60.7,145.8,-59.361051,70.282519,74.9,2024-11-07 20:48:30
VH_09561,Mercedes EQS,62.4,151.1,-66.515343,-146.219679,98.8,2024-11-26 15:08:56
VH_09562,Honda Civic,61.3,48.4,63.867065,66.388424,85.1,2024-11-08 15:42:29
VH_09563,Tesla Model 3,101.4,109.6,24.502906,167.484215,87.8,2024-11-09 11:45:46
VH_09564,Chevrolet Bolt,95.2,109.2,-86.088909,104.128458,78.0,2024-11-16 07:21:33
VH_09565,BMW X5,118.2,33.6,60.69046,148.26023,93.2,2024-11-22 00:02:54
VH_09566,Ford F-150,119.8,23.8,9.191412,115.291578,88.6,2024-11-08 19:50:02
VH_09567,Honda Civic,113.8,38.5,4.649207,71.328496,84.7,2024-11-16 08:32:00
VH_09568,BMW X5,76.0,13.5,-56.444307,15.273824,92.6,2024-11-02 18:02:52
VH_09569,Tesla Model 3,111.4,96.5,-15.045009,-108.620077,89.4,2024-11-20 23:15:13
VH_09570,Tesla Model 3,79.9,112.1,82.858375,-137.638711,99.6,2024-11-26 04:03:25
VH_09571,Ford F-150,106.1,160.1,-58.16228,-18.273537,71.5,2024-11-16 08:33:42
VH_09572,Mercedes EQS,110.4,54.8,-8.776931,-85.126408,86.8,2024-11-16 23:08:41
VH_09573,Toyota Camry,73.0,158.8,-48.000976,-42.786564,97.4,2024-11-21 05:39:16
VH_09574,Ford F-150,82.1,40.2,79.385845,96.14269,90.2,2024-11-04 06:46:08
VH_09575,Tesla Model 3,87.7,123.3,-55.373489,73.590837,77.9,2024-11-15 12:31:39
VH_09576,Tesla Model 3,106.3,45.3,49.961647,-79.114364,89.7,2024-11-03 21:09:15
VH_09577,Honda Civic,84.8,88.5,3.303452,97.923617,88.3,2024-11-01 14:22:03
VH_09578,Mercedes EQS,106.1,130.3,-45.244173,47.641364,86.4,2024-11-24 01:46:20
VH_09579,BMW X5,73.7,142.4,56.392061,-58.245168,91.5,2024-11-02 04:11:35
VH_09580,Chevrolet Bolt,114.1,147.0,-88.420427,-122.889363,91.3,2024-11-22 01:58:01
VH_09581,Honda Civic,93.5,100.3,-14.658883,-50.472218,74.7,2024-11-01 02:05:45
VH_09582,Ford F-150,89.3,128.1,-3.073451,47.826769,93.1,2024-11-12 06:49:42
VH_09583,Tesla Model 3,71.0,163.2,-80.223996,61.284962,76.5,2024-11-01 13:48:28
VH_09584,Ford F-150,66.6,100.6,-80.901158,162.087254,94.6,2024-11-09 04:04:21
VH_09585,Honda Civic,117.5,0.7,63.384044,15.78827,97.7,2024-11-24 08:28:27
VH_09586,BMW X5,80.1,160.3,-71.081713,1.347382,95.3,2024-11-21 15:41:34
VH_09587,Toyota Camry,118.6,143.8,67.102243,145.866397,75.3,2024-11-14 15:49:03
VH_09588,Tesla Model 3,95.7,166.0,71.41558,-47.412258,76.7,2024-11-24 09:56:33
VH_09589,Toyota Camry,88.7,104.6,-32.881904,-71.065141,99.2,2024-11-09 11:51:34
VH_09590,Toyota Camry,104.7,9.2,8.83023,-108.259495,74.1,2024-11-26 06:02:22
VH_09591,Ford F-150,63.8,67.5,5.418965,-6.450956,79.4,2024-11-30 14:44:37
VH_09592,Honda Civic,70.9,151.9,89.565019,152.424381,81.8,2024-11-03 19:40:11
VH_09593,Chevrolet Bolt,70.9,46.1,-41.954158,-113.853298,70.7,2024-11-30 20:27:33
VH_09594,Toyota Camry,66.4,52.5,50.777378,-144.743291,71.2,2024-11-04 06:44:48
VH_09595,Toyota Camry,63.6,79.5,-85.343034,-24.927371,89.5,2024-11-13 08:27:09
VH_09596,Chevrolet Bolt,60.7,49.1,80.785771,145.999696,88.5,2024-11-17 21:52:03
VH_09597,Tesla Model 3,102.3,2.4,-41.999868,-117.007438,76.6,2024-11-17 23:42:09
VH_09598,Honda Civic,64.5,21.8,8.993173,111.628373,96.6,2024-11-12 09:35:41
VH_09599,Tesla Model 3,75.0,31.8,7.596627,5.07478,80.9,2024-11-14 13:28:01
VH_09600,Toyota Camry,112.3,102.1,68.061038,-176.644067,76.7,2024-11-29 03:46:39
VH_09601,Mercedes EQS,103.0,104.2,-70.974993,-55.550191,96.9,2024-11-25 00:06:48
VH_09602,Ford F-150,103.0,69.6,-35.605476,120.627238,85.7,2024-11-05 23:13:05
VH_09603,BMW X5,103.4,33.7,-69.282622,73.651379,95.7,2024-11-07 22:05:56
VH_09604,Honda Civic,98.0,119.4,13.543652,-13.269314,99.2,2024-11-10 15:58:42
VH_09605,Toyota Camry,94.4,101.7,-62.660766,-50.228146,79.2,2024-11-02 08:55:32
VH_09606,Tesla Model 3,79.2,140.2,-20.544697,66.968682,72.6,2024-11-09 20:12:32
VH_09607,BMW X5,60.6,137.3,45.207027,99.27116,99.3,2024-11-07 17:57:22
VH_09608,Toyota Camry,110.3,17.1,-82.272224,154.239611,93.3,2024-11-15 10:11:16
VH_09609,Toyota Camry,85.1,6.8,-2.108199,-2.567736,85.3,2024-11-29 08:14:35
VH_09610,Toyota Camry,93.8,123.2,-61.695682,-31.111502,98.2,2024-11-11 14:14:08
VH_09611,Toyota Camry,109.6,111.4,78.645625,87.310639,97.0,2024-11-26 06:37:58
VH_09612,Mercedes EQS,109.2,139.3,-32.34476,106.873524,85.4,2024-11-15 21:29:39
VH_09613,Hyundai Ioniq,83.9,29.1,-59.99084,179.589557,79.7,2024-11-28 00:51:48
VH_09614,Honda Civic,74.8,20.3,-31.0761,37.476779,80.1,2024-11-11 10:50:08
VH_09615,Tesla Model 3,103.7,13.3,-25.906534,-133.289429,79.1,2024-11-25 13:54:32
VH_09616,Ford F-150,89.0,61.0,-8.989175,-95.49074,94.3,2024-11-04 02:06:43
VH_09617,Toyota Camry,71.1,165.9,-16.091914,-151.71984,87.6,2024-11-22 17:30:49
VH_09618,Honda Civic,113.5,18.8,-24.590583,-114.859393,89.5,2024-11-15 15:23:35
VH_09619,Tesla Model 3,115.2,118.5,42.723037,-178.888085,73.5,2024-11-13 18:56:22
VH_09620,Honda Civic,113.9,18.5,-13.729262,13.824591,94.5,2024-11-24 12:35:16
VH_09621,Ford F-150,80.2,28.7,-35.224682,122.743524,98.1,2024-11-20 15:01:48
VH_09622,Tesla Model 3,118.1,136.8,81.022281,165.204595,71.2,2024-11-26 17:58:41
VH_09623,Tesla Model 3,66.7,8.8,23.933233,101.230531,97.6,2024-11-10 10:49:14
VH_09624,BMW X5,,123.6,-27.590568,-7.76478,71.8,2024-11-16 11:57:34
VH_09625,Tesla Model 3,87.9,175.8,-45.394598,-13.825057,76.2,2024-11-06 09:15:37
VH_09626,Hyundai Ioniq,105.7,55.6,-65.938845,174.269393,90.8,2024-11-04 17:46:42
VH_09627,Mercedes EQS,71.9,147.4,86.441429,150.282637,70.3,2024-11-11 04:25:31
VH_09628,Honda Civic,102.2,85.0,4.294115,-156.528395,80.5,2024-11-14 05:57:18
VH_09629,Tesla Model 3,100.3,77.2,83.782635,-157.889643,87.2,2024-11-17 11:12:36
VH_09630,Hyundai Ioniq,99.0,129.1,12.276641,-141.283959,75.3,2024-11-13 22:12:36
VH_09631,Tesla Model 3,101.5,119.8,19.40417,-143.375336,94.1,2024-11-06 01:25:10
VH_09632,Tesla Model 3,113.5,122.5,72.830841,-87.729871,93.2,2024-11-04 04:56:25
VH_09633,Mercedes EQS,73.3,177.4,61.018293,-177.697356,79.2,2024-11-18 00:48:48
VH_09634,Tesla Model 3,70.2,175.4,4.813716,-122.821727,79.4,2024-11-19 09:15:51
VH_09635,Hyundai Ioniq,117.3,92.2,74.105818,82.815504,95.7,2024-11-04 05:42:15
VH_09636,BMW X5,95.5,35.6,1.582069,-1.628231,86.3,2024-11-13 21:06:49
VH_09637,Hyundai Ioniq,99.5,166.8,-69.775644,34.30158,72.0,2024-11-03 11:39:30
VH_09638,BMW X5,112.2,112.6,-0.05963,170.705517,79.2,2024-11-21 00:48:56
VH_09639,Toyota Camry,71.8,2.6,45.870123,140.905664,89.9,2024-11-02 01:06:12
VH_09640,Ford F-150,112.4,60.2,-65.441804,39.044966,91.0,2024-11-25 14:33:54
VH_09641,Tesla Model 3,95.1,100.4,-70.169051,-138.574698,80.1,2024-11-24 22:11:55
VH_09642,Honda Civic,114.0,15.4,33.159104,62.914038,96.8,2024-11-10 14:04:12
VH_09643,Tesla Model 3,101.9,57.4,-1.808884,174.49203,75.4,2024-11-09 04:30:45
VH_09644,Tesla Model 3,87.1,29.5,41.269609,-161.094225,96.9,2024-11-16 16:38:11
VH_09645,Ford F-150,113.1,0.3,-54.868472,-97.449061,81.3,2024-11-25 18:51:38
VH_09646,Mercedes EQS,92.4,75.0,-71.00269,18.122072,76.4,2024-11-20 00:58:19
VH_09647,Tesla Model 3,82.3,144.6,33.664713,-108.359737,91.8,2024-11-30 12:41:23
VH_09648,Tesla Model 3,90.5,86.6,25.404625,-30.534147,96.4,2024-11-22 19:28:56
VH_09649,Ford F-150,64.8,47.9,10.157276,-96.817456,99.0,2024-11-14 02:44:53
VH_09650,Chevrolet Bolt,61.3,45.2,-73.778618,-118.051385,74.0,2024-11-01 13:21:56
VH_09651,Chevrolet Bolt,104.1,34.8,86.888077,-77.358237,72.9,2024-11-28 15:14:59
VH_09652,Ford F-150,105.4,179.4,25.895102,-147.984716,74.5,2024-11-13 09:31:56
VH_09653,Toyota Camry,115.2,143.9,25.520838,166.896837,81.8,2024-11-09 09:57:18
VH_09654,Honda Civic,106.0,114.4,43.984966,-29.407924,81.0,2024-11-10 08:32:06
VH_09655,Toyota Camry,68.6,71.3,30.261539,-178.436424,80.8,2024-11-30 03:48:45
VH_09656,Ford F-150,,92.3,28.793434,-105.730136,70.4,2024-11-13 21:53:58
VH_09657,Ford F-150,95.7,38.8,74.706143,-78.437579,87.8,2024-11-25 08:51:35
VH_09658,Toyota Camry,101.3,8.5,62.836702,-9.21621,98.6,2024-11-20 16:29:06
VH_09659,Mercedes EQS,119.6,84.4,0.206084,75.861037,95.1,2024-11-01 00:25:22
VH_09660,Tesla Model 3,64.1,32.3,-17.008978,43.932394,80.6,2024-11-30 12:16:09
VH_09661,Tesla Model 3,109.5,30.6,46.256429,-71.159125,70.8,2024-11-09 10:00:13
VH_09662,Mercedes EQS,109.2,6.7,42.440527,137.186428,96.7,2024-11-05 22:59:36
VH_09663,Tesla Model 3,93.6,63.8,-52.660141,173.427318,96.3,2024-11-25 13:28:37
VH_09664,Tesla Model 3,,167.9,10.834413,-173.07401,75.9,2024-11-22 05:34:11
VH_09665,Ford F-150,109.2,55.5,11.395808,-1.664466,91.5,2024-11-07 06:48:26
VH_09666,Hyundai Ioniq,70.6,47.3,34.655562,85.558591,75.4,2024-11-05 19:32:58
VH_09667,Tesla Model 3,95.3,5.5,-32.492833,102.751478,87.5,2024-11-09 05:30:10
VH_09668,Hyundai Ioniq,69.4,154.8,35.958191,-73.041689,84.3,2024-11-01 21:38:54
VH_09669,Ford F-150,69.4,84.6,-13.064123,34.040679,89.1,2024-11-29 12:47:21
VH_09670,Hyundai Ioniq,81.8,10.1,-49.342228,-85.599066,93.9,2024-11-05 04:45:55
VH_09671,BMW X5,96.6,54.1,-79.878732,-91.048784,96.3,2024-11-18 11:54:50
VH_09672,Toyota Camry,63.0,180.0,68.043163,44.753375,98.0,2024-11-03 23:54:23
VH_09673,Ford F-150,74.7,102.3,-2.232547,-62.439734,73.4,2024-11-02 04:40:44
VH_09674,Honda Civic,60.4,151.6,-53.971566,-104.253079,72.7,2024-11-21 06:16:04
VH_09675,Ford F-150,110.5,120.2,4.245035,-63.746813,72.0,2024-11-13 09:22:33
VH_09676,Tesla Model 3,97.1,155.7,-22.256681,79.304165,81.7,2024-11-29 07:48:08
VH_09677,Honda Civic,92.8,9.0,14.857414,0.260063,70.0,2024-11-24 03:35:52
VH_09678,Tesla Model 3,69.6,17.0,16.419498,98.250648,80.7,2024-11-14 04:52:36
VH_09679,Mercedes EQS,63.8,88.1,-53.12777,143.501604,85.8,2024-11-02 13:27:17
VH_09680,Chevrolet Bolt,112.9,81.8,42.187159,-67.393687,81.0,2024-11-01 21:17:45
VH_09681,Toyota Camry,103.7,65.4,37.944435,1.160714,82.8,2024-11-02 06:55:01
VH_09682,Hyundai Ioniq,89.4,168.1,86.608851,26.127052,93.4,2024-11-03 19:08:51
VH_09683,Tesla Model 3,118.0,34.2,52.349559,11.912332,87.3,2024-11-27 06:17:00
VH_09684,Tesla Model 3,64.3,159.5,70.84235,-90.015966,75.6,2024-11-06 17:01:14
VH_09685,Mercedes EQS,63.3,58.6,61.836013,-39.875977,87.7,2024-11-06 04:11:38
VH_09686,Chevrolet Bolt,75.5,120.9,14.226226,-15.819131,87.0,2024-11-25 18:06:18
VH_09687,Tesla Model 3,83.5,48.0,-73.37034,60.072575,91.9,2024-11-07 06:02:31
VH_09688,Tesla Model 3,81.3,154.5,-39.835907,-159.253028,89.8,2024-11-17 23:16:11
VH_09689,Ford F-150,79.8,5.0,-65.86221,-140.807124,91.6,2024-11-12 16:39:50
VH_09690,Chevrolet Bolt,101.3,75.3,-16.245785,-138.810956,96.7,2024-11-29 10:53:37
VH_09691,Ford F-150,115.4,45.8,-54.321401,58.20849,94.7,2024-11-13 16:17:19
VH_09692,Tesla Model 3,94.7,149.0,-12.024684,-4.521456,94.9,2024-11-28 02:39:03
VH_09693,BMW X5,72.7,68.3,-67.9653,-171.659499,90.1,2024-11-27 04:53:57
VH_09694,Ford F-150,96.9,85.6,11.817263,121.403553,81.1,2024-11-16 14:07:53
VH_09695,Toyota Camry,66.3,95.2,-54.870669,71.53569,76.4,2024-11-02 08:24:32
VH_09696,Ford F-150,106.0,83.2,37.860235,-173.70731,98.3,2024-11-21 21:01:56
VH_09697,Toyota Camry,76.6,177.8,-34.427762,-152.665033,81.8,2024-11-07 14:49:25
VH_09698,Ford F-150,98.9,10.8,-5.111031,-5.779544,96.6,2024-11-28 14:50:57
VH_09699,Ford F-150,94.1,102.9,20.432079,129.112489,88.9,2024-11-06 20:15:17
VH_09700,Hyundai Ioniq,97.1,93.9,63.447105,-41.388539,75.4,2024-11-28 23:14:00
VH_09701,Mercedes EQS,105.3,175.7,-21.378216,-89.318432,85.2,2024-11-21 03:51:47
VH_09702,Mercedes EQS,119.6,7.0,52.988434,132.402722,75.4,2024-11-17 14:25:17
VH_09703,BMW X5,114.6,88.3,-49.821756,32.572859,98.6,2024-11-17 19:51:34
VH_09704,Tesla Model 3,72.7,21.2,-20.010573,-7.059267,96.6,2024-11-26 08:01:05
VH_09705,Tesla Model 3,88.5,109.6,69.855581,81.617575,93.0,2024-11-07 00:21:16
VH_09706,Mercedes EQS,81.5,8.0,62.559364,-69.04247,91.0,2024-11-12 21:05:58
VH_09707,Ford F-150,89.5,84.2,-71.116014,126.953079,92.7,2024-11-21 20:04:14
VH_09708,Mercedes EQS,97.5,39.2,32.421434,155.992437,73.7,2024-11-02 18:07:24
VH_09709,Tesla Model 3,93.2,178.4,14.327748,-70.683425,94.9,2024-11-13 13:09:33
VH_09710,BMW X5,68.7,9.7,-10.124739,0.360199,72.0,2024-11-18 11:05:21
VH_09711,Toyota Camry,70.0,62.5,-33.403076,-118.468217,96.4,2024-11-30 08:27:27
VH_09712,Tesla Model 3,85.2,98.8,-6.470638,172.345576,89.6,2024-11-28 16:52:31
VH_09713,Tesla Model 3,87.4,92.3,70.722299,140.524942,85.8,2024-11-26 14:23:23
VH_09714,Toyota Camry,,101.3,-7.240417,-95.215242,95.0,2024-11-26 16:55:53
VH_09715,Tesla Model 3,90.4,91.5,20.964758,81.521534,90.3,2024-11-22 11:20:58
VH_09716,Chevrolet Bolt,116.5,174.6,84.459539,21.073847,86.1,2024-11-18 06:27:55
VH_09717,Tesla Model 3,65.7,77.9,49.605456,-118.977563,85.0,2024-11-02 04:56:28
VH_09718,Toyota Camry,72.6,141.7,50.708368,128.108572,95.0,2024-11-14 01:27:20
VH_09719,Hyundai Ioniq,72.5,63.9,49.366474,-46.445611,82.2,2024-11-26 17:27:50
VH_09720,Chevrolet Bolt,109.1,135.8,-57.890869,39.680131,88.3,2024-11-06 13:49:53
VH_09721,Chevrolet Bolt,87.8,47.8,20.563518,111.703918,73.5,2024-11-26 22:52:20
VH_09722,Mercedes EQS,,100.5,-16.292181,114.644605,96.3,2024-11-27 11:43:11
VH_09723,Tesla Model 3,118.4,117.9,88.231406,173.397424,91.5,2024-11-08 12:57:46
VH_09724,Tesla Model 3,78.0,87.0,-42.0897,18.635459,78.9,2024-11-02 13:36:42
VH_09725,Ford F-150,118.8,61.0,23.708302,-169.510246,90.6,2024-11-10 19:07:56
VH_09726,Tesla Model 3,80.4,171.0,61.162933,-160.263198,96.4,2024-11-23 07:12:35
VH_09727,Hyundai Ioniq,78.8,3.0,-12.880076,-131.629532,84.7,2024-11-05 00:25:42
VH_09728,Mercedes EQS,95.1,73.9,68.201394,-158.577663,83.3,2024-11-21 11:55:48
VH_09729,Tesla Model 3,63.2,121.1,42.02643,-127.539637,91.5,2024-11-24 07:02:20
VH_09730,Toyota Camry,82.2,84.6,-23.147577,52.516524,88.5,2024-11-21 05:29:32
VH_09731,Ford F-150,83.8,166.6,-79.507899,-35.026727,74.3,2024-11-01 22:04:33
VH_09732,Toyota Camry,87.0,113.2,10.059792,62.207389,97.4,2024-11-03 00:39:29
VH_09733,Toyota Camry,80.5,4.9,-51.302103,-41.68588,71.2,2024-11-09 17:21:04
VH_09734,Chevrolet Bolt,112.1,59.0,-52.452003,134.100679,78.4,2024-11-22 07:26:51
VH_09735,Hyundai Ioniq,64.8,175.7,2.903058,118.128396,88.6,2024-11-24 23:08:21
VH_09736,BMW X5,64.5,84.3,-12.376994,120.238315,95.6,2024-11-08 05:37:38
VH_09737,Ford F-150,64.7,167.4,-68.370725,-169.074087,78.7,2024-11-18 03:40:47
VH_09738,Chevrolet Bolt,94.6,63.9,-71.29502,-168.995553,75.0,2024-11-25 05:27:11
VH_09739,Ford F-150,110.3,14.0,-53.956348,-75.986309,73.4,2024-11-02 00:28:17
VH_09740,Honda Civic,61.2,138.9,47.708687,162.41036,94.1,2024-11-17 01:01:26
VH_09741,Tesla Model 3,107.8,82.2,50.314061,-23.935411,95.7,2024-11-16 10:46:17
VH_09742,Honda Civic,78.6,43.6,-20.332937,72.123061,99.0,2024-11-10 05:31:15
VH_09743,Toyota Camry,93.7,143.8,28.264891,-75.566757,78.9,2024-11-08 10:04:14
VH_09744,Tesla Model 3,115.1,1.3,52.160545,-60.525904,81.4,2024-11-09 04:23:00
VH_09745,BMW X5,72.7,30.8,13.691901,-32.43195,73.2,2024-11-13 03:15:49
VH_09746,Toyota Camry,80.3,0.4,-34.116475,130.381257,91.8,2024-11-17 16:10:15
VH_09747,Chevrolet Bolt,113.4,140.8,-58.199721,175.273152,85.4,2024-11-22 15:47:31
VH_09748,Chevrolet Bolt,108.0,9.3,6.450903,-38.926055,94.8,2024-11-17 23:42:37
VH_09749,BMW X5,116.8,141.2,53.337338,1.281994,88.8,2024-11-27 16:06:58
VH_09750,Toyota Camry,107.7,54.9,-46.924384,155.306961,92.1,2024-11-09 08:24:50
VH_09751,Toyota Camry,70.7,17.4,-11.06758,-36.179615,78.5,2024-11-06 08:50:18
VH_09752,Tesla Model 3,97.2,166.6,25.74229,153.773183,71.8,2024-11-20 22:19:02
VH_09753,Tesla Model 3,64.5,123.2,54.886111,-26.162006,96.2,2024-11-03 15:10:56
VH_09754,Hyundai Ioniq,104.6,11.3,-63.936545,-141.728174,74.1,2024-11-27 04:28:09
VH_09755,Tesla Model 3,107.0,141.5,-1.600993,-124.999869,85.7,2024-11-16 02:51:04
VH_09756,Tesla Model 3,113.3,91.1,72.022313,139.014431,92.9,2024-11-20 20:18:03
VH_09757,Hyundai Ioniq,90.4,126.5,-59.951445,172.371253,86.9,2024-11-11 12:37:17
VH_09758,BMW X5,115.2,84.1,28.737659,100.684947,76.5,2024-11-13 23:26:21
VH_09759,Tesla Model 3,109.5,54.8,-75.860294,90.091312,70.7,2024-11-30 08:15:57
VH_09760,Ford F-150,111.7,11.0,-42.144484,107.499834,80.3,2024-11-27 00:51:19
VH_09761,Chevrolet Bolt,69.8,21.5,-85.606649,-72.652224,78.7,2024-11-24 14:03:27
VH_09762,Ford F-150,84.8,126.1,56.491247,73.041999,78.6,2024-11-13 21:29:44
VH_09763,Toyota Camry,60.8,11.2,-48.42514,97.807532,97.4,2024-11-25 07:00:44
VH_09764,Mercedes EQS,96.2,154.1,48.14136,58.105778,83.6,2024-11-16 06:38:54
VH_09765,Tesla Model 3,102.2,65.2,-50.390139,-46.741398,85.4,2024-11-23 16:05:18
VH_09766,BMW X5,108.5,65.7,-26.917246,-48.685205,74.4,2024-11-04 07:49:15
VH_09767,Hyundai Ioniq,91.2,115.7,-74.263224,-70.031871,93.6,2024-11-30 16:51:01
VH_09768,Toyota Camry,70.4,167.8,31.028915,-75.819747,82.0,2024-11-29 23:16:11
VH_09769,Toyota Camry,82.0,170.7,9.665354,-52.935572,93.8,2024-11-30 08:40:30
VH_09770,Ford F-150,87.3,77.7,-35.867326,87.708558,94.4,2024-11-17 07:11:57
VH_09771,Tesla Model 3,62.9,44.9,51.394433,39.147355,89.6,2024-11-08 16:43:37
VH_09772,Honda Civic,82.7,82.3,6.949689,-123.150753,81.9,2024-11-04 20:25:02
VH_09773,BMW X5,68.2,92.2,22.292634,-83.176463,82.6,2024-11-03 14:00:10
VH_09774,Tesla Model 3,78.4,155.2,53.69284,-138.551129,97.4,2024-11-12 08:12:27
VH_09775,Tesla Model 3,105.9,3.1,50.994176,-109.439784,92.3,2024-11-04 08:47:09
VH_09776,Tesla Model 3,83.3,43.5,17.589477,18.818197,85.4,2024-11-29 17:43:51
VH_09777,Chevrolet Bolt,85.0,72.8,-53.838957,177.352674,92.1,2024-11-07 01:33:35
VH_09778,BMW X5,101.1,162.4,89.295235,112.414151,75.5,2024-11-04 23:23:26
VH_09779,BMW X5,75.2,125.8,48.716632,145.640525,71.0,2024-11-16 08:59:41
VH_09780,Honda Civic,63.3,136.6,-15.658149,141.443631,79.1,2024-11-13 08:33:34
VH_09781,BMW X5,105.1,119.1,-21.463913,41.935427,79.1,2024-11-04 05:02:04
VH_09782,Tesla Model 3,60.8,79.7,20.771513,49.334863,98.5,2024-11-11 03:13:53
VH_09783,Tesla Model 3,62.3,30.8,49.395187,104.419372,72.7,2024-11-17 10:20:17
VH_09784,Toyota Camry,117.4,83.0,-84.056259,-172.886793,94.9,2024-11-14 10:44:26
VH_09785,BMW X5,75.7,136.6,72.240367,-35.74228,85.9,2024-11-28 03:42:07
VH_09786,Chevrolet Bolt,68.5,55.6,89.423651,162.024847,91.8,2024-11-30 21:49:11
VH_09787,Toyota Camry,89.1,8.2,26.41121,56.938881,89.0,2024-11-11 15:32:20
VH_09788,Chevrolet Bolt,63.7,170.9,82.344006,-140.540909,77.3,2024-11-25 19:44:29
VH_09789,Mercedes EQS,69.6,151.2,76.330848,-166.250348,70.0,2024-11-28 11:06:00
VH_09790,Mercedes EQS,117.5,28.6,-29.72739,39.767495,70.7,2024-11-01 17:17:08
VH_09791,Tesla Model 3,115.2,127.3,83.662153,-5.916691,91.2,2024-11-14 20:18:07
VH_09792,Hyundai Ioniq,115.6,112.9,47.469903,98.800851,94.4,2024-11-30 19:23:55
VH_09793,Toyota Camry,92.2,102.2,-53.711426,47.294861,98.0,2024-11-12 16:28:37
VH_09794,Chevrolet Bolt,74.1,64.4,25.387758,118.274447,85.3,2024-11-11 10:21:33
VH_09795,Ford F-150,101.4,151.2,-73.853321,-171.708569,87.6,2024-11-14 19:29:55
VH_09796,Toyota Camry,79.4,83.3,7.030995,-105.607959,73.4,2024-11-09 22:57:13
VH_09797,Hyundai Ioniq,61.6,21.1,-20.0995,-144.555131,91.3,2024-11-17 03:55:48
VH_09798,Tesla Model 3,119.8,10.3,-0.11844,-11.269462,81.9,2024-11-29 13:59:36
VH_09799,Honda Civic,118.8,33.3,37.295153,43.917034,95.4,2024-11-24 01:14:13
VH_09800,Tesla Model 3,88.2,43.7,50.892136,-36.760161,89.6,2024-11-24 23:56:22
VH_09801,Tesla Model 3,112.0,10.9,-28.016783,-133.651698,87.8,2024-11-04 01:02:53
VH_09802,Toyota Camry,99.7,99.3,-13.682265,-95.863695,100.0,2024-11-18 06:12:27
VH_09803,Tesla Model 3,99.8,74.7,-21.814963,-5.551308,83.2,2024-11-01 03:08:20
VH_09804,Tesla Model 3,104.5,166.0,-67.89767,-150.827148,90.0,2024-11-19 11:31:29
VH_09805,Tesla Model 3,65.6,164.0,-52.671946,-172.51697,89.1,2024-11-16 08:56:47
VH_09806,Toyota Camry,78.2,76.4,61.766235,36.629348,88.7,2024-11-29 10:35:16
VH_09807,Mercedes EQS,94.2,161.8,-15.991107,-26.196927,93.6,2024-11-01 11:50:17
VH_09808,Toyota Camry,88.0,31.5,55.039642,-137.109513,94.7,2024-11-01 13:44:47
VH_09809,Hyundai Ioniq,105.8,89.3,65.779699,51.31449,78.1,2024-11-03 00:30:16
VH_09810,Mercedes EQS,93.9,157.5,-3.393009,-104.108354,77.0,2024-11-05 14:37:25
VH_09811,Tesla Model 3,,12.6,-71.848935,-46.937638,84.5,2024-11-24 08:31:21
VH_09812,Honda Civic,92.3,2.2,33.712644,-9.978017,79.2,2024-11-01 23:32:15
VH_09813,Tesla Model 3,105.0,178.6,-22.136758,66.188083,91.2,2024-11-15 01:28:32
VH_09814,Toyota Camry,115.2,4.4,79.406171,172.802161,74.5,2024-11-07 05:34:37
VH_09815,Ford F-150,106.1,45.0,-27.448485,-161.481162,81.2,2024-11-04 23:21:22
VH_09816,Tesla Model 3,71.9,100.8,83.638758,-89.304008,74.8,2024-11-23 15:56:37
VH_09817,BMW X5,67.8,20.0,-19.802604,53.843918,94.7,2024-11-24 07:33:24
VH_09818,Hyundai Ioniq,82.2,15.3,28.245044,-76.451156,87.0,2024-11-03 08:03:12
VH_09819,BMW X5,86.0,80.6,88.441003,-32.367841,84.5,2024-11-08 03:17:37
VH_09820,Honda Civic,77.4,132.8,25.52484,114.142678,76.6,2024-11-26 13:53:55
VH_09821,BMW X5,95.6,61.4,33.497578,121.162386,87.9,2024-11-03 00:21:58
VH_09822,Ford F-150,110.5,41.8,-13.991132,30.373835,89.1,2024-11-20 15:56:55
VH_09823,Toyota Camry,117.4,41.7,43.401621,-158.782353,83.2,2024-11-30 11:20:42
VH_09824,Hyundai Ioniq,69.3,129.1,44.847294,41.349799,88.7,2024-11-25 05:52:07
VH_09825,Toyota Camry,74.6,129.0,75.600461,-115.317211,80.0,2024-11-19 05:18:08
VH_09826,BMW X5,73.8,47.1,-69.079975,-26.363714,90.9,2024-11-03 16:48:12
VH_09827,Hyundai Ioniq,83.0,16.5,27.730892,-101.982915,74.5,2024-11-09 07:06:41
VH_09828,Ford F-150,69.2,138.7,-21.79146,-57.843416,86.4,2024-11-14 07:46:37
VH_09829,Toyota Camry,96.9,110.7,62.297542,-60.662984,99.5,2024-11-15 16:33:40
VH_09830,Hyundai Ioniq,68.5,57.0,-21.59084,64.006671,90.4,2024-11-04 16:54:50
VH_09831,Chevrolet Bolt,108.1,90.2,-73.604145,1.058473,87.3,2024-11-02 20:02:27
VH_09832,Tesla Model 3,110.0,156.3,-6.195494,-152.182077,85.9,2024-11-07 16:20:40
VH_09833,Tesla Model 3,64.8,84.0,-88.93118,96.189976,96.7,2024-11-21 08:33:42
VH_09834,Hyundai Ioniq,81.8,64.4,3.402988,-177.09414,89.7,2024-11-21 17:51:59
VH_09835,Tesla Model 3,91.2,9.5,86.849846,172.939383,82.4,2024-11-04 07:45:07
VH_09836,Chevrolet Bolt,60.5,75.8,-25.014113,-38.205373,73.2,2024-11-20 15:42:48
VH_09837,Tesla Model 3,86.7,153.5,55.729877,33.502541,94.6,2024-11-19 12:57:00
VH_09838,Tesla Model 3,70.6,18.2,-59.085118,4.333237,98.7,2024-11-26 17:03:53
VH_09839,Mercedes EQS,106.0,146.9,57.280139,-86.038554,71.1,2024-11-28 23:07:32
VH_09840,Toyota Camry,83.8,157.3,74.456602,-36.1758,96.9,2024-11-16 19:51:38
VH_09841,Tesla Model 3,108.1,63.8,-73.594303,158.704952,77.9,2024-11-11 20:59:29
VH_09842,Toyota Camry,61.7,57.7,-73.903511,97.967762,75.1,2024-11-30 14:23:04
VH_09843,Ford F-150,86.9,52.9,52.658226,-22.95661,72.6,2024-11-06 07:08:06
VH_09844,Honda Civic,80.7,57.9,25.61525,2.714699,78.4,2024-11-21 00:43:23
VH_09845,Tesla Model 3,101.7,85.2,1.545457,-9.707505,72.6,2024-11-22 22:45:25
VH_09846,Tesla Model 3,117.5,27.3,-59.208203,-70.548958,88.1,2024-11-27 04:55:22
VH_09847,Chevrolet Bolt,92.3,36.2,-46.929417,-103.991995,82.7,2024-11-17 18:34:23
VH_09848,Honda Civic,97.2,144.7,-8.923766,-37.062072,77.3,2024-11-17 15:25:29
VH_09849,Mercedes EQS,68.3,125.6,-62.293991,-133.547587,95.2,2024-11-22 01:53:36
VH_09850,Tesla Model 3,89.4,171.1,-85.035124,-148.550689,75.2,2024-11-03 05:26:49
VH_09851,Hyundai Ioniq,106.7,147.7,-28.386112,-155.563747,75.5,2024-11-29 16:12:32
VH_09852,Hyundai Ioniq,92.8,107.4,-45.515558,73.57918,73.5,2024-11-28 08:25:07
VH_09853,Toyota Camry,86.0,44.3,-35.582154,-47.39687,90.3,2024-11-20 06:04:58
VH_09854,Honda Civic,61.3,158.7,-85.668482,-57.03672,79.2,2024-11-11 02:38:25
VH_09855,Mercedes EQS,112.7,1.9,1.939754,39.745894,98.4,2024-11-28 22:27:14
VH_09856,Toyota Camry,90.0,32.1,78.057071,-178.871496,93.2,2024-11-13 00:21:11
VH_09857,Mercedes EQS,84.8,27.4,6.611728,-116.480959,93.0,2024-11-16 22:55:28
VH_09858,Ford F-150,,44.0,-19.599027,130.600757,72.8,2024-11-10 12:06:10
VH_09859,Tesla Model 3,75.9,124.6,-62.309377,-158.040099,77.9,2024-11-26 10:03:49
VH_09860,Chevrolet Bolt,76.6,77.6,46.179538,172.319301,71.3,2024-11-10 02:17:45
VH_09861,Toyota Camry,119.8,89.9,67.604046,-11.406587,83.4,2024-11-05 05:46:47
VH_09862,Chevrolet Bolt,114.1,153.6,80.650596,117.317531,72.6,2024-11-25 17:49:18
VH_09863,Ford F-150,119.7,139.3,49.222866,51.994814,95.9,2024-11-29 16:44:16
VH_09864,Tesla Model 3,111.7,6.5,-40.504802,10.370233,80.3,2024-11-23 06:03:21
VH_09865,Chevrolet Bolt,96.5,41.9,-65.544413,-149.754811,82.9,2024-11-06 22:32:43
VH_09866,Toyota Camry,79.0,65.9,25.280146,168.293588,77.1,2024-11-10 05:02:13
VH_09867,BMW X5,64.4,81.8,-65.182545,-21.837008,89.8,2024-11-28 01:02:11
VH_09868,Ford F-150,102.1,131.1,23.435969,166.481979,92.1,2024-11-24 17:30:41
VH_09869,Tesla Model 3,77.4,4.8,29.399529,90.53693,92.8,2024-11-17 23:11:39
VH_09870,Honda Civic,,24.5,-73.722159,35.40178,79.9,2024-11-18 22:54:48
VH_09871,Ford F-150,112.4,175.6,-50.635091,76.479828,96.0,2024-11-16 23:34:46
VH_09872,Hyundai Ioniq,87.5,8.7,-63.321098,150.696731,97.8,2024-11-18 03:34:28
VH_09873,Tesla Model 3,118.1,116.8,53.311001,-44.885483,83.6,2024-11-13 09:53:02
VH_09874,Tesla Model 3,100.8,153.2,83.089762,177.11746,75.7,2024-11-07 09:23:22
VH_09875,Hyundai Ioniq,93.0,80.2,-59.283942,-153.254602,75.9,2024-11-09 23:44:48
VH_09876,Ford F-150,72.6,22.6,-84.50482,-70.949394,78.7,2024-11-02 04:55:41
VH_09877,Hyundai Ioniq,,64.0,-36.008048,-81.238713,94.4,2024-11-09 23:31:46
VH_09878,Chevrolet Bolt,90.0,130.5,54.198378,123.670663,85.0,2024-11-24 22:58:27
VH_09879,Mercedes EQS,70.6,139.2,-54.468533,-11.641322,75.0,2024-11-02 00:35:01
VH_09880,Honda Civic,115.2,142.7,-42.584027,-93.727257,94.7,2024-11-19 14:48:37
VH_09881,Honda Civic,68.7,99.5,-62.922189,64.306442,87.1,2024-11-15 22:04:29
VH_09882,Tesla Model 3,77.3,29.3,52.086609,-1.373805,87.3,2024-11-18 16:40:39
VH_09883,Mercedes EQS,93.1,78.1,68.405605,47.29228,98.2,2024-11-29 01:22:49
VH_09884,BMW X5,66.4,42.8,-85.561977,2.316956,92.9,2024-11-22 07:05:35
VH_09885,Toyota Camry,85.3,39.6,48.172823,53.240444,81.8,2024-11-11 08:08:57
VH_09886,Toyota Camry,90.3,120.9,-42.49727,126.938162,97.1,2024-11-19 18:32:42
VH_09887,Tesla Model 3,94.8,151.9,-18.12924,72.198555,90.1,2024-11-17 05:04:54
VH_09888,Tesla Model 3,84.9,33.1,-84.947666,-26.475078,74.2,2024-11-16 04:13:21
VH_09889,Tesla Model 3,114.2,131.4,14.708841,-139.72851,92.6,2024-11-23 08:20:26
VH_09890,Chevrolet Bolt,77.6,93.9,-29.999867,-6.923866,88.0,2024-11-16 00:19:24
VH_09891,Chevrolet Bolt,77.9,138.3,-37.996034,-72.628123,83.1,2024-11-14 11:03:29
VH_09892,Tesla Model 3,79.2,79.2,-82.767864,-10.340402,94.4,2024-11-14 04:35:14
VH_09893,Toyota Camry,64.9,92.2,-34.715592,34.685941,80.2,2024-11-01 13:44:48
VH_09894,Honda Civic,69.4,107.3,-77.896137,16.06583,81.2,2024-11-28 06:57:56
VH_09895,BMW X5,116.3,92.7,-76.539831,72.931348,80.5,2024-11-26 08:10:03
VH_09896,Mercedes EQS,78.6,11.1,4.35918,-28.07092,86.9,2024-11-19 00:26:54
VH_09897,BMW X5,93.3,169.5,-79.220097,82.932477,90.2,2024-11-21 16:08:04
VH_09898,Mercedes EQS,117.8,7.9,29.492334,131.358182,74.7,2024-11-25 04:01:14
VH_09899,Ford F-150,68.6,45.9,-87.195968,106.449008,93.3,2024-11-12 12:41:29
VH_09900,Hyundai Ioniq,106.6,90.0,72.654167,-18.119671,85.1,2024-11-23 04:45:16
VH_09901,Hyundai Ioniq,69.9,142.2,-23.289438,-152.133682,82.2,2024-11-15 11:31:51
VH_09902,Ford F-150,74.0,88.1,16.60168,-66.372901,97.3,2024-11-07 14:01:51
VH_09903,Tesla Model 3,72.4,17.1,-79.665121,-129.877595,82.4,2024-11-12 04:25:14
VH_09904,Ford F-150,89.7,112.3,25.127818,85.160867,90.7,2024-11-09 21:16:42
VH_09905,Tesla Model 3,116.4,55.1,23.01718,146.972564,85.3,2024-11-17 14:07:37
VH_09906,Chevrolet Bolt,117.8,66.8,28.480426,127.527328,79.7,2024-11-18 15:32:46
VH_09907,BMW X5,114.0,84.9,38.029661,84.782488,99.5,2024-11-28 14:50:22
VH_09908,Chevrolet Bolt,65.0,95.1,22.564197,54.457372,73.2,2024-11-13 07:56:59
VH_09909,Toyota Camry,76.8,178.0,-44.766911,81.364793,97.6,2024-11-29 04:16:52
VH_09910,Ford F-150,102.1,96.2,88.169006,-50.091902,71.6,2024-11-27 12:21:05
VH_09911,Mercedes EQS,63.0,69.4,8.054663,64.204954,70.0,2024-11-16 10:46:35
VH_09912,Toyota Camry,68.1,4.3,45.179325,-80.782977,91.2,2024-11-05 12:28:48
VH_09913,Tesla Model 3,73.7,158.7,-39.317254,-41.318182,92.0,2024-11-13 17:23:15
VH_09914,Ford F-150,108.0,74.0,80.117421,80.016832,86.2,2024-11-02 15:40:41
VH_09915,BMW X5,64.0,169.9,-35.565985,107.266002,76.8,2024-11-16 09:13:57
VH_09916,Ford F-150,76.6,178.3,43.481455,-46.268021,91.6,2024-11-06 09:06:22
VH_09917,Tesla Model 3,109.5,118.9,-12.328641,-168.379079,96.5,2024-11-02 14:18:48
VH_09918,Toyota Camry,66.8,18.5,-80.776472,-148.246046,98.7,2024-11-25 18:04:43
VH_09919,Tesla Model 3,90.4,74.0,-82.076576,35.131457,81.8,2024-11-07 14:54:03
VH_09920,Honda Civic,78.8,111.9,81.002822,-168.767933,73.2,2024-11-27 07:20:40
VH_09921,Toyota Camry,80.2,71.0,-1.828982,5.878216,90.8,2024-11-24 18:26:32
VH_09922,Hyundai Ioniq,103.0,169.8,-66.733081,23.049116,93.0,2024-11-29 04:22:17
VH_09923,Ford F-150,84.3,0.8,-81.809105,-17.625385,86.0,2024-11-11 06:07:28
VH_09924,Honda Civic,107.6,2.0,2.80715,162.164982,99.4,2024-11-17 23:36:09
VH_09925,Chevrolet Bolt,115.3,7.0,-88.446882,85.266395,80.9,2024-11-06 10:41:24
VH_09926,Toyota Camry,103.8,91.7,50.427064,41.801611,78.3,2024-11-16 08:27:21
VH_09927,Ford F-150,117.1,51.1,-36.181256,2.03335,87.7,2024-11-23 00:55:16
VH_09928,Hyundai Ioniq,83.2,135.3,41.161359,47.797818,72.5,2024-11-04 20:30:53
VH_09929,Toyota Camry,100.0,70.1,-19.263951,45.879862,75.5,2024-11-21 21:22:34
VH_09930,Tesla Model 3,102.4,14.5,7.719248,34.773131,83.2,2024-11-23 07:28:43
VH_09931,Ford F-150,101.9,26.9,-23.314793,49.819185,85.2,2024-11-16 11:18:03
VH_09932,Toyota Camry,85.8,32.8,89.673321,-99.744574,83.2,2024-11-16 17:05:02
VH_09933,Honda Civic,90.6,52.8,-58.861186,-169.052554,80.4,2024-11-13 21:29:39
VH_09934,Honda Civic,84.8,96.4,49.065441,-136.734968,78.0,2024-11-06 13:08:27
VH_09935,Toyota Camry,106.2,84.1,28.104122,107.832612,71.0,2024-11-10 05:38:45
VH_09936,Honda Civic,63.0,58.7,-36.2099,-176.930737,84.5,2024-11-15 08:39:05
VH_09937,Chevrolet Bolt,65.6,167.6,-58.802069,-99.436523,99.8,2024-11-17 02:45:15
VH_09938,Ford F-150,97.9,5.3,44.437181,39.440175,70.5,2024-11-13 15:53:36
VH_09939,Honda Civic,83.1,148.0,31.76642,-145.22905,92.2,2024-11-19 10:00:52
VH_09940,Tesla Model 3,85.0,34.9,22.535117,7.77381,74.0,2024-11-27 02:51:13
VH_09941,Toyota Camry,117.4,109.6,-33.386311,4.871098,76.2,2024-11-05 15:12:30
VH_09942,Tesla Model 3,61.5,40.9,74.033741,87.235617,92.1,2024-11-20 07:15:07
VH_09943,Ford F-150,82.1,102.5,-17.206507,47.293217,72.3,2024-11-05 06:19:02
VH_09944,Toyota Camry,89.4,129.7,60.955717,-175.949126,85.0,2024-11-03 15:44:30
VH_09945,Tesla Model 3,93.8,174.8,18.828224,109.488687,71.6,2024-11-16 03:18:10
VH_09946,Tesla Model 3,67.4,89.9,54.927017,-120.596766,72.5,2024-11-28 10:49:41
VH_09947,Toyota Camry,116.3,136.4,-80.142889,-11.747516,96.9,2024-11-14 09:23:21
VH_09948,Mercedes EQS,,3.5,-7.351627,-132.080994,90.3,2024-11-07 08:22:57
VH_09949,Honda Civic,62.7,98.4,-29.064676,-101.80253,89.0,2024-11-01 01:25:41
VH_09950,Ford F-150,76.3,91.4,-63.409851,43.349849,77.3,2024-11-10 06:45:19
VH_09951,Hyundai Ioniq,106.9,49.0,64.461657,66.356243,97.2,2024-11-25 21:39:31
VH_09952,Tesla Model 3,106.0,25.7,-41.114376,178.207351,88.2,2024-11-12 04:33:37
VH_09953,Honda Civic,87.9,77.8,-77.38374,-24.529083,75.9,2024-11-06 14:44:08
VH_09954,Tesla Model 3,95.5,68.5,19.427299,-54.252286,80.8,2024-11-15 18:12:07
VH_09955,Hyundai Ioniq,101.0,132.2,-7.478144,-158.308257,86.4,2024-11-17 14:55:54
VH_09956,Chevrolet Bolt,89.6,42.5,-67.701829,74.288554,75.5,2024-11-11 19:31:04
VH_09957,Tesla Model 3,85.6,5.2,-58.91281,-104.422626,77.0,2024-11-11 13:17:36
VH_09958,Ford F-150,63.2,48.1,38.41237,69.570358,99.0,2024-11-14 13:14:06
VH_09959,Mercedes EQS,67.6,168.9,10.02482,-172.579643,89.8,2024-11-13 02:06:06
VH_09960,Honda Civic,113.0,136.1,63.919631,-86.737814,79.6,2024-11-11 15:13:31
VH_09961,Honda Civic,88.6,4.2,-66.717708,-13.303068,84.6,2024-11-09 09:11:29
VH_09962,Tesla Model 3,109.6,153.8,48.521548,-15.196263,85.4,2024-11-24 21:17:46
VH_09963,Honda Civic,92.4,81.7,81.352511,96.167368,80.2,2024-11-03 07:22:06
VH_09964,Tesla Model 3,72.3,133.7,77.891465,-45.701798,78.5,2024-11-12 04:40:13
VH_09965,Tesla Model 3,69.4,40.9,-22.323537,-139.409979,99.3,2024-11-08 03:20:09
VH_09966,Honda Civic,95.3,35.5,-63.423638,-57.021209,87.1,2024-11-10 00:46:53
VH_09967,Toyota Camry,114.2,142.2,66.074615,122.807995,98.1,2024-11-17 10:14:39
VH_09968,Toyota Camry,118.0,123.5,83.135778,-51.448608,72.8,2024-11-17 06:28:36
VH_09969,Ford F-150,89.0,140.9,-3.165238,-134.999549,85.2,2024-11-05 22:00:02
VH_09970,Honda Civic,93.5,20.1,34.965664,-20.113993,96.7,2024-11-30 03:11:17
VH_09971,BMW X5,62.9,165.0,-50.275202,16.973061,88.9,2024-11-05 20:49:01
VH_09972,Toyota Camry,119.5,23.1,-84.342038,-36.251366,86.9,2024-11-02 09:53:35
VH_09973,Tesla Model 3,89.6,101.4,-17.893105,-154.235151,75.1,2024-11-29 05:47:02
VH_09974,Ford F-150,87.0,142.4,0.417629,153.092743,88.1,2024-11-14 22:06:53
VH_09975,Mercedes EQS,107.5,77.3,-22.019998,-179.208044,87.4,2024-11-03 07:48:50
VH_09976,BMW X5,64.8,137.3,-10.320414,83.297993,89.1,2024-11-25 12:00:14
VH_09977,Toyota Camry,63.7,48.3,-17.403608,-178.045178,99.5,2024-11-04 22:28:53
VH_09978,BMW X5,114.7,105.5,-51.176234,42.917234,91.5,2024-11-08 17:33:20
VH_09979,Hyundai Ioniq,89.1,37.9,30.142352,174.330036,93.7,2024-11-29 00:52:26
VH_09980,Toyota Camry,89.4,154.0,-30.926352,96.785377,73.2,2024-11-14 11:52:15
VH_09981,Hyundai Ioniq,65.9,161.7,22.73314,-25.406231,70.8,2024-11-17 18:10:37
VH_09982,Tesla Model 3,68.2,13.2,-4.653085,-91.684331,79.6,2024-11-18 04:51:04
VH_09983,Mercedes EQS,117.6,122.8,-59.810882,-91.400984,81.1,2024-11-11 05:07:34
VH_09984,Chevrolet Bolt,88.7,67.1,-42.328051,-145.476987,89.1,2024-11-09 16:53:21
VH_09985,Toyota Camry,109.5,33.0,12.14004,-83.192399,85.5,2024-11-20 08:25:38
VH_09986,Toyota Camry,96.9,149.7,-31.975995,104.127371,80.1,2024-11-22 08:50:07
VH_09987,Tesla Model 3,109.3,174.8,78.745289,-92.852163,70.5,2024-11-21 16:13:19
VH_09988,Tesla Model 3,70.7,84.5,19.287964,-72.694084,81.3,2024-11-26 00:21:55
VH_09989,Tesla Model 3,64.0,57.7,62.117253,-18.286974,82.6,2024-11-28 12:34:20
VH_09990,BMW X5,117.6,26.1,46.855913,142.090896,73.4,2024-11-14 13:08:21
VH_09991,Mercedes EQS,87.9,57.0,84.397394,-147.146089,79.4,2024-11-24 15:07:42
VH_09992,Tesla Model 3,81.3,132.7,61.755976,-80.894227,94.7,2024-11-02 02:06:46
VH_09993,Hyundai Ioniq,86.6,128.0,-8.567016,43.286392,97.6,2024-11-07 01:37:20
VH_09994,Tesla Model 3,67.6,138.2,-40.588016,-79.015697,97.4,2024-11-26 20:06:31
VH_09995,Tesla Model 3,75.2,177.5,-82.5774,-60.936787,72.4,2024-11-25 15:52:25
VH_09996,Toyota Camry,77.6,141.2,17.752881,37.998508,82.2,2024-11-20 00:31:30
VH_09997,Ford F-150,84.7,130.0,38.05688,169.423659,76.1,2024-11-18 07:37:55
VH_09998,Ford F-150,70.9,158.5,23.754617,-81.13502,96.8,2024-11-16 01:52:07
VH_09999,Tesla Model 3,,59.8,-71.811937,151.447903,93.2,2024-11-30 08:51:38
VH_10000,Tesla Model 3,114.8,27.3,-77.617773,-135.466257,92.9,2024-11-21 10:13:51
